property_id,unit_status,purchase_price_available,current_price_aed,annual_rent_available,annual_rent_estimate_aed,sc_eligible,sc_annual_available,income_after_sc_available,net_rental_income_available,acquisition_fee_available,broker_purchase_cost_available,holding_period_available,exit_value_available,selling_cost_available,full_roi_calculable,missing_inputs
6749,Offplan,YES,715000.0,NO,,NO,NO,NO,NO,NO,NO,NO,NO,NO,NO,annual_rent|verified_service_charge|net_rental_income|acquisition_costs|broker_purchase_cost|holding_period|exit_value|selling_costs
3379,Offplan,YES,1765854.0,NO,,NO,NO,NO,NO,NO,NO,NO,NO,NO,NO,annual_rent|verified_service_charge|net_rental_income|acquisition_costs|broker_purchase_cost|holding_period|exit_value|selling_costs
2161,Ready,YES,663600.0,YES,36288.0,NO,NO,NO,NO,NO,NO,NO,NO,NO,NO,verified_service_charge|net_rental_income|acquisition_costs|broker_purchase_cost|holding_period|exit_value|selling_costs
734,Offplan,YES,1146270.0,NO,,NO,NO,NO,NO,NO,NO,NO,NO,NO,NO,annual_rent|verified_service_charge|net_rental_income|acquisition_costs|broker_purchase_cost|holding_period|exit_value|selling_costs
6982,Ready,YES,840000.0,YES,63360.0,NO,NO,NO,NO,NO,NO,NO,NO,NO,NO,verified_service_charge|net_rental_income|acquisition_costs|broker_purchase_cost|holding_period|exit_value|selling_costs
200,Offplan,YES,2624000.0,NO,,NO,NO,NO,NO,NO,NO,NO,NO,NO,NO,annual_rent|verified_service_charge|net_rental_income|acquisition_costs|broker_purchase_cost|holding_period|exit_value|selling_costs
3201,Ready,YES,1380000.0,YES,72000.0,NO,NO,NO,NO,NO,NO,NO,NO,NO,NO,verified_service_charge|net_rental_income|acquisition_costs|broker_purchase_cost|holding_period|exit_value|selling_costs
8175,Offplan,YES,1719308.0,NO,,NO,NO,NO,NO,NO,NO,NO,NO,NO,NO,annual_rent|verified_service_charge|net_rental_income|acquisition_costs|broker_purchase_cost|holding_period|exit_value|selling_costs
8301,Offplan,YES,1403371.0,NO,,NO,NO,NO,NO,NO,NO,NO,NO,NO,NO,annual_rent|verified_service_charge|net_rental_income|acquisition_costs|broker_purchase_cost|holding_period|exit_value|selling_costs
2420,Offplan,YES,1780000.0,NO,,NO,NO,NO,NO,NO,NO,NO,NO,NO,NO,annual_rent|verified_service_charge|net_rental_income|acquisition_costs|broker_purchase_cost|holding_period|exit_value|selling_costs
8171,Offplan,YES,569000.0,NO,,NO,NO,NO,NO,NO,NO,NO,NO,NO,NO,annual_rent|verified_service_charge|net_rental_income|acquisition_costs|broker_purchase_cost|holding_period|exit_value|selling_costs
1989,Offplan,YES,1100000.0,NO,,NO,NO,NO,NO,NO,NO,NO,NO,NO,NO,annual_rent|verified_service_charge|net_rental_income|acquisition_costs|broker_purchase_cost|holding_period|exit_value|selling_costs
2320,Offplan,YES,1335490.0,NO,,NO,NO,NO,NO,NO,NO,NO,NO,NO,NO,annual_rent|verified_service_charge|net_rental_income|acquisition_costs|broker_purchase_cost|holding_period|exit_value|selling_costs
4030,Offplan,YES,1507000.0,NO,,NO,NO,NO,NO,NO,NO,NO,NO,NO,NO,annual_rent|verified_service_charge|net_rental_income|acquisition_costs|broker_purchase_cost|holding_period|exit_value|selling_costs
7540,Offplan,YES,3138000.0,NO,,NO,NO,NO,NO,NO,NO,NO,NO,NO,NO,annual_rent|verified_service_charge|net_rental_income|acquisition_costs|broker_purchase_cost|holding_period|exit_value|selling_costs
6106,Offplan,YES,1354907.0,NO,,NO,NO,NO,NO,NO,NO,NO,NO,NO,NO,annual_rent|verified_service_charge|net_rental_income|acquisition_costs|broker_purchase_cost|holding_period|exit_value|selling_costs
5819,Offplan,YES,1666400.0,NO,,NO,NO,NO,NO,NO,NO,NO,NO,NO,NO,annual_rent|verified_service_charge|net_rental_income|acquisition_costs|broker_purchase_cost|holding_period|exit_value|selling_costs
3067,Offplan,YES,571000.0,NO,,NO,NO,NO,NO,NO,NO,NO,NO,NO,NO,annual_rent|verified_service_charge|net_rental_income|acquisition_costs|broker_purchase_cost|holding_period|exit_value|selling_costs
6250,Ready,YES,1300000.0,YES,86400.0,NO,NO,NO,NO,NO,NO,NO,NO,NO,NO,verified_service_charge|net_rental_income|acquisition_costs|broker_purchase_cost|holding_period|exit_value|selling_costs
2464,Offplan,YES,1934807.0,NO,,NO,NO,NO,NO,NO,NO,NO,NO,NO,NO,annual_rent|verified_service_charge|net_rental_income|acquisition_costs|broker_purchase_cost|holding_period|exit_value|selling_costs
1319,Offplan,YES,1008000.0,NO,,NO,NO,NO,NO,NO,NO,NO,NO,NO,NO,annual_rent|verified_service_charge|net_rental_income|acquisition_costs|broker_purchase_cost|holding_period|exit_value|selling_costs
7253,Offplan,YES,1067000.0,NO,,NO,NO,NO,NO,NO,NO,NO,NO,NO,NO,annual_rent|verified_service_charge|net_rental_income|acquisition_costs|broker_purchase_cost|holding_period|exit_value|selling_costs
1941,Offplan,YES,2129999.0,NO,,NO,NO,NO,NO,NO,NO,NO,NO,NO,NO,annual_rent|verified_service_charge|net_rental_income|acquisition_costs|broker_purchase_cost|holding_period|exit_value|selling_costs
1285,Offplan,YES,1672044.0,NO,,NO,NO,NO,NO,NO,NO,NO,NO,NO,NO,annual_rent|verified_service_charge|net_rental_income|acquisition_costs|broker_purchase_cost|holding_period|exit_value|selling_costs
6095,Offplan,YES,1520000.0,NO,,NO,NO,NO,NO,NO,NO,NO,NO,NO,NO,annual_rent|verified_service_charge|net_rental_income|acquisition_costs|broker_purchase_cost|holding_period|exit_value|selling_costs
4572,Offplan,YES,970000.0,NO,,NO,NO,NO,NO,NO,NO,NO,NO,NO,NO,annual_rent|verified_service_charge|net_rental_income|acquisition_costs|broker_purchase_cost|holding_period|exit_value|selling_costs
2076,Offplan,YES,3900000.0,NO,,NO,NO,NO,NO,NO,NO,NO,NO,NO,NO,annual_rent|verified_service_charge|net_rental_income|acquisition_costs|broker_purchase_cost|holding_period|exit_value|selling_costs
5463,Offplan,YES,2730000.0,NO,,NO,NO,NO,NO,NO,NO,NO,NO,NO,NO,annual_rent|verified_service_charge|net_rental_income|acquisition_costs|broker_purchase_cost|holding_period|exit_value|selling_costs
3112,Offplan,YES,2467669.0,NO,,NO,NO,NO,NO,NO,NO,NO,NO,NO,NO,annual_rent|verified_service_charge|net_rental_income|acquisition_costs|broker_purchase_cost|holding_period|exit_value|selling_costs
1011,Offplan,YES,980000.0,NO,,NO,NO,NO,NO,NO,NO,NO,NO,NO,NO,annual_rent|verified_service_charge|net_rental_income|acquisition_costs|broker_purchase_cost|holding_period|exit_value|selling_costs
3481,Offplan,YES,1508927.0,NO,,NO,NO,NO,NO,NO,NO,NO,NO,NO,NO,annual_rent|verified_service_charge|net_rental_income|acquisition_costs|broker_purchase_cost|holding_period|exit_value|selling_costs
923,Offplan,YES,8071670.0,NO,,NO,NO,NO,NO,NO,NO,NO,NO,NO,NO,annual_rent|verified_service_charge|net_rental_income|acquisition_costs|broker_purchase_cost|holding_period|exit_value|selling_costs
6800,Offplan,YES,2481330.0,NO,,NO,NO,NO,NO,NO,NO,NO,NO,NO,NO,annual_rent|verified_service_charge|net_rental_income|acquisition_costs|broker_purchase_cost|holding_period|exit_value|selling_costs
571,Offplan,YES,1860000.0,NO,,NO,NO,NO,NO,NO,NO,NO,NO,NO,NO,annual_rent|verified_service_charge|net_rental_income|acquisition_costs|broker_purchase_cost|holding_period|exit_value|selling_costs
4986,Offplan,YES,1300000.0,NO,,NO,NO,NO,NO,NO,NO,NO,NO,NO,NO,annual_rent|verified_service_charge|net_rental_income|acquisition_costs|broker_purchase_cost|holding_period|exit_value|selling_costs
4638,Offplan,YES,2625330.0,NO,,NO,NO,NO,NO,NO,NO,NO,NO,NO,NO,annual_rent|verified_service_charge|net_rental_income|acquisition_costs|broker_purchase_cost|holding_period|exit_value|selling_costs
446,Offplan,YES,920000.0,NO,,NO,NO,NO,NO,NO,NO,NO,NO,NO,NO,annual_rent|verified_service_charge|net_rental_income|acquisition_costs|broker_purchase_cost|holding_period|exit_value|selling_costs
5351,Offplan,YES,20600000.0,NO,,NO,NO,NO,NO,NO,NO,NO,NO,NO,NO,annual_rent|verified_service_charge|net_rental_income|acquisition_costs|broker_purchase_cost|holding_period|exit_value|selling_costs
6824,Offplan,YES,1520280.0,NO,,NO,NO,NO,NO,NO,NO,NO,NO,NO,NO,annual_rent|verified_service_charge|net_rental_income|acquisition_costs|broker_purchase_cost|holding_period|exit_value|selling_costs
5019,Offplan,YES,2000000.0,NO,,NO,NO,NO,NO,NO,NO,NO,NO,NO,NO,annual_rent|verified_service_charge|net_rental_income|acquisition_costs|broker_purchase_cost|holding_period|exit_value|selling_costs
8166,Offplan,YES,1777000.0,NO,,NO,NO,NO,NO,NO,NO,NO,NO,NO,NO,annual_rent|verified_service_charge|net_rental_income|acquisition_costs|broker_purchase_cost|holding_period|exit_value|selling_costs
4292,Offplan,YES,2429998.0,NO,,NO,NO,NO,NO,NO,NO,NO,NO,NO,NO,annual_rent|verified_service_charge|net_rental_income|acquisition_costs|broker_purchase_cost|holding_period|exit_value|selling_costs
2797,Offplan,YES,612000.0,NO,,NO,NO,NO,NO,NO,NO,NO,NO,NO,NO,annual_rent|verified_service_charge|net_rental_income|acquisition_costs|broker_purchase_cost|holding_period|exit_value|selling_costs
264,Offplan,YES,1877000.0,NO,,NO,NO,NO,NO,NO,NO,NO,NO,NO,NO,annual_rent|verified_service_charge|net_rental_income|acquisition_costs|broker_purchase_cost|holding_period|exit_value|selling_costs
5833,Offplan,YES,2644970.0,NO,,NO,NO,NO,NO,NO,NO,NO,NO,NO,NO,annual_rent|verified_service_charge|net_rental_income|acquisition_costs|broker_purchase_cost|holding_period|exit_value|selling_costs
2666,Ready,YES,1470000.0,YES,96000.0,NO,NO,NO,NO,NO,NO,NO,NO,NO,NO,verified_service_charge|net_rental_income|acquisition_costs|broker_purchase_cost|holding_period|exit_value|selling_costs
4892,Offplan,YES,1585640.0,NO,,NO,NO,NO,NO,NO,NO,NO,NO,NO,NO,annual_rent|verified_service_charge|net_rental_income|acquisition_costs|broker_purchase_cost|holding_period|exit_value|selling_costs
5229,Offplan,YES,1324000.0,NO,,NO,NO,NO,NO,NO,NO,NO,NO,NO,NO,annual_rent|verified_service_charge|net_rental_income|acquisition_costs|broker_purchase_cost|holding_period|exit_value|selling_costs
4506,Offplan,YES,1061000.0,NO,,NO,NO,NO,NO,NO,NO,NO,NO,NO,NO,annual_rent|verified_service_charge|net_rental_income|acquisition_costs|broker_purchase_cost|holding_period|exit_value|selling_costs
4571,Offplan,YES,1550999.0,NO,,NO,NO,NO,NO,NO,NO,NO,NO,NO,NO,annual_rent|verified_service_charge|net_rental_income|acquisition_costs|broker_purchase_cost|holding_period|exit_value|selling_costs
5990,Offplan,YES,1781930.0,NO,,NO,NO,NO,NO,NO,NO,NO,NO,NO,NO,annual_rent|verified_service_charge|net_rental_income|acquisition_costs|broker_purchase_cost|holding_period|exit_value|selling_costs
136,Offplan,YES,999000.0,NO,,NO,NO,NO,NO,NO,NO,NO,NO,NO,NO,annual_rent|verified_service_charge|net_rental_income|acquisition_costs|broker_purchase_cost|holding_period|exit_value|selling_costs
5930,Offplan,YES,974574.0,NO,,NO,NO,NO,NO,NO,NO,NO,NO,NO,NO,annual_rent|verified_service_charge|net_rental_income|acquisition_costs|broker_purchase_cost|holding_period|exit_value|selling_costs
4088,Offplan,YES,822777.0,NO,,NO,NO,NO,NO,NO,NO,NO,NO,NO,NO,annual_rent|verified_service_charge|net_rental_income|acquisition_costs|broker_purchase_cost|holding_period|exit_value|selling_costs
7479,Offplan,YES,3840040.0,NO,,NO,NO,NO,NO,NO,NO,NO,NO,NO,NO,annual_rent|verified_service_charge|net_rental_income|acquisition_costs|broker_purchase_cost|holding_period|exit_value|selling_costs
6334,Offplan,YES,4300000.0,NO,,NO,NO,NO,NO,NO,NO,NO,NO,NO,NO,annual_rent|verified_service_charge|net_rental_income|acquisition_costs|broker_purchase_cost|holding_period|exit_value|selling_costs
5125,Offplan,YES,4700000.0,NO,,NO,NO,NO,NO,NO,NO,NO,NO,NO,NO,annual_rent|verified_service_charge|net_rental_income|acquisition_costs|broker_purchase_cost|holding_period|exit_value|selling_costs
5640,Offplan,YES,1500000.0,NO,,NO,NO,NO,NO,NO,NO,NO,NO,NO,NO,annual_rent|verified_service_charge|net_rental_income|acquisition_costs|broker_purchase_cost|holding_period|exit_value|selling_costs
1786,Offplan,YES,1400000.0,NO,,NO,NO,NO,NO,NO,NO,NO,NO,NO,NO,annual_rent|verified_service_charge|net_rental_income|acquisition_costs|broker_purchase_cost|holding_period|exit_value|selling_costs
1181,Ready,YES,1600000.0,YES,88320.0,NO,NO,NO,NO,NO,NO,NO,NO,NO,NO,verified_service_charge|net_rental_income|acquisition_costs|broker_purchase_cost|holding_period|exit_value|selling_costs
1829,Ready,YES,912000.0,YES,63360.0,NO,NO,NO,NO,NO,NO,NO,NO,NO,NO,verified_service_charge|net_rental_income|acquisition_costs|broker_purchase_cost|holding_period|exit_value|selling_costs
3761,Offplan,YES,1705000.0,NO,,NO,NO,NO,NO,NO,NO,NO,NO,NO,NO,annual_rent|verified_service_charge|net_rental_income|acquisition_costs|broker_purchase_cost|holding_period|exit_value|selling_costs
4855,Offplan,YES,1549500.0,NO,,NO,NO,NO,NO,NO,NO,NO,NO,NO,NO,annual_rent|verified_service_charge|net_rental_income|acquisition_costs|broker_purchase_cost|holding_period|exit_value|selling_costs
1448,Offplan,YES,646888.0,NO,,NO,NO,NO,NO,NO,NO,NO,NO,NO,NO,annual_rent|verified_service_charge|net_rental_income|acquisition_costs|broker_purchase_cost|holding_period|exit_value|selling_costs
6508,Offplan,YES,1585000.0,NO,,NO,NO,NO,NO,NO,NO,NO,NO,NO,NO,annual_rent|verified_service_charge|net_rental_income|acquisition_costs|broker_purchase_cost|holding_period|exit_value|selling_costs
3450,Offplan,YES,2411000.0,NO,,NO,NO,NO,NO,NO,NO,NO,NO,NO,NO,annual_rent|verified_service_charge|net_rental_income|acquisition_costs|broker_purchase_cost|holding_period|exit_value|selling_costs
504,Offplan,YES,23000000.0,NO,,NO,NO,NO,NO,NO,NO,NO,NO,NO,NO,annual_rent|verified_service_charge|net_rental_income|acquisition_costs|broker_purchase_cost|holding_period|exit_value|selling_costs
4036,Offplan,YES,1453000.0,NO,,NO,NO,NO,NO,NO,NO,NO,NO,NO,NO,annual_rent|verified_service_charge|net_rental_income|acquisition_costs|broker_purchase_cost|holding_period|exit_value|selling_costs
892,Offplan,YES,1920000.0,NO,,NO,NO,NO,NO,NO,NO,NO,NO,NO,NO,annual_rent|verified_service_charge|net_rental_income|acquisition_costs|broker_purchase_cost|holding_period|exit_value|selling_costs
4792,Offplan,YES,3000000.0,NO,,NO,NO,NO,NO,NO,NO,NO,NO,NO,NO,annual_rent|verified_service_charge|net_rental_income|acquisition_costs|broker_purchase_cost|holding_period|exit_value|selling_costs
240,Offplan,YES,5500000.0,NO,,NO,NO,NO,NO,NO,NO,NO,NO,NO,NO,annual_rent|verified_service_charge|net_rental_income|acquisition_costs|broker_purchase_cost|holding_period|exit_value|selling_costs
5128,Ready,YES,2800000.0,YES,105600.0,NO,NO,NO,NO,NO,NO,NO,NO,NO,NO,verified_service_charge|net_rental_income|acquisition_costs|broker_purchase_cost|holding_period|exit_value|selling_costs
5063,Offplan,YES,37500000.0,NO,,NO,NO,NO,NO,NO,NO,NO,NO,NO,NO,annual_rent|verified_service_charge|net_rental_income|acquisition_costs|broker_purchase_cost|holding_period|exit_value|selling_costs
4379,Offplan,YES,2033000.0,NO,,NO,NO,NO,NO,NO,NO,NO,NO,NO,NO,annual_rent|verified_service_charge|net_rental_income|acquisition_costs|broker_purchase_cost|holding_period|exit_value|selling_costs
4790,Offplan,YES,2100990.0,NO,,NO,NO,NO,NO,NO,NO,NO,NO,NO,NO,annual_rent|verified_service_charge|net_rental_income|acquisition_costs|broker_purchase_cost|holding_period|exit_value|selling_costs
844,Ready,YES,1100000.0,YES,81600.0,NO,NO,NO,NO,NO,NO,NO,NO,NO,NO,verified_service_charge|net_rental_income|acquisition_costs|broker_purchase_cost|holding_period|exit_value|selling_costs
4813,Offplan,YES,1300000.0,NO,,NO,NO,NO,NO,NO,NO,NO,NO,NO,NO,annual_rent|verified_service_charge|net_rental_income|acquisition_costs|broker_purchase_cost|holding_period|exit_value|selling_costs
1904,Offplan,YES,1980000.0,NO,,NO,NO,NO,NO,NO,NO,NO,NO,NO,NO,annual_rent|verified_service_charge|net_rental_income|acquisition_costs|broker_purchase_cost|holding_period|exit_value|selling_costs
5138,Offplan,YES,1992948.0,NO,,NO,NO,NO,NO,NO,NO,NO,NO,NO,NO,annual_rent|verified_service_charge|net_rental_income|acquisition_costs|broker_purchase_cost|holding_period|exit_value|selling_costs
2719,Offplan,YES,956289.0,NO,,NO,NO,NO,NO,NO,NO,NO,NO,NO,NO,annual_rent|verified_service_charge|net_rental_income|acquisition_costs|broker_purchase_cost|holding_period|exit_value|selling_costs
3203,Offplan,YES,815000.0,NO,,NO,NO,NO,NO,NO,NO,NO,NO,NO,NO,annual_rent|verified_service_charge|net_rental_income|acquisition_costs|broker_purchase_cost|holding_period|exit_value|selling_costs
7592,Offplan,YES,944000.0,NO,,NO,NO,NO,NO,NO,NO,NO,NO,NO,NO,annual_rent|verified_service_charge|net_rental_income|acquisition_costs|broker_purchase_cost|holding_period|exit_value|selling_costs
2570,Offplan,YES,1454000.0,NO,,NO,NO,NO,NO,NO,NO,NO,NO,NO,NO,annual_rent|verified_service_charge|net_rental_income|acquisition_costs|broker_purchase_cost|holding_period|exit_value|selling_costs
4699,Ready,YES,1500000.0,YES,139200.0,NO,NO,NO,NO,NO,NO,NO,NO,NO,NO,verified_service_charge|net_rental_income|acquisition_costs|broker_purchase_cost|holding_period|exit_value|selling_costs
7112,Ready,YES,503000.0,YES,65280.0,NO,NO,NO,NO,NO,NO,NO,NO,NO,NO,verified_service_charge|net_rental_income|acquisition_costs|broker_purchase_cost|holding_period|exit_value|selling_costs
6480,Offplan,YES,2153631.0,NO,,NO,NO,NO,NO,NO,NO,NO,NO,NO,NO,annual_rent|verified_service_charge|net_rental_income|acquisition_costs|broker_purchase_cost|holding_period|exit_value|selling_costs
6541,Offplan,YES,1233550.0,NO,,NO,NO,NO,NO,NO,NO,NO,NO,NO,NO,annual_rent|verified_service_charge|net_rental_income|acquisition_costs|broker_purchase_cost|holding_period|exit_value|selling_costs
4914,Offplan,YES,1710888.0,NO,,NO,NO,NO,NO,NO,NO,NO,NO,NO,NO,annual_rent|verified_service_charge|net_rental_income|acquisition_costs|broker_purchase_cost|holding_period|exit_value|selling_costs
2046,Offplan,YES,1120888.0,NO,,NO,NO,NO,NO,NO,NO,NO,NO,NO,NO,annual_rent|verified_service_charge|net_rental_income|acquisition_costs|broker_purchase_cost|holding_period|exit_value|selling_costs
7885,Offplan,YES,1689055.0,NO,,NO,NO,NO,NO,NO,NO,NO,NO,NO,NO,annual_rent|verified_service_charge|net_rental_income|acquisition_costs|broker_purchase_cost|holding_period|exit_value|selling_costs
5082,Offplan,YES,1356000.0,NO,,NO,NO,NO,NO,NO,NO,NO,NO,NO,NO,annual_rent|verified_service_charge|net_rental_income|acquisition_costs|broker_purchase_cost|holding_period|exit_value|selling_costs
1334,Offplan,YES,2118000.0,NO,,NO,NO,NO,NO,NO,NO,NO,NO,NO,NO,annual_rent|verified_service_charge|net_rental_income|acquisition_costs|broker_purchase_cost|holding_period|exit_value|selling_costs
6092,Offplan,YES,1054217.0,NO,,NO,NO,NO,NO,NO,NO,NO,NO,NO,NO,annual_rent|verified_service_charge|net_rental_income|acquisition_costs|broker_purchase_cost|holding_period|exit_value|selling_costs
1980,Offplan,YES,1435100.0,NO,,NO,NO,NO,NO,NO,NO,NO,NO,NO,NO,annual_rent|verified_service_charge|net_rental_income|acquisition_costs|broker_purchase_cost|holding_period|exit_value|selling_costs
5166,Offplan,YES,1150000.0,NO,,NO,NO,NO,NO,NO,NO,NO,NO,NO,NO,annual_rent|verified_service_charge|net_rental_income|acquisition_costs|broker_purchase_cost|holding_period|exit_value|selling_costs
66,Offplan,YES,1280000.0,NO,,NO,NO,NO,NO,NO,NO,NO,NO,NO,NO,annual_rent|verified_service_charge|net_rental_income|acquisition_costs|broker_purchase_cost|holding_period|exit_value|selling_costs
2690,Offplan,YES,1511820.0,NO,,NO,NO,NO,NO,NO,NO,NO,NO,NO,NO,annual_rent|verified_service_charge|net_rental_income|acquisition_costs|broker_purchase_cost|holding_period|exit_value|selling_costs
5920,Offplan,YES,1100000.0,NO,,NO,NO,NO,NO,NO,NO,NO,NO,NO,NO,annual_rent|verified_service_charge|net_rental_income|acquisition_costs|broker_purchase_cost|holding_period|exit_value|selling_costs
8390,Offplan,YES,2493828.0,NO,,NO,NO,NO,NO,NO,NO,NO,NO,NO,NO,annual_rent|verified_service_charge|net_rental_income|acquisition_costs|broker_purchase_cost|holding_period|exit_value|selling_costs
5672,Offplan,YES,888000.0,NO,,NO,NO,NO,NO,NO,NO,NO,NO,NO,NO,annual_rent|verified_service_charge|net_rental_income|acquisition_costs|broker_purchase_cost|holding_period|exit_value|selling_costs
4380,Offplan,YES,2400000.0,NO,,NO,NO,NO,NO,NO,NO,NO,NO,NO,NO,annual_rent|verified_service_charge|net_rental_income|acquisition_costs|broker_purchase_cost|holding_period|exit_value|selling_costs
1213,Offplan,YES,1500000.0,NO,,NO,NO,NO,NO,NO,NO,NO,NO,NO,NO,annual_rent|verified_service_charge|net_rental_income|acquisition_costs|broker_purchase_cost|holding_period|exit_value|selling_costs
1306,Offplan,YES,2667320.0,NO,,NO,NO,NO,NO,NO,NO,NO,NO,NO,NO,annual_rent|verified_service_charge|net_rental_income|acquisition_costs|broker_purchase_cost|holding_period|exit_value|selling_costs
4384,Offplan,YES,2206000.0,NO,,NO,NO,NO,NO,NO,NO,NO,NO,NO,NO,annual_rent|verified_service_charge|net_rental_income|acquisition_costs|broker_purchase_cost|holding_period|exit_value|selling_costs
4941,Offplan,YES,1430000.0,NO,,NO,NO,NO,NO,NO,NO,NO,NO,NO,NO,annual_rent|verified_service_charge|net_rental_income|acquisition_costs|broker_purchase_cost|holding_period|exit_value|selling_costs
5809,Offplan,YES,1204500.0,NO,,NO,NO,NO,NO,NO,NO,NO,NO,NO,NO,annual_rent|verified_service_charge|net_rental_income|acquisition_costs|broker_purchase_cost|holding_period|exit_value|selling_costs
5168,Offplan,YES,1659730.0,NO,,NO,NO,NO,NO,NO,NO,NO,NO,NO,NO,annual_rent|verified_service_charge|net_rental_income|acquisition_costs|broker_purchase_cost|holding_period|exit_value|selling_costs
6299,Offplan,YES,1700000.0,NO,,NO,NO,NO,NO,NO,NO,NO,NO,NO,NO,annual_rent|verified_service_charge|net_rental_income|acquisition_costs|broker_purchase_cost|holding_period|exit_value|selling_costs
5957,Offplan,YES,1400000.0,NO,,NO,NO,NO,NO,NO,NO,NO,NO,NO,NO,annual_rent|verified_service_charge|net_rental_income|acquisition_costs|broker_purchase_cost|holding_period|exit_value|selling_costs
6102,Offplan,YES,767000.0,NO,,NO,NO,NO,NO,NO,NO,NO,NO,NO,NO,annual_rent|verified_service_charge|net_rental_income|acquisition_costs|broker_purchase_cost|holding_period|exit_value|selling_costs
7502,Offplan,YES,1080000.0,NO,,NO,NO,NO,NO,NO,NO,NO,NO,NO,NO,annual_rent|verified_service_charge|net_rental_income|acquisition_costs|broker_purchase_cost|holding_period|exit_value|selling_costs
318,Offplan,YES,1500000.0,NO,,NO,NO,NO,NO,NO,NO,NO,NO,NO,NO,annual_rent|verified_service_charge|net_rental_income|acquisition_costs|broker_purchase_cost|holding_period|exit_value|selling_costs
5102,Offplan,YES,1697640.0,NO,,NO,NO,NO,NO,NO,NO,NO,NO,NO,NO,annual_rent|verified_service_charge|net_rental_income|acquisition_costs|broker_purchase_cost|holding_period|exit_value|selling_costs
1174,Offplan,YES,1699594.0,NO,,NO,NO,NO,NO,NO,NO,NO,NO,NO,NO,annual_rent|verified_service_charge|net_rental_income|acquisition_costs|broker_purchase_cost|holding_period|exit_value|selling_costs
3840,Offplan,YES,448000.0,NO,,NO,NO,NO,NO,NO,NO,NO,NO,NO,NO,annual_rent|verified_service_charge|net_rental_income|acquisition_costs|broker_purchase_cost|holding_period|exit_value|selling_costs
8415,Offplan,YES,1060000.0,NO,,NO,NO,NO,NO,NO,NO,NO,NO,NO,NO,annual_rent|verified_service_charge|net_rental_income|acquisition_costs|broker_purchase_cost|holding_period|exit_value|selling_costs
6359,Offplan,YES,1795000.0,NO,,NO,NO,NO,NO,NO,NO,NO,NO,NO,NO,annual_rent|verified_service_charge|net_rental_income|acquisition_costs|broker_purchase_cost|holding_period|exit_value|selling_costs
4162,Offplan,YES,968000.0,NO,,NO,NO,NO,NO,NO,NO,NO,NO,NO,NO,annual_rent|verified_service_charge|net_rental_income|acquisition_costs|broker_purchase_cost|holding_period|exit_value|selling_costs
7762,Offplan,YES,2000000.0,NO,,NO,NO,NO,NO,NO,NO,NO,NO,NO,NO,annual_rent|verified_service_charge|net_rental_income|acquisition_costs|broker_purchase_cost|holding_period|exit_value|selling_costs
3153,Offplan,YES,2360000.0,NO,,NO,NO,NO,NO,NO,NO,NO,NO,NO,NO,annual_rent|verified_service_charge|net_rental_income|acquisition_costs|broker_purchase_cost|holding_period|exit_value|selling_costs
8385,Offplan,YES,2779000.0,NO,,NO,NO,NO,NO,NO,NO,NO,NO,NO,NO,annual_rent|verified_service_charge|net_rental_income|acquisition_costs|broker_purchase_cost|holding_period|exit_value|selling_costs
4821,Offplan,YES,1727865.0,NO,,NO,NO,NO,NO,NO,NO,NO,NO,NO,NO,annual_rent|verified_service_charge|net_rental_income|acquisition_costs|broker_purchase_cost|holding_period|exit_value|selling_costs
5736,Offplan,YES,759772.0,NO,,NO,NO,NO,NO,NO,NO,NO,NO,NO,NO,annual_rent|verified_service_charge|net_rental_income|acquisition_costs|broker_purchase_cost|holding_period|exit_value|selling_costs
163,Offplan,YES,1780850.0,NO,,NO,NO,NO,NO,NO,NO,NO,NO,NO,NO,annual_rent|verified_service_charge|net_rental_income|acquisition_costs|broker_purchase_cost|holding_period|exit_value|selling_costs
4261,Offplan,YES,2550000.0,NO,,NO,NO,NO,NO,NO,NO,NO,NO,NO,NO,annual_rent|verified_service_charge|net_rental_income|acquisition_costs|broker_purchase_cost|holding_period|exit_value|selling_costs
3765,Ready,YES,1900000.0,YES,84480.0,NO,NO,NO,NO,NO,NO,NO,NO,NO,NO,verified_service_charge|net_rental_income|acquisition_costs|broker_purchase_cost|holding_period|exit_value|selling_costs
3624,Offplan,YES,899000.0,NO,,NO,NO,NO,NO,NO,NO,NO,NO,NO,NO,annual_rent|verified_service_charge|net_rental_income|acquisition_costs|broker_purchase_cost|holding_period|exit_value|selling_costs
396,Offplan,YES,1200000.0,NO,,NO,NO,NO,NO,NO,NO,NO,NO,NO,NO,annual_rent|verified_service_charge|net_rental_income|acquisition_costs|broker_purchase_cost|holding_period|exit_value|selling_costs
7881,Ready,YES,1399990.0,YES,120000.0,YES,YES,YES,NO,NO,NO,NO,NO,NO,NO,net_rental_income|acquisition_costs|broker_purchase_cost|holding_period|exit_value|selling_costs
1823,Offplan,YES,2600000.0,NO,,NO,NO,NO,NO,NO,NO,NO,NO,NO,NO,annual_rent|verified_service_charge|net_rental_income|acquisition_costs|broker_purchase_cost|holding_period|exit_value|selling_costs
8317,Offplan,YES,885000.0,NO,,NO,NO,NO,NO,NO,NO,NO,NO,NO,NO,annual_rent|verified_service_charge|net_rental_income|acquisition_costs|broker_purchase_cost|holding_period|exit_value|selling_costs
6667,Offplan,YES,880000.0,NO,,NO,NO,NO,NO,NO,NO,NO,NO,NO,NO,annual_rent|verified_service_charge|net_rental_income|acquisition_costs|broker_purchase_cost|holding_period|exit_value|selling_costs
409,Ready,YES,2700000.0,YES,163200.0,YES,YES,YES,NO,NO,NO,NO,NO,NO,NO,net_rental_income|acquisition_costs|broker_purchase_cost|holding_period|exit_value|selling_costs
2452,Offplan,YES,1281888.0,NO,,NO,NO,NO,NO,NO,NO,NO,NO,NO,NO,annual_rent|verified_service_charge|net_rental_income|acquisition_costs|broker_purchase_cost|holding_period|exit_value|selling_costs
1330,Ready,YES,560000.0,YES,57600.0,NO,NO,NO,NO,NO,NO,NO,NO,NO,NO,verified_service_charge|net_rental_income|acquisition_costs|broker_purchase_cost|holding_period|exit_value|selling_costs
4723,Offplan,YES,717000.0,NO,,NO,NO,NO,NO,NO,NO,NO,NO,NO,NO,annual_rent|verified_service_charge|net_rental_income|acquisition_costs|broker_purchase_cost|holding_period|exit_value|selling_costs
1031,Offplan,YES,1356000.0,NO,,NO,NO,NO,NO,NO,NO,NO,NO,NO,NO,annual_rent|verified_service_charge|net_rental_income|acquisition_costs|broker_purchase_cost|holding_period|exit_value|selling_costs
4706,Offplan,YES,1400000.0,NO,,NO,NO,NO,NO,NO,NO,NO,NO,NO,NO,annual_rent|verified_service_charge|net_rental_income|acquisition_costs|broker_purchase_cost|holding_period|exit_value|selling_costs
7985,Offplan,YES,881888.0,NO,,NO,NO,NO,NO,NO,NO,NO,NO,NO,NO,annual_rent|verified_service_charge|net_rental_income|acquisition_costs|broker_purchase_cost|holding_period|exit_value|selling_costs
7318,Offplan,YES,1000000.0,NO,,NO,NO,NO,NO,NO,NO,NO,NO,NO,NO,annual_rent|verified_service_charge|net_rental_income|acquisition_costs|broker_purchase_cost|holding_period|exit_value|selling_costs
6834,Ready,YES,1200000.0,NO,,NO,NO,NO,NO,NO,NO,NO,NO,NO,NO,annual_rent|verified_service_charge|net_rental_income|acquisition_costs|broker_purchase_cost|holding_period|exit_value|selling_costs
1003,Offplan,YES,1609780.0,NO,,NO,NO,NO,NO,NO,NO,NO,NO,NO,NO,annual_rent|verified_service_charge|net_rental_income|acquisition_costs|broker_purchase_cost|holding_period|exit_value|selling_costs
4629,Offplan,YES,1048000.0,NO,,NO,NO,NO,NO,NO,NO,NO,NO,NO,NO,annual_rent|verified_service_charge|net_rental_income|acquisition_costs|broker_purchase_cost|holding_period|exit_value|selling_costs
7773,Offplan,YES,1935842.0,NO,,NO,NO,NO,NO,NO,NO,NO,NO,NO,NO,annual_rent|verified_service_charge|net_rental_income|acquisition_costs|broker_purchase_cost|holding_period|exit_value|selling_costs
2899,Ready,YES,2068970.0,YES,105600.0,NO,NO,NO,NO,NO,NO,NO,NO,NO,NO,verified_service_charge|net_rental_income|acquisition_costs|broker_purchase_cost|holding_period|exit_value|selling_costs
2227,Offplan,YES,2880000.0,NO,,NO,NO,NO,NO,NO,NO,NO,NO,NO,NO,annual_rent|verified_service_charge|net_rental_income|acquisition_costs|broker_purchase_cost|holding_period|exit_value|selling_costs
2210,Offplan,YES,19090000.0,NO,,NO,NO,NO,NO,NO,NO,NO,NO,NO,NO,annual_rent|verified_service_charge|net_rental_income|acquisition_costs|broker_purchase_cost|holding_period|exit_value|selling_costs
2847,Offplan,YES,1515000.0,NO,,NO,NO,NO,NO,NO,NO,NO,NO,NO,NO,annual_rent|verified_service_charge|net_rental_income|acquisition_costs|broker_purchase_cost|holding_period|exit_value|selling_costs
3059,Offplan,YES,1511000.0,NO,,NO,NO,NO,NO,NO,NO,NO,NO,NO,NO,annual_rent|verified_service_charge|net_rental_income|acquisition_costs|broker_purchase_cost|holding_period|exit_value|selling_costs
50,Offplan,YES,1737500.0,NO,,NO,NO,NO,NO,NO,NO,NO,NO,NO,NO,annual_rent|verified_service_charge|net_rental_income|acquisition_costs|broker_purchase_cost|holding_period|exit_value|selling_costs
5667,Offplan,YES,1626000.0,NO,,NO,NO,NO,NO,NO,NO,NO,NO,NO,NO,annual_rent|verified_service_charge|net_rental_income|acquisition_costs|broker_purchase_cost|holding_period|exit_value|selling_costs
63,Offplan,YES,1164333.0,NO,,NO,NO,NO,NO,NO,NO,NO,NO,NO,NO,annual_rent|verified_service_charge|net_rental_income|acquisition_costs|broker_purchase_cost|holding_period|exit_value|selling_costs
6843,Offplan,YES,950000.0,NO,,NO,NO,NO,NO,NO,NO,NO,NO,NO,NO,annual_rent|verified_service_charge|net_rental_income|acquisition_costs|broker_purchase_cost|holding_period|exit_value|selling_costs
8118,Offplan,YES,1300000.0,NO,,NO,NO,NO,NO,NO,NO,NO,NO,NO,NO,annual_rent|verified_service_charge|net_rental_income|acquisition_costs|broker_purchase_cost|holding_period|exit_value|selling_costs
5356,Ready,YES,3600000.0,NO,,NO,NO,NO,NO,NO,NO,NO,NO,NO,NO,annual_rent|verified_service_charge|net_rental_income|acquisition_costs|broker_purchase_cost|holding_period|exit_value|selling_costs
6394,Offplan,YES,2037000.0,NO,,NO,NO,NO,NO,NO,NO,NO,NO,NO,NO,annual_rent|verified_service_charge|net_rental_income|acquisition_costs|broker_purchase_cost|holding_period|exit_value|selling_costs
5894,Offplan,YES,4153390.0,NO,,NO,NO,NO,NO,NO,NO,NO,NO,NO,NO,annual_rent|verified_service_charge|net_rental_income|acquisition_costs|broker_purchase_cost|holding_period|exit_value|selling_costs
2155,Ready,YES,1200000.0,YES,105600.0,NO,NO,NO,NO,NO,NO,NO,NO,NO,NO,verified_service_charge|net_rental_income|acquisition_costs|broker_purchase_cost|holding_period|exit_value|selling_costs
3308,Offplan,YES,8608800.0,NO,,NO,NO,NO,NO,NO,NO,NO,NO,NO,NO,annual_rent|verified_service_charge|net_rental_income|acquisition_costs|broker_purchase_cost|holding_period|exit_value|selling_costs
607,Offplan,YES,1350000.0,NO,,NO,NO,NO,NO,NO,NO,NO,NO,NO,NO,annual_rent|verified_service_charge|net_rental_income|acquisition_costs|broker_purchase_cost|holding_period|exit_value|selling_costs
1552,Offplan,YES,1283500.0,NO,,NO,NO,NO,NO,NO,NO,NO,NO,NO,NO,annual_rent|verified_service_charge|net_rental_income|acquisition_costs|broker_purchase_cost|holding_period|exit_value|selling_costs
4597,Offplan,YES,2189000.0,NO,,NO,NO,NO,NO,NO,NO,NO,NO,NO,NO,annual_rent|verified_service_charge|net_rental_income|acquisition_costs|broker_purchase_cost|holding_period|exit_value|selling_costs
3252,Offplan,YES,1900000.0,NO,,NO,NO,NO,NO,NO,NO,NO,NO,NO,NO,annual_rent|verified_service_charge|net_rental_income|acquisition_costs|broker_purchase_cost|holding_period|exit_value|selling_costs
6836,Ready,YES,910000.0,YES,62400.0,NO,NO,NO,NO,NO,NO,NO,NO,NO,NO,verified_service_charge|net_rental_income|acquisition_costs|broker_purchase_cost|holding_period|exit_value|selling_costs
4692,Offplan,YES,1949333.0,NO,,NO,NO,NO,NO,NO,NO,NO,NO,NO,NO,annual_rent|verified_service_charge|net_rental_income|acquisition_costs|broker_purchase_cost|holding_period|exit_value|selling_costs
701,Offplan,YES,3000000.0,NO,,NO,NO,NO,NO,NO,NO,NO,NO,NO,NO,annual_rent|verified_service_charge|net_rental_income|acquisition_costs|broker_purchase_cost|holding_period|exit_value|selling_costs
3700,Offplan,YES,3000000.0,NO,,NO,NO,NO,NO,NO,NO,NO,NO,NO,NO,annual_rent|verified_service_charge|net_rental_income|acquisition_costs|broker_purchase_cost|holding_period|exit_value|selling_costs
5283,Offplan,YES,3000000.0,NO,,NO,NO,NO,NO,NO,NO,NO,NO,NO,NO,annual_rent|verified_service_charge|net_rental_income|acquisition_costs|broker_purchase_cost|holding_period|exit_value|selling_costs
4753,Ready,YES,961000.0,YES,78720.0,NO,NO,NO,NO,NO,NO,NO,NO,NO,NO,verified_service_charge|net_rental_income|acquisition_costs|broker_purchase_cost|holding_period|exit_value|selling_costs
418,Offplan,YES,1672500.0,NO,,NO,NO,NO,NO,NO,NO,NO,NO,NO,NO,annual_rent|verified_service_charge|net_rental_income|acquisition_costs|broker_purchase_cost|holding_period|exit_value|selling_costs
8004,Offplan,YES,1764780.0,NO,,NO,NO,NO,NO,NO,NO,NO,NO,NO,NO,annual_rent|verified_service_charge|net_rental_income|acquisition_costs|broker_purchase_cost|holding_period|exit_value|selling_costs
1831,Offplan,YES,1264780.0,NO,,NO,NO,NO,NO,NO,NO,NO,NO,NO,NO,annual_rent|verified_service_charge|net_rental_income|acquisition_costs|broker_purchase_cost|holding_period|exit_value|selling_costs
2459,Ready,YES,1288890.0,YES,86400.0,NO,NO,NO,NO,NO,NO,NO,NO,NO,NO,verified_service_charge|net_rental_income|acquisition_costs|broker_purchase_cost|holding_period|exit_value|selling_costs
3693,Offplan,YES,1900000.0,NO,,NO,NO,NO,NO,NO,NO,NO,NO,NO,NO,annual_rent|verified_service_charge|net_rental_income|acquisition_costs|broker_purchase_cost|holding_period|exit_value|selling_costs
1613,Offplan,YES,3108890.0,NO,,NO,NO,NO,NO,NO,NO,NO,NO,NO,NO,annual_rent|verified_service_charge|net_rental_income|acquisition_costs|broker_purchase_cost|holding_period|exit_value|selling_costs
7630,Offplan,YES,2200000.0,NO,,NO,NO,NO,NO,NO,NO,NO,NO,NO,NO,annual_rent|verified_service_charge|net_rental_income|acquisition_costs|broker_purchase_cost|holding_period|exit_value|selling_costs
2729,Offplan,YES,2600000.0,NO,,NO,NO,NO,NO,NO,NO,NO,NO,NO,NO,annual_rent|verified_service_charge|net_rental_income|acquisition_costs|broker_purchase_cost|holding_period|exit_value|selling_costs
1125,Offplan,YES,1942000.0,NO,,NO,NO,NO,NO,NO,NO,NO,NO,NO,NO,annual_rent|verified_service_charge|net_rental_income|acquisition_costs|broker_purchase_cost|holding_period|exit_value|selling_costs
1963,Offplan,YES,2360890.0,NO,,NO,NO,NO,NO,NO,NO,NO,NO,NO,NO,annual_rent|verified_service_charge|net_rental_income|acquisition_costs|broker_purchase_cost|holding_period|exit_value|selling_costs
4992,Offplan,YES,1447057.0,NO,,NO,NO,NO,NO,NO,NO,NO,NO,NO,NO,annual_rent|verified_service_charge|net_rental_income|acquisition_costs|broker_purchase_cost|holding_period|exit_value|selling_costs
1132,Offplan,YES,891000.0,NO,,NO,NO,NO,NO,NO,NO,NO,NO,NO,NO,annual_rent|verified_service_charge|net_rental_income|acquisition_costs|broker_purchase_cost|holding_period|exit_value|selling_costs
2325,Offplan,YES,849999.0,NO,,NO,NO,NO,NO,NO,NO,NO,NO,NO,NO,annual_rent|verified_service_charge|net_rental_income|acquisition_costs|broker_purchase_cost|holding_period|exit_value|selling_costs
443,Offplan,YES,985000.0,NO,,NO,NO,NO,NO,NO,NO,NO,NO,NO,NO,annual_rent|verified_service_charge|net_rental_income|acquisition_costs|broker_purchase_cost|holding_period|exit_value|selling_costs
6956,Offplan,YES,1825480.0,NO,,NO,NO,NO,NO,NO,NO,NO,NO,NO,NO,annual_rent|verified_service_charge|net_rental_income|acquisition_costs|broker_purchase_cost|holding_period|exit_value|selling_costs
5735,Offplan,YES,1521920.0,NO,,NO,NO,NO,NO,NO,NO,NO,NO,NO,NO,annual_rent|verified_service_charge|net_rental_income|acquisition_costs|broker_purchase_cost|holding_period|exit_value|selling_costs
2578,Ready,YES,900000.0,YES,57600.0,NO,NO,NO,NO,NO,NO,NO,NO,NO,NO,verified_service_charge|net_rental_income|acquisition_costs|broker_purchase_cost|holding_period|exit_value|selling_costs
7270,Offplan,YES,1500000.0,NO,,NO,NO,NO,NO,NO,NO,NO,NO,NO,NO,annual_rent|verified_service_charge|net_rental_income|acquisition_costs|broker_purchase_cost|holding_period|exit_value|selling_costs
2746,Offplan,YES,497705.0,NO,,NO,NO,NO,NO,NO,NO,NO,NO,NO,NO,annual_rent|verified_service_charge|net_rental_income|acquisition_costs|broker_purchase_cost|holding_period|exit_value|selling_costs
604,Offplan,YES,1800000.0,NO,,NO,NO,NO,NO,NO,NO,NO,NO,NO,NO,annual_rent|verified_service_charge|net_rental_income|acquisition_costs|broker_purchase_cost|holding_period|exit_value|selling_costs
4313,Offplan,YES,2620790.0,NO,,NO,NO,NO,NO,NO,NO,NO,NO,NO,NO,annual_rent|verified_service_charge|net_rental_income|acquisition_costs|broker_purchase_cost|holding_period|exit_value|selling_costs
98,Offplan,YES,883000.0,NO,,NO,NO,NO,NO,NO,NO,NO,NO,NO,NO,annual_rent|verified_service_charge|net_rental_income|acquisition_costs|broker_purchase_cost|holding_period|exit_value|selling_costs
1467,Ready,YES,3016780.0,YES,105600.0,NO,NO,NO,NO,NO,NO,NO,NO,NO,NO,verified_service_charge|net_rental_income|acquisition_costs|broker_purchase_cost|holding_period|exit_value|selling_costs
8421,Offplan,YES,2625850.0,NO,,NO,NO,NO,NO,NO,NO,NO,NO,NO,NO,annual_rent|verified_service_charge|net_rental_income|acquisition_costs|broker_purchase_cost|holding_period|exit_value|selling_costs
6720,Ready,YES,537000.0,YES,48000.0,NO,NO,NO,NO,NO,NO,NO,NO,NO,NO,verified_service_charge|net_rental_income|acquisition_costs|broker_purchase_cost|holding_period|exit_value|selling_costs
7500,Offplan,YES,2629240.0,NO,,NO,NO,NO,NO,NO,NO,NO,NO,NO,NO,annual_rent|verified_service_charge|net_rental_income|acquisition_costs|broker_purchase_cost|holding_period|exit_value|selling_costs
7821,Offplan,YES,974000.0,NO,,NO,NO,NO,NO,NO,NO,NO,NO,NO,NO,annual_rent|verified_service_charge|net_rental_income|acquisition_costs|broker_purchase_cost|holding_period|exit_value|selling_costs
2473,Ready,YES,1500000.0,YES,113280.0,NO,NO,NO,NO,NO,NO,NO,NO,NO,NO,verified_service_charge|net_rental_income|acquisition_costs|broker_purchase_cost|holding_period|exit_value|selling_costs
4117,Offplan,YES,1022780.0,NO,,NO,NO,NO,NO,NO,NO,NO,NO,NO,NO,annual_rent|verified_service_charge|net_rental_income|acquisition_costs|broker_purchase_cost|holding_period|exit_value|selling_costs
1454,Offplan,YES,1900000.0,NO,,NO,NO,NO,NO,NO,NO,NO,NO,NO,NO,annual_rent|verified_service_charge|net_rental_income|acquisition_costs|broker_purchase_cost|holding_period|exit_value|selling_costs
2074,Offplan,YES,3249550.0,NO,,NO,NO,NO,NO,NO,NO,NO,NO,NO,NO,annual_rent|verified_service_charge|net_rental_income|acquisition_costs|broker_purchase_cost|holding_period|exit_value|selling_costs
2902,Offplan,YES,1800000.0,NO,,NO,NO,NO,NO,NO,NO,NO,NO,NO,NO,annual_rent|verified_service_charge|net_rental_income|acquisition_costs|broker_purchase_cost|holding_period|exit_value|selling_costs
4434,Offplan,YES,2100000.0,NO,,NO,NO,NO,NO,NO,NO,NO,NO,NO,NO,annual_rent|verified_service_charge|net_rental_income|acquisition_costs|broker_purchase_cost|holding_period|exit_value|selling_costs
8393,Ready,YES,3900000.0,YES,172800.0,NO,NO,NO,NO,NO,NO,NO,NO,NO,NO,verified_service_charge|net_rental_income|acquisition_costs|broker_purchase_cost|holding_period|exit_value|selling_costs
2641,Offplan,YES,1130000.0,NO,,NO,NO,NO,NO,NO,NO,NO,NO,NO,NO,annual_rent|verified_service_charge|net_rental_income|acquisition_costs|broker_purchase_cost|holding_period|exit_value|selling_costs
849,Offplan,YES,865000.0,NO,,NO,NO,NO,NO,NO,NO,NO,NO,NO,NO,annual_rent|verified_service_charge|net_rental_income|acquisition_costs|broker_purchase_cost|holding_period|exit_value|selling_costs
6171,Offplan,YES,2400000.0,NO,,NO,NO,NO,NO,NO,NO,NO,NO,NO,NO,annual_rent|verified_service_charge|net_rental_income|acquisition_costs|broker_purchase_cost|holding_period|exit_value|selling_costs
3414,Offplan,YES,1776000.0,NO,,NO,NO,NO,NO,NO,NO,NO,NO,NO,NO,annual_rent|verified_service_charge|net_rental_income|acquisition_costs|broker_purchase_cost|holding_period|exit_value|selling_costs
4805,Offplan,YES,1200000.0,NO,,NO,NO,NO,NO,NO,NO,NO,NO,NO,NO,annual_rent|verified_service_charge|net_rental_income|acquisition_costs|broker_purchase_cost|holding_period|exit_value|selling_costs
2863,Offplan,YES,1000000.0,NO,,NO,NO,NO,NO,NO,NO,NO,NO,NO,NO,annual_rent|verified_service_charge|net_rental_income|acquisition_costs|broker_purchase_cost|holding_period|exit_value|selling_costs
7324,Offplan,YES,3800000.0,NO,,NO,NO,NO,NO,NO,NO,NO,NO,NO,NO,annual_rent|verified_service_charge|net_rental_income|acquisition_costs|broker_purchase_cost|holding_period|exit_value|selling_costs
2552,Offplan,YES,5465888.0,NO,,NO,NO,NO,NO,NO,NO,NO,NO,NO,NO,annual_rent|verified_service_charge|net_rental_income|acquisition_costs|broker_purchase_cost|holding_period|exit_value|selling_costs
4499,Offplan,YES,1800000.0,NO,,NO,NO,NO,NO,NO,NO,NO,NO,NO,NO,annual_rent|verified_service_charge|net_rental_income|acquisition_costs|broker_purchase_cost|holding_period|exit_value|selling_costs
5137,Offplan,YES,1531910.0,NO,,NO,NO,NO,NO,NO,NO,NO,NO,NO,NO,annual_rent|verified_service_charge|net_rental_income|acquisition_costs|broker_purchase_cost|holding_period|exit_value|selling_costs
6970,Offplan,YES,1000000.0,NO,,NO,NO,NO,NO,NO,NO,NO,NO,NO,NO,annual_rent|verified_service_charge|net_rental_income|acquisition_costs|broker_purchase_cost|holding_period|exit_value|selling_costs
6027,Offplan,YES,1130000.0,NO,,NO,NO,NO,NO,NO,NO,NO,NO,NO,NO,annual_rent|verified_service_charge|net_rental_income|acquisition_costs|broker_purchase_cost|holding_period|exit_value|selling_costs
8361,Offplan,YES,2100000.0,NO,,NO,NO,NO,NO,NO,NO,NO,NO,NO,NO,annual_rent|verified_service_charge|net_rental_income|acquisition_costs|broker_purchase_cost|holding_period|exit_value|selling_costs
4607,Offplan,YES,1030100.0,NO,,NO,NO,NO,NO,NO,NO,NO,NO,NO,NO,annual_rent|verified_service_charge|net_rental_income|acquisition_costs|broker_purchase_cost|holding_period|exit_value|selling_costs
7076,Offplan,YES,1200000.0,NO,,NO,NO,NO,NO,NO,NO,NO,NO,NO,NO,annual_rent|verified_service_charge|net_rental_income|acquisition_costs|broker_purchase_cost|holding_period|exit_value|selling_costs
6298,Ready,YES,749000.0,YES,65280.0,NO,NO,NO,NO,NO,NO,NO,NO,NO,NO,verified_service_charge|net_rental_income|acquisition_costs|broker_purchase_cost|holding_period|exit_value|selling_costs
3118,Offplan,YES,1300000.0,NO,,NO,NO,NO,NO,NO,NO,NO,NO,NO,NO,annual_rent|verified_service_charge|net_rental_income|acquisition_costs|broker_purchase_cost|holding_period|exit_value|selling_costs
6115,Offplan,YES,1300000.0,NO,,NO,NO,NO,NO,NO,NO,NO,NO,NO,NO,annual_rent|verified_service_charge|net_rental_income|acquisition_costs|broker_purchase_cost|holding_period|exit_value|selling_costs
4238,Offplan,YES,715000.0,NO,,NO,NO,NO,NO,NO,NO,NO,NO,NO,NO,annual_rent|verified_service_charge|net_rental_income|acquisition_costs|broker_purchase_cost|holding_period|exit_value|selling_costs
5310,Offplan,YES,15217200.0,NO,,NO,NO,NO,NO,NO,NO,NO,NO,NO,NO,annual_rent|verified_service_charge|net_rental_income|acquisition_costs|broker_purchase_cost|holding_period|exit_value|selling_costs
2097,Offplan,YES,1527400.0,NO,,NO,NO,NO,NO,NO,NO,NO,NO,NO,NO,annual_rent|verified_service_charge|net_rental_income|acquisition_costs|broker_purchase_cost|holding_period|exit_value|selling_costs
2766,Ready,YES,1100000.0,YES,100800.0,NO,NO,NO,NO,NO,NO,NO,NO,NO,NO,verified_service_charge|net_rental_income|acquisition_costs|broker_purchase_cost|holding_period|exit_value|selling_costs
5270,Offplan,YES,1820740.0,NO,,NO,NO,NO,NO,NO,NO,NO,NO,NO,NO,annual_rent|verified_service_charge|net_rental_income|acquisition_costs|broker_purchase_cost|holding_period|exit_value|selling_costs
3976,Offplan,YES,1243330.0,NO,,NO,NO,NO,NO,NO,NO,NO,NO,NO,NO,annual_rent|verified_service_charge|net_rental_income|acquisition_costs|broker_purchase_cost|holding_period|exit_value|selling_costs
6516,Offplan,YES,6455000.0,NO,,NO,NO,NO,NO,NO,NO,NO,NO,NO,NO,annual_rent|verified_service_charge|net_rental_income|acquisition_costs|broker_purchase_cost|holding_period|exit_value|selling_costs
1699,Offplan,YES,615000.0,NO,,NO,NO,NO,NO,NO,NO,NO,NO,NO,NO,annual_rent|verified_service_charge|net_rental_income|acquisition_costs|broker_purchase_cost|holding_period|exit_value|selling_costs
7655,Offplan,YES,1546000.0,NO,,NO,NO,NO,NO,NO,NO,NO,NO,NO,NO,annual_rent|verified_service_charge|net_rental_income|acquisition_costs|broker_purchase_cost|holding_period|exit_value|selling_costs
2735,Offplan,YES,2099000.0,NO,,NO,NO,NO,NO,NO,NO,NO,NO,NO,NO,annual_rent|verified_service_charge|net_rental_income|acquisition_costs|broker_purchase_cost|holding_period|exit_value|selling_costs
5012,Offplan,YES,3635000.0,NO,,NO,NO,NO,NO,NO,NO,NO,NO,NO,NO,annual_rent|verified_service_charge|net_rental_income|acquisition_costs|broker_purchase_cost|holding_period|exit_value|selling_costs
6422,Offplan,YES,1170000.0,NO,,NO,NO,NO,NO,NO,NO,NO,NO,NO,NO,annual_rent|verified_service_charge|net_rental_income|acquisition_costs|broker_purchase_cost|holding_period|exit_value|selling_costs
1170,Offplan,YES,13937900.0,NO,,NO,NO,NO,NO,NO,NO,NO,NO,NO,NO,annual_rent|verified_service_charge|net_rental_income|acquisition_costs|broker_purchase_cost|holding_period|exit_value|selling_costs
3364,Offplan,YES,1178000.0,NO,,NO,NO,NO,NO,NO,NO,NO,NO,NO,NO,annual_rent|verified_service_charge|net_rental_income|acquisition_costs|broker_purchase_cost|holding_period|exit_value|selling_costs
4909,Offplan,YES,1178000.0,NO,,NO,NO,NO,NO,NO,NO,NO,NO,NO,NO,annual_rent|verified_service_charge|net_rental_income|acquisition_costs|broker_purchase_cost|holding_period|exit_value|selling_costs
7787,Offplan,YES,1911770.0,NO,,NO,NO,NO,NO,NO,NO,NO,NO,NO,NO,annual_rent|verified_service_charge|net_rental_income|acquisition_costs|broker_purchase_cost|holding_period|exit_value|selling_costs
2927,Offplan,YES,1024780.0,NO,,NO,NO,NO,NO,NO,NO,NO,NO,NO,NO,annual_rent|verified_service_charge|net_rental_income|acquisition_costs|broker_purchase_cost|holding_period|exit_value|selling_costs
2678,Offplan,YES,1389000.0,NO,,NO,NO,NO,NO,NO,NO,NO,NO,NO,NO,annual_rent|verified_service_charge|net_rental_income|acquisition_costs|broker_purchase_cost|holding_period|exit_value|selling_costs
2358,Offplan,YES,2800000.0,NO,,NO,NO,NO,NO,NO,NO,NO,NO,NO,NO,annual_rent|verified_service_charge|net_rental_income|acquisition_costs|broker_purchase_cost|holding_period|exit_value|selling_costs
8177,Offplan,YES,866000.0,NO,,NO,NO,NO,NO,NO,NO,NO,NO,NO,NO,annual_rent|verified_service_charge|net_rental_income|acquisition_costs|broker_purchase_cost|holding_period|exit_value|selling_costs
4330,Offplan,YES,1833000.0,NO,,NO,NO,NO,NO,NO,NO,NO,NO,NO,NO,annual_rent|verified_service_charge|net_rental_income|acquisition_costs|broker_purchase_cost|holding_period|exit_value|selling_costs
829,Offplan,YES,2710000.0,NO,,NO,NO,NO,NO,NO,NO,NO,NO,NO,NO,annual_rent|verified_service_charge|net_rental_income|acquisition_costs|broker_purchase_cost|holding_period|exit_value|selling_costs
2598,Offplan,YES,3500000.0,NO,,NO,NO,NO,NO,NO,NO,NO,NO,NO,NO,annual_rent|verified_service_charge|net_rental_income|acquisition_costs|broker_purchase_cost|holding_period|exit_value|selling_costs
3134,Offplan,YES,581286.0,NO,,NO,NO,NO,NO,NO,NO,NO,NO,NO,NO,annual_rent|verified_service_charge|net_rental_income|acquisition_costs|broker_purchase_cost|holding_period|exit_value|selling_costs
7928,Offplan,YES,1390000.0,NO,,NO,NO,NO,NO,NO,NO,NO,NO,NO,NO,annual_rent|verified_service_charge|net_rental_income|acquisition_costs|broker_purchase_cost|holding_period|exit_value|selling_costs
350,Offplan,YES,1400000.0,NO,,NO,NO,NO,NO,NO,NO,NO,NO,NO,NO,annual_rent|verified_service_charge|net_rental_income|acquisition_costs|broker_purchase_cost|holding_period|exit_value|selling_costs
3560,Offplan,YES,2443780.0,NO,,NO,NO,NO,NO,NO,NO,NO,NO,NO,NO,annual_rent|verified_service_charge|net_rental_income|acquisition_costs|broker_purchase_cost|holding_period|exit_value|selling_costs
8145,Offplan,YES,1900000.0,NO,,NO,NO,NO,NO,NO,NO,NO,NO,NO,NO,annual_rent|verified_service_charge|net_rental_income|acquisition_costs|broker_purchase_cost|holding_period|exit_value|selling_costs
4883,Offplan,YES,2770000.0,NO,,NO,NO,NO,NO,NO,NO,NO,NO,NO,NO,annual_rent|verified_service_charge|net_rental_income|acquisition_costs|broker_purchase_cost|holding_period|exit_value|selling_costs
5352,Offplan,YES,31000000.0,NO,,NO,NO,NO,NO,NO,NO,NO,NO,NO,NO,annual_rent|verified_service_charge|net_rental_income|acquisition_costs|broker_purchase_cost|holding_period|exit_value|selling_costs
6632,Ready,YES,1850000.0,YES,138240.0,NO,NO,NO,NO,NO,NO,NO,NO,NO,NO,verified_service_charge|net_rental_income|acquisition_costs|broker_purchase_cost|holding_period|exit_value|selling_costs
6162,Offplan,YES,542000.0,NO,,NO,NO,NO,NO,NO,NO,NO,NO,NO,NO,annual_rent|verified_service_charge|net_rental_income|acquisition_costs|broker_purchase_cost|holding_period|exit_value|selling_costs
4031,Offplan,YES,1000000.0,NO,,NO,NO,NO,NO,NO,NO,NO,NO,NO,NO,annual_rent|verified_service_charge|net_rental_income|acquisition_costs|broker_purchase_cost|holding_period|exit_value|selling_costs
507,Ready,YES,1200000.0,YES,86400.0,NO,NO,NO,NO,NO,NO,NO,NO,NO,NO,verified_service_charge|net_rental_income|acquisition_costs|broker_purchase_cost|holding_period|exit_value|selling_costs
6011,Offplan,YES,895000.0,NO,,NO,NO,NO,NO,NO,NO,NO,NO,NO,NO,annual_rent|verified_service_charge|net_rental_income|acquisition_costs|broker_purchase_cost|holding_period|exit_value|selling_costs
366,Offplan,YES,2800000.0,NO,,NO,NO,NO,NO,NO,NO,NO,NO,NO,NO,annual_rent|verified_service_charge|net_rental_income|acquisition_costs|broker_purchase_cost|holding_period|exit_value|selling_costs
7069,Offplan,YES,640000.0,NO,,NO,NO,NO,NO,NO,NO,NO,NO,NO,NO,annual_rent|verified_service_charge|net_rental_income|acquisition_costs|broker_purchase_cost|holding_period|exit_value|selling_costs
5917,Offplan,YES,4944000.0,NO,,NO,NO,NO,NO,NO,NO,NO,NO,NO,NO,annual_rent|verified_service_charge|net_rental_income|acquisition_costs|broker_purchase_cost|holding_period|exit_value|selling_costs
3948,Offplan,YES,1244000.0,NO,,NO,NO,NO,NO,NO,NO,NO,NO,NO,NO,annual_rent|verified_service_charge|net_rental_income|acquisition_costs|broker_purchase_cost|holding_period|exit_value|selling_costs
7890,Offplan,YES,3097875.0,NO,,NO,NO,NO,NO,NO,NO,NO,NO,NO,NO,annual_rent|verified_service_charge|net_rental_income|acquisition_costs|broker_purchase_cost|holding_period|exit_value|selling_costs
628,Offplan,YES,3477580.0,NO,,NO,NO,NO,NO,NO,NO,NO,NO,NO,NO,annual_rent|verified_service_charge|net_rental_income|acquisition_costs|broker_purchase_cost|holding_period|exit_value|selling_costs
2513,Offplan,YES,719777.0,NO,,NO,NO,NO,NO,NO,NO,NO,NO,NO,NO,annual_rent|verified_service_charge|net_rental_income|acquisition_costs|broker_purchase_cost|holding_period|exit_value|selling_costs
5861,Offplan,YES,2980000.0,NO,,NO,NO,NO,NO,NO,NO,NO,NO,NO,NO,annual_rent|verified_service_charge|net_rental_income|acquisition_costs|broker_purchase_cost|holding_period|exit_value|selling_costs
5685,Offplan,YES,1100000.0,NO,,NO,NO,NO,NO,NO,NO,NO,NO,NO,NO,annual_rent|verified_service_charge|net_rental_income|acquisition_costs|broker_purchase_cost|holding_period|exit_value|selling_costs
1766,Offplan,YES,1111080.0,NO,,NO,NO,NO,NO,NO,NO,NO,NO,NO,NO,annual_rent|verified_service_charge|net_rental_income|acquisition_costs|broker_purchase_cost|holding_period|exit_value|selling_costs
6908,Offplan,YES,1300000.0,NO,,NO,NO,NO,NO,NO,NO,NO,NO,NO,NO,annual_rent|verified_service_charge|net_rental_income|acquisition_costs|broker_purchase_cost|holding_period|exit_value|selling_costs
7546,Offplan,YES,1647640.0,NO,,NO,NO,NO,NO,NO,NO,NO,NO,NO,NO,annual_rent|verified_service_charge|net_rental_income|acquisition_costs|broker_purchase_cost|holding_period|exit_value|selling_costs
673,Ready,YES,529000.0,YES,40320.0,NO,NO,NO,NO,NO,NO,NO,NO,NO,NO,verified_service_charge|net_rental_income|acquisition_costs|broker_purchase_cost|holding_period|exit_value|selling_costs
3777,Offplan,YES,2200000.0,NO,,NO,NO,NO,NO,NO,NO,NO,NO,NO,NO,annual_rent|verified_service_charge|net_rental_income|acquisition_costs|broker_purchase_cost|holding_period|exit_value|selling_costs
1597,Ready,YES,797000.0,YES,49920.0,NO,NO,NO,NO,NO,NO,NO,NO,NO,NO,verified_service_charge|net_rental_income|acquisition_costs|broker_purchase_cost|holding_period|exit_value|selling_costs
1601,Offplan,YES,1458000.0,NO,,NO,NO,NO,NO,NO,NO,NO,NO,NO,NO,annual_rent|verified_service_charge|net_rental_income|acquisition_costs|broker_purchase_cost|holding_period|exit_value|selling_costs
4071,Offplan,YES,1261150.0,NO,,NO,NO,NO,NO,NO,NO,NO,NO,NO,NO,annual_rent|verified_service_charge|net_rental_income|acquisition_costs|broker_purchase_cost|holding_period|exit_value|selling_costs
1446,Offplan,YES,2650000.0,NO,,NO,NO,NO,NO,NO,NO,NO,NO,NO,NO,annual_rent|verified_service_charge|net_rental_income|acquisition_costs|broker_purchase_cost|holding_period|exit_value|selling_costs
4425,Offplan,YES,602000.0,NO,,NO,NO,NO,NO,NO,NO,NO,NO,NO,NO,annual_rent|verified_service_charge|net_rental_income|acquisition_costs|broker_purchase_cost|holding_period|exit_value|selling_costs
3646,Offplan,YES,1200000.0,NO,,NO,NO,NO,NO,NO,NO,NO,NO,NO,NO,annual_rent|verified_service_charge|net_rental_income|acquisition_costs|broker_purchase_cost|holding_period|exit_value|selling_costs
2134,Offplan,YES,1889999.0,NO,,NO,NO,NO,NO,NO,NO,NO,NO,NO,NO,annual_rent|verified_service_charge|net_rental_income|acquisition_costs|broker_purchase_cost|holding_period|exit_value|selling_costs
727,Offplan,YES,760000.0,NO,,NO,NO,NO,NO,NO,NO,NO,NO,NO,NO,annual_rent|verified_service_charge|net_rental_income|acquisition_costs|broker_purchase_cost|holding_period|exit_value|selling_costs
6134,Offplan,YES,4000000.0,NO,,NO,NO,NO,NO,NO,NO,NO,NO,NO,NO,annual_rent|verified_service_charge|net_rental_income|acquisition_costs|broker_purchase_cost|holding_period|exit_value|selling_costs
6563,Offplan,YES,1390000.0,NO,,NO,NO,NO,NO,NO,NO,NO,NO,NO,NO,annual_rent|verified_service_charge|net_rental_income|acquisition_costs|broker_purchase_cost|holding_period|exit_value|selling_costs
3464,Offplan,YES,2300000.0,NO,,NO,NO,NO,NO,NO,NO,NO,NO,NO,NO,annual_rent|verified_service_charge|net_rental_income|acquisition_costs|broker_purchase_cost|holding_period|exit_value|selling_costs
1693,Offplan,YES,1752390.0,NO,,NO,NO,NO,NO,NO,NO,NO,NO,NO,NO,annual_rent|verified_service_charge|net_rental_income|acquisition_costs|broker_purchase_cost|holding_period|exit_value|selling_costs
2318,Offplan,YES,1440000.0,NO,,NO,NO,NO,NO,NO,NO,NO,NO,NO,NO,annual_rent|verified_service_charge|net_rental_income|acquisition_costs|broker_purchase_cost|holding_period|exit_value|selling_costs
4052,Offplan,YES,14000000.0,NO,,NO,NO,NO,NO,NO,NO,NO,NO,NO,NO,annual_rent|verified_service_charge|net_rental_income|acquisition_costs|broker_purchase_cost|holding_period|exit_value|selling_costs
3413,Offplan,YES,1512080.0,NO,,NO,NO,NO,NO,NO,NO,NO,NO,NO,NO,annual_rent|verified_service_charge|net_rental_income|acquisition_costs|broker_purchase_cost|holding_period|exit_value|selling_costs
5175,Offplan,YES,1741500.0,NO,,NO,NO,NO,NO,NO,NO,NO,NO,NO,NO,annual_rent|verified_service_charge|net_rental_income|acquisition_costs|broker_purchase_cost|holding_period|exit_value|selling_costs
4557,Offplan,YES,950000.0,NO,,NO,NO,NO,NO,NO,NO,NO,NO,NO,NO,annual_rent|verified_service_charge|net_rental_income|acquisition_costs|broker_purchase_cost|holding_period|exit_value|selling_costs
2273,Offplan,YES,735000.0,NO,,NO,NO,NO,NO,NO,NO,NO,NO,NO,NO,annual_rent|verified_service_charge|net_rental_income|acquisition_costs|broker_purchase_cost|holding_period|exit_value|selling_costs
4521,Offplan,YES,2027370.0,NO,,NO,NO,NO,NO,NO,NO,NO,NO,NO,NO,annual_rent|verified_service_charge|net_rental_income|acquisition_costs|broker_purchase_cost|holding_period|exit_value|selling_costs
7078,Offplan,YES,1046970.0,NO,,NO,NO,NO,NO,NO,NO,NO,NO,NO,NO,annual_rent|verified_service_charge|net_rental_income|acquisition_costs|broker_purchase_cost|holding_period|exit_value|selling_costs
7348,Offplan,YES,1716860.0,NO,,NO,NO,NO,NO,NO,NO,NO,NO,NO,NO,annual_rent|verified_service_charge|net_rental_income|acquisition_costs|broker_purchase_cost|holding_period|exit_value|selling_costs
4720,Offplan,YES,5900000.0,NO,,NO,NO,NO,NO,NO,NO,NO,NO,NO,NO,annual_rent|verified_service_charge|net_rental_income|acquisition_costs|broker_purchase_cost|holding_period|exit_value|selling_costs
4543,Offplan,YES,2650000.0,NO,,NO,NO,NO,NO,NO,NO,NO,NO,NO,NO,annual_rent|verified_service_charge|net_rental_income|acquisition_costs|broker_purchase_cost|holding_period|exit_value|selling_costs
4202,Offplan,YES,610000.0,NO,,NO,NO,NO,NO,NO,NO,NO,NO,NO,NO,annual_rent|verified_service_charge|net_rental_income|acquisition_costs|broker_purchase_cost|holding_period|exit_value|selling_costs
933,Offplan,YES,2780160.0,NO,,NO,NO,NO,NO,NO,NO,NO,NO,NO,NO,annual_rent|verified_service_charge|net_rental_income|acquisition_costs|broker_purchase_cost|holding_period|exit_value|selling_costs
847,Offplan,YES,1400000.0,NO,,NO,NO,NO,NO,NO,NO,NO,NO,NO,NO,annual_rent|verified_service_charge|net_rental_income|acquisition_costs|broker_purchase_cost|holding_period|exit_value|selling_costs
4363,Offplan,YES,834700.0,NO,,NO,NO,NO,NO,NO,NO,NO,NO,NO,NO,annual_rent|verified_service_charge|net_rental_income|acquisition_costs|broker_purchase_cost|holding_period|exit_value|selling_costs
7085,Offplan,YES,1165430.0,NO,,NO,NO,NO,NO,NO,NO,NO,NO,NO,NO,annual_rent|verified_service_charge|net_rental_income|acquisition_costs|broker_purchase_cost|holding_period|exit_value|selling_costs
5071,Offplan,YES,1243750.0,NO,,NO,NO,NO,NO,NO,NO,NO,NO,NO,NO,annual_rent|verified_service_charge|net_rental_income|acquisition_costs|broker_purchase_cost|holding_period|exit_value|selling_costs
6649,Ready,YES,1288890.0,YES,91200.0,NO,NO,NO,NO,NO,NO,NO,NO,NO,NO,verified_service_charge|net_rental_income|acquisition_costs|broker_purchase_cost|holding_period|exit_value|selling_costs
4694,Ready,YES,2550000.0,YES,124800.0,NO,NO,NO,NO,NO,NO,NO,NO,NO,NO,verified_service_charge|net_rental_income|acquisition_costs|broker_purchase_cost|holding_period|exit_value|selling_costs
5342,Offplan,YES,2196840.0,NO,,NO,NO,NO,NO,NO,NO,NO,NO,NO,NO,annual_rent|verified_service_charge|net_rental_income|acquisition_costs|broker_purchase_cost|holding_period|exit_value|selling_costs
5592,Offplan,YES,1338600.0,NO,,NO,NO,NO,NO,NO,NO,NO,NO,NO,NO,annual_rent|verified_service_charge|net_rental_income|acquisition_costs|broker_purchase_cost|holding_period|exit_value|selling_costs
4204,Ready,YES,1200000.0,NO,,NO,NO,NO,NO,NO,NO,NO,NO,NO,NO,annual_rent|verified_service_charge|net_rental_income|acquisition_costs|broker_purchase_cost|holding_period|exit_value|selling_costs
7357,Offplan,YES,2100000.0,NO,,NO,NO,NO,NO,NO,NO,NO,NO,NO,NO,annual_rent|verified_service_charge|net_rental_income|acquisition_costs|broker_purchase_cost|holding_period|exit_value|selling_costs
6872,Offplan,YES,690000.0,NO,,NO,NO,NO,NO,NO,NO,NO,NO,NO,NO,annual_rent|verified_service_charge|net_rental_income|acquisition_costs|broker_purchase_cost|holding_period|exit_value|selling_costs
1067,Offplan,YES,1027000.0,NO,,NO,NO,NO,NO,NO,NO,NO,NO,NO,NO,annual_rent|verified_service_charge|net_rental_income|acquisition_costs|broker_purchase_cost|holding_period|exit_value|selling_costs
378,Offplan,YES,2170000.0,NO,,NO,NO,NO,NO,NO,NO,NO,NO,NO,NO,annual_rent|verified_service_charge|net_rental_income|acquisition_costs|broker_purchase_cost|holding_period|exit_value|selling_costs
2329,Offplan,YES,1720000.0,NO,,NO,NO,NO,NO,NO,NO,NO,NO,NO,NO,annual_rent|verified_service_charge|net_rental_income|acquisition_costs|broker_purchase_cost|holding_period|exit_value|selling_costs
6886,Offplan,YES,1060970.0,NO,,NO,NO,NO,NO,NO,NO,NO,NO,NO,NO,annual_rent|verified_service_charge|net_rental_income|acquisition_costs|broker_purchase_cost|holding_period|exit_value|selling_costs
7509,Offplan,YES,1904870.0,NO,,NO,NO,NO,NO,NO,NO,NO,NO,NO,NO,annual_rent|verified_service_charge|net_rental_income|acquisition_costs|broker_purchase_cost|holding_period|exit_value|selling_costs
4368,Offplan,YES,1700000.0,NO,,NO,NO,NO,NO,NO,NO,NO,NO,NO,NO,annual_rent|verified_service_charge|net_rental_income|acquisition_costs|broker_purchase_cost|holding_period|exit_value|selling_costs
1648,Offplan,YES,540000.0,NO,,NO,NO,NO,NO,NO,NO,NO,NO,NO,NO,annual_rent|verified_service_charge|net_rental_income|acquisition_costs|broker_purchase_cost|holding_period|exit_value|selling_costs
8320,Ready,YES,2200000.0,YES,81600.0,NO,NO,NO,NO,NO,NO,NO,NO,NO,NO,verified_service_charge|net_rental_income|acquisition_costs|broker_purchase_cost|holding_period|exit_value|selling_costs
8049,Offplan,YES,970099.0,NO,,NO,NO,NO,NO,NO,NO,NO,NO,NO,NO,annual_rent|verified_service_charge|net_rental_income|acquisition_costs|broker_purchase_cost|holding_period|exit_value|selling_costs
8296,Offplan,YES,680000.0,NO,,NO,NO,NO,NO,NO,NO,NO,NO,NO,NO,annual_rent|verified_service_charge|net_rental_income|acquisition_costs|broker_purchase_cost|holding_period|exit_value|selling_costs
2585,Offplan,YES,1050000.0,NO,,NO,NO,NO,NO,NO,NO,NO,NO,NO,NO,annual_rent|verified_service_charge|net_rental_income|acquisition_costs|broker_purchase_cost|holding_period|exit_value|selling_costs
1583,Offplan,YES,850000.0,NO,,NO,NO,NO,NO,NO,NO,NO,NO,NO,NO,annual_rent|verified_service_charge|net_rental_income|acquisition_costs|broker_purchase_cost|holding_period|exit_value|selling_costs
7740,Offplan,YES,1629850.0,NO,,NO,NO,NO,NO,NO,NO,NO,NO,NO,NO,annual_rent|verified_service_charge|net_rental_income|acquisition_costs|broker_purchase_cost|holding_period|exit_value|selling_costs
1987,Offplan,YES,620000.0,NO,,NO,NO,NO,NO,NO,NO,NO,NO,NO,NO,annual_rent|verified_service_charge|net_rental_income|acquisition_costs|broker_purchase_cost|holding_period|exit_value|selling_costs
6692,Offplan,YES,1910888.0,NO,,NO,NO,NO,NO,NO,NO,NO,NO,NO,NO,annual_rent|verified_service_charge|net_rental_income|acquisition_costs|broker_purchase_cost|holding_period|exit_value|selling_costs
2607,Offplan,YES,680000.0,NO,,NO,NO,NO,NO,NO,NO,NO,NO,NO,NO,annual_rent|verified_service_charge|net_rental_income|acquisition_costs|broker_purchase_cost|holding_period|exit_value|selling_costs
4771,Offplan,YES,894138.0,NO,,NO,NO,NO,NO,NO,NO,NO,NO,NO,NO,annual_rent|verified_service_charge|net_rental_income|acquisition_costs|broker_purchase_cost|holding_period|exit_value|selling_costs
5092,Ready,YES,613773.0,YES,34560.0,NO,NO,NO,NO,NO,NO,NO,NO,NO,NO,verified_service_charge|net_rental_income|acquisition_costs|broker_purchase_cost|holding_period|exit_value|selling_costs
7772,Offplan,YES,2376840.0,NO,,NO,NO,NO,NO,NO,NO,NO,NO,NO,NO,annual_rent|verified_service_charge|net_rental_income|acquisition_costs|broker_purchase_cost|holding_period|exit_value|selling_costs
8307,Offplan,YES,619000.0,NO,,NO,NO,NO,NO,NO,NO,NO,NO,NO,NO,annual_rent|verified_service_charge|net_rental_income|acquisition_costs|broker_purchase_cost|holding_period|exit_value|selling_costs
4124,Offplan,YES,1900000.0,NO,,NO,NO,NO,NO,NO,NO,NO,NO,NO,NO,annual_rent|verified_service_charge|net_rental_income|acquisition_costs|broker_purchase_cost|holding_period|exit_value|selling_costs
165,Offplan,YES,1600000.0,NO,,NO,NO,NO,NO,NO,NO,NO,NO,NO,NO,annual_rent|verified_service_charge|net_rental_income|acquisition_costs|broker_purchase_cost|holding_period|exit_value|selling_costs
1919,Offplan,YES,1750000.0,NO,,NO,NO,NO,NO,NO,NO,NO,NO,NO,NO,annual_rent|verified_service_charge|net_rental_income|acquisition_costs|broker_purchase_cost|holding_period|exit_value|selling_costs
7608,Ready,YES,1070000.0,YES,62400.0,NO,NO,NO,NO,NO,NO,NO,NO,NO,NO,verified_service_charge|net_rental_income|acquisition_costs|broker_purchase_cost|holding_period|exit_value|selling_costs
4939,Offplan,YES,623000.0,NO,,NO,NO,NO,NO,NO,NO,NO,NO,NO,NO,annual_rent|verified_service_charge|net_rental_income|acquisition_costs|broker_purchase_cost|holding_period|exit_value|selling_costs
8158,Offplan,YES,639000.0,NO,,NO,NO,NO,NO,NO,NO,NO,NO,NO,NO,annual_rent|verified_service_charge|net_rental_income|acquisition_costs|broker_purchase_cost|holding_period|exit_value|selling_costs
3554,Offplan,YES,1042200.0,NO,,NO,NO,NO,NO,NO,NO,NO,NO,NO,NO,annual_rent|verified_service_charge|net_rental_income|acquisition_costs|broker_purchase_cost|holding_period|exit_value|selling_costs
2751,Offplan,YES,2500000.0,NO,,NO,NO,NO,NO,NO,NO,NO,NO,NO,NO,annual_rent|verified_service_charge|net_rental_income|acquisition_costs|broker_purchase_cost|holding_period|exit_value|selling_costs
622,Offplan,YES,3957000.0,NO,,NO,NO,NO,NO,NO,NO,NO,NO,NO,NO,annual_rent|verified_service_charge|net_rental_income|acquisition_costs|broker_purchase_cost|holding_period|exit_value|selling_costs
7867,Offplan,YES,2300000.0,NO,,NO,NO,NO,NO,NO,NO,NO,NO,NO,NO,annual_rent|verified_service_charge|net_rental_income|acquisition_costs|broker_purchase_cost|holding_period|exit_value|selling_costs
1680,Offplan,YES,1010000.0,NO,,NO,NO,NO,NO,NO,NO,NO,NO,NO,NO,annual_rent|verified_service_charge|net_rental_income|acquisition_costs|broker_purchase_cost|holding_period|exit_value|selling_costs
574,Offplan,YES,1100000.0,NO,,NO,NO,NO,NO,NO,NO,NO,NO,NO,NO,annual_rent|verified_service_charge|net_rental_income|acquisition_costs|broker_purchase_cost|holding_period|exit_value|selling_costs
6987,Offplan,YES,997000.0,NO,,NO,NO,NO,NO,NO,NO,NO,NO,NO,NO,annual_rent|verified_service_charge|net_rental_income|acquisition_costs|broker_purchase_cost|holding_period|exit_value|selling_costs
692,Offplan,YES,7100000.0,NO,,NO,NO,NO,NO,NO,NO,NO,NO,NO,NO,annual_rent|verified_service_charge|net_rental_income|acquisition_costs|broker_purchase_cost|holding_period|exit_value|selling_costs
3479,Offplan,YES,989000.0,NO,,NO,NO,NO,NO,NO,NO,NO,NO,NO,NO,annual_rent|verified_service_charge|net_rental_income|acquisition_costs|broker_purchase_cost|holding_period|exit_value|selling_costs
5400,Offplan,YES,2700000.0,NO,,NO,NO,NO,NO,NO,NO,NO,NO,NO,NO,annual_rent|verified_service_charge|net_rental_income|acquisition_costs|broker_purchase_cost|holding_period|exit_value|selling_costs
4670,Offplan,YES,594000.0,NO,,NO,NO,NO,NO,NO,NO,NO,NO,NO,NO,annual_rent|verified_service_charge|net_rental_income|acquisition_costs|broker_purchase_cost|holding_period|exit_value|selling_costs
1978,Offplan,YES,14200000.0,NO,,NO,NO,NO,NO,NO,NO,NO,NO,NO,NO,annual_rent|verified_service_charge|net_rental_income|acquisition_costs|broker_purchase_cost|holding_period|exit_value|selling_costs
7778,Offplan,YES,1139790.0,NO,,NO,NO,NO,NO,NO,NO,NO,NO,NO,NO,annual_rent|verified_service_charge|net_rental_income|acquisition_costs|broker_purchase_cost|holding_period|exit_value|selling_costs
5164,Offplan,YES,1611000.0,NO,,NO,NO,NO,NO,NO,NO,NO,NO,NO,NO,annual_rent|verified_service_charge|net_rental_income|acquisition_costs|broker_purchase_cost|holding_period|exit_value|selling_costs
3407,Offplan,YES,1590000.0,YES,72000.0,NO,NO,NO,NO,NO,NO,NO,NO,NO,NO,verified_service_charge|net_rental_income|acquisition_costs|broker_purchase_cost|holding_period|exit_value|selling_costs
3375,Ready,YES,1900000.0,YES,139200.0,NO,NO,NO,NO,NO,NO,NO,NO,NO,NO,verified_service_charge|net_rental_income|acquisition_costs|broker_purchase_cost|holding_period|exit_value|selling_costs
3842,Offplan,YES,1150980.0,NO,,NO,NO,NO,NO,NO,NO,NO,NO,NO,NO,annual_rent|verified_service_charge|net_rental_income|acquisition_costs|broker_purchase_cost|holding_period|exit_value|selling_costs
7390,Offplan,YES,3925888.0,NO,,NO,NO,NO,NO,NO,NO,NO,NO,NO,NO,annual_rent|verified_service_charge|net_rental_income|acquisition_costs|broker_purchase_cost|holding_period|exit_value|selling_costs
6440,Offplan,YES,2000000.0,NO,,NO,NO,NO,NO,NO,NO,NO,NO,NO,NO,annual_rent|verified_service_charge|net_rental_income|acquisition_costs|broker_purchase_cost|holding_period|exit_value|selling_costs
6350,Ready,YES,1500000.0,YES,134400.0,NO,NO,NO,NO,NO,NO,NO,NO,NO,NO,verified_service_charge|net_rental_income|acquisition_costs|broker_purchase_cost|holding_period|exit_value|selling_costs
2242,Offplan,YES,2629000.0,NO,,NO,NO,NO,NO,NO,NO,NO,NO,NO,NO,annual_rent|verified_service_charge|net_rental_income|acquisition_costs|broker_purchase_cost|holding_period|exit_value|selling_costs
6518,Offplan,YES,1167460.0,NO,,NO,NO,NO,NO,NO,NO,NO,NO,NO,NO,annual_rent|verified_service_charge|net_rental_income|acquisition_costs|broker_purchase_cost|holding_period|exit_value|selling_costs
2276,Ready,YES,2200000.0,YES,110400.0,NO,NO,NO,NO,NO,NO,NO,NO,NO,NO,verified_service_charge|net_rental_income|acquisition_costs|broker_purchase_cost|holding_period|exit_value|selling_costs
4376,Offplan,YES,1100000.0,NO,,NO,NO,NO,NO,NO,NO,NO,NO,NO,NO,annual_rent|verified_service_charge|net_rental_income|acquisition_costs|broker_purchase_cost|holding_period|exit_value|selling_costs
1351,Offplan,YES,3680000.0,NO,,NO,NO,NO,NO,NO,NO,NO,NO,NO,NO,annual_rent|verified_service_charge|net_rental_income|acquisition_costs|broker_purchase_cost|holding_period|exit_value|selling_costs
3838,Offplan,YES,833186.0,NO,,NO,NO,NO,NO,NO,NO,NO,NO,NO,NO,annual_rent|verified_service_charge|net_rental_income|acquisition_costs|broker_purchase_cost|holding_period|exit_value|selling_costs
1445,Offplan,YES,1900000.0,NO,,NO,NO,NO,NO,NO,NO,NO,NO,NO,NO,annual_rent|verified_service_charge|net_rental_income|acquisition_costs|broker_purchase_cost|holding_period|exit_value|selling_costs
4280,Offplan,YES,650000.0,NO,,NO,NO,NO,NO,NO,NO,NO,NO,NO,NO,annual_rent|verified_service_charge|net_rental_income|acquisition_costs|broker_purchase_cost|holding_period|exit_value|selling_costs
7311,Offplan,YES,2549800.0,NO,,NO,NO,NO,NO,NO,NO,NO,NO,NO,NO,annual_rent|verified_service_charge|net_rental_income|acquisition_costs|broker_purchase_cost|holding_period|exit_value|selling_costs
944,Offplan,YES,1784330.0,NO,,NO,NO,NO,NO,NO,NO,NO,NO,NO,NO,annual_rent|verified_service_charge|net_rental_income|acquisition_costs|broker_purchase_cost|holding_period|exit_value|selling_costs
3130,Offplan,YES,946777.0,NO,,NO,NO,NO,NO,NO,NO,NO,NO,NO,NO,annual_rent|verified_service_charge|net_rental_income|acquisition_costs|broker_purchase_cost|holding_period|exit_value|selling_costs
2115,Offplan,YES,1725000.0,NO,,NO,NO,NO,NO,NO,NO,NO,NO,NO,NO,annual_rent|verified_service_charge|net_rental_income|acquisition_costs|broker_purchase_cost|holding_period|exit_value|selling_costs
4746,Offplan,YES,3750000.0,NO,,NO,NO,NO,NO,NO,NO,NO,NO,NO,NO,annual_rent|verified_service_charge|net_rental_income|acquisition_costs|broker_purchase_cost|holding_period|exit_value|selling_costs
4448,Offplan,YES,2325890.0,NO,,NO,NO,NO,NO,NO,NO,NO,NO,NO,NO,annual_rent|verified_service_charge|net_rental_income|acquisition_costs|broker_purchase_cost|holding_period|exit_value|selling_costs
2152,Offplan,YES,1607950.0,NO,,NO,NO,NO,NO,NO,NO,NO,NO,NO,NO,annual_rent|verified_service_charge|net_rental_income|acquisition_costs|broker_purchase_cost|holding_period|exit_value|selling_costs
8241,Offplan,YES,681180.0,NO,,NO,NO,NO,NO,NO,NO,NO,NO,NO,NO,annual_rent|verified_service_charge|net_rental_income|acquisition_costs|broker_purchase_cost|holding_period|exit_value|selling_costs
5054,Offplan,YES,1610630.0,NO,,NO,NO,NO,NO,NO,NO,NO,NO,NO,NO,annual_rent|verified_service_charge|net_rental_income|acquisition_costs|broker_purchase_cost|holding_period|exit_value|selling_costs
6378,Offplan,YES,1057999.0,NO,,NO,NO,NO,NO,NO,NO,NO,NO,NO,NO,annual_rent|verified_service_charge|net_rental_income|acquisition_costs|broker_purchase_cost|holding_period|exit_value|selling_costs
3772,Offplan,YES,2300000.0,NO,,NO,NO,NO,NO,NO,NO,NO,NO,NO,NO,annual_rent|verified_service_charge|net_rental_income|acquisition_costs|broker_purchase_cost|holding_period|exit_value|selling_costs
4964,Offplan,YES,1349000.0,NO,,NO,NO,NO,NO,NO,NO,NO,NO,NO,NO,annual_rent|verified_service_charge|net_rental_income|acquisition_costs|broker_purchase_cost|holding_period|exit_value|selling_costs
4281,Offplan,YES,1402999.0,NO,,NO,NO,NO,NO,NO,NO,NO,NO,NO,NO,annual_rent|verified_service_charge|net_rental_income|acquisition_costs|broker_purchase_cost|holding_period|exit_value|selling_costs
2943,Offplan,YES,1039000.0,NO,,NO,NO,NO,NO,NO,NO,NO,NO,NO,NO,annual_rent|verified_service_charge|net_rental_income|acquisition_costs|broker_purchase_cost|holding_period|exit_value|selling_costs
5249,Offplan,YES,1033999.0,NO,,NO,NO,NO,NO,NO,NO,NO,NO,NO,NO,annual_rent|verified_service_charge|net_rental_income|acquisition_costs|broker_purchase_cost|holding_period|exit_value|selling_costs
7868,Offplan,YES,2700000.0,NO,,NO,NO,NO,NO,NO,NO,NO,NO,NO,NO,annual_rent|verified_service_charge|net_rental_income|acquisition_costs|broker_purchase_cost|holding_period|exit_value|selling_costs
7678,Offplan,YES,727328.0,NO,,NO,NO,NO,NO,NO,NO,NO,NO,NO,NO,annual_rent|verified_service_charge|net_rental_income|acquisition_costs|broker_purchase_cost|holding_period|exit_value|selling_costs
7225,Offplan,YES,883000.0,NO,,NO,NO,NO,NO,NO,NO,NO,NO,NO,NO,annual_rent|verified_service_charge|net_rental_income|acquisition_costs|broker_purchase_cost|holding_period|exit_value|selling_costs
1284,Offplan,YES,696000.0,NO,,NO,NO,NO,NO,NO,NO,NO,NO,NO,NO,annual_rent|verified_service_charge|net_rental_income|acquisition_costs|broker_purchase_cost|holding_period|exit_value|selling_costs
7943,Offplan,YES,1208780.0,NO,,NO,NO,NO,NO,NO,NO,NO,NO,NO,NO,annual_rent|verified_service_charge|net_rental_income|acquisition_costs|broker_purchase_cost|holding_period|exit_value|selling_costs
7114,Offplan,YES,800000.0,NO,,NO,NO,NO,NO,NO,NO,NO,NO,NO,NO,annual_rent|verified_service_charge|net_rental_income|acquisition_costs|broker_purchase_cost|holding_period|exit_value|selling_costs
6209,Ready,YES,1000000.0,YES,72000.0,NO,NO,NO,NO,NO,NO,NO,NO,NO,NO,verified_service_charge|net_rental_income|acquisition_costs|broker_purchase_cost|holding_period|exit_value|selling_costs
1743,Offplan,YES,3600000.0,NO,,NO,NO,NO,NO,NO,NO,NO,NO,NO,NO,annual_rent|verified_service_charge|net_rental_income|acquisition_costs|broker_purchase_cost|holding_period|exit_value|selling_costs
5073,Ready,YES,700000.0,YES,55680.0,NO,NO,NO,NO,NO,NO,NO,NO,NO,NO,verified_service_charge|net_rental_income|acquisition_costs|broker_purchase_cost|holding_period|exit_value|selling_costs
3981,Offplan,YES,5118000.0,NO,,NO,NO,NO,NO,NO,NO,NO,NO,NO,NO,annual_rent|verified_service_charge|net_rental_income|acquisition_costs|broker_purchase_cost|holding_period|exit_value|selling_costs
760,Offplan,YES,1024000.0,NO,,NO,NO,NO,NO,NO,NO,NO,NO,NO,NO,annual_rent|verified_service_charge|net_rental_income|acquisition_costs|broker_purchase_cost|holding_period|exit_value|selling_costs
1487,Offplan,YES,1175000.0,NO,,NO,NO,NO,NO,NO,NO,NO,NO,NO,NO,annual_rent|verified_service_charge|net_rental_income|acquisition_costs|broker_purchase_cost|holding_period|exit_value|selling_costs
8010,Offplan,YES,1598700.0,NO,,NO,NO,NO,NO,NO,NO,NO,NO,NO,NO,annual_rent|verified_service_charge|net_rental_income|acquisition_costs|broker_purchase_cost|holding_period|exit_value|selling_costs
3928,Offplan,YES,2960000.0,NO,,NO,NO,NO,NO,NO,NO,NO,NO,NO,NO,annual_rent|verified_service_charge|net_rental_income|acquisition_costs|broker_purchase_cost|holding_period|exit_value|selling_costs
3940,Offplan,YES,1873850.0,NO,,NO,NO,NO,NO,NO,NO,NO,NO,NO,NO,annual_rent|verified_service_charge|net_rental_income|acquisition_costs|broker_purchase_cost|holding_period|exit_value|selling_costs
6144,Offplan,YES,1913750.0,NO,,NO,NO,NO,NO,NO,NO,NO,NO,NO,NO,annual_rent|verified_service_charge|net_rental_income|acquisition_costs|broker_purchase_cost|holding_period|exit_value|selling_costs
2472,Offplan,YES,1916888.0,NO,,NO,NO,NO,NO,NO,NO,NO,NO,NO,NO,annual_rent|verified_service_charge|net_rental_income|acquisition_costs|broker_purchase_cost|holding_period|exit_value|selling_costs
1164,Offplan,YES,2200000.0,NO,,NO,NO,NO,NO,NO,NO,NO,NO,NO,NO,annual_rent|verified_service_charge|net_rental_income|acquisition_costs|broker_purchase_cost|holding_period|exit_value|selling_costs
6695,Ready,YES,720000.0,YES,52800.0,NO,NO,NO,NO,NO,NO,NO,NO,NO,NO,verified_service_charge|net_rental_income|acquisition_costs|broker_purchase_cost|holding_period|exit_value|selling_costs
2460,Ready,YES,1700000.0,YES,86400.0,NO,NO,NO,NO,NO,NO,NO,NO,NO,NO,verified_service_charge|net_rental_income|acquisition_costs|broker_purchase_cost|holding_period|exit_value|selling_costs
7272,Offplan,YES,4022830.0,NO,,NO,NO,NO,NO,NO,NO,NO,NO,NO,NO,annual_rent|verified_service_charge|net_rental_income|acquisition_costs|broker_purchase_cost|holding_period|exit_value|selling_costs
108,Offplan,YES,2132370.0,NO,,NO,NO,NO,NO,NO,NO,NO,NO,NO,NO,annual_rent|verified_service_charge|net_rental_income|acquisition_costs|broker_purchase_cost|holding_period|exit_value|selling_costs
4825,Offplan,YES,1308000.0,NO,,NO,NO,NO,NO,NO,NO,NO,NO,NO,NO,annual_rent|verified_service_charge|net_rental_income|acquisition_costs|broker_purchase_cost|holding_period|exit_value|selling_costs
313,Offplan,YES,1199999.0,NO,,NO,NO,NO,NO,NO,NO,NO,NO,NO,NO,annual_rent|verified_service_charge|net_rental_income|acquisition_costs|broker_purchase_cost|holding_period|exit_value|selling_costs
2489,Offplan,YES,850000.0,NO,,NO,NO,NO,NO,NO,NO,NO,NO,NO,NO,annual_rent|verified_service_charge|net_rental_income|acquisition_costs|broker_purchase_cost|holding_period|exit_value|selling_costs
2608,Offplan,YES,1575890.0,NO,,NO,NO,NO,NO,NO,NO,NO,NO,NO,NO,annual_rent|verified_service_charge|net_rental_income|acquisition_costs|broker_purchase_cost|holding_period|exit_value|selling_costs
4915,Offplan,YES,3063828.0,NO,,NO,NO,NO,NO,NO,NO,NO,NO,NO,NO,annual_rent|verified_service_charge|net_rental_income|acquisition_costs|broker_purchase_cost|holding_period|exit_value|selling_costs
5960,Offplan,YES,1140890.0,NO,,NO,NO,NO,NO,NO,NO,NO,NO,NO,NO,annual_rent|verified_service_charge|net_rental_income|acquisition_costs|broker_purchase_cost|holding_period|exit_value|selling_costs
3898,Offplan,YES,828000.0,NO,,NO,NO,NO,NO,NO,NO,NO,NO,NO,NO,annual_rent|verified_service_charge|net_rental_income|acquisition_costs|broker_purchase_cost|holding_period|exit_value|selling_costs
7033,Offplan,YES,774999.0,NO,,NO,NO,NO,NO,NO,NO,NO,NO,NO,NO,annual_rent|verified_service_charge|net_rental_income|acquisition_costs|broker_purchase_cost|holding_period|exit_value|selling_costs
3527,Offplan,YES,723935.0,NO,,NO,NO,NO,NO,NO,NO,NO,NO,NO,NO,annual_rent|verified_service_charge|net_rental_income|acquisition_costs|broker_purchase_cost|holding_period|exit_value|selling_costs
7792,Ready,YES,660000.0,YES,49920.0,NO,NO,NO,NO,NO,NO,NO,NO,NO,NO,verified_service_charge|net_rental_income|acquisition_costs|broker_purchase_cost|holding_period|exit_value|selling_costs
744,Offplan,YES,6000000.0,NO,,NO,NO,NO,NO,NO,NO,NO,NO,NO,NO,annual_rent|verified_service_charge|net_rental_income|acquisition_costs|broker_purchase_cost|holding_period|exit_value|selling_costs
6769,Offplan,YES,2937000.0,NO,,NO,NO,NO,NO,NO,NO,NO,NO,NO,NO,annual_rent|verified_service_charge|net_rental_income|acquisition_costs|broker_purchase_cost|holding_period|exit_value|selling_costs
869,Offplan,YES,1577580.0,NO,,NO,NO,NO,NO,NO,NO,NO,NO,NO,NO,annual_rent|verified_service_charge|net_rental_income|acquisition_costs|broker_purchase_cost|holding_period|exit_value|selling_costs
2410,Offplan,YES,12000000.0,NO,,NO,NO,NO,NO,NO,NO,NO,NO,NO,NO,annual_rent|verified_service_charge|net_rental_income|acquisition_costs|broker_purchase_cost|holding_period|exit_value|selling_costs
7663,Ready,YES,1922960.0,YES,86592.0,NO,NO,NO,NO,NO,NO,NO,NO,NO,NO,verified_service_charge|net_rental_income|acquisition_costs|broker_purchase_cost|holding_period|exit_value|selling_costs
5951,Offplan,YES,8000000.0,NO,,NO,NO,NO,NO,NO,NO,NO,NO,NO,NO,annual_rent|verified_service_charge|net_rental_income|acquisition_costs|broker_purchase_cost|holding_period|exit_value|selling_costs
3318,Offplan,YES,1500000.0,NO,,NO,NO,NO,NO,NO,NO,NO,NO,NO,NO,annual_rent|verified_service_charge|net_rental_income|acquisition_costs|broker_purchase_cost|holding_period|exit_value|selling_costs
7709,Offplan,YES,1628000.0,NO,,NO,NO,NO,NO,NO,NO,NO,NO,NO,NO,annual_rent|verified_service_charge|net_rental_income|acquisition_costs|broker_purchase_cost|holding_period|exit_value|selling_costs
3262,Offplan,YES,2475000.0,NO,,NO,NO,NO,NO,NO,NO,NO,NO,NO,NO,annual_rent|verified_service_charge|net_rental_income|acquisition_costs|broker_purchase_cost|holding_period|exit_value|selling_costs
2725,Ready,YES,90000.0,YES,84480.0,NO,NO,NO,NO,NO,NO,NO,NO,NO,NO,verified_service_charge|net_rental_income|acquisition_costs|broker_purchase_cost|holding_period|exit_value|selling_costs
1545,Offplan,YES,3380000.0,NO,,NO,NO,NO,NO,NO,NO,NO,NO,NO,NO,annual_rent|verified_service_charge|net_rental_income|acquisition_costs|broker_purchase_cost|holding_period|exit_value|selling_costs
617,Offplan,YES,3540000.0,NO,,NO,NO,NO,NO,NO,NO,NO,NO,NO,NO,annual_rent|verified_service_charge|net_rental_income|acquisition_costs|broker_purchase_cost|holding_period|exit_value|selling_costs
6233,Offplan,YES,2200000.0,NO,,NO,NO,NO,NO,NO,NO,NO,NO,NO,NO,annual_rent|verified_service_charge|net_rental_income|acquisition_costs|broker_purchase_cost|holding_period|exit_value|selling_costs
5068,Offplan,YES,5165080.0,NO,,NO,NO,NO,NO,NO,NO,NO,NO,NO,NO,annual_rent|verified_service_charge|net_rental_income|acquisition_costs|broker_purchase_cost|holding_period|exit_value|selling_costs
6502,Offplan,YES,1750000.0,NO,,NO,NO,NO,NO,NO,NO,NO,NO,NO,NO,annual_rent|verified_service_charge|net_rental_income|acquisition_costs|broker_purchase_cost|holding_period|exit_value|selling_costs
6029,Offplan,YES,3927400.0,NO,,NO,NO,NO,NO,NO,NO,NO,NO,NO,NO,annual_rent|verified_service_charge|net_rental_income|acquisition_costs|broker_purchase_cost|holding_period|exit_value|selling_costs
7549,Offplan,YES,6646320.0,NO,,NO,NO,NO,NO,NO,NO,NO,NO,NO,NO,annual_rent|verified_service_charge|net_rental_income|acquisition_costs|broker_purchase_cost|holding_period|exit_value|selling_costs
6756,Offplan,YES,2990000.0,NO,,NO,NO,NO,NO,NO,NO,NO,NO,NO,NO,annual_rent|verified_service_charge|net_rental_income|acquisition_costs|broker_purchase_cost|holding_period|exit_value|selling_costs
8099,Offplan,YES,7500000.0,NO,,NO,NO,NO,NO,NO,NO,NO,NO,NO,NO,annual_rent|verified_service_charge|net_rental_income|acquisition_costs|broker_purchase_cost|holding_period|exit_value|selling_costs
38,Offplan,YES,3396400.0,NO,,NO,NO,NO,NO,NO,NO,NO,NO,NO,NO,annual_rent|verified_service_charge|net_rental_income|acquisition_costs|broker_purchase_cost|holding_period|exit_value|selling_costs
6540,Ready,YES,1900000.0,YES,86590.0,NO,NO,NO,NO,NO,NO,NO,NO,NO,NO,verified_service_charge|net_rental_income|acquisition_costs|broker_purchase_cost|holding_period|exit_value|selling_costs
3703,Offplan,YES,7000000.0,NO,,NO,NO,NO,NO,NO,NO,NO,NO,NO,NO,annual_rent|verified_service_charge|net_rental_income|acquisition_costs|broker_purchase_cost|holding_period|exit_value|selling_costs
4810,Offplan,YES,3832840.0,NO,,NO,NO,NO,NO,NO,NO,NO,NO,NO,NO,annual_rent|verified_service_charge|net_rental_income|acquisition_costs|broker_purchase_cost|holding_period|exit_value|selling_costs
93,Ready,YES,807000.0,YES,187200.0,NO,NO,NO,NO,NO,NO,NO,NO,NO,NO,verified_service_charge|net_rental_income|acquisition_costs|broker_purchase_cost|holding_period|exit_value|selling_costs
4875,Offplan,YES,4635590.0,NO,,NO,NO,NO,NO,NO,NO,NO,NO,NO,NO,annual_rent|verified_service_charge|net_rental_income|acquisition_costs|broker_purchase_cost|holding_period|exit_value|selling_costs
3644,Offplan,YES,3301000.0,NO,,NO,NO,NO,NO,NO,NO,NO,NO,NO,NO,annual_rent|verified_service_charge|net_rental_income|acquisition_costs|broker_purchase_cost|holding_period|exit_value|selling_costs
1395,Offplan,YES,5500000.0,NO,,NO,NO,NO,NO,NO,NO,NO,NO,NO,NO,annual_rent|verified_service_charge|net_rental_income|acquisition_costs|broker_purchase_cost|holding_period|exit_value|selling_costs
6477,Offplan,YES,5500000.0,NO,,NO,NO,NO,NO,NO,NO,NO,NO,NO,NO,annual_rent|verified_service_charge|net_rental_income|acquisition_costs|broker_purchase_cost|holding_period|exit_value|selling_costs
8362,Offplan,YES,1737229.0,NO,,NO,NO,NO,NO,NO,NO,NO,NO,NO,NO,annual_rent|verified_service_charge|net_rental_income|acquisition_costs|broker_purchase_cost|holding_period|exit_value|selling_costs
1202,Offplan,YES,3040000.0,NO,,NO,NO,NO,NO,NO,NO,NO,NO,NO,NO,annual_rent|verified_service_charge|net_rental_income|acquisition_costs|broker_purchase_cost|holding_period|exit_value|selling_costs
3290,Offplan,YES,1260777.0,NO,,NO,NO,NO,NO,NO,NO,NO,NO,NO,NO,annual_rent|verified_service_charge|net_rental_income|acquisition_costs|broker_purchase_cost|holding_period|exit_value|selling_costs
4970,Offplan,YES,4950000.0,NO,,NO,NO,NO,NO,NO,NO,NO,NO,NO,NO,annual_rent|verified_service_charge|net_rental_income|acquisition_costs|broker_purchase_cost|holding_period|exit_value|selling_costs
1261,Offplan,YES,1658000.0,NO,,NO,NO,NO,NO,NO,NO,NO,NO,NO,NO,annual_rent|verified_service_charge|net_rental_income|acquisition_costs|broker_purchase_cost|holding_period|exit_value|selling_costs
6156,Offplan,YES,3200000.0,NO,,NO,NO,NO,NO,NO,NO,NO,NO,NO,NO,annual_rent|verified_service_charge|net_rental_income|acquisition_costs|broker_purchase_cost|holding_period|exit_value|selling_costs
4190,Offplan,YES,1800000.0,NO,,NO,NO,NO,NO,NO,NO,NO,NO,NO,NO,annual_rent|verified_service_charge|net_rental_income|acquisition_costs|broker_purchase_cost|holding_period|exit_value|selling_costs
2168,Offplan,YES,2500000.0,NO,,NO,NO,NO,NO,NO,NO,NO,NO,NO,NO,annual_rent|verified_service_charge|net_rental_income|acquisition_costs|broker_purchase_cost|holding_period|exit_value|selling_costs
4344,Offplan,YES,4500000.0,NO,,NO,NO,NO,NO,NO,NO,NO,NO,NO,NO,annual_rent|verified_service_charge|net_rental_income|acquisition_costs|broker_purchase_cost|holding_period|exit_value|selling_costs
4961,Offplan,YES,1227000.0,NO,,NO,NO,NO,NO,NO,NO,NO,NO,NO,NO,annual_rent|verified_service_charge|net_rental_income|acquisition_costs|broker_purchase_cost|holding_period|exit_value|selling_costs
3085,Offplan,YES,6250000.0,NO,,NO,NO,NO,NO,NO,NO,NO,NO,NO,NO,annual_rent|verified_service_charge|net_rental_income|acquisition_costs|broker_purchase_cost|holding_period|exit_value|selling_costs
1009,Offplan,YES,3900000.0,NO,,NO,NO,NO,NO,NO,NO,NO,NO,NO,NO,annual_rent|verified_service_charge|net_rental_income|acquisition_costs|broker_purchase_cost|holding_period|exit_value|selling_costs
485,Offplan,YES,1198000.0,NO,,NO,NO,NO,NO,NO,NO,NO,NO,NO,NO,annual_rent|verified_service_charge|net_rental_income|acquisition_costs|broker_purchase_cost|holding_period|exit_value|selling_costs
4068,Offplan,YES,3655000.0,NO,,NO,NO,NO,NO,NO,NO,NO,NO,NO,NO,annual_rent|verified_service_charge|net_rental_income|acquisition_costs|broker_purchase_cost|holding_period|exit_value|selling_costs
3975,Offplan,YES,3900000.0,NO,,NO,NO,NO,NO,NO,NO,NO,NO,NO,NO,annual_rent|verified_service_charge|net_rental_income|acquisition_costs|broker_purchase_cost|holding_period|exit_value|selling_costs
6439,Offplan,YES,2400000.0,NO,,NO,NO,NO,NO,NO,NO,NO,NO,NO,NO,annual_rent|verified_service_charge|net_rental_income|acquisition_costs|broker_purchase_cost|holding_period|exit_value|selling_costs
4143,Offplan,YES,2780000.0,NO,,NO,NO,NO,NO,NO,NO,NO,NO,NO,NO,annual_rent|verified_service_charge|net_rental_income|acquisition_costs|broker_purchase_cost|holding_period|exit_value|selling_costs
848,Offplan,YES,4000000.0,NO,,NO,NO,NO,NO,NO,NO,NO,NO,NO,NO,annual_rent|verified_service_charge|net_rental_income|acquisition_costs|broker_purchase_cost|holding_period|exit_value|selling_costs
7398,Offplan,YES,1255438.0,NO,,NO,NO,NO,NO,NO,NO,NO,NO,NO,NO,annual_rent|verified_service_charge|net_rental_income|acquisition_costs|broker_purchase_cost|holding_period|exit_value|selling_costs
3107,Offplan,YES,1503888.0,NO,,NO,NO,NO,NO,NO,NO,NO,NO,NO,NO,annual_rent|verified_service_charge|net_rental_income|acquisition_costs|broker_purchase_cost|holding_period|exit_value|selling_costs
1707,Offplan,YES,28867200.0,NO,,NO,NO,NO,NO,NO,NO,NO,NO,NO,NO,annual_rent|verified_service_charge|net_rental_income|acquisition_costs|broker_purchase_cost|holding_period|exit_value|selling_costs
1651,Offplan,YES,47400000.0,NO,,NO,NO,NO,NO,NO,NO,NO,NO,NO,NO,annual_rent|verified_service_charge|net_rental_income|acquisition_costs|broker_purchase_cost|holding_period|exit_value|selling_costs
2088,Offplan,YES,4330000.0,NO,,NO,NO,NO,NO,NO,NO,NO,NO,NO,NO,annual_rent|verified_service_charge|net_rental_income|acquisition_costs|broker_purchase_cost|holding_period|exit_value|selling_costs
6016,Offplan,YES,8677000.0,NO,,NO,NO,NO,NO,NO,NO,NO,NO,NO,NO,annual_rent|verified_service_charge|net_rental_income|acquisition_costs|broker_purchase_cost|holding_period|exit_value|selling_costs
4032,Offplan,YES,712500.0,NO,,NO,NO,NO,NO,NO,NO,NO,NO,NO,NO,annual_rent|verified_service_charge|net_rental_income|acquisition_costs|broker_purchase_cost|holding_period|exit_value|selling_costs
120,Offplan,YES,1956000.0,NO,,NO,NO,NO,NO,NO,NO,NO,NO,NO,NO,annual_rent|verified_service_charge|net_rental_income|acquisition_costs|broker_purchase_cost|holding_period|exit_value|selling_costs
4321,Offplan,YES,2100000.0,NO,,NO,NO,NO,NO,NO,NO,NO,NO,NO,NO,annual_rent|verified_service_charge|net_rental_income|acquisition_costs|broker_purchase_cost|holding_period|exit_value|selling_costs
6277,Ready,YES,1300000.0,YES,100800.0,NO,NO,NO,NO,NO,NO,NO,NO,NO,NO,verified_service_charge|net_rental_income|acquisition_costs|broker_purchase_cost|holding_period|exit_value|selling_costs
1967,Offplan,YES,7200000.0,NO,,NO,NO,NO,NO,NO,NO,NO,NO,NO,NO,annual_rent|verified_service_charge|net_rental_income|acquisition_costs|broker_purchase_cost|holding_period|exit_value|selling_costs
8040,Offplan,YES,2000000.0,NO,,NO,NO,NO,NO,NO,NO,NO,NO,NO,NO,annual_rent|verified_service_charge|net_rental_income|acquisition_costs|broker_purchase_cost|holding_period|exit_value|selling_costs
6430,Ready,YES,1300000.0,YES,82555.0,NO,NO,NO,NO,NO,NO,NO,NO,NO,NO,verified_service_charge|net_rental_income|acquisition_costs|broker_purchase_cost|holding_period|exit_value|selling_costs
263,Offplan,YES,3800000.0,NO,,NO,NO,NO,NO,NO,NO,NO,NO,NO,NO,annual_rent|verified_service_charge|net_rental_income|acquisition_costs|broker_purchase_cost|holding_period|exit_value|selling_costs
569,Offplan,YES,442000.0,NO,,NO,NO,NO,NO,NO,NO,NO,NO,NO,NO,annual_rent|verified_service_charge|net_rental_income|acquisition_costs|broker_purchase_cost|holding_period|exit_value|selling_costs
1620,Ready,YES,7462760.0,YES,227520.0,NO,NO,NO,NO,NO,NO,NO,NO,NO,NO,verified_service_charge|net_rental_income|acquisition_costs|broker_purchase_cost|holding_period|exit_value|selling_costs
7974,Offplan,YES,2700000.0,NO,,NO,NO,NO,NO,NO,NO,NO,NO,NO,NO,annual_rent|verified_service_charge|net_rental_income|acquisition_costs|broker_purchase_cost|holding_period|exit_value|selling_costs
2476,Offplan,YES,804902.0,NO,,NO,NO,NO,NO,NO,NO,NO,NO,NO,NO,annual_rent|verified_service_charge|net_rental_income|acquisition_costs|broker_purchase_cost|holding_period|exit_value|selling_costs
6143,Offplan,YES,2775000.0,NO,,NO,NO,NO,NO,NO,NO,NO,NO,NO,NO,annual_rent|verified_service_charge|net_rental_income|acquisition_costs|broker_purchase_cost|holding_period|exit_value|selling_costs
94,Offplan,YES,3527780.0,NO,,NO,NO,NO,NO,NO,NO,NO,NO,NO,NO,annual_rent|verified_service_charge|net_rental_income|acquisition_costs|broker_purchase_cost|holding_period|exit_value|selling_costs
6656,Offplan,YES,1265000.0,NO,,NO,NO,NO,NO,NO,NO,NO,NO,NO,NO,annual_rent|verified_service_charge|net_rental_income|acquisition_costs|broker_purchase_cost|holding_period|exit_value|selling_costs
5576,Offplan,YES,1390000.0,NO,,NO,NO,NO,NO,NO,NO,NO,NO,NO,NO,annual_rent|verified_service_charge|net_rental_income|acquisition_costs|broker_purchase_cost|holding_period|exit_value|selling_costs
3618,Offplan,YES,1442540.0,NO,,NO,NO,NO,NO,NO,NO,NO,NO,NO,NO,annual_rent|verified_service_charge|net_rental_income|acquisition_costs|broker_purchase_cost|holding_period|exit_value|selling_costs
2873,Offplan,YES,1404555.0,NO,,NO,NO,NO,NO,NO,NO,NO,NO,NO,NO,annual_rent|verified_service_charge|net_rental_income|acquisition_costs|broker_purchase_cost|holding_period|exit_value|selling_costs
1422,Offplan,YES,1999000.0,NO,,NO,NO,NO,NO,NO,NO,NO,NO,NO,NO,annual_rent|verified_service_charge|net_rental_income|acquisition_costs|broker_purchase_cost|holding_period|exit_value|selling_costs
6261,Offplan,YES,1050000.0,NO,,NO,NO,NO,NO,NO,NO,NO,NO,NO,NO,annual_rent|verified_service_charge|net_rental_income|acquisition_costs|broker_purchase_cost|holding_period|exit_value|selling_costs
6629,Offplan,YES,1761481.0,NO,,NO,NO,NO,NO,NO,NO,NO,NO,NO,NO,annual_rent|verified_service_charge|net_rental_income|acquisition_costs|broker_purchase_cost|holding_period|exit_value|selling_costs
71,Offplan,YES,1411491.0,NO,,NO,NO,NO,NO,NO,NO,NO,NO,NO,NO,annual_rent|verified_service_charge|net_rental_income|acquisition_costs|broker_purchase_cost|holding_period|exit_value|selling_costs
5985,Offplan,YES,7000000.0,NO,,NO,NO,NO,NO,NO,NO,NO,NO,NO,NO,annual_rent|verified_service_charge|net_rental_income|acquisition_costs|broker_purchase_cost|holding_period|exit_value|selling_costs
2111,Offplan,YES,1900000.0,NO,,NO,NO,NO,NO,NO,NO,NO,NO,NO,NO,annual_rent|verified_service_charge|net_rental_income|acquisition_costs|broker_purchase_cost|holding_period|exit_value|selling_costs
6338,Offplan,YES,14567400.0,NO,,NO,NO,NO,NO,NO,NO,NO,NO,NO,NO,annual_rent|verified_service_charge|net_rental_income|acquisition_costs|broker_purchase_cost|holding_period|exit_value|selling_costs
1736,Offplan,YES,3507720.0,NO,,NO,NO,NO,NO,NO,NO,NO,NO,NO,NO,annual_rent|verified_service_charge|net_rental_income|acquisition_costs|broker_purchase_cost|holding_period|exit_value|selling_costs
6097,Offplan,YES,3511480.0,NO,,NO,NO,NO,NO,NO,NO,NO,NO,NO,NO,annual_rent|verified_service_charge|net_rental_income|acquisition_costs|broker_purchase_cost|holding_period|exit_value|selling_costs
1695,Offplan,YES,4954439.0,NO,,NO,NO,NO,NO,NO,NO,NO,NO,NO,NO,annual_rent|verified_service_charge|net_rental_income|acquisition_costs|broker_purchase_cost|holding_period|exit_value|selling_costs
1336,Offplan,YES,834700.0,NO,,NO,NO,NO,NO,NO,NO,NO,NO,NO,NO,annual_rent|verified_service_charge|net_rental_income|acquisition_costs|broker_purchase_cost|holding_period|exit_value|selling_costs
2004,Offplan,YES,1685000.0,NO,,NO,NO,NO,NO,NO,NO,NO,NO,NO,NO,annual_rent|verified_service_charge|net_rental_income|acquisition_costs|broker_purchase_cost|holding_period|exit_value|selling_costs
1769,Offplan,YES,1796469.0,NO,,NO,NO,NO,NO,NO,NO,NO,NO,NO,NO,annual_rent|verified_service_charge|net_rental_income|acquisition_costs|broker_purchase_cost|holding_period|exit_value|selling_costs
7122,Offplan,YES,2387760.0,NO,,NO,NO,NO,NO,NO,NO,NO,NO,NO,NO,annual_rent|verified_service_charge|net_rental_income|acquisition_costs|broker_purchase_cost|holding_period|exit_value|selling_costs
1994,Offplan,YES,6100000.0,NO,,NO,NO,NO,NO,NO,NO,NO,NO,NO,NO,annual_rent|verified_service_charge|net_rental_income|acquisition_costs|broker_purchase_cost|holding_period|exit_value|selling_costs
7643,Offplan,YES,34000000.0,NO,,NO,NO,NO,NO,NO,NO,NO,NO,NO,NO,annual_rent|verified_service_charge|net_rental_income|acquisition_costs|broker_purchase_cost|holding_period|exit_value|selling_costs
5252,Ready,YES,12400000.0,NO,,NO,NO,NO,NO,NO,NO,NO,NO,NO,NO,annual_rent|verified_service_charge|net_rental_income|acquisition_costs|broker_purchase_cost|holding_period|exit_value|selling_costs
2480,Offplan,YES,4000000.0,NO,,NO,NO,NO,NO,NO,NO,NO,NO,NO,NO,annual_rent|verified_service_charge|net_rental_income|acquisition_costs|broker_purchase_cost|holding_period|exit_value|selling_costs
3503,Offplan,YES,2447040.0,NO,,NO,NO,NO,NO,NO,NO,NO,NO,NO,NO,annual_rent|verified_service_charge|net_rental_income|acquisition_costs|broker_purchase_cost|holding_period|exit_value|selling_costs
30,Offplan,YES,2172090.0,NO,,NO,NO,NO,NO,NO,NO,NO,NO,NO,NO,annual_rent|verified_service_charge|net_rental_income|acquisition_costs|broker_purchase_cost|holding_period|exit_value|selling_costs
706,Offplan,YES,1864656.0,NO,,NO,NO,NO,NO,NO,NO,NO,NO,NO,NO,annual_rent|verified_service_charge|net_rental_income|acquisition_costs|broker_purchase_cost|holding_period|exit_value|selling_costs
422,Ready,YES,2500000.0,YES,91200.0,NO,NO,NO,NO,NO,NO,NO,NO,NO,NO,verified_service_charge|net_rental_income|acquisition_costs|broker_purchase_cost|holding_period|exit_value|selling_costs
710,Offplan,YES,2500000.0,NO,,NO,NO,NO,NO,NO,NO,NO,NO,NO,NO,annual_rent|verified_service_charge|net_rental_income|acquisition_costs|broker_purchase_cost|holding_period|exit_value|selling_costs
2838,Ready,YES,1550000.0,YES,105600.0,NO,NO,NO,NO,NO,NO,NO,NO,NO,NO,verified_service_charge|net_rental_income|acquisition_costs|broker_purchase_cost|holding_period|exit_value|selling_costs
2110,Offplan,YES,1193890.0,NO,,NO,NO,NO,NO,NO,NO,NO,NO,NO,NO,annual_rent|verified_service_charge|net_rental_income|acquisition_costs|broker_purchase_cost|holding_period|exit_value|selling_costs
1,Offplan,YES,2080000.0,NO,,NO,NO,NO,NO,NO,NO,NO,NO,NO,NO,annual_rent|verified_service_charge|net_rental_income|acquisition_costs|broker_purchase_cost|holding_period|exit_value|selling_costs
5255,Offplan,YES,9514170.0,NO,,NO,NO,NO,NO,NO,NO,NO,NO,NO,NO,annual_rent|verified_service_charge|net_rental_income|acquisition_costs|broker_purchase_cost|holding_period|exit_value|selling_costs
8247,Offplan,YES,2700000.0,NO,,NO,NO,NO,NO,NO,NO,NO,NO,NO,NO,annual_rent|verified_service_charge|net_rental_income|acquisition_costs|broker_purchase_cost|holding_period|exit_value|selling_costs
3843,Ready,YES,866000.0,YES,81600.0,NO,NO,NO,NO,NO,NO,NO,NO,NO,NO,verified_service_charge|net_rental_income|acquisition_costs|broker_purchase_cost|holding_period|exit_value|selling_costs
8420,Offplan,YES,3165450.0,NO,,NO,NO,NO,NO,NO,NO,NO,NO,NO,NO,annual_rent|verified_service_charge|net_rental_income|acquisition_costs|broker_purchase_cost|holding_period|exit_value|selling_costs
7684,Offplan,YES,16000000.0,NO,,NO,NO,NO,NO,NO,NO,NO,NO,NO,NO,annual_rent|verified_service_charge|net_rental_income|acquisition_costs|broker_purchase_cost|holding_period|exit_value|selling_costs
1165,Offplan,YES,988000.0,NO,,NO,NO,NO,NO,NO,NO,NO,NO,NO,NO,annual_rent|verified_service_charge|net_rental_income|acquisition_costs|broker_purchase_cost|holding_period|exit_value|selling_costs
8408,Offplan,YES,3668521.0,NO,,NO,NO,NO,NO,NO,NO,NO,NO,NO,NO,annual_rent|verified_service_charge|net_rental_income|acquisition_costs|broker_purchase_cost|holding_period|exit_value|selling_costs
7065,Offplan,YES,5129000.0,NO,,NO,NO,NO,NO,NO,NO,NO,NO,NO,NO,annual_rent|verified_service_charge|net_rental_income|acquisition_costs|broker_purchase_cost|holding_period|exit_value|selling_costs
6819,Offplan,YES,1085920.0,NO,,NO,NO,NO,NO,NO,NO,NO,NO,NO,NO,annual_rent|verified_service_charge|net_rental_income|acquisition_costs|broker_purchase_cost|holding_period|exit_value|selling_costs
6888,Offplan,YES,1100000.0,NO,,NO,NO,NO,NO,NO,NO,NO,NO,NO,NO,annual_rent|verified_service_charge|net_rental_income|acquisition_costs|broker_purchase_cost|holding_period|exit_value|selling_costs
5226,Offplan,YES,1959053.0,NO,,NO,NO,NO,NO,NO,NO,NO,NO,NO,NO,annual_rent|verified_service_charge|net_rental_income|acquisition_costs|broker_purchase_cost|holding_period|exit_value|selling_costs
2587,Offplan,YES,1350000.0,NO,,NO,NO,NO,NO,NO,NO,NO,NO,NO,NO,annual_rent|verified_service_charge|net_rental_income|acquisition_costs|broker_purchase_cost|holding_period|exit_value|selling_costs
2367,Offplan,YES,854129.0,NO,,NO,NO,NO,NO,NO,NO,NO,NO,NO,NO,annual_rent|verified_service_charge|net_rental_income|acquisition_costs|broker_purchase_cost|holding_period|exit_value|selling_costs
8282,Offplan,YES,3400000.0,NO,,NO,NO,NO,NO,NO,NO,NO,NO,NO,NO,annual_rent|verified_service_charge|net_rental_income|acquisition_costs|broker_purchase_cost|holding_period|exit_value|selling_costs
132,Offplan,YES,4104000.0,NO,,NO,NO,NO,NO,NO,NO,NO,NO,NO,NO,annual_rent|verified_service_charge|net_rental_income|acquisition_costs|broker_purchase_cost|holding_period|exit_value|selling_costs
7646,Offplan,YES,4450000.0,NO,,NO,NO,NO,NO,NO,NO,NO,NO,NO,NO,annual_rent|verified_service_charge|net_rental_income|acquisition_costs|broker_purchase_cost|holding_period|exit_value|selling_costs
8358,Offplan,YES,2200000.0,NO,,NO,NO,NO,NO,NO,NO,NO,NO,NO,NO,annual_rent|verified_service_charge|net_rental_income|acquisition_costs|broker_purchase_cost|holding_period|exit_value|selling_costs
6068,Offplan,YES,1417779.0,NO,,NO,NO,NO,NO,NO,NO,NO,NO,NO,NO,annual_rent|verified_service_charge|net_rental_income|acquisition_costs|broker_purchase_cost|holding_period|exit_value|selling_costs
1420,Offplan,YES,1419500.0,NO,,NO,NO,NO,NO,NO,NO,NO,NO,NO,NO,annual_rent|verified_service_charge|net_rental_income|acquisition_costs|broker_purchase_cost|holding_period|exit_value|selling_costs
453,Ready,YES,2600000.0,YES,115200.0,NO,NO,NO,NO,NO,NO,NO,NO,NO,NO,verified_service_charge|net_rental_income|acquisition_costs|broker_purchase_cost|holding_period|exit_value|selling_costs
7302,Offplan,YES,1309000.0,NO,,NO,NO,NO,NO,NO,NO,NO,NO,NO,NO,annual_rent|verified_service_charge|net_rental_income|acquisition_costs|broker_purchase_cost|holding_period|exit_value|selling_costs
7986,Offplan,YES,2062000.0,NO,,NO,NO,NO,NO,NO,NO,NO,NO,NO,NO,annual_rent|verified_service_charge|net_rental_income|acquisition_costs|broker_purchase_cost|holding_period|exit_value|selling_costs
6470,Offplan,YES,4084828.0,NO,,NO,NO,NO,NO,NO,NO,NO,NO,NO,NO,annual_rent|verified_service_charge|net_rental_income|acquisition_costs|broker_purchase_cost|holding_period|exit_value|selling_costs
2397,Offplan,YES,1200000.0,NO,,NO,NO,NO,NO,NO,NO,NO,NO,NO,NO,annual_rent|verified_service_charge|net_rental_income|acquisition_costs|broker_purchase_cost|holding_period|exit_value|selling_costs
4824,Offplan,YES,1600000.0,NO,,NO,NO,NO,NO,NO,NO,NO,NO,NO,NO,annual_rent|verified_service_charge|net_rental_income|acquisition_costs|broker_purchase_cost|holding_period|exit_value|selling_costs
6681,Offplan,YES,1095000.0,NO,,NO,NO,NO,NO,NO,NO,NO,NO,NO,NO,annual_rent|verified_service_charge|net_rental_income|acquisition_costs|broker_purchase_cost|holding_period|exit_value|selling_costs
6517,Offplan,YES,1377500.0,NO,,NO,NO,NO,NO,NO,NO,NO,NO,NO,NO,annual_rent|verified_service_charge|net_rental_income|acquisition_costs|broker_purchase_cost|holding_period|exit_value|selling_costs
2347,Offplan,YES,5877200.0,NO,,NO,NO,NO,NO,NO,NO,NO,NO,NO,NO,annual_rent|verified_service_charge|net_rental_income|acquisition_costs|broker_purchase_cost|holding_period|exit_value|selling_costs
2443,Offplan,YES,2050000.0,NO,,NO,NO,NO,NO,NO,NO,NO,NO,NO,NO,annual_rent|verified_service_charge|net_rental_income|acquisition_costs|broker_purchase_cost|holding_period|exit_value|selling_costs
449,Offplan,YES,2275000.0,NO,,NO,NO,NO,NO,NO,NO,NO,NO,NO,NO,annual_rent|verified_service_charge|net_rental_income|acquisition_costs|broker_purchase_cost|holding_period|exit_value|selling_costs
2564,Offplan,YES,5014280.0,NO,,NO,NO,NO,NO,NO,NO,NO,NO,NO,NO,annual_rent|verified_service_charge|net_rental_income|acquisition_costs|broker_purchase_cost|holding_period|exit_value|selling_costs
910,Offplan,YES,2418430.0,NO,,NO,NO,NO,NO,NO,NO,NO,NO,NO,NO,annual_rent|verified_service_charge|net_rental_income|acquisition_costs|broker_purchase_cost|holding_period|exit_value|selling_costs
8066,Ready,YES,14580000.0,YES,240000.0,NO,NO,NO,NO,NO,NO,NO,NO,NO,NO,verified_service_charge|net_rental_income|acquisition_costs|broker_purchase_cost|holding_period|exit_value|selling_costs
1348,Offplan,YES,1280000.0,NO,,NO,NO,NO,NO,NO,NO,NO,NO,NO,NO,annual_rent|verified_service_charge|net_rental_income|acquisition_costs|broker_purchase_cost|holding_period|exit_value|selling_costs
5721,Offplan,YES,1758823.0,NO,,NO,NO,NO,NO,NO,NO,NO,NO,NO,NO,annual_rent|verified_service_charge|net_rental_income|acquisition_costs|broker_purchase_cost|holding_period|exit_value|selling_costs
1518,Offplan,YES,1750000.0,NO,,NO,NO,NO,NO,NO,NO,NO,NO,NO,NO,annual_rent|verified_service_charge|net_rental_income|acquisition_costs|broker_purchase_cost|holding_period|exit_value|selling_costs
6835,Ready,YES,5500000.0,YES,177600.0,NO,NO,NO,NO,NO,NO,NO,NO,NO,NO,verified_service_charge|net_rental_income|acquisition_costs|broker_purchase_cost|holding_period|exit_value|selling_costs
8201,Ready,YES,4300000.0,YES,163200.0,YES,YES,YES,NO,NO,NO,NO,NO,NO,NO,net_rental_income|acquisition_costs|broker_purchase_cost|holding_period|exit_value|selling_costs
5625,Offplan,YES,2153914.0,NO,,NO,NO,NO,NO,NO,NO,NO,NO,NO,NO,annual_rent|verified_service_charge|net_rental_income|acquisition_costs|broker_purchase_cost|holding_period|exit_value|selling_costs
4472,Offplan,YES,591300.0,NO,,NO,NO,NO,NO,NO,NO,NO,NO,NO,NO,annual_rent|verified_service_charge|net_rental_income|acquisition_costs|broker_purchase_cost|holding_period|exit_value|selling_costs
1710,Ready,YES,2425260.0,NO,,NO,NO,NO,NO,NO,NO,NO,NO,NO,NO,annual_rent|verified_service_charge|net_rental_income|acquisition_costs|broker_purchase_cost|holding_period|exit_value|selling_costs
2974,Offplan,YES,1200000.0,NO,,NO,NO,NO,NO,NO,NO,NO,NO,NO,NO,annual_rent|verified_service_charge|net_rental_income|acquisition_costs|broker_purchase_cost|holding_period|exit_value|selling_costs
4197,Offplan,YES,25000000.0,NO,,NO,NO,NO,NO,NO,NO,NO,NO,NO,NO,annual_rent|verified_service_charge|net_rental_income|acquisition_costs|broker_purchase_cost|holding_period|exit_value|selling_costs
2700,Offplan,YES,2016000.0,NO,,NO,NO,NO,NO,NO,NO,NO,NO,NO,NO,annual_rent|verified_service_charge|net_rental_income|acquisition_costs|broker_purchase_cost|holding_period|exit_value|selling_costs
1609,Offplan,YES,1795000.0,NO,,NO,NO,NO,NO,NO,NO,NO,NO,NO,NO,annual_rent|verified_service_charge|net_rental_income|acquisition_costs|broker_purchase_cost|holding_period|exit_value|selling_costs
1451,Offplan,YES,1710000.0,NO,,NO,NO,NO,NO,NO,NO,NO,NO,NO,NO,annual_rent|verified_service_charge|net_rental_income|acquisition_costs|broker_purchase_cost|holding_period|exit_value|selling_costs
8321,Offplan,YES,1096000.0,NO,,NO,NO,NO,NO,NO,NO,NO,NO,NO,NO,annual_rent|verified_service_charge|net_rental_income|acquisition_costs|broker_purchase_cost|holding_period|exit_value|selling_costs
3386,Offplan,YES,33632800.0,NO,,NO,NO,NO,NO,NO,NO,NO,NO,NO,NO,annual_rent|verified_service_charge|net_rental_income|acquisition_costs|broker_purchase_cost|holding_period|exit_value|selling_costs
3002,Offplan,YES,6230000.0,NO,,NO,NO,NO,NO,NO,NO,NO,NO,NO,NO,annual_rent|verified_service_charge|net_rental_income|acquisition_costs|broker_purchase_cost|holding_period|exit_value|selling_costs
2264,Offplan,YES,8500000.0,NO,,NO,NO,NO,NO,NO,NO,NO,NO,NO,NO,annual_rent|verified_service_charge|net_rental_income|acquisition_costs|broker_purchase_cost|holding_period|exit_value|selling_costs
1834,Offplan,YES,1800000.0,NO,,NO,NO,NO,NO,NO,NO,NO,NO,NO,NO,annual_rent|verified_service_charge|net_rental_income|acquisition_costs|broker_purchase_cost|holding_period|exit_value|selling_costs
4894,Offplan,YES,26327000.0,NO,,NO,NO,NO,NO,NO,NO,NO,NO,NO,NO,annual_rent|verified_service_charge|net_rental_income|acquisition_costs|broker_purchase_cost|holding_period|exit_value|selling_costs
6067,Offplan,YES,2500000.0,NO,,NO,NO,NO,NO,NO,NO,NO,NO,NO,NO,annual_rent|verified_service_charge|net_rental_income|acquisition_costs|broker_purchase_cost|holding_period|exit_value|selling_costs
6744,Offplan,YES,4739130.0,NO,,NO,NO,NO,NO,NO,NO,NO,NO,NO,NO,annual_rent|verified_service_charge|net_rental_income|acquisition_costs|broker_purchase_cost|holding_period|exit_value|selling_costs
8331,Offplan,YES,3006890.0,NO,,NO,NO,NO,NO,NO,NO,NO,NO,NO,NO,annual_rent|verified_service_charge|net_rental_income|acquisition_costs|broker_purchase_cost|holding_period|exit_value|selling_costs
4082,Offplan,YES,1627760.0,NO,,NO,NO,NO,NO,NO,NO,NO,NO,NO,NO,annual_rent|verified_service_charge|net_rental_income|acquisition_costs|broker_purchase_cost|holding_period|exit_value|selling_costs
5572,Offplan,YES,1935000.0,NO,,NO,NO,NO,NO,NO,NO,NO,NO,NO,NO,annual_rent|verified_service_charge|net_rental_income|acquisition_costs|broker_purchase_cost|holding_period|exit_value|selling_costs
6025,Offplan,YES,7119000.0,NO,,NO,NO,NO,NO,NO,NO,NO,NO,NO,NO,annual_rent|verified_service_charge|net_rental_income|acquisition_costs|broker_purchase_cost|holding_period|exit_value|selling_costs
6689,Offplan,YES,1800000.0,NO,,NO,NO,NO,NO,NO,NO,NO,NO,NO,NO,annual_rent|verified_service_charge|net_rental_income|acquisition_costs|broker_purchase_cost|holding_period|exit_value|selling_costs
8372,Offplan,YES,1151000.0,NO,,NO,NO,NO,NO,NO,NO,NO,NO,NO,NO,annual_rent|verified_service_charge|net_rental_income|acquisition_costs|broker_purchase_cost|holding_period|exit_value|selling_costs
6464,Offplan,YES,928398.0,NO,,NO,NO,NO,NO,NO,NO,NO,NO,NO,NO,annual_rent|verified_service_charge|net_rental_income|acquisition_costs|broker_purchase_cost|holding_period|exit_value|selling_costs
5858,Offplan,YES,8534630.0,NO,,NO,NO,NO,NO,NO,NO,NO,NO,NO,NO,annual_rent|verified_service_charge|net_rental_income|acquisition_costs|broker_purchase_cost|holding_period|exit_value|selling_costs
775,Offplan,YES,14457406.0,NO,,NO,NO,NO,NO,NO,NO,NO,NO,NO,NO,annual_rent|verified_service_charge|net_rental_income|acquisition_costs|broker_purchase_cost|holding_period|exit_value|selling_costs
5098,Offplan,YES,1715638.0,NO,,NO,NO,NO,NO,NO,NO,NO,NO,NO,NO,annual_rent|verified_service_charge|net_rental_income|acquisition_costs|broker_purchase_cost|holding_period|exit_value|selling_costs
3282,Offplan,YES,2151777.0,NO,,NO,NO,NO,NO,NO,NO,NO,NO,NO,NO,annual_rent|verified_service_charge|net_rental_income|acquisition_costs|broker_purchase_cost|holding_period|exit_value|selling_costs
494,Offplan,YES,24000000.0,NO,,NO,NO,NO,NO,NO,NO,NO,NO,NO,NO,annual_rent|verified_service_charge|net_rental_income|acquisition_costs|broker_purchase_cost|holding_period|exit_value|selling_costs
1895,Offplan,YES,4800000.0,NO,,NO,NO,NO,NO,NO,NO,NO,NO,NO,NO,annual_rent|verified_service_charge|net_rental_income|acquisition_costs|broker_purchase_cost|holding_period|exit_value|selling_costs
1250,Offplan,YES,2966890.0,NO,,NO,NO,NO,NO,NO,NO,NO,NO,NO,NO,annual_rent|verified_service_charge|net_rental_income|acquisition_costs|broker_purchase_cost|holding_period|exit_value|selling_costs
2211,Offplan,YES,3079100.0,NO,,NO,NO,NO,NO,NO,NO,NO,NO,NO,NO,annual_rent|verified_service_charge|net_rental_income|acquisition_costs|broker_purchase_cost|holding_period|exit_value|selling_costs
4403,Offplan,YES,3800000.0,NO,,NO,NO,NO,NO,NO,NO,NO,NO,NO,NO,annual_rent|verified_service_charge|net_rental_income|acquisition_costs|broker_purchase_cost|holding_period|exit_value|selling_costs
8077,Offplan,YES,872000.0,NO,,NO,NO,NO,NO,NO,NO,NO,NO,NO,NO,annual_rent|verified_service_charge|net_rental_income|acquisition_costs|broker_purchase_cost|holding_period|exit_value|selling_costs
1913,Ready,YES,2500000.0,YES,163200.0,NO,NO,NO,NO,NO,NO,NO,NO,NO,NO,verified_service_charge|net_rental_income|acquisition_costs|broker_purchase_cost|holding_period|exit_value|selling_costs
601,Ready,YES,1950000.0,YES,72000.0,NO,NO,NO,NO,NO,NO,NO,NO,NO,NO,verified_service_charge|net_rental_income|acquisition_costs|broker_purchase_cost|holding_period|exit_value|selling_costs
2567,Offplan,YES,4301090.0,NO,,NO,NO,NO,NO,NO,NO,NO,NO,NO,NO,annual_rent|verified_service_charge|net_rental_income|acquisition_costs|broker_purchase_cost|holding_period|exit_value|selling_costs
5361,Offplan,YES,1610000.0,NO,,NO,NO,NO,NO,NO,NO,NO,NO,NO,NO,annual_rent|verified_service_charge|net_rental_income|acquisition_costs|broker_purchase_cost|holding_period|exit_value|selling_costs
2842,Ready,YES,10828238.0,NO,,NO,NO,NO,NO,NO,NO,NO,NO,NO,NO,annual_rent|verified_service_charge|net_rental_income|acquisition_costs|broker_purchase_cost|holding_period|exit_value|selling_costs
1111,Ready,YES,843000.0,YES,92160.0,NO,NO,NO,NO,NO,NO,NO,NO,NO,NO,verified_service_charge|net_rental_income|acquisition_costs|broker_purchase_cost|holding_period|exit_value|selling_costs
5817,Offplan,YES,1167600.0,NO,,NO,NO,NO,NO,NO,NO,NO,NO,NO,NO,annual_rent|verified_service_charge|net_rental_income|acquisition_costs|broker_purchase_cost|holding_period|exit_value|selling_costs
5286,Offplan,YES,1899880.0,NO,,NO,NO,NO,NO,NO,NO,NO,NO,NO,NO,annual_rent|verified_service_charge|net_rental_income|acquisition_costs|broker_purchase_cost|holding_period|exit_value|selling_costs
314,Offplan,YES,1500000.0,NO,,NO,NO,NO,NO,NO,NO,NO,NO,NO,NO,annual_rent|verified_service_charge|net_rental_income|acquisition_costs|broker_purchase_cost|holding_period|exit_value|selling_costs
6815,Offplan,YES,1900000.0,NO,,NO,NO,NO,NO,NO,NO,NO,NO,NO,NO,annual_rent|verified_service_charge|net_rental_income|acquisition_costs|broker_purchase_cost|holding_period|exit_value|selling_costs
169,Offplan,YES,1667530.0,NO,,NO,NO,NO,NO,NO,NO,NO,NO,NO,NO,annual_rent|verified_service_charge|net_rental_income|acquisition_costs|broker_purchase_cost|holding_period|exit_value|selling_costs
5113,Ready,YES,3465820.0,YES,165600.0,NO,NO,NO,NO,NO,NO,NO,NO,NO,NO,verified_service_charge|net_rental_income|acquisition_costs|broker_purchase_cost|holding_period|exit_value|selling_costs
573,Offplan,YES,1904110.0,NO,,NO,NO,NO,NO,NO,NO,NO,NO,NO,NO,annual_rent|verified_service_charge|net_rental_income|acquisition_costs|broker_purchase_cost|holding_period|exit_value|selling_costs
1637,Ready,YES,1400000.0,YES,57600.0,NO,NO,NO,NO,NO,NO,NO,NO,NO,NO,verified_service_charge|net_rental_income|acquisition_costs|broker_purchase_cost|holding_period|exit_value|selling_costs
1652,Ready,YES,1908480.0,NO,,NO,NO,NO,NO,NO,NO,NO,NO,NO,NO,annual_rent|verified_service_charge|net_rental_income|acquisition_costs|broker_purchase_cost|holding_period|exit_value|selling_costs
580,Offplan,YES,5000000.0,NO,,NO,NO,NO,NO,NO,NO,NO,NO,NO,NO,annual_rent|verified_service_charge|net_rental_income|acquisition_costs|broker_purchase_cost|holding_period|exit_value|selling_costs
2837,Offplan,YES,4600000.0,NO,,NO,NO,NO,NO,NO,NO,NO,NO,NO,NO,annual_rent|verified_service_charge|net_rental_income|acquisition_costs|broker_purchase_cost|holding_period|exit_value|selling_costs
7759,Offplan,YES,4380000.0,NO,,NO,NO,NO,NO,NO,NO,NO,NO,NO,NO,annual_rent|verified_service_charge|net_rental_income|acquisition_costs|broker_purchase_cost|holding_period|exit_value|selling_costs
6525,Offplan,YES,2955260.0,NO,,NO,NO,NO,NO,NO,NO,NO,NO,NO,NO,annual_rent|verified_service_charge|net_rental_income|acquisition_costs|broker_purchase_cost|holding_period|exit_value|selling_costs
1533,Offplan,YES,10390888.0,NO,,NO,NO,NO,NO,NO,NO,NO,NO,NO,NO,annual_rent|verified_service_charge|net_rental_income|acquisition_costs|broker_purchase_cost|holding_period|exit_value|selling_costs
6594,Ready,YES,1700000.0,YES,88320.0,NO,NO,NO,NO,NO,NO,NO,NO,NO,NO,verified_service_charge|net_rental_income|acquisition_costs|broker_purchase_cost|holding_period|exit_value|selling_costs
2500,Offplan,YES,4430540.0,NO,,NO,NO,NO,NO,NO,NO,NO,NO,NO,NO,annual_rent|verified_service_charge|net_rental_income|acquisition_costs|broker_purchase_cost|holding_period|exit_value|selling_costs
327,Offplan,YES,1223040.0,NO,,NO,NO,NO,NO,NO,NO,NO,NO,NO,NO,annual_rent|verified_service_charge|net_rental_income|acquisition_costs|broker_purchase_cost|holding_period|exit_value|selling_costs
7161,Offplan,YES,1298916.0,NO,,NO,NO,NO,NO,NO,NO,NO,NO,NO,NO,annual_rent|verified_service_charge|net_rental_income|acquisition_costs|broker_purchase_cost|holding_period|exit_value|selling_costs
2314,Offplan,YES,4100000.0,NO,,NO,NO,NO,NO,NO,NO,NO,NO,NO,NO,annual_rent|verified_service_charge|net_rental_income|acquisition_costs|broker_purchase_cost|holding_period|exit_value|selling_costs
5338,Offplan,YES,1135000.0,NO,,NO,NO,NO,NO,NO,NO,NO,NO,NO,NO,annual_rent|verified_service_charge|net_rental_income|acquisition_costs|broker_purchase_cost|holding_period|exit_value|selling_costs
7916,Ready,YES,1700000.0,YES,115200.0,NO,NO,NO,NO,NO,NO,NO,NO,NO,NO,verified_service_charge|net_rental_income|acquisition_costs|broker_purchase_cost|holding_period|exit_value|selling_costs
1115,Offplan,YES,1630000.0,NO,,NO,NO,NO,NO,NO,NO,NO,NO,NO,NO,annual_rent|verified_service_charge|net_rental_income|acquisition_costs|broker_purchase_cost|holding_period|exit_value|selling_costs
6489,Offplan,YES,4780000.0,NO,,NO,NO,NO,NO,NO,NO,NO,NO,NO,NO,annual_rent|verified_service_charge|net_rental_income|acquisition_costs|broker_purchase_cost|holding_period|exit_value|selling_costs
347,Offplan,YES,3200000.0,NO,,NO,NO,NO,NO,NO,NO,NO,NO,NO,NO,annual_rent|verified_service_charge|net_rental_income|acquisition_costs|broker_purchase_cost|holding_period|exit_value|selling_costs
6638,Offplan,YES,6930000.0,NO,,NO,NO,NO,NO,NO,NO,NO,NO,NO,NO,annual_rent|verified_service_charge|net_rental_income|acquisition_costs|broker_purchase_cost|holding_period|exit_value|selling_costs
7020,Ready,YES,5200000.0,YES,216000.0,NO,NO,NO,NO,NO,NO,NO,NO,NO,NO,verified_service_charge|net_rental_income|acquisition_costs|broker_purchase_cost|holding_period|exit_value|selling_costs
3260,Offplan,YES,981000.0,NO,,NO,NO,NO,NO,NO,NO,NO,NO,NO,NO,annual_rent|verified_service_charge|net_rental_income|acquisition_costs|broker_purchase_cost|holding_period|exit_value|selling_costs
8401,Offplan,YES,4710000.0,NO,,NO,NO,NO,NO,NO,NO,NO,NO,NO,NO,annual_rent|verified_service_charge|net_rental_income|acquisition_costs|broker_purchase_cost|holding_period|exit_value|selling_costs
6964,Offplan,YES,1950000.0,NO,,NO,NO,NO,NO,NO,NO,NO,NO,NO,NO,annual_rent|verified_service_charge|net_rental_income|acquisition_costs|broker_purchase_cost|holding_period|exit_value|selling_costs
8031,Offplan,YES,711648.0,NO,,NO,NO,NO,NO,NO,NO,NO,NO,NO,NO,annual_rent|verified_service_charge|net_rental_income|acquisition_costs|broker_purchase_cost|holding_period|exit_value|selling_costs
6121,Offplan,YES,1460890.0,NO,,NO,NO,NO,NO,NO,NO,NO,NO,NO,NO,annual_rent|verified_service_charge|net_rental_income|acquisition_costs|broker_purchase_cost|holding_period|exit_value|selling_costs
8052,Offplan,YES,2500000.0,NO,,NO,NO,NO,NO,NO,NO,NO,NO,NO,NO,annual_rent|verified_service_charge|net_rental_income|acquisition_costs|broker_purchase_cost|holding_period|exit_value|selling_costs
897,Ready,YES,2800000.0,YES,211680.0,NO,NO,NO,NO,NO,NO,NO,NO,NO,NO,verified_service_charge|net_rental_income|acquisition_costs|broker_purchase_cost|holding_period|exit_value|selling_costs
7097,Offplan,YES,3450000.0,NO,,NO,NO,NO,NO,NO,NO,NO,NO,NO,NO,annual_rent|verified_service_charge|net_rental_income|acquisition_costs|broker_purchase_cost|holding_period|exit_value|selling_costs
6598,Offplan,YES,834000.0,NO,,NO,NO,NO,NO,NO,NO,NO,NO,NO,NO,annual_rent|verified_service_charge|net_rental_income|acquisition_costs|broker_purchase_cost|holding_period|exit_value|selling_costs
764,Offplan,YES,22240800.0,NO,,NO,NO,NO,NO,NO,NO,NO,NO,NO,NO,annual_rent|verified_service_charge|net_rental_income|acquisition_costs|broker_purchase_cost|holding_period|exit_value|selling_costs
4166,Offplan,YES,1821000.0,NO,,NO,NO,NO,NO,NO,NO,NO,NO,NO,NO,annual_rent|verified_service_charge|net_rental_income|acquisition_costs|broker_purchase_cost|holding_period|exit_value|selling_costs
7150,Offplan,YES,2300000.0,NO,,NO,NO,NO,NO,NO,NO,NO,NO,NO,NO,annual_rent|verified_service_charge|net_rental_income|acquisition_costs|broker_purchase_cost|holding_period|exit_value|selling_costs
2398,Ready,YES,1750000.0,YES,105600.0,NO,NO,NO,NO,NO,NO,NO,NO,NO,NO,verified_service_charge|net_rental_income|acquisition_costs|broker_purchase_cost|holding_period|exit_value|selling_costs
3340,Offplan,YES,1849940.0,NO,,NO,NO,NO,NO,NO,NO,NO,NO,NO,NO,annual_rent|verified_service_charge|net_rental_income|acquisition_costs|broker_purchase_cost|holding_period|exit_value|selling_costs
4850,Offplan,YES,17559000.0,NO,,NO,NO,NO,NO,NO,NO,NO,NO,NO,NO,annual_rent|verified_service_charge|net_rental_income|acquisition_costs|broker_purchase_cost|holding_period|exit_value|selling_costs
2241,Offplan,YES,1554000.0,NO,,NO,NO,NO,NO,NO,NO,NO,NO,NO,NO,annual_rent|verified_service_charge|net_rental_income|acquisition_costs|broker_purchase_cost|holding_period|exit_value|selling_costs
2730,Ready,YES,1200000.0,YES,112320.0,NO,NO,NO,NO,NO,NO,NO,NO,NO,NO,verified_service_charge|net_rental_income|acquisition_costs|broker_purchase_cost|holding_period|exit_value|selling_costs
917,Offplan,YES,650000.0,NO,,NO,NO,NO,NO,NO,NO,NO,NO,NO,NO,annual_rent|verified_service_charge|net_rental_income|acquisition_costs|broker_purchase_cost|holding_period|exit_value|selling_costs
8234,Offplan,YES,1300000.0,NO,,NO,NO,NO,NO,NO,NO,NO,NO,NO,NO,annual_rent|verified_service_charge|net_rental_income|acquisition_costs|broker_purchase_cost|holding_period|exit_value|selling_costs
1483,Offplan,YES,790000.0,NO,,NO,NO,NO,NO,NO,NO,NO,NO,NO,NO,annual_rent|verified_service_charge|net_rental_income|acquisition_costs|broker_purchase_cost|holding_period|exit_value|selling_costs
955,Offplan,YES,4732710.0,NO,,NO,NO,NO,NO,NO,NO,NO,NO,NO,NO,annual_rent|verified_service_charge|net_rental_income|acquisition_costs|broker_purchase_cost|holding_period|exit_value|selling_costs
2301,Offplan,YES,2800000.0,NO,,NO,NO,NO,NO,NO,NO,NO,NO,NO,NO,annual_rent|verified_service_charge|net_rental_income|acquisition_costs|broker_purchase_cost|holding_period|exit_value|selling_costs
4546,Offplan,YES,2100000.0,NO,,NO,NO,NO,NO,NO,NO,NO,NO,NO,NO,annual_rent|verified_service_charge|net_rental_income|acquisition_costs|broker_purchase_cost|holding_period|exit_value|selling_costs
3168,Offplan,YES,1500000.0,NO,,NO,NO,NO,NO,NO,NO,NO,NO,NO,NO,annual_rent|verified_service_charge|net_rental_income|acquisition_costs|broker_purchase_cost|holding_period|exit_value|selling_costs
3983,Offplan,YES,2111140.0,NO,,NO,NO,NO,NO,NO,NO,NO,NO,NO,NO,annual_rent|verified_service_charge|net_rental_income|acquisition_costs|broker_purchase_cost|holding_period|exit_value|selling_costs
37,Offplan,YES,553000.0,NO,,NO,NO,NO,NO,NO,NO,NO,NO,NO,NO,annual_rent|verified_service_charge|net_rental_income|acquisition_costs|broker_purchase_cost|holding_period|exit_value|selling_costs
7464,Ready,YES,1020000.0,YES,78720.0,NO,NO,NO,NO,NO,NO,NO,NO,NO,NO,verified_service_charge|net_rental_income|acquisition_costs|broker_purchase_cost|holding_period|exit_value|selling_costs
4547,Ready,YES,1050000.0,YES,86400.0,NO,NO,NO,NO,NO,NO,NO,NO,NO,NO,verified_service_charge|net_rental_income|acquisition_costs|broker_purchase_cost|holding_period|exit_value|selling_costs
4118,Offplan,YES,1300000.0,NO,,NO,NO,NO,NO,NO,NO,NO,NO,NO,NO,annual_rent|verified_service_charge|net_rental_income|acquisition_costs|broker_purchase_cost|holding_period|exit_value|selling_costs
1662,Offplan,YES,4719790.0,NO,,NO,NO,NO,NO,NO,NO,NO,NO,NO,NO,annual_rent|verified_service_charge|net_rental_income|acquisition_costs|broker_purchase_cost|holding_period|exit_value|selling_costs
1580,Offplan,YES,3400000.0,NO,,NO,NO,NO,NO,NO,NO,NO,NO,NO,NO,annual_rent|verified_service_charge|net_rental_income|acquisition_costs|broker_purchase_cost|holding_period|exit_value|selling_costs
2728,Offplan,YES,2070000.0,NO,,NO,NO,NO,NO,NO,NO,NO,NO,NO,NO,annual_rent|verified_service_charge|net_rental_income|acquisition_costs|broker_purchase_cost|holding_period|exit_value|selling_costs
3751,Offplan,YES,3100000.0,NO,,NO,NO,NO,NO,NO,NO,NO,NO,NO,NO,annual_rent|verified_service_charge|net_rental_income|acquisition_costs|broker_purchase_cost|holding_period|exit_value|selling_costs
3661,Offplan,YES,2050000.0,NO,,NO,NO,NO,NO,NO,NO,NO,NO,NO,NO,annual_rent|verified_service_charge|net_rental_income|acquisition_costs|broker_purchase_cost|holding_period|exit_value|selling_costs
3393,Offplan,YES,2121700.0,NO,,NO,NO,NO,NO,NO,NO,NO,NO,NO,NO,annual_rent|verified_service_charge|net_rental_income|acquisition_costs|broker_purchase_cost|holding_period|exit_value|selling_costs
4636,Offplan,YES,758400.0,NO,,NO,NO,NO,NO,NO,NO,NO,NO,NO,NO,annual_rent|verified_service_charge|net_rental_income|acquisition_costs|broker_purchase_cost|holding_period|exit_value|selling_costs
4969,Offplan,YES,3600000.0,NO,,NO,NO,NO,NO,NO,NO,NO,NO,NO,NO,annual_rent|verified_service_charge|net_rental_income|acquisition_costs|broker_purchase_cost|holding_period|exit_value|selling_costs
5349,Offplan,YES,1895000.0,NO,,NO,NO,NO,NO,NO,NO,NO,NO,NO,NO,annual_rent|verified_service_charge|net_rental_income|acquisition_costs|broker_purchase_cost|holding_period|exit_value|selling_costs
3080,Offplan,YES,3850000.0,NO,,NO,NO,NO,NO,NO,NO,NO,NO,NO,NO,annual_rent|verified_service_charge|net_rental_income|acquisition_costs|broker_purchase_cost|holding_period|exit_value|selling_costs
7937,Offplan,YES,936719.0,NO,,NO,NO,NO,NO,NO,NO,NO,NO,NO,NO,annual_rent|verified_service_charge|net_rental_income|acquisition_costs|broker_purchase_cost|holding_period|exit_value|selling_costs
4245,Ready,YES,6920486.0,NO,,NO,NO,NO,NO,NO,NO,NO,NO,NO,NO,annual_rent|verified_service_charge|net_rental_income|acquisition_costs|broker_purchase_cost|holding_period|exit_value|selling_costs
1535,Offplan,YES,1592360.0,NO,,NO,NO,NO,NO,NO,NO,NO,NO,NO,NO,annual_rent|verified_service_charge|net_rental_income|acquisition_costs|broker_purchase_cost|holding_period|exit_value|selling_costs
755,Offplan,YES,1000000.0,NO,,NO,NO,NO,NO,NO,NO,NO,NO,NO,NO,annual_rent|verified_service_charge|net_rental_income|acquisition_costs|broker_purchase_cost|holding_period|exit_value|selling_costs
2240,Offplan,YES,6614000.0,NO,,NO,NO,NO,NO,NO,NO,NO,NO,NO,NO,annual_rent|verified_service_charge|net_rental_income|acquisition_costs|broker_purchase_cost|holding_period|exit_value|selling_costs
1999,Offplan,YES,1700000.0,NO,,NO,NO,NO,NO,NO,NO,NO,NO,NO,NO,annual_rent|verified_service_charge|net_rental_income|acquisition_costs|broker_purchase_cost|holding_period|exit_value|selling_costs
5009,Ready,YES,796000.0,YES,76800.0,NO,NO,NO,NO,NO,NO,NO,NO,NO,NO,verified_service_charge|net_rental_income|acquisition_costs|broker_purchase_cost|holding_period|exit_value|selling_costs
5118,Offplan,YES,1733700.0,NO,,NO,NO,NO,NO,NO,NO,NO,NO,NO,NO,annual_rent|verified_service_charge|net_rental_income|acquisition_costs|broker_purchase_cost|holding_period|exit_value|selling_costs
4639,Offplan,YES,1100000.0,NO,,NO,NO,NO,NO,NO,NO,NO,NO,NO,NO,annual_rent|verified_service_charge|net_rental_income|acquisition_costs|broker_purchase_cost|holding_period|exit_value|selling_costs
1146,Ready,YES,3955410.0,YES,154028.0,NO,NO,NO,NO,NO,NO,NO,NO,NO,NO,verified_service_charge|net_rental_income|acquisition_costs|broker_purchase_cost|holding_period|exit_value|selling_costs
7278,Ready,YES,2200000.0,YES,120000.0,NO,NO,NO,NO,NO,NO,NO,NO,NO,NO,verified_service_charge|net_rental_income|acquisition_costs|broker_purchase_cost|holding_period|exit_value|selling_costs
7111,Offplan,YES,1890630.0,NO,,NO,NO,NO,NO,NO,NO,NO,NO,NO,NO,annual_rent|verified_service_charge|net_rental_income|acquisition_costs|broker_purchase_cost|holding_period|exit_value|selling_costs
7106,Offplan,YES,2924000.0,NO,,NO,NO,NO,NO,NO,NO,NO,NO,NO,NO,annual_rent|verified_service_charge|net_rental_income|acquisition_costs|broker_purchase_cost|holding_period|exit_value|selling_costs
2054,Offplan,YES,2750000.0,NO,,NO,NO,NO,NO,NO,NO,NO,NO,NO,NO,annual_rent|verified_service_charge|net_rental_income|acquisition_costs|broker_purchase_cost|holding_period|exit_value|selling_costs
365,Ready,YES,609000.0,YES,43200.0,NO,NO,NO,NO,NO,NO,NO,NO,NO,NO,verified_service_charge|net_rental_income|acquisition_costs|broker_purchase_cost|holding_period|exit_value|selling_costs
4558,Offplan,YES,1770000.0,NO,,NO,NO,NO,NO,NO,NO,NO,NO,NO,NO,annual_rent|verified_service_charge|net_rental_income|acquisition_costs|broker_purchase_cost|holding_period|exit_value|selling_costs
3343,Offplan,YES,88600000.0,NO,,NO,NO,NO,NO,NO,NO,NO,NO,NO,NO,annual_rent|verified_service_charge|net_rental_income|acquisition_costs|broker_purchase_cost|holding_period|exit_value|selling_costs
5264,Offplan,YES,2985498.0,NO,,NO,NO,NO,NO,NO,NO,NO,NO,NO,NO,annual_rent|verified_service_charge|net_rental_income|acquisition_costs|broker_purchase_cost|holding_period|exit_value|selling_costs
1084,Offplan,YES,4000000.0,NO,,NO,NO,NO,NO,NO,NO,NO,NO,NO,NO,annual_rent|verified_service_charge|net_rental_income|acquisition_costs|broker_purchase_cost|holding_period|exit_value|selling_costs
7315,Offplan,YES,2500000.0,NO,,NO,NO,NO,NO,NO,NO,NO,NO,NO,NO,annual_rent|verified_service_charge|net_rental_income|acquisition_costs|broker_purchase_cost|holding_period|exit_value|selling_costs
4624,Offplan,YES,1400000.0,NO,,NO,NO,NO,NO,NO,NO,NO,NO,NO,NO,annual_rent|verified_service_charge|net_rental_income|acquisition_costs|broker_purchase_cost|holding_period|exit_value|selling_costs
16,Offplan,YES,1927280.0,NO,,NO,NO,NO,NO,NO,NO,NO,NO,NO,NO,annual_rent|verified_service_charge|net_rental_income|acquisition_costs|broker_purchase_cost|holding_period|exit_value|selling_costs
557,Offplan,YES,10000000.0,NO,,NO,NO,NO,NO,NO,NO,NO,NO,NO,NO,annual_rent|verified_service_charge|net_rental_income|acquisition_costs|broker_purchase_cost|holding_period|exit_value|selling_costs
5972,Offplan,YES,912000.0,NO,,NO,NO,NO,NO,NO,NO,NO,NO,NO,NO,annual_rent|verified_service_charge|net_rental_income|acquisition_costs|broker_purchase_cost|holding_period|exit_value|selling_costs
7548,Offplan,YES,2300000.0,NO,,NO,NO,NO,NO,NO,NO,NO,NO,NO,NO,annual_rent|verified_service_charge|net_rental_income|acquisition_costs|broker_purchase_cost|holding_period|exit_value|selling_costs
1861,Offplan,YES,3100000.0,NO,,NO,NO,NO,NO,NO,NO,NO,NO,NO,NO,annual_rent|verified_service_charge|net_rental_income|acquisition_costs|broker_purchase_cost|holding_period|exit_value|selling_costs
7988,Offplan,YES,3752070.0,NO,,NO,NO,NO,NO,NO,NO,NO,NO,NO,NO,annual_rent|verified_service_charge|net_rental_income|acquisition_costs|broker_purchase_cost|holding_period|exit_value|selling_costs
792,Offplan,YES,3010137.0,NO,,NO,NO,NO,NO,NO,NO,NO,NO,NO,NO,annual_rent|verified_service_charge|net_rental_income|acquisition_costs|broker_purchase_cost|holding_period|exit_value|selling_costs
8055,Offplan,YES,2098780.0,NO,,NO,NO,NO,NO,NO,NO,NO,NO,NO,NO,annual_rent|verified_service_charge|net_rental_income|acquisition_costs|broker_purchase_cost|holding_period|exit_value|selling_costs
3508,Ready,YES,1700000.0,YES,76800.0,NO,NO,NO,NO,NO,NO,NO,NO,NO,NO,verified_service_charge|net_rental_income|acquisition_costs|broker_purchase_cost|holding_period|exit_value|selling_costs
6069,Offplan,YES,2720000.0,NO,,NO,NO,NO,NO,NO,NO,NO,NO,NO,NO,annual_rent|verified_service_charge|net_rental_income|acquisition_costs|broker_purchase_cost|holding_period|exit_value|selling_costs
7342,Ready,YES,5190000.0,NO,,NO,NO,NO,NO,NO,NO,NO,NO,NO,NO,annual_rent|verified_service_charge|net_rental_income|acquisition_costs|broker_purchase_cost|holding_period|exit_value|selling_costs
8369,Ready,YES,1100000.0,YES,62400.0,NO,NO,NO,NO,NO,NO,NO,NO,NO,NO,verified_service_charge|net_rental_income|acquisition_costs|broker_purchase_cost|holding_period|exit_value|selling_costs
7498,Offplan,YES,4526479.0,NO,,NO,NO,NO,NO,NO,NO,NO,NO,NO,NO,annual_rent|verified_service_charge|net_rental_income|acquisition_costs|broker_purchase_cost|holding_period|exit_value|selling_costs
2292,Offplan,YES,951926.0,NO,,NO,NO,NO,NO,NO,NO,NO,NO,NO,NO,annual_rent|verified_service_charge|net_rental_income|acquisition_costs|broker_purchase_cost|holding_period|exit_value|selling_costs
1498,Offplan,YES,2800000.0,NO,,NO,NO,NO,NO,NO,NO,NO,NO,NO,NO,annual_rent|verified_service_charge|net_rental_income|acquisition_costs|broker_purchase_cost|holding_period|exit_value|selling_costs
3881,Offplan,YES,2701888.0,NO,,NO,NO,NO,NO,NO,NO,NO,NO,NO,NO,annual_rent|verified_service_charge|net_rental_income|acquisition_costs|broker_purchase_cost|holding_period|exit_value|selling_costs
7658,Offplan,YES,4350000.0,NO,,NO,NO,NO,NO,NO,NO,NO,NO,NO,NO,annual_rent|verified_service_charge|net_rental_income|acquisition_costs|broker_purchase_cost|holding_period|exit_value|selling_costs
664,Offplan,YES,875000.0,NO,,NO,NO,NO,NO,NO,NO,NO,NO,NO,NO,annual_rent|verified_service_charge|net_rental_income|acquisition_costs|broker_purchase_cost|holding_period|exit_value|selling_costs
5096,Offplan,YES,1890061.0,NO,,NO,NO,NO,NO,NO,NO,NO,NO,NO,NO,annual_rent|verified_service_charge|net_rental_income|acquisition_costs|broker_purchase_cost|holding_period|exit_value|selling_costs
7244,Offplan,YES,2100000.0,NO,,NO,NO,NO,NO,NO,NO,NO,NO,NO,NO,annual_rent|verified_service_charge|net_rental_income|acquisition_costs|broker_purchase_cost|holding_period|exit_value|selling_costs
2445,Offplan,YES,15750000.0,NO,,NO,NO,NO,NO,NO,NO,NO,NO,NO,NO,annual_rent|verified_service_charge|net_rental_income|acquisition_costs|broker_purchase_cost|holding_period|exit_value|selling_costs
4042,Offplan,YES,1080000.0,NO,,NO,NO,NO,NO,NO,NO,NO,NO,NO,NO,annual_rent|verified_service_charge|net_rental_income|acquisition_costs|broker_purchase_cost|holding_period|exit_value|selling_costs
5763,Offplan,YES,4000000.0,NO,,NO,NO,NO,NO,NO,NO,NO,NO,NO,NO,annual_rent|verified_service_charge|net_rental_income|acquisition_costs|broker_purchase_cost|holding_period|exit_value|selling_costs
7516,Offplan,YES,1495000.0,NO,,NO,NO,NO,NO,NO,NO,NO,NO,NO,NO,annual_rent|verified_service_charge|net_rental_income|acquisition_costs|broker_purchase_cost|holding_period|exit_value|selling_costs
6937,Offplan,YES,1950000.0,NO,,NO,NO,NO,NO,NO,NO,NO,NO,NO,NO,annual_rent|verified_service_charge|net_rental_income|acquisition_costs|broker_purchase_cost|holding_period|exit_value|selling_costs
2962,Offplan,YES,3434000.0,NO,,NO,NO,NO,NO,NO,NO,NO,NO,NO,NO,annual_rent|verified_service_charge|net_rental_income|acquisition_costs|broker_purchase_cost|holding_period|exit_value|selling_costs
8197,Offplan,YES,1500000.0,NO,,NO,NO,NO,NO,NO,NO,NO,NO,NO,NO,annual_rent|verified_service_charge|net_rental_income|acquisition_costs|broker_purchase_cost|holding_period|exit_value|selling_costs
5337,Offplan,YES,1251000.0,NO,,NO,NO,NO,NO,NO,NO,NO,NO,NO,NO,annual_rent|verified_service_charge|net_rental_income|acquisition_costs|broker_purchase_cost|holding_period|exit_value|selling_costs
3306,Offplan,YES,5230000.0,NO,,NO,NO,NO,NO,NO,NO,NO,NO,NO,NO,annual_rent|verified_service_charge|net_rental_income|acquisition_costs|broker_purchase_cost|holding_period|exit_value|selling_costs
3371,Offplan,YES,887607.0,NO,,NO,NO,NO,NO,NO,NO,NO,NO,NO,NO,annual_rent|verified_service_charge|net_rental_income|acquisition_costs|broker_purchase_cost|holding_period|exit_value|selling_costs
6300,Offplan,YES,1140000.0,NO,,NO,NO,NO,NO,NO,NO,NO,NO,NO,NO,annual_rent|verified_service_charge|net_rental_income|acquisition_costs|broker_purchase_cost|holding_period|exit_value|selling_costs
14,Offplan,YES,1672890.0,NO,,NO,NO,NO,NO,NO,NO,NO,NO,NO,NO,annual_rent|verified_service_charge|net_rental_income|acquisition_costs|broker_purchase_cost|holding_period|exit_value|selling_costs
373,Offplan,YES,3790000.0,NO,,NO,NO,NO,NO,NO,NO,NO,NO,NO,NO,annual_rent|verified_service_charge|net_rental_income|acquisition_costs|broker_purchase_cost|holding_period|exit_value|selling_costs
3065,Offplan,YES,4000000.0,NO,,NO,NO,NO,NO,NO,NO,NO,NO,NO,NO,annual_rent|verified_service_charge|net_rental_income|acquisition_costs|broker_purchase_cost|holding_period|exit_value|selling_costs
5617,Offplan,YES,3510000.0,NO,,NO,NO,NO,NO,NO,NO,NO,NO,NO,NO,annual_rent|verified_service_charge|net_rental_income|acquisition_costs|broker_purchase_cost|holding_period|exit_value|selling_costs
4369,Offplan,YES,57500000.0,NO,,NO,NO,NO,NO,NO,NO,NO,NO,NO,NO,annual_rent|verified_service_charge|net_rental_income|acquisition_costs|broker_purchase_cost|holding_period|exit_value|selling_costs
2177,Offplan,YES,1400000.0,NO,,NO,NO,NO,NO,NO,NO,NO,NO,NO,NO,annual_rent|verified_service_charge|net_rental_income|acquisition_costs|broker_purchase_cost|holding_period|exit_value|selling_costs
1570,Offplan,YES,1780000.0,NO,,NO,NO,NO,NO,NO,NO,NO,NO,NO,NO,annual_rent|verified_service_charge|net_rental_income|acquisition_costs|broker_purchase_cost|holding_period|exit_value|selling_costs
5815,Offplan,YES,3880610.0,NO,,NO,NO,NO,NO,NO,NO,NO,NO,NO,NO,annual_rent|verified_service_charge|net_rental_income|acquisition_costs|broker_purchase_cost|holding_period|exit_value|selling_costs
3631,Offplan,YES,1100000.0,NO,,NO,NO,NO,NO,NO,NO,NO,NO,NO,NO,annual_rent|verified_service_charge|net_rental_income|acquisition_costs|broker_purchase_cost|holding_period|exit_value|selling_costs
4990,Offplan,YES,2693730.0,NO,,NO,NO,NO,NO,NO,NO,NO,NO,NO,NO,annual_rent|verified_service_charge|net_rental_income|acquisition_costs|broker_purchase_cost|holding_period|exit_value|selling_costs
457,Offplan,YES,4700000.0,NO,,NO,NO,NO,NO,NO,NO,NO,NO,NO,NO,annual_rent|verified_service_charge|net_rental_income|acquisition_costs|broker_purchase_cost|holding_period|exit_value|selling_costs
5745,Offplan,YES,705000.0,NO,,NO,NO,NO,NO,NO,NO,NO,NO,NO,NO,annual_rent|verified_service_charge|net_rental_income|acquisition_costs|broker_purchase_cost|holding_period|exit_value|selling_costs
2630,Offplan,YES,911286.0,NO,,NO,NO,NO,NO,NO,NO,NO,NO,NO,NO,annual_rent|verified_service_charge|net_rental_income|acquisition_costs|broker_purchase_cost|holding_period|exit_value|selling_costs
7573,Offplan,YES,1008860.0,NO,,NO,NO,NO,NO,NO,NO,NO,NO,NO,NO,annual_rent|verified_service_charge|net_rental_income|acquisition_costs|broker_purchase_cost|holding_period|exit_value|selling_costs
2920,Offplan,YES,1700000.0,NO,,NO,NO,NO,NO,NO,NO,NO,NO,NO,NO,annual_rent|verified_service_charge|net_rental_income|acquisition_costs|broker_purchase_cost|holding_period|exit_value|selling_costs
1792,Offplan,YES,1200000.0,NO,,NO,NO,NO,NO,NO,NO,NO,NO,NO,NO,annual_rent|verified_service_charge|net_rental_income|acquisition_costs|broker_purchase_cost|holding_period|exit_value|selling_costs
1636,Ready,YES,4737408.0,NO,,NO,NO,NO,NO,NO,NO,NO,NO,NO,NO,annual_rent|verified_service_charge|net_rental_income|acquisition_costs|broker_purchase_cost|holding_period|exit_value|selling_costs
807,Offplan,YES,1739000.0,NO,,NO,NO,NO,NO,NO,NO,NO,NO,NO,NO,annual_rent|verified_service_charge|net_rental_income|acquisition_costs|broker_purchase_cost|holding_period|exit_value|selling_costs
4241,Offplan,YES,1325890.0,NO,,NO,NO,NO,NO,NO,NO,NO,NO,NO,NO,annual_rent|verified_service_charge|net_rental_income|acquisition_costs|broker_purchase_cost|holding_period|exit_value|selling_costs
5432,Offplan,YES,1429770.0,NO,,NO,NO,NO,NO,NO,NO,NO,NO,NO,NO,annual_rent|verified_service_charge|net_rental_income|acquisition_costs|broker_purchase_cost|holding_period|exit_value|selling_costs
1817,Offplan,YES,1419000.0,NO,,NO,NO,NO,NO,NO,NO,NO,NO,NO,NO,annual_rent|verified_service_charge|net_rental_income|acquisition_costs|broker_purchase_cost|holding_period|exit_value|selling_costs
3742,Offplan,YES,1500000.0,NO,,NO,NO,NO,NO,NO,NO,NO,NO,NO,NO,annual_rent|verified_service_charge|net_rental_income|acquisition_costs|broker_purchase_cost|holding_period|exit_value|selling_costs
7656,Ready,YES,601000.0,YES,43200.0,NO,NO,NO,NO,NO,NO,NO,NO,NO,NO,verified_service_charge|net_rental_income|acquisition_costs|broker_purchase_cost|holding_period|exit_value|selling_costs
5791,Offplan,YES,4100000.0,NO,,NO,NO,NO,NO,NO,NO,NO,NO,NO,NO,annual_rent|verified_service_charge|net_rental_income|acquisition_costs|broker_purchase_cost|holding_period|exit_value|selling_costs
2061,Ready,YES,1200000.0,YES,60480.0,NO,NO,NO,NO,NO,NO,NO,NO,NO,NO,verified_service_charge|net_rental_income|acquisition_costs|broker_purchase_cost|holding_period|exit_value|selling_costs
140,Ready,YES,2936770.0,NO,,NO,NO,NO,NO,NO,NO,NO,NO,NO,NO,annual_rent|verified_service_charge|net_rental_income|acquisition_costs|broker_purchase_cost|holding_period|exit_value|selling_costs
611,Offplan,YES,3850000.0,NO,,NO,NO,NO,NO,NO,NO,NO,NO,NO,NO,annual_rent|verified_service_charge|net_rental_income|acquisition_costs|broker_purchase_cost|holding_period|exit_value|selling_costs
906,Offplan,YES,800000.0,NO,,NO,NO,NO,NO,NO,NO,NO,NO,NO,NO,annual_rent|verified_service_charge|net_rental_income|acquisition_costs|broker_purchase_cost|holding_period|exit_value|selling_costs
3439,Offplan,YES,2197000.0,NO,,NO,NO,NO,NO,NO,NO,NO,NO,NO,NO,annual_rent|verified_service_charge|net_rental_income|acquisition_costs|broker_purchase_cost|holding_period|exit_value|selling_costs
5937,Offplan,YES,579200.0,NO,,NO,NO,NO,NO,NO,NO,NO,NO,NO,NO,annual_rent|verified_service_charge|net_rental_income|acquisition_costs|broker_purchase_cost|holding_period|exit_value|selling_costs
4487,Offplan,YES,967627.0,NO,,NO,NO,NO,NO,NO,NO,NO,NO,NO,NO,annual_rent|verified_service_charge|net_rental_income|acquisition_costs|broker_purchase_cost|holding_period|exit_value|selling_costs
3603,Offplan,YES,560000.0,NO,,NO,NO,NO,NO,NO,NO,NO,NO,NO,NO,annual_rent|verified_service_charge|net_rental_income|acquisition_costs|broker_purchase_cost|holding_period|exit_value|selling_costs
4419,Offplan,YES,1392000.0,NO,,NO,NO,NO,NO,NO,NO,NO,NO,NO,NO,annual_rent|verified_service_charge|net_rental_income|acquisition_costs|broker_purchase_cost|holding_period|exit_value|selling_costs
5602,Offplan,YES,1700000.0,NO,,NO,NO,NO,NO,NO,NO,NO,NO,NO,NO,annual_rent|verified_service_charge|net_rental_income|acquisition_costs|broker_purchase_cost|holding_period|exit_value|selling_costs
3612,Offplan,YES,1950000.0,NO,,NO,NO,NO,NO,NO,NO,NO,NO,NO,NO,annual_rent|verified_service_charge|net_rental_income|acquisition_costs|broker_purchase_cost|holding_period|exit_value|selling_costs
4674,Ready,YES,4000000.0,YES,242880.0,NO,NO,NO,NO,NO,NO,NO,NO,NO,NO,verified_service_charge|net_rental_income|acquisition_costs|broker_purchase_cost|holding_period|exit_value|selling_costs
5773,Ready,YES,921879.0,YES,48960.0,NO,NO,NO,NO,NO,NO,NO,NO,NO,NO,verified_service_charge|net_rental_income|acquisition_costs|broker_purchase_cost|holding_period|exit_value|selling_costs
858,Offplan,YES,3173890.0,NO,,NO,NO,NO,NO,NO,NO,NO,NO,NO,NO,annual_rent|verified_service_charge|net_rental_income|acquisition_costs|broker_purchase_cost|holding_period|exit_value|selling_costs
7809,Offplan,YES,10300000.0,NO,,NO,NO,NO,NO,NO,NO,NO,NO,NO,NO,annual_rent|verified_service_charge|net_rental_income|acquisition_costs|broker_purchase_cost|holding_period|exit_value|selling_costs
5574,Ready,YES,870000.0,YES,65280.0,NO,NO,NO,NO,NO,NO,NO,NO,NO,NO,verified_service_charge|net_rental_income|acquisition_costs|broker_purchase_cost|holding_period|exit_value|selling_costs
7676,Offplan,YES,2609220.0,NO,,NO,NO,NO,NO,NO,NO,NO,NO,NO,NO,annual_rent|verified_service_charge|net_rental_income|acquisition_costs|broker_purchase_cost|holding_period|exit_value|selling_costs
57,Offplan,YES,991209.0,NO,,NO,NO,NO,NO,NO,NO,NO,NO,NO,NO,annual_rent|verified_service_charge|net_rental_income|acquisition_costs|broker_purchase_cost|holding_period|exit_value|selling_costs
1465,Offplan,YES,2800000.0,NO,,NO,NO,NO,NO,NO,NO,NO,NO,NO,NO,annual_rent|verified_service_charge|net_rental_income|acquisition_costs|broker_purchase_cost|holding_period|exit_value|selling_costs
3711,Offplan,YES,2100000.0,NO,,NO,NO,NO,NO,NO,NO,NO,NO,NO,NO,annual_rent|verified_service_charge|net_rental_income|acquisition_costs|broker_purchase_cost|holding_period|exit_value|selling_costs
5188,Offplan,YES,1492230.0,NO,,NO,NO,NO,NO,NO,NO,NO,NO,NO,NO,annual_rent|verified_service_charge|net_rental_income|acquisition_costs|broker_purchase_cost|holding_period|exit_value|selling_costs
1210,Offplan,YES,1700000.0,NO,,NO,NO,NO,NO,NO,NO,NO,NO,NO,NO,annual_rent|verified_service_charge|net_rental_income|acquisition_costs|broker_purchase_cost|holding_period|exit_value|selling_costs
1681,Offplan,YES,825000.0,NO,,NO,NO,NO,NO,NO,NO,NO,NO,NO,NO,annual_rent|verified_service_charge|net_rental_income|acquisition_costs|broker_purchase_cost|holding_period|exit_value|selling_costs
1215,Offplan,YES,5616030.0,NO,,NO,NO,NO,NO,NO,NO,NO,NO,NO,NO,annual_rent|verified_service_charge|net_rental_income|acquisition_costs|broker_purchase_cost|holding_period|exit_value|selling_costs
6151,Offplan,YES,1799000.0,NO,,NO,NO,NO,NO,NO,NO,NO,NO,NO,NO,annual_rent|verified_service_charge|net_rental_income|acquisition_costs|broker_purchase_cost|holding_period|exit_value|selling_costs
6088,Offplan,YES,1200000.0,NO,,NO,NO,NO,NO,NO,NO,NO,NO,NO,NO,annual_rent|verified_service_charge|net_rental_income|acquisition_costs|broker_purchase_cost|holding_period|exit_value|selling_costs
2848,Offplan,YES,2778676.0,NO,,NO,NO,NO,NO,NO,NO,NO,NO,NO,NO,annual_rent|verified_service_charge|net_rental_income|acquisition_costs|broker_purchase_cost|holding_period|exit_value|selling_costs
6625,Offplan,YES,2000000.0,NO,,NO,NO,NO,NO,NO,NO,NO,NO,NO,NO,annual_rent|verified_service_charge|net_rental_income|acquisition_costs|broker_purchase_cost|holding_period|exit_value|selling_costs
3923,Offplan,YES,550000.0,NO,,NO,NO,NO,NO,NO,NO,NO,NO,NO,NO,annual_rent|verified_service_charge|net_rental_income|acquisition_costs|broker_purchase_cost|holding_period|exit_value|selling_costs
4469,Offplan,YES,1020000.0,NO,,NO,NO,NO,NO,NO,NO,NO,NO,NO,NO,annual_rent|verified_service_charge|net_rental_income|acquisition_costs|broker_purchase_cost|holding_period|exit_value|selling_costs
4755,Offplan,YES,1570090.0,NO,,NO,NO,NO,NO,NO,NO,NO,NO,NO,NO,annual_rent|verified_service_charge|net_rental_income|acquisition_costs|broker_purchase_cost|holding_period|exit_value|selling_costs
258,Offplan,YES,4000000.0,NO,,NO,NO,NO,NO,NO,NO,NO,NO,NO,NO,annual_rent|verified_service_charge|net_rental_income|acquisition_costs|broker_purchase_cost|holding_period|exit_value|selling_costs
4744,Ready,YES,4700000.0,YES,163200.0,YES,YES,YES,NO,NO,NO,NO,NO,NO,NO,net_rental_income|acquisition_costs|broker_purchase_cost|holding_period|exit_value|selling_costs
2162,Offplan,YES,3000000.0,NO,,NO,NO,NO,NO,NO,NO,NO,NO,NO,NO,annual_rent|verified_service_charge|net_rental_income|acquisition_costs|broker_purchase_cost|holding_period|exit_value|selling_costs
6614,Offplan,YES,930000.0,NO,,NO,NO,NO,NO,NO,NO,NO,NO,NO,NO,annual_rent|verified_service_charge|net_rental_income|acquisition_costs|broker_purchase_cost|holding_period|exit_value|selling_costs
4474,Offplan,YES,1472000.0,NO,,NO,NO,NO,NO,NO,NO,NO,NO,NO,NO,annual_rent|verified_service_charge|net_rental_income|acquisition_costs|broker_purchase_cost|holding_period|exit_value|selling_costs
5259,Offplan,YES,3700000.0,NO,,NO,NO,NO,NO,NO,NO,NO,NO,NO,NO,annual_rent|verified_service_charge|net_rental_income|acquisition_costs|broker_purchase_cost|holding_period|exit_value|selling_costs
4466,Offplan,YES,1650000.0,NO,,NO,NO,NO,NO,NO,NO,NO,NO,NO,NO,annual_rent|verified_service_charge|net_rental_income|acquisition_costs|broker_purchase_cost|holding_period|exit_value|selling_costs
2286,Offplan,YES,3000000.0,NO,,NO,NO,NO,NO,NO,NO,NO,NO,NO,NO,annual_rent|verified_service_charge|net_rental_income|acquisition_costs|broker_purchase_cost|holding_period|exit_value|selling_costs
2793,Offplan,YES,3000000.0,NO,,NO,NO,NO,NO,NO,NO,NO,NO,NO,NO,annual_rent|verified_service_charge|net_rental_income|acquisition_costs|broker_purchase_cost|holding_period|exit_value|selling_costs
1934,Offplan,YES,696000.0,NO,,NO,NO,NO,NO,NO,NO,NO,NO,NO,NO,annual_rent|verified_service_charge|net_rental_income|acquisition_costs|broker_purchase_cost|holding_period|exit_value|selling_costs
6931,Offplan,YES,650000.0,NO,,NO,NO,NO,NO,NO,NO,NO,NO,NO,NO,annual_rent|verified_service_charge|net_rental_income|acquisition_costs|broker_purchase_cost|holding_period|exit_value|selling_costs
8045,Offplan,YES,4130000.0,NO,,NO,NO,NO,NO,NO,NO,NO,NO,NO,NO,annual_rent|verified_service_charge|net_rental_income|acquisition_costs|broker_purchase_cost|holding_period|exit_value|selling_costs
3456,Offplan,YES,2618810.0,NO,,NO,NO,NO,NO,NO,NO,NO,NO,NO,NO,annual_rent|verified_service_charge|net_rental_income|acquisition_costs|broker_purchase_cost|holding_period|exit_value|selling_costs
7420,Offplan,YES,3700000.0,NO,,NO,NO,NO,NO,NO,NO,NO,NO,NO,NO,annual_rent|verified_service_charge|net_rental_income|acquisition_costs|broker_purchase_cost|holding_period|exit_value|selling_costs
6527,Offplan,YES,4045000.0,NO,,NO,NO,NO,NO,NO,NO,NO,NO,NO,NO,annual_rent|verified_service_charge|net_rental_income|acquisition_costs|broker_purchase_cost|holding_period|exit_value|selling_costs
2068,Offplan,YES,1170000.0,NO,,NO,NO,NO,NO,NO,NO,NO,NO,NO,NO,annual_rent|verified_service_charge|net_rental_income|acquisition_costs|broker_purchase_cost|holding_period|exit_value|selling_costs
2784,Offplan,YES,1050000.0,NO,,NO,NO,NO,NO,NO,NO,NO,NO,NO,NO,annual_rent|verified_service_charge|net_rental_income|acquisition_costs|broker_purchase_cost|holding_period|exit_value|selling_costs
1108,Offplan,YES,2400000.0,NO,,NO,NO,NO,NO,NO,NO,NO,NO,NO,NO,annual_rent|verified_service_charge|net_rental_income|acquisition_costs|broker_purchase_cost|holding_period|exit_value|selling_costs
2718,Offplan,YES,2600000.0,NO,,NO,NO,NO,NO,NO,NO,NO,NO,NO,NO,annual_rent|verified_service_charge|net_rental_income|acquisition_costs|broker_purchase_cost|holding_period|exit_value|selling_costs
6807,Offplan,YES,2000000.0,NO,,NO,NO,NO,NO,NO,NO,NO,NO,NO,NO,annual_rent|verified_service_charge|net_rental_income|acquisition_costs|broker_purchase_cost|holding_period|exit_value|selling_costs
1418,Offplan,YES,600000.0,NO,,NO,NO,NO,NO,NO,NO,NO,NO,NO,NO,annual_rent|verified_service_charge|net_rental_income|acquisition_costs|broker_purchase_cost|holding_period|exit_value|selling_costs
2522,Offplan,YES,520191.0,NO,,NO,NO,NO,NO,NO,NO,NO,NO,NO,NO,annual_rent|verified_service_charge|net_rental_income|acquisition_costs|broker_purchase_cost|holding_period|exit_value|selling_costs
447,Offplan,YES,6326000.0,NO,,NO,NO,NO,NO,NO,NO,NO,NO,NO,NO,annual_rent|verified_service_charge|net_rental_income|acquisition_costs|broker_purchase_cost|holding_period|exit_value|selling_costs
1557,Offplan,YES,1156690.0,NO,,NO,NO,NO,NO,NO,NO,NO,NO,NO,NO,annual_rent|verified_service_charge|net_rental_income|acquisition_costs|broker_purchase_cost|holding_period|exit_value|selling_costs
4731,Offplan,YES,664000.0,NO,,NO,NO,NO,NO,NO,NO,NO,NO,NO,NO,annual_rent|verified_service_charge|net_rental_income|acquisition_costs|broker_purchase_cost|holding_period|exit_value|selling_costs
7775,Offplan,YES,2506730.0,NO,,NO,NO,NO,NO,NO,NO,NO,NO,NO,NO,annual_rent|verified_service_charge|net_rental_income|acquisition_costs|broker_purchase_cost|holding_period|exit_value|selling_costs
7338,Offplan,YES,586000.0,NO,,NO,NO,NO,NO,NO,NO,NO,NO,NO,NO,annual_rent|verified_service_charge|net_rental_income|acquisition_costs|broker_purchase_cost|holding_period|exit_value|selling_costs
3021,Offplan,YES,4300000.0,NO,,NO,NO,NO,NO,NO,NO,NO,NO,NO,NO,annual_rent|verified_service_charge|net_rental_income|acquisition_costs|broker_purchase_cost|holding_period|exit_value|selling_costs
5577,Offplan,YES,4300000.0,NO,,NO,NO,NO,NO,NO,NO,NO,NO,NO,NO,annual_rent|verified_service_charge|net_rental_income|acquisition_costs|broker_purchase_cost|holding_period|exit_value|selling_costs
5864,Offplan,YES,3900000.0,NO,,NO,NO,NO,NO,NO,NO,NO,NO,NO,NO,annual_rent|verified_service_charge|net_rental_income|acquisition_costs|broker_purchase_cost|holding_period|exit_value|selling_costs
5437,Offplan,YES,957000.0,NO,,NO,NO,NO,NO,NO,NO,NO,NO,NO,NO,annual_rent|verified_service_charge|net_rental_income|acquisition_costs|broker_purchase_cost|holding_period|exit_value|selling_costs
493,Offplan,YES,3970000.0,NO,,NO,NO,NO,NO,NO,NO,NO,NO,NO,NO,annual_rent|verified_service_charge|net_rental_income|acquisition_costs|broker_purchase_cost|holding_period|exit_value|selling_costs
6883,Offplan,YES,1988350.0,NO,,NO,NO,NO,NO,NO,NO,NO,NO,NO,NO,annual_rent|verified_service_charge|net_rental_income|acquisition_costs|broker_purchase_cost|holding_period|exit_value|selling_costs
1705,Offplan,YES,1499999.0,NO,,NO,NO,NO,NO,NO,NO,NO,NO,NO,NO,annual_rent|verified_service_charge|net_rental_income|acquisition_costs|broker_purchase_cost|holding_period|exit_value|selling_costs
3495,Ready,YES,659000.0,YES,59520.0,NO,NO,NO,NO,NO,NO,NO,NO,NO,NO,verified_service_charge|net_rental_income|acquisition_costs|broker_purchase_cost|holding_period|exit_value|selling_costs
3069,Offplan,YES,3700000.0,NO,,NO,NO,NO,NO,NO,NO,NO,NO,NO,NO,annual_rent|verified_service_charge|net_rental_income|acquisition_costs|broker_purchase_cost|holding_period|exit_value|selling_costs
4667,Offplan,YES,625000.0,NO,,NO,NO,NO,NO,NO,NO,NO,NO,NO,NO,annual_rent|verified_service_charge|net_rental_income|acquisition_costs|broker_purchase_cost|holding_period|exit_value|selling_costs
3754,Offplan,YES,3070000.0,NO,,NO,NO,NO,NO,NO,NO,NO,NO,NO,NO,annual_rent|verified_service_charge|net_rental_income|acquisition_costs|broker_purchase_cost|holding_period|exit_value|selling_costs
7236,Offplan,YES,2701000.0,NO,,NO,NO,NO,NO,NO,NO,NO,NO,NO,NO,annual_rent|verified_service_charge|net_rental_income|acquisition_costs|broker_purchase_cost|holding_period|exit_value|selling_costs
3295,Offplan,YES,6670890.0,NO,,NO,NO,NO,NO,NO,NO,NO,NO,NO,NO,annual_rent|verified_service_charge|net_rental_income|acquisition_costs|broker_purchase_cost|holding_period|exit_value|selling_costs
6446,Ready,YES,4181200.0,NO,,NO,NO,NO,NO,NO,NO,NO,NO,NO,NO,annual_rent|verified_service_charge|net_rental_income|acquisition_costs|broker_purchase_cost|holding_period|exit_value|selling_costs
5465,Offplan,YES,1526890.0,NO,,NO,NO,NO,NO,NO,NO,NO,NO,NO,NO,annual_rent|verified_service_charge|net_rental_income|acquisition_costs|broker_purchase_cost|holding_period|exit_value|selling_costs
4168,Offplan,YES,60600000.0,NO,,NO,NO,NO,NO,NO,NO,NO,NO,NO,NO,annual_rent|verified_service_charge|net_rental_income|acquisition_costs|broker_purchase_cost|holding_period|exit_value|selling_costs
621,Offplan,YES,2900000.0,NO,,NO,NO,NO,NO,NO,NO,NO,NO,NO,NO,annual_rent|verified_service_charge|net_rental_income|acquisition_costs|broker_purchase_cost|holding_period|exit_value|selling_costs
3666,Ready,YES,2450000.0,YES,121920.0,NO,NO,NO,NO,NO,NO,NO,NO,NO,NO,verified_service_charge|net_rental_income|acquisition_costs|broker_purchase_cost|holding_period|exit_value|selling_costs
3089,Offplan,YES,700000.0,NO,,NO,NO,NO,NO,NO,NO,NO,NO,NO,NO,annual_rent|verified_service_charge|net_rental_income|acquisition_costs|broker_purchase_cost|holding_period|exit_value|selling_costs
5588,Offplan,YES,1100000.0,NO,,NO,NO,NO,NO,NO,NO,NO,NO,NO,NO,annual_rent|verified_service_charge|net_rental_income|acquisition_costs|broker_purchase_cost|holding_period|exit_value|selling_costs
7718,Offplan,YES,1298000.0,NO,,NO,NO,NO,NO,NO,NO,NO,NO,NO,NO,annual_rent|verified_service_charge|net_rental_income|acquisition_costs|broker_purchase_cost|holding_period|exit_value|selling_costs
6579,Offplan,YES,1761000.0,NO,,NO,NO,NO,NO,NO,NO,NO,NO,NO,NO,annual_rent|verified_service_charge|net_rental_income|acquisition_costs|broker_purchase_cost|holding_period|exit_value|selling_costs
7682,Offplan,YES,1478737.0,YES,72000.0,NO,NO,NO,NO,NO,NO,NO,NO,NO,NO,verified_service_charge|net_rental_income|acquisition_costs|broker_purchase_cost|holding_period|exit_value|selling_costs
329,Offplan,YES,4500000.0,NO,,NO,NO,NO,NO,NO,NO,NO,NO,NO,NO,annual_rent|verified_service_charge|net_rental_income|acquisition_costs|broker_purchase_cost|holding_period|exit_value|selling_costs
61,Offplan,YES,3300000.0,NO,,NO,NO,NO,NO,NO,NO,NO,NO,NO,NO,annual_rent|verified_service_charge|net_rental_income|acquisition_costs|broker_purchase_cost|holding_period|exit_value|selling_costs
8056,Offplan,YES,1600000.0,NO,,NO,NO,NO,NO,NO,NO,NO,NO,NO,NO,annual_rent|verified_service_charge|net_rental_income|acquisition_costs|broker_purchase_cost|holding_period|exit_value|selling_costs
8222,Offplan,YES,1930000.0,NO,,NO,NO,NO,NO,NO,NO,NO,NO,NO,NO,annual_rent|verified_service_charge|net_rental_income|acquisition_costs|broker_purchase_cost|holding_period|exit_value|selling_costs
6237,Offplan,YES,994888.0,NO,,NO,NO,NO,NO,NO,NO,NO,NO,NO,NO,annual_rent|verified_service_charge|net_rental_income|acquisition_costs|broker_purchase_cost|holding_period|exit_value|selling_costs
7754,Offplan,YES,1770000.0,NO,,NO,NO,NO,NO,NO,NO,NO,NO,NO,NO,annual_rent|verified_service_charge|net_rental_income|acquisition_costs|broker_purchase_cost|holding_period|exit_value|selling_costs
6962,Offplan,YES,693777.0,NO,,NO,NO,NO,NO,NO,NO,NO,NO,NO,NO,annual_rent|verified_service_charge|net_rental_income|acquisition_costs|broker_purchase_cost|holding_period|exit_value|selling_costs
7323,Offplan,YES,2350000.0,NO,,NO,NO,NO,NO,NO,NO,NO,NO,NO,NO,annual_rent|verified_service_charge|net_rental_income|acquisition_costs|broker_purchase_cost|holding_period|exit_value|selling_costs
253,Ready,YES,2200000.0,YES,144000.0,NO,NO,NO,NO,NO,NO,NO,NO,NO,NO,verified_service_charge|net_rental_income|acquisition_costs|broker_purchase_cost|holding_period|exit_value|selling_costs
3435,Offplan,YES,1349999.0,NO,,NO,NO,NO,NO,NO,NO,NO,NO,NO,NO,annual_rent|verified_service_charge|net_rental_income|acquisition_costs|broker_purchase_cost|holding_period|exit_value|selling_costs
5975,Offplan,YES,22488000.0,NO,,NO,NO,NO,NO,NO,NO,NO,NO,NO,NO,annual_rent|verified_service_charge|net_rental_income|acquisition_costs|broker_purchase_cost|holding_period|exit_value|selling_costs
8291,Offplan,YES,7342000.0,NO,,NO,NO,NO,NO,NO,NO,NO,NO,NO,NO,annual_rent|verified_service_charge|net_rental_income|acquisition_costs|broker_purchase_cost|holding_period|exit_value|selling_costs
7015,Offplan,YES,1535000.0,NO,,NO,NO,NO,NO,NO,NO,NO,NO,NO,NO,annual_rent|verified_service_charge|net_rental_income|acquisition_costs|broker_purchase_cost|holding_period|exit_value|selling_costs
436,Offplan,YES,1490000.0,NO,,NO,NO,NO,NO,NO,NO,NO,NO,NO,NO,annual_rent|verified_service_charge|net_rental_income|acquisition_costs|broker_purchase_cost|holding_period|exit_value|selling_costs
6526,Offplan,YES,980000.0,NO,,NO,NO,NO,NO,NO,NO,NO,NO,NO,NO,annual_rent|verified_service_charge|net_rental_income|acquisition_costs|broker_purchase_cost|holding_period|exit_value|selling_costs
2474,Offplan,YES,22500000.0,NO,,NO,NO,NO,NO,NO,NO,NO,NO,NO,NO,annual_rent|verified_service_charge|net_rental_income|acquisition_costs|broker_purchase_cost|holding_period|exit_value|selling_costs
2538,Offplan,YES,1865100.0,NO,,NO,NO,NO,NO,NO,NO,NO,NO,NO,NO,annual_rent|verified_service_charge|net_rental_income|acquisition_costs|broker_purchase_cost|holding_period|exit_value|selling_costs
122,Offplan,YES,2290890.0,NO,,NO,NO,NO,NO,NO,NO,NO,NO,NO,NO,annual_rent|verified_service_charge|net_rental_income|acquisition_costs|broker_purchase_cost|holding_period|exit_value|selling_costs
2326,Ready,YES,2300000.0,YES,98400.0,NO,NO,NO,NO,NO,NO,NO,NO,NO,NO,verified_service_charge|net_rental_income|acquisition_costs|broker_purchase_cost|holding_period|exit_value|selling_costs
3845,Offplan,YES,4200000.0,NO,,NO,NO,NO,NO,NO,NO,NO,NO,NO,NO,annual_rent|verified_service_charge|net_rental_income|acquisition_costs|broker_purchase_cost|holding_period|exit_value|selling_costs
5991,Offplan,YES,1400000.0,NO,,NO,NO,NO,NO,NO,NO,NO,NO,NO,NO,annual_rent|verified_service_charge|net_rental_income|acquisition_costs|broker_purchase_cost|holding_period|exit_value|selling_costs
8379,Offplan,YES,36816000.0,NO,,NO,NO,NO,NO,NO,NO,NO,NO,NO,NO,annual_rent|verified_service_charge|net_rental_income|acquisition_costs|broker_purchase_cost|holding_period|exit_value|selling_costs
4854,Offplan,YES,6393830.0,NO,,NO,NO,NO,NO,NO,NO,NO,NO,NO,NO,annual_rent|verified_service_charge|net_rental_income|acquisition_costs|broker_purchase_cost|holding_period|exit_value|selling_costs
696,Offplan,YES,1001610.0,NO,,NO,NO,NO,NO,NO,NO,NO,NO,NO,NO,annual_rent|verified_service_charge|net_rental_income|acquisition_costs|broker_purchase_cost|holding_period|exit_value|selling_costs
5885,Offplan,YES,1700000.0,NO,,NO,NO,NO,NO,NO,NO,NO,NO,NO,NO,annual_rent|verified_service_charge|net_rental_income|acquisition_costs|broker_purchase_cost|holding_period|exit_value|selling_costs
5880,Offplan,YES,2514770.0,NO,,NO,NO,NO,NO,NO,NO,NO,NO,NO,NO,annual_rent|verified_service_charge|net_rental_income|acquisition_costs|broker_purchase_cost|holding_period|exit_value|selling_costs
2315,Offplan,YES,62000000.0,NO,,NO,NO,NO,NO,NO,NO,NO,NO,NO,NO,annual_rent|verified_service_charge|net_rental_income|acquisition_costs|broker_purchase_cost|holding_period|exit_value|selling_costs
7726,Offplan,YES,26190000.0,NO,,NO,NO,NO,NO,NO,NO,NO,NO,NO,NO,annual_rent|verified_service_charge|net_rental_income|acquisition_costs|broker_purchase_cost|holding_period|exit_value|selling_costs
1153,Offplan,YES,910000.0,NO,,NO,NO,NO,NO,NO,NO,NO,NO,NO,NO,annual_rent|verified_service_charge|net_rental_income|acquisition_costs|broker_purchase_cost|holding_period|exit_value|selling_costs
2922,Offplan,YES,16827600.0,NO,,NO,NO,NO,NO,NO,NO,NO,NO,NO,NO,annual_rent|verified_service_charge|net_rental_income|acquisition_costs|broker_purchase_cost|holding_period|exit_value|selling_costs
5514,Offplan,YES,16827600.0,NO,,NO,NO,NO,NO,NO,NO,NO,NO,NO,NO,annual_rent|verified_service_charge|net_rental_income|acquisition_costs|broker_purchase_cost|holding_period|exit_value|selling_costs
3834,Ready,YES,2500000.0,YES,182400.0,NO,NO,NO,NO,NO,NO,NO,NO,NO,NO,verified_service_charge|net_rental_income|acquisition_costs|broker_purchase_cost|holding_period|exit_value|selling_costs
2914,Offplan,YES,1032000.0,NO,,NO,NO,NO,NO,NO,NO,NO,NO,NO,NO,annual_rent|verified_service_charge|net_rental_income|acquisition_costs|broker_purchase_cost|holding_period|exit_value|selling_costs
4018,Offplan,YES,55000000.0,NO,,NO,NO,NO,NO,NO,NO,NO,NO,NO,NO,annual_rent|verified_service_charge|net_rental_income|acquisition_costs|broker_purchase_cost|holding_period|exit_value|selling_costs
6064,Offplan,YES,2530890.0,NO,,NO,NO,NO,NO,NO,NO,NO,NO,NO,NO,annual_rent|verified_service_charge|net_rental_income|acquisition_costs|broker_purchase_cost|holding_period|exit_value|selling_costs
7166,Offplan,YES,2050000.0,NO,,NO,NO,NO,NO,NO,NO,NO,NO,NO,NO,annual_rent|verified_service_charge|net_rental_income|acquisition_costs|broker_purchase_cost|holding_period|exit_value|selling_costs
4928,Offplan,YES,12035300.0,NO,,NO,NO,NO,NO,NO,NO,NO,NO,NO,NO,annual_rent|verified_service_charge|net_rental_income|acquisition_costs|broker_purchase_cost|holding_period|exit_value|selling_costs
1185,Offplan,YES,2900000.0,NO,,NO,NO,NO,NO,NO,NO,NO,NO,NO,NO,annual_rent|verified_service_charge|net_rental_income|acquisition_costs|broker_purchase_cost|holding_period|exit_value|selling_costs
7475,Offplan,YES,946888.0,NO,,NO,NO,NO,NO,NO,NO,NO,NO,NO,NO,annual_rent|verified_service_charge|net_rental_income|acquisition_costs|broker_purchase_cost|holding_period|exit_value|selling_costs
7898,Offplan,YES,690000.0,NO,,NO,NO,NO,NO,NO,NO,NO,NO,NO,NO,annual_rent|verified_service_charge|net_rental_income|acquisition_costs|broker_purchase_cost|holding_period|exit_value|selling_costs
3409,Offplan,YES,3553280.0,NO,,NO,NO,NO,NO,NO,NO,NO,NO,NO,NO,annual_rent|verified_service_charge|net_rental_income|acquisition_costs|broker_purchase_cost|holding_period|exit_value|selling_costs
1332,Offplan,YES,3200000.0,NO,,NO,NO,NO,NO,NO,NO,NO,NO,NO,NO,annual_rent|verified_service_charge|net_rental_income|acquisition_costs|broker_purchase_cost|holding_period|exit_value|selling_costs
285,Offplan,YES,6300000.0,NO,,NO,NO,NO,NO,NO,NO,NO,NO,NO,NO,annual_rent|verified_service_charge|net_rental_income|acquisition_costs|broker_purchase_cost|holding_period|exit_value|selling_costs
4285,Offplan,YES,1380890.0,NO,,NO,NO,NO,NO,NO,NO,NO,NO,NO,NO,annual_rent|verified_service_charge|net_rental_income|acquisition_costs|broker_purchase_cost|holding_period|exit_value|selling_costs
5120,Offplan,YES,6150000.0,NO,,NO,NO,NO,NO,NO,NO,NO,NO,NO,NO,annual_rent|verified_service_charge|net_rental_income|acquisition_costs|broker_purchase_cost|holding_period|exit_value|selling_costs
5220,Offplan,YES,648777.0,NO,,NO,NO,NO,NO,NO,NO,NO,NO,NO,NO,annual_rent|verified_service_charge|net_rental_income|acquisition_costs|broker_purchase_cost|holding_period|exit_value|selling_costs
7957,Offplan,YES,1256000.0,NO,,NO,NO,NO,NO,NO,NO,NO,NO,NO,NO,annual_rent|verified_service_charge|net_rental_income|acquisition_costs|broker_purchase_cost|holding_period|exit_value|selling_costs
6024,Offplan,YES,1249290.0,NO,,NO,NO,NO,NO,NO,NO,NO,NO,NO,NO,annual_rent|verified_service_charge|net_rental_income|acquisition_costs|broker_purchase_cost|holding_period|exit_value|selling_costs
4514,Offplan,YES,3000000.0,NO,,NO,NO,NO,NO,NO,NO,NO,NO,NO,NO,annual_rent|verified_service_charge|net_rental_income|acquisition_costs|broker_purchase_cost|holding_period|exit_value|selling_costs
3869,Offplan,YES,1692681.0,NO,,NO,NO,NO,NO,NO,NO,NO,NO,NO,NO,annual_rent|verified_service_charge|net_rental_income|acquisition_costs|broker_purchase_cost|holding_period|exit_value|selling_costs
7965,Offplan,YES,3303670.0,NO,,NO,NO,NO,NO,NO,NO,NO,NO,NO,NO,annual_rent|verified_service_charge|net_rental_income|acquisition_costs|broker_purchase_cost|holding_period|exit_value|selling_costs
4671,Offplan,YES,785000.0,NO,,NO,NO,NO,NO,NO,NO,NO,NO,NO,NO,annual_rent|verified_service_charge|net_rental_income|acquisition_costs|broker_purchase_cost|holding_period|exit_value|selling_costs
5911,Offplan,YES,2094000.0,NO,,NO,NO,NO,NO,NO,NO,NO,NO,NO,NO,annual_rent|verified_service_charge|net_rental_income|acquisition_costs|broker_purchase_cost|holding_period|exit_value|selling_costs
7454,Offplan,YES,1000000.0,NO,,NO,NO,NO,NO,NO,NO,NO,NO,NO,NO,annual_rent|verified_service_charge|net_rental_income|acquisition_costs|broker_purchase_cost|holding_period|exit_value|selling_costs
4598,Offplan,YES,1450890.0,NO,,NO,NO,NO,NO,NO,NO,NO,NO,NO,NO,annual_rent|verified_service_charge|net_rental_income|acquisition_costs|broker_purchase_cost|holding_period|exit_value|selling_costs
2557,Offplan,YES,1200000.0,NO,,NO,NO,NO,NO,NO,NO,NO,NO,NO,NO,annual_rent|verified_service_charge|net_rental_income|acquisition_costs|broker_purchase_cost|holding_period|exit_value|selling_costs
1577,Offplan,YES,1117000.0,NO,,NO,NO,NO,NO,NO,NO,NO,NO,NO,NO,annual_rent|verified_service_charge|net_rental_income|acquisition_costs|broker_purchase_cost|holding_period|exit_value|selling_costs
8138,Offplan,YES,670000.0,NO,,NO,NO,NO,NO,NO,NO,NO,NO,NO,NO,annual_rent|verified_service_charge|net_rental_income|acquisition_costs|broker_purchase_cost|holding_period|exit_value|selling_costs
7351,Offplan,YES,21945000.0,NO,,NO,NO,NO,NO,NO,NO,NO,NO,NO,NO,annual_rent|verified_service_charge|net_rental_income|acquisition_costs|broker_purchase_cost|holding_period|exit_value|selling_costs
5945,Ready,YES,865000.0,YES,72000.0,NO,NO,NO,NO,NO,NO,NO,NO,NO,NO,verified_service_charge|net_rental_income|acquisition_costs|broker_purchase_cost|holding_period|exit_value|selling_costs
5374,Offplan,YES,3458261.0,NO,,NO,NO,NO,NO,NO,NO,NO,NO,NO,NO,annual_rent|verified_service_charge|net_rental_income|acquisition_costs|broker_purchase_cost|holding_period|exit_value|selling_costs
7960,Offplan,YES,884520.0,NO,,NO,NO,NO,NO,NO,NO,NO,NO,NO,NO,annual_rent|verified_service_charge|net_rental_income|acquisition_costs|broker_purchase_cost|holding_period|exit_value|selling_costs
6335,Offplan,YES,852000.0,NO,,NO,NO,NO,NO,NO,NO,NO,NO,NO,NO,annual_rent|verified_service_charge|net_rental_income|acquisition_costs|broker_purchase_cost|holding_period|exit_value|selling_costs
4893,Offplan,YES,2399780.0,NO,,NO,NO,NO,NO,NO,NO,NO,NO,NO,NO,annual_rent|verified_service_charge|net_rental_income|acquisition_costs|broker_purchase_cost|holding_period|exit_value|selling_costs
1029,Offplan,YES,2557000.0,NO,,NO,NO,NO,NO,NO,NO,NO,NO,NO,NO,annual_rent|verified_service_charge|net_rental_income|acquisition_costs|broker_purchase_cost|holding_period|exit_value|selling_costs
6236,Offplan,YES,980888.0,NO,,NO,NO,NO,NO,NO,NO,NO,NO,NO,NO,annual_rent|verified_service_charge|net_rental_income|acquisition_costs|broker_purchase_cost|holding_period|exit_value|selling_costs
1399,Ready,YES,3690000.0,NO,,NO,NO,NO,NO,NO,NO,NO,NO,NO,NO,annual_rent|verified_service_charge|net_rental_income|acquisition_costs|broker_purchase_cost|holding_period|exit_value|selling_costs
2391,Offplan,YES,1823440.0,NO,,NO,NO,NO,NO,NO,NO,NO,NO,NO,NO,annual_rent|verified_service_charge|net_rental_income|acquisition_costs|broker_purchase_cost|holding_period|exit_value|selling_costs
7941,Offplan,YES,1783780.0,NO,,NO,NO,NO,NO,NO,NO,NO,NO,NO,NO,annual_rent|verified_service_charge|net_rental_income|acquisition_costs|broker_purchase_cost|holding_period|exit_value|selling_costs
2207,Offplan,YES,2587470.0,NO,,NO,NO,NO,NO,NO,NO,NO,NO,NO,NO,annual_rent|verified_service_charge|net_rental_income|acquisition_costs|broker_purchase_cost|holding_period|exit_value|selling_costs
2947,Offplan,YES,1200000.0,NO,,NO,NO,NO,NO,NO,NO,NO,NO,NO,NO,annual_rent|verified_service_charge|net_rental_income|acquisition_costs|broker_purchase_cost|holding_period|exit_value|selling_costs
4759,Offplan,YES,1370890.0,NO,,NO,NO,NO,NO,NO,NO,NO,NO,NO,NO,annual_rent|verified_service_charge|net_rental_income|acquisition_costs|broker_purchase_cost|holding_period|exit_value|selling_costs
5015,Offplan,YES,1849000.0,NO,,NO,NO,NO,NO,NO,NO,NO,NO,NO,NO,annual_rent|verified_service_charge|net_rental_income|acquisition_costs|broker_purchase_cost|holding_period|exit_value|selling_costs
4979,Offplan,YES,1761554.0,NO,,NO,NO,NO,NO,NO,NO,NO,NO,NO,NO,annual_rent|verified_service_charge|net_rental_income|acquisition_costs|broker_purchase_cost|holding_period|exit_value|selling_costs
2140,Offplan,YES,1637190.0,NO,,NO,NO,NO,NO,NO,NO,NO,NO,NO,NO,annual_rent|verified_service_charge|net_rental_income|acquisition_costs|broker_purchase_cost|holding_period|exit_value|selling_costs
3023,Offplan,YES,685000.0,NO,,NO,NO,NO,NO,NO,NO,NO,NO,NO,NO,annual_rent|verified_service_charge|net_rental_income|acquisition_costs|broker_purchase_cost|holding_period|exit_value|selling_costs
1926,Offplan,YES,1938500.0,NO,,NO,NO,NO,NO,NO,NO,NO,NO,NO,NO,annual_rent|verified_service_charge|net_rental_income|acquisition_costs|broker_purchase_cost|holding_period|exit_value|selling_costs
988,Offplan,YES,2030000.0,NO,,NO,NO,NO,NO,NO,NO,NO,NO,NO,NO,annual_rent|verified_service_charge|net_rental_income|acquisition_costs|broker_purchase_cost|holding_period|exit_value|selling_costs
1014,Offplan,YES,1655000.0,NO,,NO,NO,NO,NO,NO,NO,NO,NO,NO,NO,annual_rent|verified_service_charge|net_rental_income|acquisition_costs|broker_purchase_cost|holding_period|exit_value|selling_costs
8364,Offplan,YES,1606910.0,NO,,NO,NO,NO,NO,NO,NO,NO,NO,NO,NO,annual_rent|verified_service_charge|net_rental_income|acquisition_costs|broker_purchase_cost|holding_period|exit_value|selling_costs
3702,Offplan,YES,3200000.0,NO,,NO,NO,NO,NO,NO,NO,NO,NO,NO,NO,annual_rent|verified_service_charge|net_rental_income|acquisition_costs|broker_purchase_cost|holding_period|exit_value|selling_costs
5511,Offplan,YES,1006220.0,NO,,NO,NO,NO,NO,NO,NO,NO,NO,NO,NO,annual_rent|verified_service_charge|net_rental_income|acquisition_costs|broker_purchase_cost|holding_period|exit_value|selling_costs
5738,Offplan,YES,785000.0,NO,,NO,NO,NO,NO,NO,NO,NO,NO,NO,NO,annual_rent|verified_service_charge|net_rental_income|acquisition_costs|broker_purchase_cost|holding_period|exit_value|selling_costs
8375,Offplan,YES,2620000.0,NO,,NO,NO,NO,NO,NO,NO,NO,NO,NO,NO,annual_rent|verified_service_charge|net_rental_income|acquisition_costs|broker_purchase_cost|holding_period|exit_value|selling_costs
5987,Ready,YES,4358910.0,NO,,NO,NO,NO,NO,NO,NO,NO,NO,NO,NO,annual_rent|verified_service_charge|net_rental_income|acquisition_costs|broker_purchase_cost|holding_period|exit_value|selling_costs
2832,Ready,YES,1200000.0,YES,64060.0,NO,NO,NO,NO,NO,NO,NO,NO,NO,NO,verified_service_charge|net_rental_income|acquisition_costs|broker_purchase_cost|holding_period|exit_value|selling_costs
8389,Offplan,YES,695850.0,NO,,NO,NO,NO,NO,NO,NO,NO,NO,NO,NO,annual_rent|verified_service_charge|net_rental_income|acquisition_costs|broker_purchase_cost|holding_period|exit_value|selling_costs
6255,Offplan,YES,1409360.0,NO,,NO,NO,NO,NO,NO,NO,NO,NO,NO,NO,annual_rent|verified_service_charge|net_rental_income|acquisition_costs|broker_purchase_cost|holding_period|exit_value|selling_costs
2924,Offplan,YES,1192150.0,NO,,NO,NO,NO,NO,NO,NO,NO,NO,NO,NO,annual_rent|verified_service_charge|net_rental_income|acquisition_costs|broker_purchase_cost|holding_period|exit_value|selling_costs
336,Offplan,YES,1124780.0,NO,,NO,NO,NO,NO,NO,NO,NO,NO,NO,NO,annual_rent|verified_service_charge|net_rental_income|acquisition_costs|broker_purchase_cost|holding_period|exit_value|selling_costs
3030,Offplan,YES,745308.0,NO,,NO,NO,NO,NO,NO,NO,NO,NO,NO,NO,annual_rent|verified_service_charge|net_rental_income|acquisition_costs|broker_purchase_cost|holding_period|exit_value|selling_costs
7859,Offplan,YES,1625000.0,NO,,NO,NO,NO,NO,NO,NO,NO,NO,NO,NO,annual_rent|verified_service_charge|net_rental_income|acquisition_costs|broker_purchase_cost|holding_period|exit_value|selling_costs
4749,Offplan,YES,1889000.0,NO,,NO,NO,NO,NO,NO,NO,NO,NO,NO,NO,annual_rent|verified_service_charge|net_rental_income|acquisition_costs|broker_purchase_cost|holding_period|exit_value|selling_costs
6081,Offplan,YES,2734430.0,NO,,NO,NO,NO,NO,NO,NO,NO,NO,NO,NO,annual_rent|verified_service_charge|net_rental_income|acquisition_costs|broker_purchase_cost|holding_period|exit_value|selling_costs
2271,Offplan,YES,962910.0,NO,,NO,NO,NO,NO,NO,NO,NO,NO,NO,NO,annual_rent|verified_service_charge|net_rental_income|acquisition_costs|broker_purchase_cost|holding_period|exit_value|selling_costs
2834,Offplan,YES,3400000.0,NO,,NO,NO,NO,NO,NO,NO,NO,NO,NO,NO,annual_rent|verified_service_charge|net_rental_income|acquisition_costs|broker_purchase_cost|holding_period|exit_value|selling_costs
5386,Offplan,YES,849238.0,NO,,NO,NO,NO,NO,NO,NO,NO,NO,NO,NO,annual_rent|verified_service_charge|net_rental_income|acquisition_costs|broker_purchase_cost|holding_period|exit_value|selling_costs
889,Offplan,YES,1700000.0,NO,,NO,NO,NO,NO,NO,NO,NO,NO,NO,NO,annual_rent|verified_service_charge|net_rental_income|acquisition_costs|broker_purchase_cost|holding_period|exit_value|selling_costs
8083,Offplan,YES,1050000.0,NO,,NO,NO,NO,NO,NO,NO,NO,NO,NO,NO,annual_rent|verified_service_charge|net_rental_income|acquisition_costs|broker_purchase_cost|holding_period|exit_value|selling_costs
4383,Offplan,YES,3176000.0,NO,,NO,NO,NO,NO,NO,NO,NO,NO,NO,NO,annual_rent|verified_service_charge|net_rental_income|acquisition_costs|broker_purchase_cost|holding_period|exit_value|selling_costs
4115,Offplan,YES,1350000.0,NO,,NO,NO,NO,NO,NO,NO,NO,NO,NO,NO,annual_rent|verified_service_charge|net_rental_income|acquisition_costs|broker_purchase_cost|holding_period|exit_value|selling_costs
6992,Offplan,YES,1385890.0,NO,,NO,NO,NO,NO,NO,NO,NO,NO,NO,NO,annual_rent|verified_service_charge|net_rental_income|acquisition_costs|broker_purchase_cost|holding_period|exit_value|selling_costs
6380,Offplan,YES,10330000.0,NO,,NO,NO,NO,NO,NO,NO,NO,NO,NO,NO,annual_rent|verified_service_charge|net_rental_income|acquisition_costs|broker_purchase_cost|holding_period|exit_value|selling_costs
559,Offplan,YES,1650000.0,NO,,NO,NO,NO,NO,NO,NO,NO,NO,NO,NO,annual_rent|verified_service_charge|net_rental_income|acquisition_costs|broker_purchase_cost|holding_period|exit_value|selling_costs
2772,Offplan,YES,1270588.0,NO,,NO,NO,NO,NO,NO,NO,NO,NO,NO,NO,annual_rent|verified_service_charge|net_rental_income|acquisition_costs|broker_purchase_cost|holding_period|exit_value|selling_costs
7869,Offplan,YES,1200000.0,NO,,NO,NO,NO,NO,NO,NO,NO,NO,NO,NO,annual_rent|verified_service_charge|net_rental_income|acquisition_costs|broker_purchase_cost|holding_period|exit_value|selling_costs
3090,Offplan,YES,1786000.0,NO,,NO,NO,NO,NO,NO,NO,NO,NO,NO,NO,annual_rent|verified_service_charge|net_rental_income|acquisition_costs|broker_purchase_cost|holding_period|exit_value|selling_costs
7856,Offplan,YES,1497260.0,NO,,NO,NO,NO,NO,NO,NO,NO,NO,NO,NO,annual_rent|verified_service_charge|net_rental_income|acquisition_costs|broker_purchase_cost|holding_period|exit_value|selling_costs
7615,Offplan,YES,16328000.0,NO,,NO,NO,NO,NO,NO,NO,NO,NO,NO,NO,annual_rent|verified_service_charge|net_rental_income|acquisition_costs|broker_purchase_cost|holding_period|exit_value|selling_costs
104,Offplan,YES,1576600.0,NO,,NO,NO,NO,NO,NO,NO,NO,NO,NO,NO,annual_rent|verified_service_charge|net_rental_income|acquisition_costs|broker_purchase_cost|holding_period|exit_value|selling_costs
5167,Offplan,YES,4330000.0,NO,,NO,NO,NO,NO,NO,NO,NO,NO,NO,NO,annual_rent|verified_service_charge|net_rental_income|acquisition_costs|broker_purchase_cost|holding_period|exit_value|selling_costs
893,Offplan,YES,999219.0,NO,,NO,NO,NO,NO,NO,NO,NO,NO,NO,NO,annual_rent|verified_service_charge|net_rental_income|acquisition_costs|broker_purchase_cost|holding_period|exit_value|selling_costs
5459,Offplan,YES,37000000.0,NO,,NO,NO,NO,NO,NO,NO,NO,NO,NO,NO,annual_rent|verified_service_charge|net_rental_income|acquisition_costs|broker_purchase_cost|holding_period|exit_value|selling_costs
3097,Ready,YES,1850000.0,YES,96000.0,NO,NO,NO,NO,NO,NO,NO,NO,NO,NO,verified_service_charge|net_rental_income|acquisition_costs|broker_purchase_cost|holding_period|exit_value|selling_costs
6923,Ready,YES,1896980.0,YES,98880.0,NO,NO,NO,NO,NO,NO,NO,NO,NO,NO,verified_service_charge|net_rental_income|acquisition_costs|broker_purchase_cost|holding_period|exit_value|selling_costs
2566,Offplan,YES,3636853.0,NO,,NO,NO,NO,NO,NO,NO,NO,NO,NO,NO,annual_rent|verified_service_charge|net_rental_income|acquisition_costs|broker_purchase_cost|holding_period|exit_value|selling_costs
8146,Offplan,YES,6253000.0,NO,,NO,NO,NO,NO,NO,NO,NO,NO,NO,NO,annual_rent|verified_service_charge|net_rental_income|acquisition_costs|broker_purchase_cost|holding_period|exit_value|selling_costs
2696,Offplan,YES,2000000.0,NO,,NO,NO,NO,NO,NO,NO,NO,NO,NO,NO,annual_rent|verified_service_charge|net_rental_income|acquisition_costs|broker_purchase_cost|holding_period|exit_value|selling_costs
3564,Offplan,YES,1752380.0,NO,,NO,NO,NO,NO,NO,NO,NO,NO,NO,NO,annual_rent|verified_service_charge|net_rental_income|acquisition_costs|broker_purchase_cost|holding_period|exit_value|selling_costs
6776,Offplan,YES,1722041.0,NO,,NO,NO,NO,NO,NO,NO,NO,NO,NO,NO,annual_rent|verified_service_charge|net_rental_income|acquisition_costs|broker_purchase_cost|holding_period|exit_value|selling_costs
8213,Offplan,YES,1850000.0,NO,,NO,NO,NO,NO,NO,NO,NO,NO,NO,NO,annual_rent|verified_service_charge|net_rental_income|acquisition_costs|broker_purchase_cost|holding_period|exit_value|selling_costs
2866,Offplan,YES,1100000.0,NO,,NO,NO,NO,NO,NO,NO,NO,NO,NO,NO,annual_rent|verified_service_charge|net_rental_income|acquisition_costs|broker_purchase_cost|holding_period|exit_value|selling_costs
3839,Offplan,YES,765400.0,NO,,NO,NO,NO,NO,NO,NO,NO,NO,NO,NO,annual_rent|verified_service_charge|net_rental_income|acquisition_costs|broker_purchase_cost|holding_period|exit_value|selling_costs
7893,Offplan,YES,955888.0,NO,,NO,NO,NO,NO,NO,NO,NO,NO,NO,NO,annual_rent|verified_service_charge|net_rental_income|acquisition_costs|broker_purchase_cost|holding_period|exit_value|selling_costs
5925,Offplan,YES,1800000.0,NO,,NO,NO,NO,NO,NO,NO,NO,NO,NO,NO,annual_rent|verified_service_charge|net_rental_income|acquisition_costs|broker_purchase_cost|holding_period|exit_value|selling_costs
1516,Ready,YES,609999.0,YES,46080.0,NO,NO,NO,NO,NO,NO,NO,NO,NO,NO,verified_service_charge|net_rental_income|acquisition_costs|broker_purchase_cost|holding_period|exit_value|selling_costs
4079,Offplan,YES,2450000.0,NO,,NO,NO,NO,NO,NO,NO,NO,NO,NO,NO,annual_rent|verified_service_charge|net_rental_income|acquisition_costs|broker_purchase_cost|holding_period|exit_value|selling_costs
2627,Offplan,YES,901449.0,NO,,NO,NO,NO,NO,NO,NO,NO,NO,NO,NO,annual_rent|verified_service_charge|net_rental_income|acquisition_costs|broker_purchase_cost|holding_period|exit_value|selling_costs
3938,Offplan,YES,4300000.0,NO,,NO,NO,NO,NO,NO,NO,NO,NO,NO,NO,annual_rent|verified_service_charge|net_rental_income|acquisition_costs|broker_purchase_cost|holding_period|exit_value|selling_costs
4675,Offplan,YES,2031890.0,NO,,NO,NO,NO,NO,NO,NO,NO,NO,NO,NO,annual_rent|verified_service_charge|net_rental_income|acquisition_costs|broker_purchase_cost|holding_period|exit_value|selling_costs
1234,Ready,YES,3257930.0,NO,,NO,NO,NO,NO,NO,NO,NO,NO,NO,NO,annual_rent|verified_service_charge|net_rental_income|acquisition_costs|broker_purchase_cost|holding_period|exit_value|selling_costs
8432,Offplan,YES,599000.0,NO,,NO,NO,NO,NO,NO,NO,NO,NO,NO,NO,annual_rent|verified_service_charge|net_rental_income|acquisition_costs|broker_purchase_cost|holding_period|exit_value|selling_costs
3088,Offplan,YES,1231670.0,NO,,NO,NO,NO,NO,NO,NO,NO,NO,NO,NO,annual_rent|verified_service_charge|net_rental_income|acquisition_costs|broker_purchase_cost|holding_period|exit_value|selling_costs
5275,Offplan,YES,483000.0,NO,,NO,NO,NO,NO,NO,NO,NO,NO,NO,NO,annual_rent|verified_service_charge|net_rental_income|acquisition_costs|broker_purchase_cost|holding_period|exit_value|selling_costs
8098,Offplan,YES,3600000.0,NO,,NO,NO,NO,NO,NO,NO,NO,NO,NO,NO,annual_rent|verified_service_charge|net_rental_income|acquisition_costs|broker_purchase_cost|holding_period|exit_value|selling_costs
5371,Offplan,YES,6851780.0,NO,,NO,NO,NO,NO,NO,NO,NO,NO,NO,NO,annual_rent|verified_service_charge|net_rental_income|acquisition_costs|broker_purchase_cost|holding_period|exit_value|selling_costs
2284,Offplan,YES,6200000.0,NO,,NO,NO,NO,NO,NO,NO,NO,NO,NO,NO,annual_rent|verified_service_charge|net_rental_income|acquisition_costs|broker_purchase_cost|holding_period|exit_value|selling_costs
8426,Offplan,YES,3110000.0,NO,,NO,NO,NO,NO,NO,NO,NO,NO,NO,NO,annual_rent|verified_service_charge|net_rental_income|acquisition_costs|broker_purchase_cost|holding_period|exit_value|selling_costs
3955,Offplan,YES,717470.0,YES,43200.0,NO,NO,NO,NO,NO,NO,NO,NO,NO,NO,verified_service_charge|net_rental_income|acquisition_costs|broker_purchase_cost|holding_period|exit_value|selling_costs
7437,Offplan,YES,1282000.0,NO,,NO,NO,NO,NO,NO,NO,NO,NO,NO,NO,annual_rent|verified_service_charge|net_rental_income|acquisition_costs|broker_purchase_cost|holding_period|exit_value|selling_costs
8015,Offplan,YES,1282000.0,NO,,NO,NO,NO,NO,NO,NO,NO,NO,NO,NO,annual_rent|verified_service_charge|net_rental_income|acquisition_costs|broker_purchase_cost|holding_period|exit_value|selling_costs
26,Offplan,YES,1025000.0,NO,,NO,NO,NO,NO,NO,NO,NO,NO,NO,NO,annual_rent|verified_service_charge|net_rental_income|acquisition_costs|broker_purchase_cost|holding_period|exit_value|selling_costs
1331,Offplan,YES,1950000.0,NO,,NO,NO,NO,NO,NO,NO,NO,NO,NO,NO,annual_rent|verified_service_charge|net_rental_income|acquisition_costs|broker_purchase_cost|holding_period|exit_value|selling_costs
3962,Ready,YES,1096000.0,YES,78720.0,NO,NO,NO,NO,NO,NO,NO,NO,NO,NO,verified_service_charge|net_rental_income|acquisition_costs|broker_purchase_cost|holding_period|exit_value|selling_costs
7702,Offplan,YES,1866179.0,NO,,NO,NO,NO,NO,NO,NO,NO,NO,NO,NO,annual_rent|verified_service_charge|net_rental_income|acquisition_costs|broker_purchase_cost|holding_period|exit_value|selling_costs
4937,Offplan,YES,20839300.0,NO,,NO,NO,NO,NO,NO,NO,NO,NO,NO,NO,annual_rent|verified_service_charge|net_rental_income|acquisition_costs|broker_purchase_cost|holding_period|exit_value|selling_costs
2747,Offplan,YES,33599100.0,NO,,NO,NO,NO,NO,NO,NO,NO,NO,NO,NO,annual_rent|verified_service_charge|net_rental_income|acquisition_costs|broker_purchase_cost|holding_period|exit_value|selling_costs
793,Ready,YES,700000.0,YES,43200.0,NO,NO,NO,NO,NO,NO,NO,NO,NO,NO,verified_service_charge|net_rental_income|acquisition_costs|broker_purchase_cost|holding_period|exit_value|selling_costs
67,Offplan,YES,1308000.0,NO,,NO,NO,NO,NO,NO,NO,NO,NO,NO,NO,annual_rent|verified_service_charge|net_rental_income|acquisition_costs|broker_purchase_cost|holding_period|exit_value|selling_costs
3571,Offplan,YES,1774300.0,NO,,NO,NO,NO,NO,NO,NO,NO,NO,NO,NO,annual_rent|verified_service_charge|net_rental_income|acquisition_costs|broker_purchase_cost|holding_period|exit_value|selling_costs
3303,Offplan,YES,3300000.0,NO,,NO,NO,NO,NO,NO,NO,NO,NO,NO,NO,annual_rent|verified_service_charge|net_rental_income|acquisition_costs|broker_purchase_cost|holding_period|exit_value|selling_costs
2689,Offplan,YES,2792000.0,NO,,NO,NO,NO,NO,NO,NO,NO,NO,NO,NO,annual_rent|verified_service_charge|net_rental_income|acquisition_costs|broker_purchase_cost|holding_period|exit_value|selling_costs
1619,Offplan,YES,930000.0,NO,,NO,NO,NO,NO,NO,NO,NO,NO,NO,NO,annual_rent|verified_service_charge|net_rental_income|acquisition_costs|broker_purchase_cost|holding_period|exit_value|selling_costs
193,Offplan,YES,1716000.0,NO,,NO,NO,NO,NO,NO,NO,NO,NO,NO,NO,annual_rent|verified_service_charge|net_rental_income|acquisition_costs|broker_purchase_cost|holding_period|exit_value|selling_costs
6165,Offplan,YES,1040420.0,NO,,NO,NO,NO,NO,NO,NO,NO,NO,NO,NO,annual_rent|verified_service_charge|net_rental_income|acquisition_costs|broker_purchase_cost|holding_period|exit_value|selling_costs
1194,Offplan,YES,813170.0,NO,,NO,NO,NO,NO,NO,NO,NO,NO,NO,NO,annual_rent|verified_service_charge|net_rental_income|acquisition_costs|broker_purchase_cost|holding_period|exit_value|selling_costs
4178,Offplan,YES,1780094.0,NO,,NO,NO,NO,NO,NO,NO,NO,NO,NO,NO,annual_rent|verified_service_charge|net_rental_income|acquisition_costs|broker_purchase_cost|holding_period|exit_value|selling_costs
8311,Offplan,YES,3400000.0,YES,76800.0,NO,NO,NO,NO,NO,NO,NO,NO,NO,NO,verified_service_charge|net_rental_income|acquisition_costs|broker_purchase_cost|holding_period|exit_value|selling_costs
6976,Offplan,YES,1030000.0,NO,,NO,NO,NO,NO,NO,NO,NO,NO,NO,NO,annual_rent|verified_service_charge|net_rental_income|acquisition_costs|broker_purchase_cost|holding_period|exit_value|selling_costs
6163,Offplan,YES,18400000.0,NO,,NO,NO,NO,NO,NO,NO,NO,NO,NO,NO,annual_rent|verified_service_charge|net_rental_income|acquisition_costs|broker_purchase_cost|holding_period|exit_value|selling_costs
4218,Offplan,YES,1700000.0,NO,,NO,NO,NO,NO,NO,NO,NO,NO,NO,NO,annual_rent|verified_service_charge|net_rental_income|acquisition_costs|broker_purchase_cost|holding_period|exit_value|selling_costs
3368,Offplan,YES,910000.0,NO,,NO,NO,NO,NO,NO,NO,NO,NO,NO,NO,annual_rent|verified_service_charge|net_rental_income|acquisition_costs|broker_purchase_cost|holding_period|exit_value|selling_costs
5929,Offplan,YES,1879640.0,NO,,NO,NO,NO,NO,NO,NO,NO,NO,NO,NO,annual_rent|verified_service_charge|net_rental_income|acquisition_costs|broker_purchase_cost|holding_period|exit_value|selling_costs
3739,Offplan,YES,3610000.0,NO,,NO,NO,NO,NO,NO,NO,NO,NO,NO,NO,annual_rent|verified_service_charge|net_rental_income|acquisition_costs|broker_purchase_cost|holding_period|exit_value|selling_costs
2891,Offplan,YES,2124790.0,NO,,NO,NO,NO,NO,NO,NO,NO,NO,NO,NO,annual_rent|verified_service_charge|net_rental_income|acquisition_costs|broker_purchase_cost|holding_period|exit_value|selling_costs
6731,Offplan,YES,3149000.0,NO,,NO,NO,NO,NO,NO,NO,NO,NO,NO,NO,annual_rent|verified_service_charge|net_rental_income|acquisition_costs|broker_purchase_cost|holding_period|exit_value|selling_costs
6783,Offplan,YES,639000.0,NO,,NO,NO,NO,NO,NO,NO,NO,NO,NO,NO,annual_rent|verified_service_charge|net_rental_income|acquisition_costs|broker_purchase_cost|holding_period|exit_value|selling_costs
4831,Offplan,YES,4410890.0,NO,,NO,NO,NO,NO,NO,NO,NO,NO,NO,NO,annual_rent|verified_service_charge|net_rental_income|acquisition_costs|broker_purchase_cost|holding_period|exit_value|selling_costs
4459,Offplan,YES,2100000.0,NO,,NO,NO,NO,NO,NO,NO,NO,NO,NO,NO,annual_rent|verified_service_charge|net_rental_income|acquisition_costs|broker_purchase_cost|holding_period|exit_value|selling_costs
5807,Offplan,YES,1878000.0,NO,,NO,NO,NO,NO,NO,NO,NO,NO,NO,NO,annual_rent|verified_service_charge|net_rental_income|acquisition_costs|broker_purchase_cost|holding_period|exit_value|selling_costs
7384,Offplan,YES,1517890.0,NO,,NO,NO,NO,NO,NO,NO,NO,NO,NO,NO,annual_rent|verified_service_charge|net_rental_income|acquisition_costs|broker_purchase_cost|holding_period|exit_value|selling_costs
7113,Offplan,YES,2162000.0,NO,,NO,NO,NO,NO,NO,NO,NO,NO,NO,NO,annual_rent|verified_service_charge|net_rental_income|acquisition_costs|broker_purchase_cost|holding_period|exit_value|selling_costs
5878,Offplan,YES,784777.0,NO,,NO,NO,NO,NO,NO,NO,NO,NO,NO,NO,annual_rent|verified_service_charge|net_rental_income|acquisition_costs|broker_purchase_cost|holding_period|exit_value|selling_costs
7037,Offplan,YES,1468500.0,NO,,NO,NO,NO,NO,NO,NO,NO,NO,NO,NO,annual_rent|verified_service_charge|net_rental_income|acquisition_costs|broker_purchase_cost|holding_period|exit_value|selling_costs
2991,Offplan,YES,677200.0,NO,,NO,NO,NO,NO,NO,NO,NO,NO,NO,NO,annual_rent|verified_service_charge|net_rental_income|acquisition_costs|broker_purchase_cost|holding_period|exit_value|selling_costs
3669,Offplan,YES,818000.0,NO,,NO,NO,NO,NO,NO,NO,NO,NO,NO,NO,annual_rent|verified_service_charge|net_rental_income|acquisition_costs|broker_purchase_cost|holding_period|exit_value|selling_costs
7637,Offplan,YES,564167.0,NO,,NO,NO,NO,NO,NO,NO,NO,NO,NO,NO,annual_rent|verified_service_charge|net_rental_income|acquisition_costs|broker_purchase_cost|holding_period|exit_value|selling_costs
3920,Offplan,YES,2107340.0,NO,,NO,NO,NO,NO,NO,NO,NO,NO,NO,NO,annual_rent|verified_service_charge|net_rental_income|acquisition_costs|broker_purchase_cost|holding_period|exit_value|selling_costs
2782,Offplan,YES,4139950.0,NO,,NO,NO,NO,NO,NO,NO,NO,NO,NO,NO,annual_rent|verified_service_charge|net_rental_income|acquisition_costs|broker_purchase_cost|holding_period|exit_value|selling_costs
5378,Offplan,YES,999000.0,NO,,NO,NO,NO,NO,NO,NO,NO,NO,NO,NO,annual_rent|verified_service_charge|net_rental_income|acquisition_costs|broker_purchase_cost|holding_period|exit_value|selling_costs
2610,Offplan,YES,1596560.0,NO,,NO,NO,NO,NO,NO,NO,NO,NO,NO,NO,annual_rent|verified_service_charge|net_rental_income|acquisition_costs|broker_purchase_cost|holding_period|exit_value|selling_costs
2658,Offplan,YES,2400000.0,NO,,NO,NO,NO,NO,NO,NO,NO,NO,NO,NO,annual_rent|verified_service_charge|net_rental_income|acquisition_costs|broker_purchase_cost|holding_period|exit_value|selling_costs
2831,Offplan,YES,2450000.0,NO,,NO,NO,NO,NO,NO,NO,NO,NO,NO,NO,annual_rent|verified_service_charge|net_rental_income|acquisition_costs|broker_purchase_cost|holding_period|exit_value|selling_costs
2680,Offplan,YES,4100652.0,NO,,NO,NO,NO,NO,NO,NO,NO,NO,NO,NO,annual_rent|verified_service_charge|net_rental_income|acquisition_costs|broker_purchase_cost|holding_period|exit_value|selling_costs
7216,Offplan,YES,9900000.0,NO,,NO,NO,NO,NO,NO,NO,NO,NO,NO,NO,annual_rent|verified_service_charge|net_rental_income|acquisition_costs|broker_purchase_cost|holding_period|exit_value|selling_costs
3385,Offplan,YES,4749480.0,NO,,NO,NO,NO,NO,NO,NO,NO,NO,NO,NO,annual_rent|verified_service_charge|net_rental_income|acquisition_costs|broker_purchase_cost|holding_period|exit_value|selling_costs
3037,Offplan,YES,8021440.0,NO,,NO,NO,NO,NO,NO,NO,NO,NO,NO,NO,annual_rent|verified_service_charge|net_rental_income|acquisition_costs|broker_purchase_cost|holding_period|exit_value|selling_costs
4428,Offplan,YES,880000.0,NO,,NO,NO,NO,NO,NO,NO,NO,NO,NO,NO,annual_rent|verified_service_charge|net_rental_income|acquisition_costs|broker_purchase_cost|holding_period|exit_value|selling_costs
3596,Offplan,YES,3400000.0,NO,,NO,NO,NO,NO,NO,NO,NO,NO,NO,NO,annual_rent|verified_service_charge|net_rental_income|acquisition_costs|broker_purchase_cost|holding_period|exit_value|selling_costs
7030,Offplan,YES,750000.0,NO,,NO,NO,NO,NO,NO,NO,NO,NO,NO,NO,annual_rent|verified_service_charge|net_rental_income|acquisition_costs|broker_purchase_cost|holding_period|exit_value|selling_costs
6168,Offplan,YES,674999.0,NO,,NO,NO,NO,NO,NO,NO,NO,NO,NO,NO,annual_rent|verified_service_charge|net_rental_income|acquisition_costs|broker_purchase_cost|holding_period|exit_value|selling_costs
6491,Offplan,YES,9980000.0,NO,,NO,NO,NO,NO,NO,NO,NO,NO,NO,NO,annual_rent|verified_service_charge|net_rental_income|acquisition_costs|broker_purchase_cost|holding_period|exit_value|selling_costs
4353,Offplan,YES,6300000.0,NO,,NO,NO,NO,NO,NO,NO,NO,NO,NO,NO,annual_rent|verified_service_charge|net_rental_income|acquisition_costs|broker_purchase_cost|holding_period|exit_value|selling_costs
5332,Offplan,YES,4940000.0,NO,,NO,NO,NO,NO,NO,NO,NO,NO,NO,NO,annual_rent|verified_service_charge|net_rental_income|acquisition_costs|broker_purchase_cost|holding_period|exit_value|selling_costs
1757,Offplan,YES,1000000.0,NO,,NO,NO,NO,NO,NO,NO,NO,NO,NO,NO,annual_rent|verified_service_charge|net_rental_income|acquisition_costs|broker_purchase_cost|holding_period|exit_value|selling_costs
537,Offplan,YES,10210000.0,NO,,NO,NO,NO,NO,NO,NO,NO,NO,NO,NO,annual_rent|verified_service_charge|net_rental_income|acquisition_costs|broker_purchase_cost|holding_period|exit_value|selling_costs
3092,Offplan,YES,1737000.0,NO,,NO,NO,NO,NO,NO,NO,NO,NO,NO,NO,annual_rent|verified_service_charge|net_rental_income|acquisition_costs|broker_purchase_cost|holding_period|exit_value|selling_costs
7640,Ready,YES,826000.0,YES,65280.0,NO,NO,NO,NO,NO,NO,NO,NO,NO,NO,verified_service_charge|net_rental_income|acquisition_costs|broker_purchase_cost|holding_period|exit_value|selling_costs
7232,Offplan,YES,614999.0,NO,,NO,NO,NO,NO,NO,NO,NO,NO,NO,NO,annual_rent|verified_service_charge|net_rental_income|acquisition_costs|broker_purchase_cost|holding_period|exit_value|selling_costs
8314,Offplan,YES,1500000.0,NO,,NO,NO,NO,NO,NO,NO,NO,NO,NO,NO,annual_rent|verified_service_charge|net_rental_income|acquisition_costs|broker_purchase_cost|holding_period|exit_value|selling_costs
7606,Offplan,YES,6595050.0,NO,,NO,NO,NO,NO,NO,NO,NO,NO,NO,NO,annual_rent|verified_service_charge|net_rental_income|acquisition_costs|broker_purchase_cost|holding_period|exit_value|selling_costs
2537,Offplan,YES,1906890.0,NO,,NO,NO,NO,NO,NO,NO,NO,NO,NO,NO,annual_rent|verified_service_charge|net_rental_income|acquisition_costs|broker_purchase_cost|holding_period|exit_value|selling_costs
6482,Offplan,YES,2000000.0,NO,,NO,NO,NO,NO,NO,NO,NO,NO,NO,NO,annual_rent|verified_service_charge|net_rental_income|acquisition_costs|broker_purchase_cost|holding_period|exit_value|selling_costs
2447,Offplan,YES,1293420.0,NO,,NO,NO,NO,NO,NO,NO,NO,NO,NO,NO,annual_rent|verified_service_charge|net_rental_income|acquisition_costs|broker_purchase_cost|holding_period|exit_value|selling_costs
7313,Offplan,YES,1914000.0,NO,,NO,NO,NO,NO,NO,NO,NO,NO,NO,NO,annual_rent|verified_service_charge|net_rental_income|acquisition_costs|broker_purchase_cost|holding_period|exit_value|selling_costs
6197,Offplan,YES,3378977.0,NO,,NO,NO,NO,NO,NO,NO,NO,NO,NO,NO,annual_rent|verified_service_charge|net_rental_income|acquisition_costs|broker_purchase_cost|holding_period|exit_value|selling_costs
1507,Offplan,YES,1419500.0,NO,,NO,NO,NO,NO,NO,NO,NO,NO,NO,NO,annual_rent|verified_service_charge|net_rental_income|acquisition_costs|broker_purchase_cost|holding_period|exit_value|selling_costs
8253,Offplan,YES,549868.0,NO,,NO,NO,NO,NO,NO,NO,NO,NO,NO,NO,annual_rent|verified_service_charge|net_rental_income|acquisition_costs|broker_purchase_cost|holding_period|exit_value|selling_costs
4901,Offplan,YES,4950000.0,NO,,NO,NO,NO,NO,NO,NO,NO,NO,NO,NO,annual_rent|verified_service_charge|net_rental_income|acquisition_costs|broker_purchase_cost|holding_period|exit_value|selling_costs
7899,Offplan,YES,5490000.0,NO,,NO,NO,NO,NO,NO,NO,NO,NO,NO,NO,annual_rent|verified_service_charge|net_rental_income|acquisition_costs|broker_purchase_cost|holding_period|exit_value|selling_costs
491,Offplan,YES,2700000.0,NO,,NO,NO,NO,NO,NO,NO,NO,NO,NO,NO,annual_rent|verified_service_charge|net_rental_income|acquisition_costs|broker_purchase_cost|holding_period|exit_value|selling_costs
4552,Offplan,YES,1800000.0,NO,,NO,NO,NO,NO,NO,NO,NO,NO,NO,NO,annual_rent|verified_service_charge|net_rental_income|acquisition_costs|broker_purchase_cost|holding_period|exit_value|selling_costs
5979,Offplan,YES,540750.0,NO,,NO,NO,NO,NO,NO,NO,NO,NO,NO,NO,annual_rent|verified_service_charge|net_rental_income|acquisition_costs|broker_purchase_cost|holding_period|exit_value|selling_costs
111,Offplan,YES,737560.0,NO,,NO,NO,NO,NO,NO,NO,NO,NO,NO,NO,annual_rent|verified_service_charge|net_rental_income|acquisition_costs|broker_purchase_cost|holding_period|exit_value|selling_costs
476,Offplan,YES,991000.0,NO,,NO,NO,NO,NO,NO,NO,NO,NO,NO,NO,annual_rent|verified_service_charge|net_rental_income|acquisition_costs|broker_purchase_cost|holding_period|exit_value|selling_costs
3883,Offplan,YES,591300.0,NO,,NO,NO,NO,NO,NO,NO,NO,NO,NO,NO,annual_rent|verified_service_charge|net_rental_income|acquisition_costs|broker_purchase_cost|holding_period|exit_value|selling_costs
2073,Offplan,YES,717000.0,NO,,NO,NO,NO,NO,NO,NO,NO,NO,NO,NO,annual_rent|verified_service_charge|net_rental_income|acquisition_costs|broker_purchase_cost|holding_period|exit_value|selling_costs
1412,Offplan,YES,1274620.0,NO,,NO,NO,NO,NO,NO,NO,NO,NO,NO,NO,annual_rent|verified_service_charge|net_rental_income|acquisition_costs|broker_purchase_cost|holding_period|exit_value|selling_costs
4852,Offplan,YES,7648000.0,NO,,NO,NO,NO,NO,NO,NO,NO,NO,NO,NO,annual_rent|verified_service_charge|net_rental_income|acquisition_costs|broker_purchase_cost|holding_period|exit_value|selling_costs
1147,Offplan,YES,705502.0,NO,,NO,NO,NO,NO,NO,NO,NO,NO,NO,NO,annual_rent|verified_service_charge|net_rental_income|acquisition_costs|broker_purchase_cost|holding_period|exit_value|selling_costs
8090,Offplan,YES,1500000.0,NO,,NO,NO,NO,NO,NO,NO,NO,NO,NO,NO,annual_rent|verified_service_charge|net_rental_income|acquisition_costs|broker_purchase_cost|holding_period|exit_value|selling_costs
2256,Offplan,YES,1120000.0,NO,,NO,NO,NO,NO,NO,NO,NO,NO,NO,NO,annual_rent|verified_service_charge|net_rental_income|acquisition_costs|broker_purchase_cost|holding_period|exit_value|selling_costs
4222,Offplan,YES,1028370.0,NO,,NO,NO,NO,NO,NO,NO,NO,NO,NO,NO,annual_rent|verified_service_charge|net_rental_income|acquisition_costs|broker_purchase_cost|holding_period|exit_value|selling_costs
1169,Offplan,YES,4000000.0,NO,,NO,NO,NO,NO,NO,NO,NO,NO,NO,NO,annual_rent|verified_service_charge|net_rental_income|acquisition_costs|broker_purchase_cost|holding_period|exit_value|selling_costs
2454,Offplan,YES,1220000.0,NO,,NO,NO,NO,NO,NO,NO,NO,NO,NO,NO,annual_rent|verified_service_charge|net_rental_income|acquisition_costs|broker_purchase_cost|holding_period|exit_value|selling_costs
5548,Offplan,YES,1779057.0,NO,,NO,NO,NO,NO,NO,NO,NO,NO,NO,NO,annual_rent|verified_service_charge|net_rental_income|acquisition_costs|broker_purchase_cost|holding_period|exit_value|selling_costs
5149,Offplan,YES,1817600.0,NO,,NO,NO,NO,NO,NO,NO,NO,NO,NO,NO,annual_rent|verified_service_charge|net_rental_income|acquisition_costs|broker_purchase_cost|holding_period|exit_value|selling_costs
8204,Offplan,YES,2168000.0,NO,,NO,NO,NO,NO,NO,NO,NO,NO,NO,NO,annual_rent|verified_service_charge|net_rental_income|acquisition_costs|broker_purchase_cost|holding_period|exit_value|selling_costs
613,Offplan,YES,35000000.0,NO,,NO,NO,NO,NO,NO,NO,NO,NO,NO,NO,annual_rent|verified_service_charge|net_rental_income|acquisition_costs|broker_purchase_cost|holding_period|exit_value|selling_costs
2989,Offplan,YES,689000.0,NO,,NO,NO,NO,NO,NO,NO,NO,NO,NO,NO,annual_rent|verified_service_charge|net_rental_income|acquisition_costs|broker_purchase_cost|holding_period|exit_value|selling_costs
5694,Offplan,YES,2000000.0,NO,,NO,NO,NO,NO,NO,NO,NO,NO,NO,NO,annual_rent|verified_service_charge|net_rental_income|acquisition_costs|broker_purchase_cost|holding_period|exit_value|selling_costs
3183,Offplan,YES,1746000.0,NO,,NO,NO,NO,NO,NO,NO,NO,NO,NO,NO,annual_rent|verified_service_charge|net_rental_income|acquisition_costs|broker_purchase_cost|holding_period|exit_value|selling_costs
995,Offplan,YES,2500000.0,NO,,NO,NO,NO,NO,NO,NO,NO,NO,NO,NO,annual_rent|verified_service_charge|net_rental_income|acquisition_costs|broker_purchase_cost|holding_period|exit_value|selling_costs
954,Offplan,YES,1241000.0,NO,,NO,NO,NO,NO,NO,NO,NO,NO,NO,NO,annual_rent|verified_service_charge|net_rental_income|acquisition_costs|broker_purchase_cost|holding_period|exit_value|selling_costs
1279,Ready,YES,2276190.0,YES,105600.0,NO,NO,NO,NO,NO,NO,NO,NO,NO,NO,verified_service_charge|net_rental_income|acquisition_costs|broker_purchase_cost|holding_period|exit_value|selling_costs
5537,Offplan,YES,3270000.0,NO,,NO,NO,NO,NO,NO,NO,NO,NO,NO,NO,annual_rent|verified_service_charge|net_rental_income|acquisition_costs|broker_purchase_cost|holding_period|exit_value|selling_costs
3633,Offplan,YES,774999.0,NO,,NO,NO,NO,NO,NO,NO,NO,NO,NO,NO,annual_rent|verified_service_charge|net_rental_income|acquisition_costs|broker_purchase_cost|holding_period|exit_value|selling_costs
1936,Offplan,YES,1100000.0,NO,,NO,NO,NO,NO,NO,NO,NO,NO,NO,NO,annual_rent|verified_service_charge|net_rental_income|acquisition_costs|broker_purchase_cost|holding_period|exit_value|selling_costs
51,Offplan,YES,1784350.0,NO,,NO,NO,NO,NO,NO,NO,NO,NO,NO,NO,annual_rent|verified_service_charge|net_rental_income|acquisition_costs|broker_purchase_cost|holding_period|exit_value|selling_costs
6483,Offplan,YES,1931975.0,NO,,NO,NO,NO,NO,NO,NO,NO,NO,NO,NO,annual_rent|verified_service_charge|net_rental_income|acquisition_costs|broker_purchase_cost|holding_period|exit_value|selling_costs
4733,Offplan,YES,716800.0,NO,,NO,NO,NO,NO,NO,NO,NO,NO,NO,NO,annual_rent|verified_service_charge|net_rental_income|acquisition_costs|broker_purchase_cost|holding_period|exit_value|selling_costs
3123,Offplan,YES,1471040.0,NO,,NO,NO,NO,NO,NO,NO,NO,NO,NO,NO,annual_rent|verified_service_charge|net_rental_income|acquisition_costs|broker_purchase_cost|holding_period|exit_value|selling_costs
6582,Offplan,YES,1300000.0,NO,,NO,NO,NO,NO,NO,NO,NO,NO,NO,NO,annual_rent|verified_service_charge|net_rental_income|acquisition_costs|broker_purchase_cost|holding_period|exit_value|selling_costs
1424,Offplan,YES,1948430.0,NO,,NO,NO,NO,NO,NO,NO,NO,NO,NO,NO,annual_rent|verified_service_charge|net_rental_income|acquisition_costs|broker_purchase_cost|holding_period|exit_value|selling_costs
7629,Offplan,YES,1833990.0,NO,,NO,NO,NO,NO,NO,NO,NO,NO,NO,NO,annual_rent|verified_service_charge|net_rental_income|acquisition_costs|broker_purchase_cost|holding_period|exit_value|selling_costs
820,Offplan,YES,1600000.0,NO,,NO,NO,NO,NO,NO,NO,NO,NO,NO,NO,annual_rent|verified_service_charge|net_rental_income|acquisition_costs|broker_purchase_cost|holding_period|exit_value|selling_costs
3462,Offplan,YES,1003020.0,NO,,NO,NO,NO,NO,NO,NO,NO,NO,NO,NO,annual_rent|verified_service_charge|net_rental_income|acquisition_costs|broker_purchase_cost|holding_period|exit_value|selling_costs
6556,Ready,YES,1818890.0,YES,86400.0,NO,NO,NO,NO,NO,NO,NO,NO,NO,NO,verified_service_charge|net_rental_income|acquisition_costs|broker_purchase_cost|holding_period|exit_value|selling_costs
5814,Offplan,YES,1520000.0,NO,,NO,NO,NO,NO,NO,NO,NO,NO,NO,NO,annual_rent|verified_service_charge|net_rental_income|acquisition_costs|broker_purchase_cost|holding_period|exit_value|selling_costs
5759,Offplan,YES,2682000.0,NO,,NO,NO,NO,NO,NO,NO,NO,NO,NO,NO,annual_rent|verified_service_charge|net_rental_income|acquisition_costs|broker_purchase_cost|holding_period|exit_value|selling_costs
983,Ready,YES,1100000.0,YES,68160.0,NO,NO,NO,NO,NO,NO,NO,NO,NO,NO,verified_service_charge|net_rental_income|acquisition_costs|broker_purchase_cost|holding_period|exit_value|selling_costs
6114,Offplan,YES,3937500.0,NO,,NO,NO,NO,NO,NO,NO,NO,NO,NO,NO,annual_rent|verified_service_charge|net_rental_income|acquisition_costs|broker_purchase_cost|holding_period|exit_value|selling_costs
4545,Ready,YES,11500000.0,NO,,NO,NO,NO,NO,NO,NO,NO,NO,NO,NO,annual_rent|verified_service_charge|net_rental_income|acquisition_costs|broker_purchase_cost|holding_period|exit_value|selling_costs
7485,Offplan,YES,976000.0,NO,,NO,NO,NO,NO,NO,NO,NO,NO,NO,NO,annual_rent|verified_service_charge|net_rental_income|acquisition_costs|broker_purchase_cost|holding_period|exit_value|selling_costs
586,Offplan,YES,4700000.0,NO,,NO,NO,NO,NO,NO,NO,NO,NO,NO,NO,annual_rent|verified_service_charge|net_rental_income|acquisition_costs|broker_purchase_cost|holding_period|exit_value|selling_costs
3750,Offplan,YES,2600000.0,NO,,NO,NO,NO,NO,NO,NO,NO,NO,NO,NO,annual_rent|verified_service_charge|net_rental_income|acquisition_costs|broker_purchase_cost|holding_period|exit_value|selling_costs
5034,Offplan,YES,1250000.0,NO,,NO,NO,NO,NO,NO,NO,NO,NO,NO,NO,annual_rent|verified_service_charge|net_rental_income|acquisition_costs|broker_purchase_cost|holding_period|exit_value|selling_costs
1271,Offplan,YES,2490000.0,NO,,NO,NO,NO,NO,NO,NO,NO,NO,NO,NO,annual_rent|verified_service_charge|net_rental_income|acquisition_costs|broker_purchase_cost|holding_period|exit_value|selling_costs
2290,Offplan,YES,1063720.0,NO,,NO,NO,NO,NO,NO,NO,NO,NO,NO,NO,annual_rent|verified_service_charge|net_rental_income|acquisition_costs|broker_purchase_cost|holding_period|exit_value|selling_costs
3745,Offplan,YES,816005.0,NO,,NO,NO,NO,NO,NO,NO,NO,NO,NO,NO,annual_rent|verified_service_charge|net_rental_income|acquisition_costs|broker_purchase_cost|holding_period|exit_value|selling_costs
4064,Offplan,YES,3600000.0,NO,,NO,NO,NO,NO,NO,NO,NO,NO,NO,NO,annual_rent|verified_service_charge|net_rental_income|acquisition_costs|broker_purchase_cost|holding_period|exit_value|selling_costs
4732,Offplan,YES,2160000.0,NO,,NO,NO,NO,NO,NO,NO,NO,NO,NO,NO,annual_rent|verified_service_charge|net_rental_income|acquisition_costs|broker_purchase_cost|holding_period|exit_value|selling_costs
7853,Offplan,YES,1361200.0,NO,,NO,NO,NO,NO,NO,NO,NO,NO,NO,NO,annual_rent|verified_service_charge|net_rental_income|acquisition_costs|broker_purchase_cost|holding_period|exit_value|selling_costs
6295,Offplan,YES,689000.0,NO,,NO,NO,NO,NO,NO,NO,NO,NO,NO,NO,annual_rent|verified_service_charge|net_rental_income|acquisition_costs|broker_purchase_cost|holding_period|exit_value|selling_costs
6141,Ready,YES,490000.0,YES,43200.0,NO,NO,NO,NO,NO,NO,NO,NO,NO,NO,verified_service_charge|net_rental_income|acquisition_costs|broker_purchase_cost|holding_period|exit_value|selling_costs
4497,Offplan,YES,3025828.0,NO,,NO,NO,NO,NO,NO,NO,NO,NO,NO,NO,annual_rent|verified_service_charge|net_rental_income|acquisition_costs|broker_purchase_cost|holding_period|exit_value|selling_costs
4386,Offplan,YES,2290000.0,NO,,NO,NO,NO,NO,NO,NO,NO,NO,NO,NO,annual_rent|verified_service_charge|net_rental_income|acquisition_costs|broker_purchase_cost|holding_period|exit_value|selling_costs
6757,Offplan,YES,2812270.0,NO,,NO,NO,NO,NO,NO,NO,NO,NO,NO,NO,annual_rent|verified_service_charge|net_rental_income|acquisition_costs|broker_purchase_cost|holding_period|exit_value|selling_costs
229,Offplan,YES,1900000.0,NO,,NO,NO,NO,NO,NO,NO,NO,NO,NO,NO,annual_rent|verified_service_charge|net_rental_income|acquisition_costs|broker_purchase_cost|holding_period|exit_value|selling_costs
4393,Offplan,YES,1270000.0,NO,,NO,NO,NO,NO,NO,NO,NO,NO,NO,NO,annual_rent|verified_service_charge|net_rental_income|acquisition_costs|broker_purchase_cost|holding_period|exit_value|selling_costs
1631,Offplan,YES,4650000.0,NO,,NO,NO,NO,NO,NO,NO,NO,NO,NO,NO,annual_rent|verified_service_charge|net_rental_income|acquisition_costs|broker_purchase_cost|holding_period|exit_value|selling_costs
5559,Offplan,YES,2399890.0,NO,,NO,NO,NO,NO,NO,NO,NO,NO,NO,NO,annual_rent|verified_service_charge|net_rental_income|acquisition_costs|broker_purchase_cost|holding_period|exit_value|selling_costs
8392,Offplan,YES,1050000.0,NO,,NO,NO,NO,NO,NO,NO,NO,NO,NO,NO,annual_rent|verified_service_charge|net_rental_income|acquisition_costs|broker_purchase_cost|holding_period|exit_value|selling_costs
2215,Offplan,YES,1299999.0,NO,,NO,NO,NO,NO,NO,NO,NO,NO,NO,NO,annual_rent|verified_service_charge|net_rental_income|acquisition_costs|broker_purchase_cost|holding_period|exit_value|selling_costs
7602,Offplan,YES,1690170.0,NO,,NO,NO,NO,NO,NO,NO,NO,NO,NO,NO,annual_rent|verified_service_charge|net_rental_income|acquisition_costs|broker_purchase_cost|holding_period|exit_value|selling_costs
4072,Offplan,YES,2300000.0,NO,,NO,NO,NO,NO,NO,NO,NO,NO,NO,NO,annual_rent|verified_service_charge|net_rental_income|acquisition_costs|broker_purchase_cost|holding_period|exit_value|selling_costs
8115,Offplan,YES,4519120.0,NO,,NO,NO,NO,NO,NO,NO,NO,NO,NO,NO,annual_rent|verified_service_charge|net_rental_income|acquisition_costs|broker_purchase_cost|holding_period|exit_value|selling_costs
984,Offplan,YES,776667.0,NO,,NO,NO,NO,NO,NO,NO,NO,NO,NO,NO,annual_rent|verified_service_charge|net_rental_income|acquisition_costs|broker_purchase_cost|holding_period|exit_value|selling_costs
454,Offplan,YES,1520000.0,NO,,NO,NO,NO,NO,NO,NO,NO,NO,NO,NO,annual_rent|verified_service_charge|net_rental_income|acquisition_costs|broker_purchase_cost|holding_period|exit_value|selling_costs
5454,Offplan,YES,1224000.0,NO,,NO,NO,NO,NO,NO,NO,NO,NO,NO,NO,annual_rent|verified_service_charge|net_rental_income|acquisition_costs|broker_purchase_cost|holding_period|exit_value|selling_costs
6676,Offplan,YES,2324999.0,NO,,NO,NO,NO,NO,NO,NO,NO,NO,NO,NO,annual_rent|verified_service_charge|net_rental_income|acquisition_costs|broker_purchase_cost|holding_period|exit_value|selling_costs
1538,Offplan,YES,1625000.0,NO,,NO,NO,NO,NO,NO,NO,NO,NO,NO,NO,annual_rent|verified_service_charge|net_rental_income|acquisition_costs|broker_purchase_cost|holding_period|exit_value|selling_costs
7286,Ready,YES,1300000.0,YES,73440.0,NO,NO,NO,NO,NO,NO,NO,NO,NO,NO,verified_service_charge|net_rental_income|acquisition_costs|broker_purchase_cost|holding_period|exit_value|selling_costs
486,Offplan,YES,5500000.0,NO,,NO,NO,NO,NO,NO,NO,NO,NO,NO,NO,annual_rent|verified_service_charge|net_rental_income|acquisition_costs|broker_purchase_cost|holding_period|exit_value|selling_costs
1256,Offplan,YES,1400000.0,NO,,NO,NO,NO,NO,NO,NO,NO,NO,NO,NO,annual_rent|verified_service_charge|net_rental_income|acquisition_costs|broker_purchase_cost|holding_period|exit_value|selling_costs
6770,Offplan,YES,1300000.0,NO,,NO,NO,NO,NO,NO,NO,NO,NO,NO,NO,annual_rent|verified_service_charge|net_rental_income|acquisition_costs|broker_purchase_cost|holding_period|exit_value|selling_costs
7154,Offplan,YES,6167946.0,NO,,NO,NO,NO,NO,NO,NO,NO,NO,NO,NO,annual_rent|verified_service_charge|net_rental_income|acquisition_costs|broker_purchase_cost|holding_period|exit_value|selling_costs
7212,Offplan,YES,1077000.0,NO,,NO,NO,NO,NO,NO,NO,NO,NO,NO,NO,annual_rent|verified_service_charge|net_rental_income|acquisition_costs|broker_purchase_cost|holding_period|exit_value|selling_costs
7805,Offplan,YES,2038000.0,NO,,NO,NO,NO,NO,NO,NO,NO,NO,NO,NO,annual_rent|verified_service_charge|net_rental_income|acquisition_costs|broker_purchase_cost|holding_period|exit_value|selling_costs
7536,Offplan,YES,670000.0,NO,,NO,NO,NO,NO,NO,NO,NO,NO,NO,NO,annual_rent|verified_service_charge|net_rental_income|acquisition_costs|broker_purchase_cost|holding_period|exit_value|selling_costs
4619,Offplan,YES,670000.0,NO,,NO,NO,NO,NO,NO,NO,NO,NO,NO,NO,annual_rent|verified_service_charge|net_rental_income|acquisition_costs|broker_purchase_cost|holding_period|exit_value|selling_costs
3963,Offplan,YES,675000.0,NO,,NO,NO,NO,NO,NO,NO,NO,NO,NO,NO,annual_rent|verified_service_charge|net_rental_income|acquisition_costs|broker_purchase_cost|holding_period|exit_value|selling_costs
2179,Offplan,YES,1084890.0,NO,,NO,NO,NO,NO,NO,NO,NO,NO,NO,NO,annual_rent|verified_service_charge|net_rental_income|acquisition_costs|broker_purchase_cost|holding_period|exit_value|selling_costs
5776,Offplan,YES,2700000.0,NO,,NO,NO,NO,NO,NO,NO,NO,NO,NO,NO,annual_rent|verified_service_charge|net_rental_income|acquisition_costs|broker_purchase_cost|holding_period|exit_value|selling_costs
1985,Offplan,YES,1931602.0,NO,,NO,NO,NO,NO,NO,NO,NO,NO,NO,NO,annual_rent|verified_service_charge|net_rental_income|acquisition_costs|broker_purchase_cost|holding_period|exit_value|selling_costs
101,Ready,YES,1730000.0,YES,76800.0,NO,NO,NO,NO,NO,NO,NO,NO,NO,NO,verified_service_charge|net_rental_income|acquisition_costs|broker_purchase_cost|holding_period|exit_value|selling_costs
6599,Offplan,YES,3909780.0,NO,,NO,NO,NO,NO,NO,NO,NO,NO,NO,NO,annual_rent|verified_service_charge|net_rental_income|acquisition_costs|broker_purchase_cost|holding_period|exit_value|selling_costs
3337,Offplan,YES,1607446.0,NO,,NO,NO,NO,NO,NO,NO,NO,NO,NO,NO,annual_rent|verified_service_charge|net_rental_income|acquisition_costs|broker_purchase_cost|holding_period|exit_value|selling_costs
6562,Offplan,YES,1269000.0,NO,,NO,NO,NO,NO,NO,NO,NO,NO,NO,NO,annual_rent|verified_service_charge|net_rental_income|acquisition_costs|broker_purchase_cost|holding_period|exit_value|selling_costs
2022,Offplan,YES,2500000.0,NO,,NO,NO,NO,NO,NO,NO,NO,NO,NO,NO,annual_rent|verified_service_charge|net_rental_income|acquisition_costs|broker_purchase_cost|holding_period|exit_value|selling_costs
1723,Offplan,YES,799999.0,NO,,NO,NO,NO,NO,NO,NO,NO,NO,NO,NO,annual_rent|verified_service_charge|net_rental_income|acquisition_costs|broker_purchase_cost|holding_period|exit_value|selling_costs
2941,Offplan,YES,1595770.0,NO,,NO,NO,NO,NO,NO,NO,NO,NO,NO,NO,annual_rent|verified_service_charge|net_rental_income|acquisition_costs|broker_purchase_cost|holding_period|exit_value|selling_costs
4148,Offplan,YES,1700000.0,NO,,NO,NO,NO,NO,NO,NO,NO,NO,NO,NO,annual_rent|verified_service_charge|net_rental_income|acquisition_costs|broker_purchase_cost|holding_period|exit_value|selling_costs
4980,Offplan,YES,989900.0,NO,,NO,NO,NO,NO,NO,NO,NO,NO,NO,NO,annual_rent|verified_service_charge|net_rental_income|acquisition_costs|broker_purchase_cost|holding_period|exit_value|selling_costs
4819,Offplan,YES,819000.0,NO,,NO,NO,NO,NO,NO,NO,NO,NO,NO,NO,annual_rent|verified_service_charge|net_rental_income|acquisition_costs|broker_purchase_cost|holding_period|exit_value|selling_costs
7508,Offplan,YES,4867000.0,NO,,NO,NO,NO,NO,NO,NO,NO,NO,NO,NO,annual_rent|verified_service_charge|net_rental_income|acquisition_costs|broker_purchase_cost|holding_period|exit_value|selling_costs
7712,Offplan,YES,1142010.0,NO,,NO,NO,NO,NO,NO,NO,NO,NO,NO,NO,annual_rent|verified_service_charge|net_rental_income|acquisition_costs|broker_purchase_cost|holding_period|exit_value|selling_costs
7889,Offplan,YES,1600000.0,NO,,NO,NO,NO,NO,NO,NO,NO,NO,NO,NO,annual_rent|verified_service_charge|net_rental_income|acquisition_costs|broker_purchase_cost|holding_period|exit_value|selling_costs
609,Offplan,YES,1624597.0,NO,,NO,NO,NO,NO,NO,NO,NO,NO,NO,NO,annual_rent|verified_service_charge|net_rental_income|acquisition_costs|broker_purchase_cost|holding_period|exit_value|selling_costs
5877,Offplan,YES,2731888.0,NO,,NO,NO,NO,NO,NO,NO,NO,NO,NO,NO,annual_rent|verified_service_charge|net_rental_income|acquisition_costs|broker_purchase_cost|holding_period|exit_value|selling_costs
1059,Offplan,YES,688000.0,NO,,NO,NO,NO,NO,NO,NO,NO,NO,NO,NO,annual_rent|verified_service_charge|net_rental_income|acquisition_costs|broker_purchase_cost|holding_period|exit_value|selling_costs
5203,Ready,YES,958000.0,YES,53424.0,NO,NO,NO,NO,NO,NO,NO,NO,NO,NO,verified_service_charge|net_rental_income|acquisition_costs|broker_purchase_cost|holding_period|exit_value|selling_costs
6823,Offplan,YES,765000.0,NO,,NO,NO,NO,NO,NO,NO,NO,NO,NO,NO,annual_rent|verified_service_charge|net_rental_income|acquisition_costs|broker_purchase_cost|holding_period|exit_value|selling_costs
3830,Ready,YES,4000000.0,YES,163200.0,NO,NO,NO,NO,NO,NO,NO,NO,NO,NO,verified_service_charge|net_rental_income|acquisition_costs|broker_purchase_cost|holding_period|exit_value|selling_costs
273,Offplan,YES,1030888.0,NO,,NO,NO,NO,NO,NO,NO,NO,NO,NO,NO,annual_rent|verified_service_charge|net_rental_income|acquisition_costs|broker_purchase_cost|holding_period|exit_value|selling_costs
3195,Offplan,YES,1047000.0,NO,,NO,NO,NO,NO,NO,NO,NO,NO,NO,NO,annual_rent|verified_service_charge|net_rental_income|acquisition_costs|broker_purchase_cost|holding_period|exit_value|selling_costs
7282,Offplan,YES,1645790.0,YES,110400.0,NO,NO,NO,NO,NO,NO,NO,NO,NO,NO,verified_service_charge|net_rental_income|acquisition_costs|broker_purchase_cost|holding_period|exit_value|selling_costs
7138,Offplan,YES,8550000.0,NO,,NO,NO,NO,NO,NO,NO,NO,NO,NO,NO,annual_rent|verified_service_charge|net_rental_income|acquisition_costs|broker_purchase_cost|holding_period|exit_value|selling_costs
3582,Offplan,YES,1300000.0,NO,,NO,NO,NO,NO,NO,NO,NO,NO,NO,NO,annual_rent|verified_service_charge|net_rental_income|acquisition_costs|broker_purchase_cost|holding_period|exit_value|selling_costs
1444,Offplan,YES,1493430.0,NO,,NO,NO,NO,NO,NO,NO,NO,NO,NO,NO,annual_rent|verified_service_charge|net_rental_income|acquisition_costs|broker_purchase_cost|holding_period|exit_value|selling_costs
3555,Offplan,YES,2300000.0,NO,,NO,NO,NO,NO,NO,NO,NO,NO,NO,NO,annual_rent|verified_service_charge|net_rental_income|acquisition_costs|broker_purchase_cost|holding_period|exit_value|selling_costs
4338,Offplan,YES,1760000.0,NO,,NO,NO,NO,NO,NO,NO,NO,NO,NO,NO,annual_rent|verified_service_charge|net_rental_income|acquisition_costs|broker_purchase_cost|holding_period|exit_value|selling_costs
1379,Offplan,YES,1663450.0,NO,,NO,NO,NO,NO,NO,NO,NO,NO,NO,NO,annual_rent|verified_service_charge|net_rental_income|acquisition_costs|broker_purchase_cost|holding_period|exit_value|selling_costs
3961,Offplan,YES,1081200.0,NO,,NO,NO,NO,NO,NO,NO,NO,NO,NO,NO,annual_rent|verified_service_charge|net_rental_income|acquisition_costs|broker_purchase_cost|holding_period|exit_value|selling_costs
13,Offplan,YES,1621660.0,NO,,NO,NO,NO,NO,NO,NO,NO,NO,NO,NO,annual_rent|verified_service_charge|net_rental_income|acquisition_costs|broker_purchase_cost|holding_period|exit_value|selling_costs
7389,Offplan,YES,1550000.0,NO,,NO,NO,NO,NO,NO,NO,NO,NO,NO,NO,annual_rent|verified_service_charge|net_rental_income|acquisition_costs|broker_purchase_cost|holding_period|exit_value|selling_costs
6488,Offplan,YES,1110000.0,NO,,NO,NO,NO,NO,NO,NO,NO,NO,NO,NO,annual_rent|verified_service_charge|net_rental_income|acquisition_costs|broker_purchase_cost|holding_period|exit_value|selling_costs
2187,Offplan,YES,2100000.0,NO,,NO,NO,NO,NO,NO,NO,NO,NO,NO,NO,annual_rent|verified_service_charge|net_rental_income|acquisition_costs|broker_purchase_cost|holding_period|exit_value|selling_costs
3381,Offplan,YES,2200000.0,NO,,NO,NO,NO,NO,NO,NO,NO,NO,NO,NO,annual_rent|verified_service_charge|net_rental_income|acquisition_costs|broker_purchase_cost|holding_period|exit_value|selling_costs
969,Offplan,YES,3300363.0,NO,,NO,NO,NO,NO,NO,NO,NO,NO,NO,NO,annual_rent|verified_service_charge|net_rental_income|acquisition_costs|broker_purchase_cost|holding_period|exit_value|selling_costs
8413,Offplan,YES,1700000.0,NO,,NO,NO,NO,NO,NO,NO,NO,NO,NO,NO,annual_rent|verified_service_charge|net_rental_income|acquisition_costs|broker_purchase_cost|holding_period|exit_value|selling_costs
4712,Offplan,YES,5619777.0,NO,,NO,NO,NO,NO,NO,NO,NO,NO,NO,NO,annual_rent|verified_service_charge|net_rental_income|acquisition_costs|broker_purchase_cost|holding_period|exit_value|selling_costs
6764,Offplan,YES,1355000.0,NO,,NO,NO,NO,NO,NO,NO,NO,NO,NO,NO,annual_rent|verified_service_charge|net_rental_income|acquisition_costs|broker_purchase_cost|holding_period|exit_value|selling_costs
6550,Offplan,YES,1443590.0,NO,,NO,NO,NO,NO,NO,NO,NO,NO,NO,NO,annual_rent|verified_service_charge|net_rental_income|acquisition_costs|broker_purchase_cost|holding_period|exit_value|selling_costs
3216,Offplan,YES,1730000.0,NO,,NO,NO,NO,NO,NO,NO,NO,NO,NO,NO,annual_rent|verified_service_charge|net_rental_income|acquisition_costs|broker_purchase_cost|holding_period|exit_value|selling_costs
7835,Offplan,YES,1600000.0,NO,,NO,NO,NO,NO,NO,NO,NO,NO,NO,NO,annual_rent|verified_service_charge|net_rental_income|acquisition_costs|broker_purchase_cost|holding_period|exit_value|selling_costs
1124,Offplan,YES,3200000.0,NO,,NO,NO,NO,NO,NO,NO,NO,NO,NO,NO,annual_rent|verified_service_charge|net_rental_income|acquisition_costs|broker_purchase_cost|holding_period|exit_value|selling_costs
7842,Ready,YES,1020000.0,YES,70560.0,YES,YES,YES,NO,NO,NO,NO,NO,NO,NO,net_rental_income|acquisition_costs|broker_purchase_cost|holding_period|exit_value|selling_costs
8446,Offplan,YES,2300000.0,NO,,NO,NO,NO,NO,NO,NO,NO,NO,NO,NO,annual_rent|verified_service_charge|net_rental_income|acquisition_costs|broker_purchase_cost|holding_period|exit_value|selling_costs
5021,Offplan,YES,2600000.0,NO,,NO,NO,NO,NO,NO,NO,NO,NO,NO,NO,annual_rent|verified_service_charge|net_rental_income|acquisition_costs|broker_purchase_cost|holding_period|exit_value|selling_costs
5100,Offplan,YES,1148760.0,NO,,NO,NO,NO,NO,NO,NO,NO,NO,NO,NO,annual_rent|verified_service_charge|net_rental_income|acquisition_costs|broker_purchase_cost|holding_period|exit_value|selling_costs
65,Offplan,YES,1171140.0,NO,,NO,NO,NO,NO,NO,NO,NO,NO,NO,NO,annual_rent|verified_service_charge|net_rental_income|acquisition_costs|broker_purchase_cost|holding_period|exit_value|selling_costs
2967,Offplan,YES,2400000.0,NO,,NO,NO,NO,NO,NO,NO,NO,NO,NO,NO,annual_rent|verified_service_charge|net_rental_income|acquisition_costs|broker_purchase_cost|holding_period|exit_value|selling_costs
2948,Offplan,YES,1596888.0,NO,,NO,NO,NO,NO,NO,NO,NO,NO,NO,NO,annual_rent|verified_service_charge|net_rental_income|acquisition_costs|broker_purchase_cost|holding_period|exit_value|selling_costs
4905,Ready,YES,35500000.0,YES,422400.0,NO,NO,NO,NO,NO,NO,NO,NO,NO,NO,verified_service_charge|net_rental_income|acquisition_costs|broker_purchase_cost|holding_period|exit_value|selling_costs
6608,Offplan,YES,1249999.0,NO,,NO,NO,NO,NO,NO,NO,NO,NO,NO,NO,annual_rent|verified_service_charge|net_rental_income|acquisition_costs|broker_purchase_cost|holding_period|exit_value|selling_costs
1071,Offplan,YES,1818600.0,NO,,NO,NO,NO,NO,NO,NO,NO,NO,NO,NO,annual_rent|verified_service_charge|net_rental_income|acquisition_costs|broker_purchase_cost|holding_period|exit_value|selling_costs
2573,Offplan,YES,1685950.0,NO,,NO,NO,NO,NO,NO,NO,NO,NO,NO,NO,annual_rent|verified_service_charge|net_rental_income|acquisition_costs|broker_purchase_cost|holding_period|exit_value|selling_costs
6108,Offplan,YES,1060000.0,NO,,NO,NO,NO,NO,NO,NO,NO,NO,NO,NO,annual_rent|verified_service_charge|net_rental_income|acquisition_costs|broker_purchase_cost|holding_period|exit_value|selling_costs
2853,Offplan,YES,745000.0,NO,,NO,NO,NO,NO,NO,NO,NO,NO,NO,NO,annual_rent|verified_service_charge|net_rental_income|acquisition_costs|broker_purchase_cost|holding_period|exit_value|selling_costs
5981,Offplan,YES,1275000.0,YES,65280.0,NO,NO,NO,NO,NO,NO,NO,NO,NO,NO,verified_service_charge|net_rental_income|acquisition_costs|broker_purchase_cost|holding_period|exit_value|selling_costs
4866,Offplan,YES,3800000.0,NO,,NO,NO,NO,NO,NO,NO,NO,NO,NO,NO,annual_rent|verified_service_charge|net_rental_income|acquisition_costs|broker_purchase_cost|holding_period|exit_value|selling_costs
7063,Offplan,YES,737000.0,NO,,NO,NO,NO,NO,NO,NO,NO,NO,NO,NO,annual_rent|verified_service_charge|net_rental_income|acquisition_costs|broker_purchase_cost|holding_period|exit_value|selling_costs
2195,Offplan,YES,1445000.0,NO,,NO,NO,NO,NO,NO,NO,NO,NO,NO,NO,annual_rent|verified_service_charge|net_rental_income|acquisition_costs|broker_purchase_cost|holding_period|exit_value|selling_costs
6733,Offplan,YES,980000.0,NO,,NO,NO,NO,NO,NO,NO,NO,NO,NO,NO,annual_rent|verified_service_charge|net_rental_income|acquisition_costs|broker_purchase_cost|holding_period|exit_value|selling_costs
2167,Offplan,YES,1396980.0,NO,,NO,NO,NO,NO,NO,NO,NO,NO,NO,NO,annual_rent|verified_service_charge|net_rental_income|acquisition_costs|broker_purchase_cost|holding_period|exit_value|selling_costs
2338,Offplan,YES,1818195.0,NO,,NO,NO,NO,NO,NO,NO,NO,NO,NO,NO,annual_rent|verified_service_charge|net_rental_income|acquisition_costs|broker_purchase_cost|holding_period|exit_value|selling_costs
2864,Offplan,YES,12857000.0,NO,,NO,NO,NO,NO,NO,NO,NO,NO,NO,NO,annual_rent|verified_service_charge|net_rental_income|acquisition_costs|broker_purchase_cost|holding_period|exit_value|selling_costs
1267,Offplan,YES,1199900.0,NO,,NO,NO,NO,NO,NO,NO,NO,NO,NO,NO,annual_rent|verified_service_charge|net_rental_income|acquisition_costs|broker_purchase_cost|holding_period|exit_value|selling_costs
808,Offplan,YES,1050000.0,NO,,NO,NO,NO,NO,NO,NO,NO,NO,NO,NO,annual_rent|verified_service_charge|net_rental_income|acquisition_costs|broker_purchase_cost|holding_period|exit_value|selling_costs
3149,Offplan,YES,1700000.0,NO,,NO,NO,NO,NO,NO,NO,NO,NO,NO,NO,annual_rent|verified_service_charge|net_rental_income|acquisition_costs|broker_purchase_cost|holding_period|exit_value|selling_costs
862,Offplan,YES,19999900.0,NO,,NO,NO,NO,NO,NO,NO,NO,NO,NO,NO,annual_rent|verified_service_charge|net_rental_income|acquisition_costs|broker_purchase_cost|holding_period|exit_value|selling_costs
836,Offplan,YES,10520800.0,NO,,NO,NO,NO,NO,NO,NO,NO,NO,NO,NO,annual_rent|verified_service_charge|net_rental_income|acquisition_costs|broker_purchase_cost|holding_period|exit_value|selling_costs
5637,Offplan,YES,1186100.0,NO,,NO,NO,NO,NO,NO,NO,NO,NO,NO,NO,annual_rent|verified_service_charge|net_rental_income|acquisition_costs|broker_purchase_cost|holding_period|exit_value|selling_costs
2334,Offplan,YES,795777.0,NO,,NO,NO,NO,NO,NO,NO,NO,NO,NO,NO,annual_rent|verified_service_charge|net_rental_income|acquisition_costs|broker_purchase_cost|holding_period|exit_value|selling_costs
2269,Offplan,YES,2000000.0,NO,,NO,NO,NO,NO,NO,NO,NO,NO,NO,NO,annual_rent|verified_service_charge|net_rental_income|acquisition_costs|broker_purchase_cost|holding_period|exit_value|selling_costs
5376,Offplan,YES,2210510.0,NO,,NO,NO,NO,NO,NO,NO,NO,NO,NO,NO,annual_rent|verified_service_charge|net_rental_income|acquisition_costs|broker_purchase_cost|holding_period|exit_value|selling_costs
6364,Offplan,YES,634900.0,NO,,NO,NO,NO,NO,NO,NO,NO,NO,NO,NO,annual_rent|verified_service_charge|net_rental_income|acquisition_costs|broker_purchase_cost|holding_period|exit_value|selling_costs
3502,Offplan,YES,1700000.0,NO,,NO,NO,NO,NO,NO,NO,NO,NO,NO,NO,annual_rent|verified_service_charge|net_rental_income|acquisition_costs|broker_purchase_cost|holding_period|exit_value|selling_costs
4971,Offplan,YES,655000.0,NO,,NO,NO,NO,NO,NO,NO,NO,NO,NO,NO,annual_rent|verified_service_charge|net_rental_income|acquisition_costs|broker_purchase_cost|holding_period|exit_value|selling_costs
7543,Offplan,YES,2694056.0,NO,,NO,NO,NO,NO,NO,NO,NO,NO,NO,NO,annual_rent|verified_service_charge|net_rental_income|acquisition_costs|broker_purchase_cost|holding_period|exit_value|selling_costs
6713,Offplan,YES,32500000.0,NO,,NO,NO,NO,NO,NO,NO,NO,NO,NO,NO,annual_rent|verified_service_charge|net_rental_income|acquisition_costs|broker_purchase_cost|holding_period|exit_value|selling_costs
3029,Offplan,YES,3700000.0,NO,,NO,NO,NO,NO,NO,NO,NO,NO,NO,NO,annual_rent|verified_service_charge|net_rental_income|acquisition_costs|broker_purchase_cost|holding_period|exit_value|selling_costs
7564,Offplan,YES,1683000.0,NO,,NO,NO,NO,NO,NO,NO,NO,NO,NO,NO,annual_rent|verified_service_charge|net_rental_income|acquisition_costs|broker_purchase_cost|holding_period|exit_value|selling_costs
8220,Ready,YES,4500000.0,YES,240000.0,NO,NO,NO,NO,NO,NO,NO,NO,NO,NO,verified_service_charge|net_rental_income|acquisition_costs|broker_purchase_cost|holding_period|exit_value|selling_costs
1812,Offplan,YES,1088000.0,NO,,NO,NO,NO,NO,NO,NO,NO,NO,NO,NO,annual_rent|verified_service_charge|net_rental_income|acquisition_costs|broker_purchase_cost|holding_period|exit_value|selling_costs
5644,Offplan,YES,1743870.0,NO,,NO,NO,NO,NO,NO,NO,NO,NO,NO,NO,annual_rent|verified_service_charge|net_rental_income|acquisition_costs|broker_purchase_cost|holding_period|exit_value|selling_costs
3165,Offplan,YES,1400000.0,NO,,NO,NO,NO,NO,NO,NO,NO,NO,NO,NO,annual_rent|verified_service_charge|net_rental_income|acquisition_costs|broker_purchase_cost|holding_period|exit_value|selling_costs
4658,Offplan,YES,1561780.0,NO,,NO,NO,NO,NO,NO,NO,NO,NO,NO,NO,annual_rent|verified_service_charge|net_rental_income|acquisition_costs|broker_purchase_cost|holding_period|exit_value|selling_costs
1712,Offplan,YES,1890000.0,NO,,NO,NO,NO,NO,NO,NO,NO,NO,NO,NO,annual_rent|verified_service_charge|net_rental_income|acquisition_costs|broker_purchase_cost|holding_period|exit_value|selling_costs
1292,Offplan,YES,2300000.0,NO,,NO,NO,NO,NO,NO,NO,NO,NO,NO,NO,annual_rent|verified_service_charge|net_rental_income|acquisition_costs|broker_purchase_cost|holding_period|exit_value|selling_costs
4634,Offplan,YES,766999.0,NO,,NO,NO,NO,NO,NO,NO,NO,NO,NO,NO,annual_rent|verified_service_charge|net_rental_income|acquisition_costs|broker_purchase_cost|holding_period|exit_value|selling_costs
2670,Offplan,YES,1194000.0,NO,,NO,NO,NO,NO,NO,NO,NO,NO,NO,NO,annual_rent|verified_service_charge|net_rental_income|acquisition_costs|broker_purchase_cost|holding_period|exit_value|selling_costs
4869,Offplan,YES,2200000.0,NO,,NO,NO,NO,NO,NO,NO,NO,NO,NO,NO,annual_rent|verified_service_charge|net_rental_income|acquisition_costs|broker_purchase_cost|holding_period|exit_value|selling_costs
5030,Offplan,YES,658000.0,NO,,NO,NO,NO,NO,NO,NO,NO,NO,NO,NO,annual_rent|verified_service_charge|net_rental_income|acquisition_costs|broker_purchase_cost|holding_period|exit_value|selling_costs
7149,Offplan,YES,1695000.0,NO,,NO,NO,NO,NO,NO,NO,NO,NO,NO,NO,annual_rent|verified_service_charge|net_rental_income|acquisition_costs|broker_purchase_cost|holding_period|exit_value|selling_costs
3706,Ready,YES,4800000.0,YES,140554.0,NO,NO,NO,NO,NO,NO,NO,NO,NO,NO,verified_service_charge|net_rental_income|acquisition_costs|broker_purchase_cost|holding_period|exit_value|selling_costs
6745,Ready,YES,4800000.0,YES,140554.0,NO,NO,NO,NO,NO,NO,NO,NO,NO,NO,verified_service_charge|net_rental_income|acquisition_costs|broker_purchase_cost|holding_period|exit_value|selling_costs
2945,Offplan,YES,2700343.0,NO,,NO,NO,NO,NO,NO,NO,NO,NO,NO,NO,annual_rent|verified_service_charge|net_rental_income|acquisition_costs|broker_purchase_cost|holding_period|exit_value|selling_costs
286,Offplan,YES,1720000.0,NO,,NO,NO,NO,NO,NO,NO,NO,NO,NO,NO,annual_rent|verified_service_charge|net_rental_income|acquisition_costs|broker_purchase_cost|holding_period|exit_value|selling_costs
4710,Offplan,YES,2625000.0,NO,,NO,NO,NO,NO,NO,NO,NO,NO,NO,NO,annual_rent|verified_service_charge|net_rental_income|acquisition_costs|broker_purchase_cost|holding_period|exit_value|selling_costs
2542,Offplan,YES,1100000.0,NO,,NO,NO,NO,NO,NO,NO,NO,NO,NO,NO,annual_rent|verified_service_charge|net_rental_income|acquisition_costs|broker_purchase_cost|holding_period|exit_value|selling_costs
1892,Offplan,YES,1520000.0,NO,,NO,NO,NO,NO,NO,NO,NO,NO,NO,NO,annual_rent|verified_service_charge|net_rental_income|acquisition_costs|broker_purchase_cost|holding_period|exit_value|selling_costs
5530,Offplan,YES,1901999.0,NO,,NO,NO,NO,NO,NO,NO,NO,NO,NO,NO,annual_rent|verified_service_charge|net_rental_income|acquisition_costs|broker_purchase_cost|holding_period|exit_value|selling_costs
2560,Offplan,YES,883000.0,NO,,NO,NO,NO,NO,NO,NO,NO,NO,NO,NO,annual_rent|verified_service_charge|net_rental_income|acquisition_costs|broker_purchase_cost|holding_period|exit_value|selling_costs
4361,Offplan,YES,1405000.0,NO,,NO,NO,NO,NO,NO,NO,NO,NO,NO,NO,annual_rent|verified_service_charge|net_rental_income|acquisition_costs|broker_purchase_cost|holding_period|exit_value|selling_costs
3721,Offplan,YES,10700000.0,NO,,NO,NO,NO,NO,NO,NO,NO,NO,NO,NO,annual_rent|verified_service_charge|net_rental_income|acquisition_costs|broker_purchase_cost|holding_period|exit_value|selling_costs
7152,Offplan,YES,669946.0,NO,,NO,NO,NO,NO,NO,NO,NO,NO,NO,NO,annual_rent|verified_service_charge|net_rental_income|acquisition_costs|broker_purchase_cost|holding_period|exit_value|selling_costs
1654,Offplan,YES,1900000.0,NO,,NO,NO,NO,NO,NO,NO,NO,NO,NO,NO,annual_rent|verified_service_charge|net_rental_income|acquisition_costs|broker_purchase_cost|holding_period|exit_value|selling_costs
3266,Offplan,YES,2141000.0,NO,,NO,NO,NO,NO,NO,NO,NO,NO,NO,NO,annual_rent|verified_service_charge|net_rental_income|acquisition_costs|broker_purchase_cost|holding_period|exit_value|selling_costs
8032,Offplan,YES,689900.0,NO,,NO,NO,NO,NO,NO,NO,NO,NO,NO,NO,annual_rent|verified_service_charge|net_rental_income|acquisition_costs|broker_purchase_cost|holding_period|exit_value|selling_costs
7067,Offplan,YES,1350000.0,NO,,NO,NO,NO,NO,NO,NO,NO,NO,NO,NO,annual_rent|verified_service_charge|net_rental_income|acquisition_costs|broker_purchase_cost|holding_period|exit_value|selling_costs
2223,Offplan,YES,7700000.0,NO,,NO,NO,NO,NO,NO,NO,NO,NO,NO,NO,annual_rent|verified_service_charge|net_rental_income|acquisition_costs|broker_purchase_cost|holding_period|exit_value|selling_costs
1068,Ready,YES,1560000.0,YES,67200.0,NO,NO,NO,NO,NO,NO,NO,NO,NO,NO,verified_service_charge|net_rental_income|acquisition_costs|broker_purchase_cost|holding_period|exit_value|selling_costs
4568,Offplan,YES,1650000.0,NO,,NO,NO,NO,NO,NO,NO,NO,NO,NO,NO,annual_rent|verified_service_charge|net_rental_income|acquisition_costs|broker_purchase_cost|holding_period|exit_value|selling_costs
47,Offplan,YES,680000.0,NO,,NO,NO,NO,NO,NO,NO,NO,NO,NO,NO,annual_rent|verified_service_charge|net_rental_income|acquisition_costs|broker_purchase_cost|holding_period|exit_value|selling_costs
3553,Offplan,YES,2146070.0,NO,,NO,NO,NO,NO,NO,NO,NO,NO,NO,NO,annual_rent|verified_service_charge|net_rental_income|acquisition_costs|broker_purchase_cost|holding_period|exit_value|selling_costs
4566,Offplan,YES,833033.0,NO,,NO,NO,NO,NO,NO,NO,NO,NO,NO,NO,annual_rent|verified_service_charge|net_rental_income|acquisition_costs|broker_purchase_cost|holding_period|exit_value|selling_costs
6939,Offplan,YES,1970000.0,NO,,NO,NO,NO,NO,NO,NO,NO,NO,NO,NO,annual_rent|verified_service_charge|net_rental_income|acquisition_costs|broker_purchase_cost|holding_period|exit_value|selling_costs
7802,Offplan,YES,523000.0,NO,,NO,NO,NO,NO,NO,NO,NO,NO,NO,NO,annual_rent|verified_service_charge|net_rental_income|acquisition_costs|broker_purchase_cost|holding_period|exit_value|selling_costs
4209,Ready,YES,1450000.0,YES,58080.0,NO,NO,NO,NO,NO,NO,NO,NO,NO,NO,verified_service_charge|net_rental_income|acquisition_costs|broker_purchase_cost|holding_period|exit_value|selling_costs
6702,Offplan,YES,5600000.0,NO,,NO,NO,NO,NO,NO,NO,NO,NO,NO,NO,annual_rent|verified_service_charge|net_rental_income|acquisition_costs|broker_purchase_cost|holding_period|exit_value|selling_costs
6326,Offplan,YES,3188791.0,NO,,NO,NO,NO,NO,NO,NO,NO,NO,NO,NO,annual_rent|verified_service_charge|net_rental_income|acquisition_costs|broker_purchase_cost|holding_period|exit_value|selling_costs
5584,Offplan,YES,3942020.0,NO,,NO,NO,NO,NO,NO,NO,NO,NO,NO,NO,annual_rent|verified_service_charge|net_rental_income|acquisition_costs|broker_purchase_cost|holding_period|exit_value|selling_costs
7991,Offplan,YES,1756780.0,NO,,NO,NO,NO,NO,NO,NO,NO,NO,NO,NO,annual_rent|verified_service_charge|net_rental_income|acquisition_costs|broker_purchase_cost|holding_period|exit_value|selling_costs
3009,Offplan,YES,11091600.0,NO,,NO,NO,NO,NO,NO,NO,NO,NO,NO,NO,annual_rent|verified_service_charge|net_rental_income|acquisition_costs|broker_purchase_cost|holding_period|exit_value|selling_costs
7306,Offplan,YES,1188000.0,NO,,NO,NO,NO,NO,NO,NO,NO,NO,NO,NO,annual_rent|verified_service_charge|net_rental_income|acquisition_costs|broker_purchase_cost|holding_period|exit_value|selling_costs
3594,Offplan,YES,2250000.0,NO,,NO,NO,NO,NO,NO,NO,NO,NO,NO,NO,annual_rent|verified_service_charge|net_rental_income|acquisition_costs|broker_purchase_cost|holding_period|exit_value|selling_costs
4389,Ready,YES,905000.0,YES,65280.0,NO,NO,NO,NO,NO,NO,NO,NO,NO,NO,verified_service_charge|net_rental_income|acquisition_costs|broker_purchase_cost|holding_period|exit_value|selling_costs
873,Offplan,YES,847000.0,NO,,NO,NO,NO,NO,NO,NO,NO,NO,NO,NO,annual_rent|verified_service_charge|net_rental_income|acquisition_costs|broker_purchase_cost|holding_period|exit_value|selling_costs
4252,Offplan,YES,2580000.0,YES,80640.0,NO,NO,NO,NO,NO,NO,NO,NO,NO,NO,verified_service_charge|net_rental_income|acquisition_costs|broker_purchase_cost|holding_period|exit_value|selling_costs
3803,Offplan,YES,1750000.0,NO,,NO,NO,NO,NO,NO,NO,NO,NO,NO,NO,annual_rent|verified_service_charge|net_rental_income|acquisition_costs|broker_purchase_cost|holding_period|exit_value|selling_costs
5246,Offplan,YES,7500000.0,NO,,NO,NO,NO,NO,NO,NO,NO,NO,NO,NO,annual_rent|verified_service_charge|net_rental_income|acquisition_costs|broker_purchase_cost|holding_period|exit_value|selling_costs
1149,Offplan,YES,1799999.0,NO,,NO,NO,NO,NO,NO,NO,NO,NO,NO,NO,annual_rent|verified_service_charge|net_rental_income|acquisition_costs|broker_purchase_cost|holding_period|exit_value|selling_costs
2971,Offplan,YES,3790000.0,NO,,NO,NO,NO,NO,NO,NO,NO,NO,NO,NO,annual_rent|verified_service_charge|net_rental_income|acquisition_costs|broker_purchase_cost|holding_period|exit_value|selling_costs
1684,Offplan,YES,3870000.0,NO,,NO,NO,NO,NO,NO,NO,NO,NO,NO,NO,annual_rent|verified_service_charge|net_rental_income|acquisition_costs|broker_purchase_cost|holding_period|exit_value|selling_costs
4308,Offplan,YES,669816.0,NO,,NO,NO,NO,NO,NO,NO,NO,NO,NO,NO,annual_rent|verified_service_charge|net_rental_income|acquisition_costs|broker_purchase_cost|holding_period|exit_value|selling_costs
3626,Offplan,YES,3326250.0,NO,,NO,NO,NO,NO,NO,NO,NO,NO,NO,NO,annual_rent|verified_service_charge|net_rental_income|acquisition_costs|broker_purchase_cost|holding_period|exit_value|selling_costs
6244,Offplan,YES,2815888.0,NO,,NO,NO,NO,NO,NO,NO,NO,NO,NO,NO,annual_rent|verified_service_charge|net_rental_income|acquisition_costs|broker_purchase_cost|holding_period|exit_value|selling_costs
216,Offplan,YES,7000000.0,NO,,NO,NO,NO,NO,NO,NO,NO,NO,NO,NO,annual_rent|verified_service_charge|net_rental_income|acquisition_costs|broker_purchase_cost|holding_period|exit_value|selling_costs
6235,Ready,YES,2200000.0,YES,115200.0,NO,NO,NO,NO,NO,NO,NO,NO,NO,NO,verified_service_charge|net_rental_income|acquisition_costs|broker_purchase_cost|holding_period|exit_value|selling_costs
6520,Offplan,YES,1174000.0,NO,,NO,NO,NO,NO,NO,NO,NO,NO,NO,NO,annual_rent|verified_service_charge|net_rental_income|acquisition_costs|broker_purchase_cost|holding_period|exit_value|selling_costs
3939,Offplan,YES,2467000.0,NO,,NO,NO,NO,NO,NO,NO,NO,NO,NO,NO,annual_rent|verified_service_charge|net_rental_income|acquisition_costs|broker_purchase_cost|holding_period|exit_value|selling_costs
3460,Offplan,YES,750000.0,NO,,NO,NO,NO,NO,NO,NO,NO,NO,NO,NO,annual_rent|verified_service_charge|net_rental_income|acquisition_costs|broker_purchase_cost|holding_period|exit_value|selling_costs
7028,Offplan,YES,2200000.0,NO,,NO,NO,NO,NO,NO,NO,NO,NO,NO,NO,annual_rent|verified_service_charge|net_rental_income|acquisition_costs|broker_purchase_cost|holding_period|exit_value|selling_costs
2998,Offplan,YES,2196000.0,NO,,NO,NO,NO,NO,NO,NO,NO,NO,NO,NO,annual_rent|verified_service_charge|net_rental_income|acquisition_costs|broker_purchase_cost|holding_period|exit_value|selling_costs
7051,Offplan,YES,1700000.0,NO,,NO,NO,NO,NO,NO,NO,NO,NO,NO,NO,annual_rent|verified_service_charge|net_rental_income|acquisition_costs|broker_purchase_cost|holding_period|exit_value|selling_costs
4524,Offplan,YES,1799000.0,YES,67235.0,NO,NO,NO,NO,NO,NO,NO,NO,NO,NO,verified_service_charge|net_rental_income|acquisition_costs|broker_purchase_cost|holding_period|exit_value|selling_costs
3647,Offplan,YES,3490000.0,NO,,NO,NO,NO,NO,NO,NO,NO,NO,NO,NO,annual_rent|verified_service_charge|net_rental_income|acquisition_costs|broker_purchase_cost|holding_period|exit_value|selling_costs
4318,Offplan,YES,1903784.0,NO,,NO,NO,NO,NO,NO,NO,NO,NO,NO,NO,annual_rent|verified_service_charge|net_rental_income|acquisition_costs|broker_purchase_cost|holding_period|exit_value|selling_costs
3850,Offplan,YES,1500000.0,NO,,NO,NO,NO,NO,NO,NO,NO,NO,NO,NO,annual_rent|verified_service_charge|net_rental_income|acquisition_costs|broker_purchase_cost|holding_period|exit_value|selling_costs
4614,Offplan,YES,1000000.0,NO,,NO,NO,NO,NO,NO,NO,NO,NO,NO,NO,annual_rent|verified_service_charge|net_rental_income|acquisition_costs|broker_purchase_cost|holding_period|exit_value|selling_costs
5320,Offplan,YES,815000.0,NO,,NO,NO,NO,NO,NO,NO,NO,NO,NO,NO,annual_rent|verified_service_charge|net_rental_income|acquisition_costs|broker_purchase_cost|holding_period|exit_value|selling_costs
5443,Offplan,YES,750000.0,NO,,NO,NO,NO,NO,NO,NO,NO,NO,NO,NO,annual_rent|verified_service_charge|net_rental_income|acquisition_costs|broker_purchase_cost|holding_period|exit_value|selling_costs
1425,Offplan,YES,3200000.0,NO,,NO,NO,NO,NO,NO,NO,NO,NO,NO,NO,annual_rent|verified_service_charge|net_rental_income|acquisition_costs|broker_purchase_cost|holding_period|exit_value|selling_costs
3406,Offplan,YES,1350000.0,NO,,NO,NO,NO,NO,NO,NO,NO,NO,NO,NO,annual_rent|verified_service_charge|net_rental_income|acquisition_costs|broker_purchase_cost|holding_period|exit_value|selling_costs
307,Offplan,YES,1549999.0,NO,,NO,NO,NO,NO,NO,NO,NO,NO,NO,NO,annual_rent|verified_service_charge|net_rental_income|acquisition_costs|broker_purchase_cost|holding_period|exit_value|selling_costs
8064,Offplan,YES,1750000.0,NO,,NO,NO,NO,NO,NO,NO,NO,NO,NO,NO,annual_rent|verified_service_charge|net_rental_income|acquisition_costs|broker_purchase_cost|holding_period|exit_value|selling_costs
1114,Offplan,YES,2408432.0,NO,,NO,NO,NO,NO,NO,NO,NO,NO,NO,NO,annual_rent|verified_service_charge|net_rental_income|acquisition_costs|broker_purchase_cost|holding_period|exit_value|selling_costs
5676,Offplan,YES,1640280.0,NO,,NO,NO,NO,NO,NO,NO,NO,NO,NO,NO,annual_rent|verified_service_charge|net_rental_income|acquisition_costs|broker_purchase_cost|holding_period|exit_value|selling_costs
4001,Offplan,YES,1125000.0,NO,,NO,NO,NO,NO,NO,NO,NO,NO,NO,NO,annual_rent|verified_service_charge|net_rental_income|acquisition_costs|broker_purchase_cost|holding_period|exit_value|selling_costs
4410,Offplan,YES,1853230.0,NO,,NO,NO,NO,NO,NO,NO,NO,NO,NO,NO,annual_rent|verified_service_charge|net_rental_income|acquisition_costs|broker_purchase_cost|holding_period|exit_value|selling_costs
4834,Offplan,YES,3837000.0,NO,,NO,NO,NO,NO,NO,NO,NO,NO,NO,NO,annual_rent|verified_service_charge|net_rental_income|acquisition_costs|broker_purchase_cost|holding_period|exit_value|selling_costs
2317,Offplan,YES,857000.0,NO,,NO,NO,NO,NO,NO,NO,NO,NO,NO,NO,annual_rent|verified_service_charge|net_rental_income|acquisition_costs|broker_purchase_cost|holding_period|exit_value|selling_costs
1586,Offplan,YES,3412828.0,NO,,NO,NO,NO,NO,NO,NO,NO,NO,NO,NO,annual_rent|verified_service_charge|net_rental_income|acquisition_costs|broker_purchase_cost|holding_period|exit_value|selling_costs
7493,Offplan,YES,710000.0,NO,,NO,NO,NO,NO,NO,NO,NO,NO,NO,NO,annual_rent|verified_service_charge|net_rental_income|acquisition_costs|broker_purchase_cost|holding_period|exit_value|selling_costs
1676,Offplan,YES,1900000.0,NO,,NO,NO,NO,NO,NO,NO,NO,NO,NO,NO,annual_rent|verified_service_charge|net_rental_income|acquisition_costs|broker_purchase_cost|holding_period|exit_value|selling_costs
4972,Offplan,YES,1600000.0,NO,,NO,NO,NO,NO,NO,NO,NO,NO,NO,NO,annual_rent|verified_service_charge|net_rental_income|acquisition_costs|broker_purchase_cost|holding_period|exit_value|selling_costs
5394,Ready,YES,668000.0,YES,43200.0,NO,NO,NO,NO,NO,NO,NO,NO,NO,NO,verified_service_charge|net_rental_income|acquisition_costs|broker_purchase_cost|holding_period|exit_value|selling_costs
7801,Offplan,YES,2311137.0,NO,,NO,NO,NO,NO,NO,NO,NO,NO,NO,NO,annual_rent|verified_service_charge|net_rental_income|acquisition_costs|broker_purchase_cost|holding_period|exit_value|selling_costs
6324,Offplan,YES,3882000.0,NO,,NO,NO,NO,NO,NO,NO,NO,NO,NO,NO,annual_rent|verified_service_charge|net_rental_income|acquisition_costs|broker_purchase_cost|holding_period|exit_value|selling_costs
5005,Offplan,YES,1600000.0,NO,,NO,NO,NO,NO,NO,NO,NO,NO,NO,NO,annual_rent|verified_service_charge|net_rental_income|acquisition_costs|broker_purchase_cost|holding_period|exit_value|selling_costs
7741,Offplan,YES,2180362.0,NO,,NO,NO,NO,NO,NO,NO,NO,NO,NO,NO,annual_rent|verified_service_charge|net_rental_income|acquisition_costs|broker_purchase_cost|holding_period|exit_value|selling_costs
8221,Offplan,YES,2380000.0,NO,,NO,NO,NO,NO,NO,NO,NO,NO,NO,NO,annual_rent|verified_service_charge|net_rental_income|acquisition_costs|broker_purchase_cost|holding_period|exit_value|selling_costs
2739,Offplan,YES,1986000.0,NO,,NO,NO,NO,NO,NO,NO,NO,NO,NO,NO,annual_rent|verified_service_charge|net_rental_income|acquisition_costs|broker_purchase_cost|holding_period|exit_value|selling_costs
1325,Offplan,YES,801173.0,NO,,NO,NO,NO,NO,NO,NO,NO,NO,NO,NO,annual_rent|verified_service_charge|net_rental_income|acquisition_costs|broker_purchase_cost|holding_period|exit_value|selling_costs
7413,Offplan,YES,1196220.0,NO,,NO,NO,NO,NO,NO,NO,NO,NO,NO,NO,annual_rent|verified_service_charge|net_rental_income|acquisition_costs|broker_purchase_cost|holding_period|exit_value|selling_costs
6559,Offplan,YES,673000.0,NO,,NO,NO,NO,NO,NO,NO,NO,NO,NO,NO,annual_rent|verified_service_charge|net_rental_income|acquisition_costs|broker_purchase_cost|holding_period|exit_value|selling_costs
7836,Offplan,YES,1500000.0,NO,,NO,NO,NO,NO,NO,NO,NO,NO,NO,NO,annual_rent|verified_service_charge|net_rental_income|acquisition_costs|broker_purchase_cost|holding_period|exit_value|selling_costs
6790,Offplan,YES,2900000.0,NO,,NO,NO,NO,NO,NO,NO,NO,NO,NO,NO,annual_rent|verified_service_charge|net_rental_income|acquisition_costs|broker_purchase_cost|holding_period|exit_value|selling_costs
377,Offplan,YES,1054900.0,NO,,NO,NO,NO,NO,NO,NO,NO,NO,NO,NO,annual_rent|verified_service_charge|net_rental_income|acquisition_costs|broker_purchase_cost|holding_period|exit_value|selling_costs
6002,Offplan,YES,1512999.0,NO,,NO,NO,NO,NO,NO,NO,NO,NO,NO,NO,annual_rent|verified_service_charge|net_rental_income|acquisition_costs|broker_purchase_cost|holding_period|exit_value|selling_costs
411,Offplan,YES,663000.0,NO,,NO,NO,NO,NO,NO,NO,NO,NO,NO,NO,annual_rent|verified_service_charge|net_rental_income|acquisition_costs|broker_purchase_cost|holding_period|exit_value|selling_costs
197,Offplan,YES,1790000.0,NO,,NO,NO,NO,NO,NO,NO,NO,NO,NO,NO,annual_rent|verified_service_charge|net_rental_income|acquisition_costs|broker_purchase_cost|holding_period|exit_value|selling_costs
2021,Offplan,YES,1800000.0,NO,,NO,NO,NO,NO,NO,NO,NO,NO,NO,NO,annual_rent|verified_service_charge|net_rental_income|acquisition_costs|broker_purchase_cost|holding_period|exit_value|selling_costs
4680,Offplan,YES,4010888.0,NO,,NO,NO,NO,NO,NO,NO,NO,NO,NO,NO,annual_rent|verified_service_charge|net_rental_income|acquisition_costs|broker_purchase_cost|holding_period|exit_value|selling_costs
2946,Offplan,YES,4580000.0,NO,,NO,NO,NO,NO,NO,NO,NO,NO,NO,NO,annual_rent|verified_service_charge|net_rental_income|acquisition_costs|broker_purchase_cost|holding_period|exit_value|selling_costs
1281,Offplan,YES,4130000.0,NO,,NO,NO,NO,NO,NO,NO,NO,NO,NO,NO,annual_rent|verified_service_charge|net_rental_income|acquisition_costs|broker_purchase_cost|holding_period|exit_value|selling_costs
5461,Offplan,YES,725000.0,NO,,NO,NO,NO,NO,NO,NO,NO,NO,NO,NO,annual_rent|verified_service_charge|net_rental_income|acquisition_costs|broker_purchase_cost|holding_period|exit_value|selling_costs
4214,Offplan,YES,1600000.0,NO,,NO,NO,NO,NO,NO,NO,NO,NO,NO,NO,annual_rent|verified_service_charge|net_rental_income|acquisition_costs|broker_purchase_cost|holding_period|exit_value|selling_costs
3204,Offplan,YES,1705690.0,NO,,NO,NO,NO,NO,NO,NO,NO,NO,NO,NO,annual_rent|verified_service_charge|net_rental_income|acquisition_costs|broker_purchase_cost|holding_period|exit_value|selling_costs
2281,Offplan,YES,2100000.0,NO,,NO,NO,NO,NO,NO,NO,NO,NO,NO,NO,annual_rent|verified_service_charge|net_rental_income|acquisition_costs|broker_purchase_cost|holding_period|exit_value|selling_costs
5700,Offplan,YES,2300000.0,NO,,NO,NO,NO,NO,NO,NO,NO,NO,NO,NO,annual_rent|verified_service_charge|net_rental_income|acquisition_costs|broker_purchase_cost|holding_period|exit_value|selling_costs
2808,Offplan,YES,1860000.0,NO,,NO,NO,NO,NO,NO,NO,NO,NO,NO,NO,annual_rent|verified_service_charge|net_rental_income|acquisition_costs|broker_purchase_cost|holding_period|exit_value|selling_costs
7680,Offplan,YES,2143480.0,NO,,NO,NO,NO,NO,NO,NO,NO,NO,NO,NO,annual_rent|verified_service_charge|net_rental_income|acquisition_costs|broker_purchase_cost|holding_period|exit_value|selling_costs
5045,Offplan,YES,1200000.0,NO,,NO,NO,NO,NO,NO,NO,NO,NO,NO,NO,annual_rent|verified_service_charge|net_rental_income|acquisition_costs|broker_purchase_cost|holding_period|exit_value|selling_costs
2597,Offplan,YES,1393100.0,NO,,NO,NO,NO,NO,NO,NO,NO,NO,NO,NO,annual_rent|verified_service_charge|net_rental_income|acquisition_costs|broker_purchase_cost|holding_period|exit_value|selling_costs
5497,Ready,YES,675000.0,YES,38400.0,NO,NO,NO,NO,NO,NO,NO,NO,NO,NO,verified_service_charge|net_rental_income|acquisition_costs|broker_purchase_cost|holding_period|exit_value|selling_costs
8003,Offplan,YES,850000.0,NO,,NO,NO,NO,NO,NO,NO,NO,NO,NO,NO,annual_rent|verified_service_charge|net_rental_income|acquisition_costs|broker_purchase_cost|holding_period|exit_value|selling_costs
3081,Offplan,YES,660000.0,NO,,NO,NO,NO,NO,NO,NO,NO,NO,NO,NO,annual_rent|verified_service_charge|net_rental_income|acquisition_costs|broker_purchase_cost|holding_period|exit_value|selling_costs
2724,Offplan,YES,2105888.0,NO,,NO,NO,NO,NO,NO,NO,NO,NO,NO,NO,annual_rent|verified_service_charge|net_rental_income|acquisition_costs|broker_purchase_cost|holding_period|exit_value|selling_costs
8156,Offplan,YES,700000.0,NO,,NO,NO,NO,NO,NO,NO,NO,NO,NO,NO,annual_rent|verified_service_charge|net_rental_income|acquisition_costs|broker_purchase_cost|holding_period|exit_value|selling_costs
1262,Offplan,YES,1500000.0,NO,,NO,NO,NO,NO,NO,NO,NO,NO,NO,NO,annual_rent|verified_service_charge|net_rental_income|acquisition_costs|broker_purchase_cost|holding_period|exit_value|selling_costs
855,Offplan,YES,1342703.0,NO,,NO,NO,NO,NO,NO,NO,NO,NO,NO,NO,annual_rent|verified_service_charge|net_rental_income|acquisition_costs|broker_purchase_cost|holding_period|exit_value|selling_costs
2757,Offplan,YES,2924999.0,NO,,NO,NO,NO,NO,NO,NO,NO,NO,NO,NO,annual_rent|verified_service_charge|net_rental_income|acquisition_costs|broker_purchase_cost|holding_period|exit_value|selling_costs
2668,Offplan,YES,1422400.0,NO,,NO,NO,NO,NO,NO,NO,NO,NO,NO,NO,annual_rent|verified_service_charge|net_rental_income|acquisition_costs|broker_purchase_cost|holding_period|exit_value|selling_costs
2246,Offplan,YES,764999.0,NO,,NO,NO,NO,NO,NO,NO,NO,NO,NO,NO,annual_rent|verified_service_charge|net_rental_income|acquisition_costs|broker_purchase_cost|holding_period|exit_value|selling_costs
6993,Offplan,YES,1810000.0,NO,,NO,NO,NO,NO,NO,NO,NO,NO,NO,NO,annual_rent|verified_service_charge|net_rental_income|acquisition_costs|broker_purchase_cost|holding_period|exit_value|selling_costs
5269,Offplan,YES,5740000.0,NO,,NO,NO,NO,NO,NO,NO,NO,NO,NO,NO,annual_rent|verified_service_charge|net_rental_income|acquisition_costs|broker_purchase_cost|holding_period|exit_value|selling_costs
1459,Ready,YES,1375000.0,YES,91849.0,NO,NO,NO,NO,NO,NO,NO,NO,NO,NO,verified_service_charge|net_rental_income|acquisition_costs|broker_purchase_cost|holding_period|exit_value|selling_costs
442,Offplan,YES,587000.0,NO,,NO,NO,NO,NO,NO,NO,NO,NO,NO,NO,annual_rent|verified_service_charge|net_rental_income|acquisition_costs|broker_purchase_cost|holding_period|exit_value|selling_costs
3095,Offplan,YES,1782830.0,NO,,NO,NO,NO,NO,NO,NO,NO,NO,NO,NO,annual_rent|verified_service_charge|net_rental_income|acquisition_costs|broker_purchase_cost|holding_period|exit_value|selling_costs
7305,Offplan,YES,1600000.0,NO,,NO,NO,NO,NO,NO,NO,NO,NO,NO,NO,annual_rent|verified_service_charge|net_rental_income|acquisition_costs|broker_purchase_cost|holding_period|exit_value|selling_costs
720,Offplan,YES,1800000.0,NO,,NO,NO,NO,NO,NO,NO,NO,NO,NO,NO,annual_rent|verified_service_charge|net_rental_income|acquisition_costs|broker_purchase_cost|holding_period|exit_value|selling_costs
7919,Offplan,YES,1213470.0,NO,,NO,NO,NO,NO,NO,NO,NO,NO,NO,NO,annual_rent|verified_service_charge|net_rental_income|acquisition_costs|broker_purchase_cost|holding_period|exit_value|selling_costs
4649,Offplan,YES,2362000.0,NO,,NO,NO,NO,NO,NO,NO,NO,NO,NO,NO,annual_rent|verified_service_charge|net_rental_income|acquisition_costs|broker_purchase_cost|holding_period|exit_value|selling_costs
8373,Offplan,YES,3299999.0,NO,,NO,NO,NO,NO,NO,NO,NO,NO,NO,NO,annual_rent|verified_service_charge|net_rental_income|acquisition_costs|broker_purchase_cost|holding_period|exit_value|selling_costs
416,Offplan,YES,1175000.0,NO,,NO,NO,NO,NO,NO,NO,NO,NO,NO,NO,annual_rent|verified_service_charge|net_rental_income|acquisition_costs|broker_purchase_cost|holding_period|exit_value|selling_costs
4644,Offplan,YES,707000.0,NO,,NO,NO,NO,NO,NO,NO,NO,NO,NO,NO,annual_rent|verified_service_charge|net_rental_income|acquisition_costs|broker_purchase_cost|holding_period|exit_value|selling_costs
2189,Offplan,YES,748000.0,NO,,NO,NO,NO,NO,NO,NO,NO,NO,NO,NO,annual_rent|verified_service_charge|net_rental_income|acquisition_costs|broker_purchase_cost|holding_period|exit_value|selling_costs
3225,Offplan,YES,2501016.0,NO,,NO,NO,NO,NO,NO,NO,NO,NO,NO,NO,annual_rent|verified_service_charge|net_rental_income|acquisition_costs|broker_purchase_cost|holding_period|exit_value|selling_costs
3334,Offplan,YES,2289194.0,NO,,NO,NO,NO,NO,NO,NO,NO,NO,NO,NO,annual_rent|verified_service_charge|net_rental_income|acquisition_costs|broker_purchase_cost|holding_period|exit_value|selling_costs
425,Offplan,YES,5656000.0,NO,,NO,NO,NO,NO,NO,NO,NO,NO,NO,NO,annual_rent|verified_service_charge|net_rental_income|acquisition_costs|broker_purchase_cost|holding_period|exit_value|selling_costs
5701,Offplan,YES,595000.0,NO,,NO,NO,NO,NO,NO,NO,NO,NO,NO,NO,annual_rent|verified_service_charge|net_rental_income|acquisition_costs|broker_purchase_cost|holding_period|exit_value|selling_costs
1193,Offplan,YES,3700000.0,NO,,NO,NO,NO,NO,NO,NO,NO,NO,NO,NO,annual_rent|verified_service_charge|net_rental_income|acquisition_costs|broker_purchase_cost|holding_period|exit_value|selling_costs
6586,Offplan,YES,1680000.0,NO,,NO,NO,NO,NO,NO,NO,NO,NO,NO,NO,annual_rent|verified_service_charge|net_rental_income|acquisition_costs|broker_purchase_cost|holding_period|exit_value|selling_costs
4669,Ready,YES,1128000.0,NO,,NO,NO,NO,NO,NO,NO,NO,NO,NO,NO,annual_rent|verified_service_charge|net_rental_income|acquisition_costs|broker_purchase_cost|holding_period|exit_value|selling_costs
1658,Offplan,YES,1198000.0,NO,,NO,NO,NO,NO,NO,NO,NO,NO,NO,NO,annual_rent|verified_service_charge|net_rental_income|acquisition_costs|broker_purchase_cost|holding_period|exit_value|selling_costs
4300,Offplan,YES,1626430.0,NO,,NO,NO,NO,NO,NO,NO,NO,NO,NO,NO,annual_rent|verified_service_charge|net_rental_income|acquisition_costs|broker_purchase_cost|holding_period|exit_value|selling_costs
4122,Offplan,YES,1915000.0,NO,,NO,NO,NO,NO,NO,NO,NO,NO,NO,NO,annual_rent|verified_service_charge|net_rental_income|acquisition_costs|broker_purchase_cost|holding_period|exit_value|selling_costs
8081,Offplan,YES,2176000.0,NO,,NO,NO,NO,NO,NO,NO,NO,NO,NO,NO,annual_rent|verified_service_charge|net_rental_income|acquisition_costs|broker_purchase_cost|holding_period|exit_value|selling_costs
520,Offplan,YES,1641350.0,NO,,NO,NO,NO,NO,NO,NO,NO,NO,NO,NO,annual_rent|verified_service_charge|net_rental_income|acquisition_costs|broker_purchase_cost|holding_period|exit_value|selling_costs
4171,Offplan,YES,2710000.0,NO,,NO,NO,NO,NO,NO,NO,NO,NO,NO,NO,annual_rent|verified_service_charge|net_rental_income|acquisition_costs|broker_purchase_cost|holding_period|exit_value|selling_costs
8384,Offplan,YES,1963000.0,NO,,NO,NO,NO,NO,NO,NO,NO,NO,NO,NO,annual_rent|verified_service_charge|net_rental_income|acquisition_costs|broker_purchase_cost|holding_period|exit_value|selling_costs
5654,Offplan,YES,2200000.0,NO,,NO,NO,NO,NO,NO,NO,NO,NO,NO,NO,annual_rent|verified_service_charge|net_rental_income|acquisition_costs|broker_purchase_cost|holding_period|exit_value|selling_costs
3865,Offplan,YES,6574000.0,NO,,NO,NO,NO,NO,NO,NO,NO,NO,NO,NO,annual_rent|verified_service_charge|net_rental_income|acquisition_costs|broker_purchase_cost|holding_period|exit_value|selling_costs
5475,Offplan,YES,4200000.0,NO,,NO,NO,NO,NO,NO,NO,NO,NO,NO,NO,annual_rent|verified_service_charge|net_rental_income|acquisition_costs|broker_purchase_cost|holding_period|exit_value|selling_costs
6829,Offplan,YES,1608370.0,NO,,NO,NO,NO,NO,NO,NO,NO,NO,NO,NO,annual_rent|verified_service_charge|net_rental_income|acquisition_costs|broker_purchase_cost|holding_period|exit_value|selling_costs
6421,Offplan,YES,3290000.0,NO,,NO,NO,NO,NO,NO,NO,NO,NO,NO,NO,annual_rent|verified_service_charge|net_rental_income|acquisition_costs|broker_purchase_cost|holding_period|exit_value|selling_costs
1417,Offplan,YES,1606000.0,NO,,NO,NO,NO,NO,NO,NO,NO,NO,NO,NO,annual_rent|verified_service_charge|net_rental_income|acquisition_costs|broker_purchase_cost|holding_period|exit_value|selling_costs
2393,Offplan,YES,1170000.0,NO,,NO,NO,NO,NO,NO,NO,NO,NO,NO,NO,annual_rent|verified_service_charge|net_rental_income|acquisition_costs|broker_purchase_cost|holding_period|exit_value|selling_costs
2980,Offplan,YES,3537888.0,NO,,NO,NO,NO,NO,NO,NO,NO,NO,NO,NO,annual_rent|verified_service_charge|net_rental_income|acquisition_costs|broker_purchase_cost|holding_period|exit_value|selling_costs
4562,Offplan,YES,1002400.0,NO,,NO,NO,NO,NO,NO,NO,NO,NO,NO,NO,annual_rent|verified_service_charge|net_rental_income|acquisition_costs|broker_purchase_cost|holding_period|exit_value|selling_costs
6124,Offplan,YES,640672.0,NO,,NO,NO,NO,NO,NO,NO,NO,NO,NO,NO,annual_rent|verified_service_charge|net_rental_income|acquisition_costs|broker_purchase_cost|holding_period|exit_value|selling_costs
2174,Offplan,YES,1406000.0,NO,,NO,NO,NO,NO,NO,NO,NO,NO,NO,NO,annual_rent|verified_service_charge|net_rental_income|acquisition_costs|broker_purchase_cost|holding_period|exit_value|selling_costs
934,Offplan,YES,1023045.0,NO,,NO,NO,NO,NO,NO,NO,NO,NO,NO,NO,annual_rent|verified_service_charge|net_rental_income|acquisition_costs|broker_purchase_cost|holding_period|exit_value|selling_costs
8386,Offplan,YES,773068.0,NO,,NO,NO,NO,NO,NO,NO,NO,NO,NO,NO,annual_rent|verified_service_charge|net_rental_income|acquisition_costs|broker_purchase_cost|holding_period|exit_value|selling_costs
2791,Offplan,YES,3932000.0,NO,,NO,NO,NO,NO,NO,NO,NO,NO,NO,NO,annual_rent|verified_service_charge|net_rental_income|acquisition_costs|broker_purchase_cost|holding_period|exit_value|selling_costs
5865,Offplan,YES,2800000.0,NO,,NO,NO,NO,NO,NO,NO,NO,NO,NO,NO,annual_rent|verified_service_charge|net_rental_income|acquisition_costs|broker_purchase_cost|holding_period|exit_value|selling_costs
7447,Offplan,YES,2800000.0,NO,,NO,NO,NO,NO,NO,NO,NO,NO,NO,NO,annual_rent|verified_service_charge|net_rental_income|acquisition_costs|broker_purchase_cost|holding_period|exit_value|selling_costs
4235,Offplan,YES,1156018.0,NO,,NO,NO,NO,NO,NO,NO,NO,NO,NO,NO,annual_rent|verified_service_charge|net_rental_income|acquisition_costs|broker_purchase_cost|holding_period|exit_value|selling_costs
5266,Offplan,YES,1700000.0,NO,,NO,NO,NO,NO,NO,NO,NO,NO,NO,NO,annual_rent|verified_service_charge|net_rental_income|acquisition_costs|broker_purchase_cost|holding_period|exit_value|selling_costs
2740,Offplan,YES,1806000.0,NO,,NO,NO,NO,NO,NO,NO,NO,NO,NO,NO,annual_rent|verified_service_charge|net_rental_income|acquisition_costs|broker_purchase_cost|holding_period|exit_value|selling_costs
5189,Offplan,YES,1699900.0,NO,,NO,NO,NO,NO,NO,NO,NO,NO,NO,NO,annual_rent|verified_service_charge|net_rental_income|acquisition_costs|broker_purchase_cost|holding_period|exit_value|selling_costs
4681,Offplan,YES,1800000.0,NO,,NO,NO,NO,NO,NO,NO,NO,NO,NO,NO,annual_rent|verified_service_charge|net_rental_income|acquisition_costs|broker_purchase_cost|holding_period|exit_value|selling_costs
1628,Offplan,YES,1866890.0,NO,,NO,NO,NO,NO,NO,NO,NO,NO,NO,NO,annual_rent|verified_service_charge|net_rental_income|acquisition_costs|broker_purchase_cost|holding_period|exit_value|selling_costs
3483,Offplan,YES,881000.0,NO,,NO,NO,NO,NO,NO,NO,NO,NO,NO,NO,annual_rent|verified_service_charge|net_rental_income|acquisition_costs|broker_purchase_cost|holding_period|exit_value|selling_costs
3255,Offplan,YES,1050000.0,NO,,NO,NO,NO,NO,NO,NO,NO,NO,NO,NO,annual_rent|verified_service_charge|net_rental_income|acquisition_costs|broker_purchase_cost|holding_period|exit_value|selling_costs
6137,Offplan,YES,1404000.0,NO,,NO,NO,NO,NO,NO,NO,NO,NO,NO,NO,annual_rent|verified_service_charge|net_rental_income|acquisition_costs|broker_purchase_cost|holding_period|exit_value|selling_costs
4924,Offplan,YES,2350000.0,NO,,NO,NO,NO,NO,NO,NO,NO,NO,NO,NO,annual_rent|verified_service_charge|net_rental_income|acquisition_costs|broker_purchase_cost|holding_period|exit_value|selling_costs
1083,Offplan,YES,3410000.0,NO,,NO,NO,NO,NO,NO,NO,NO,NO,NO,NO,annual_rent|verified_service_charge|net_rental_income|acquisition_costs|broker_purchase_cost|holding_period|exit_value|selling_costs
5317,Offplan,YES,3000000.0,NO,,NO,NO,NO,NO,NO,NO,NO,NO,NO,NO,annual_rent|verified_service_charge|net_rental_income|acquisition_costs|broker_purchase_cost|holding_period|exit_value|selling_costs
294,Offplan,YES,560000.0,NO,,NO,NO,NO,NO,NO,NO,NO,NO,NO,NO,annual_rent|verified_service_charge|net_rental_income|acquisition_costs|broker_purchase_cost|holding_period|exit_value|selling_costs
4677,Offplan,YES,3119000.0,NO,,NO,NO,NO,NO,NO,NO,NO,NO,NO,NO,annual_rent|verified_service_charge|net_rental_income|acquisition_costs|broker_purchase_cost|holding_period|exit_value|selling_costs
3231,Ready,YES,1600000.0,YES,86400.0,NO,NO,NO,NO,NO,NO,NO,NO,NO,NO,verified_service_charge|net_rental_income|acquisition_costs|broker_purchase_cost|holding_period|exit_value|selling_costs
482,Offplan,YES,14734600.0,NO,,NO,NO,NO,NO,NO,NO,NO,NO,NO,NO,annual_rent|verified_service_charge|net_rental_income|acquisition_costs|broker_purchase_cost|holding_period|exit_value|selling_costs
8097,Offplan,YES,2100000.0,NO,,NO,NO,NO,NO,NO,NO,NO,NO,NO,NO,annual_rent|verified_service_charge|net_rental_income|acquisition_costs|broker_purchase_cost|holding_period|exit_value|selling_costs
3729,Offplan,YES,2623333.0,NO,,NO,NO,NO,NO,NO,NO,NO,NO,NO,NO,annual_rent|verified_service_charge|net_rental_income|acquisition_costs|broker_purchase_cost|holding_period|exit_value|selling_costs
3471,Offplan,YES,23999500.0,NO,,NO,NO,NO,NO,NO,NO,NO,NO,NO,NO,annual_rent|verified_service_charge|net_rental_income|acquisition_costs|broker_purchase_cost|holding_period|exit_value|selling_costs
7206,Offplan,YES,23999500.0,NO,,NO,NO,NO,NO,NO,NO,NO,NO,NO,NO,annual_rent|verified_service_charge|net_rental_income|acquisition_costs|broker_purchase_cost|holding_period|exit_value|selling_costs
2103,Offplan,YES,1092140.0,NO,,NO,NO,NO,NO,NO,NO,NO,NO,NO,NO,annual_rent|verified_service_charge|net_rental_income|acquisition_costs|broker_purchase_cost|holding_period|exit_value|selling_costs
7260,Offplan,YES,1680888.0,NO,,NO,NO,NO,NO,NO,NO,NO,NO,NO,NO,annual_rent|verified_service_charge|net_rental_income|acquisition_costs|broker_purchase_cost|holding_period|exit_value|selling_costs
5805,Offplan,YES,3188000.0,NO,,NO,NO,NO,NO,NO,NO,NO,NO,NO,NO,annual_rent|verified_service_charge|net_rental_income|acquisition_costs|broker_purchase_cost|holding_period|exit_value|selling_costs
1129,Offplan,YES,3477663.0,NO,,NO,NO,NO,NO,NO,NO,NO,NO,NO,NO,annual_rent|verified_service_charge|net_rental_income|acquisition_costs|broker_purchase_cost|holding_period|exit_value|selling_costs
5165,Offplan,YES,1634945.0,NO,,NO,NO,NO,NO,NO,NO,NO,NO,NO,NO,annual_rent|verified_service_charge|net_rental_income|acquisition_costs|broker_purchase_cost|holding_period|exit_value|selling_costs
3374,Offplan,YES,1059840.0,NO,,NO,NO,NO,NO,NO,NO,NO,NO,NO,NO,annual_rent|verified_service_charge|net_rental_income|acquisition_costs|broker_purchase_cost|holding_period|exit_value|selling_costs
699,Offplan,YES,5269000.0,NO,,NO,NO,NO,NO,NO,NO,NO,NO,NO,NO,annual_rent|verified_service_charge|net_rental_income|acquisition_costs|broker_purchase_cost|holding_period|exit_value|selling_costs
566,Offplan,YES,2294000.0,NO,,NO,NO,NO,NO,NO,NO,NO,NO,NO,NO,annual_rent|verified_service_charge|net_rental_income|acquisition_costs|broker_purchase_cost|holding_period|exit_value|selling_costs
6184,Offplan,YES,2014000.0,NO,,NO,NO,NO,NO,NO,NO,NO,NO,NO,NO,annual_rent|verified_service_charge|net_rental_income|acquisition_costs|broker_purchase_cost|holding_period|exit_value|selling_costs
178,Offplan,YES,1740000.0,NO,,NO,NO,NO,NO,NO,NO,NO,NO,NO,NO,annual_rent|verified_service_charge|net_rental_income|acquisition_costs|broker_purchase_cost|holding_period|exit_value|selling_costs
4745,Offplan,YES,2878830.0,NO,,NO,NO,NO,NO,NO,NO,NO,NO,NO,NO,annual_rent|verified_service_charge|net_rental_income|acquisition_costs|broker_purchase_cost|holding_period|exit_value|selling_costs
1859,Offplan,YES,1110000.0,NO,,NO,NO,NO,NO,NO,NO,NO,NO,NO,NO,annual_rent|verified_service_charge|net_rental_income|acquisition_costs|broker_purchase_cost|holding_period|exit_value|selling_costs
4391,Offplan,YES,3650000.0,NO,,NO,NO,NO,NO,NO,NO,NO,NO,NO,NO,annual_rent|verified_service_charge|net_rental_income|acquisition_costs|broker_purchase_cost|holding_period|exit_value|selling_costs
6664,Offplan,YES,2900000.0,NO,,NO,NO,NO,NO,NO,NO,NO,NO,NO,NO,annual_rent|verified_service_charge|net_rental_income|acquisition_costs|broker_purchase_cost|holding_period|exit_value|selling_costs
2663,Offplan,YES,740983.0,NO,,NO,NO,NO,NO,NO,NO,NO,NO,NO,NO,annual_rent|verified_service_charge|net_rental_income|acquisition_costs|broker_purchase_cost|holding_period|exit_value|selling_costs
2611,Offplan,YES,3900000.0,NO,,NO,NO,NO,NO,NO,NO,NO,NO,NO,NO,annual_rent|verified_service_charge|net_rental_income|acquisition_costs|broker_purchase_cost|holding_period|exit_value|selling_costs
299,Offplan,YES,810000.0,NO,,NO,NO,NO,NO,NO,NO,NO,NO,NO,NO,annual_rent|verified_service_charge|net_rental_income|acquisition_costs|broker_purchase_cost|holding_period|exit_value|selling_costs
4468,Offplan,YES,14735000.0,NO,,NO,NO,NO,NO,NO,NO,NO,NO,NO,NO,annual_rent|verified_service_charge|net_rental_income|acquisition_costs|broker_purchase_cost|holding_period|exit_value|selling_costs
3099,Offplan,YES,1732000.0,NO,,NO,NO,NO,NO,NO,NO,NO,NO,NO,NO,annual_rent|verified_service_charge|net_rental_income|acquisition_costs|broker_purchase_cost|holding_period|exit_value|selling_costs
3332,Offplan,YES,1811000.0,NO,,NO,NO,NO,NO,NO,NO,NO,NO,NO,NO,annual_rent|verified_service_charge|net_rental_income|acquisition_costs|broker_purchase_cost|holding_period|exit_value|selling_costs
4277,Offplan,YES,1304490.0,NO,,NO,NO,NO,NO,NO,NO,NO,NO,NO,NO,annual_rent|verified_service_charge|net_rental_income|acquisition_costs|broker_purchase_cost|holding_period|exit_value|selling_costs
6331,Offplan,YES,1000000.0,NO,,NO,NO,NO,NO,NO,NO,NO,NO,NO,NO,annual_rent|verified_service_charge|net_rental_income|acquisition_costs|broker_purchase_cost|holding_period|exit_value|selling_costs
6583,Offplan,YES,6475000.0,NO,,NO,NO,NO,NO,NO,NO,NO,NO,NO,NO,annual_rent|verified_service_charge|net_rental_income|acquisition_costs|broker_purchase_cost|holding_period|exit_value|selling_costs
4827,Offplan,YES,695999.0,NO,,NO,NO,NO,NO,NO,NO,NO,NO,NO,NO,annual_rent|verified_service_charge|net_rental_income|acquisition_costs|broker_purchase_cost|holding_period|exit_value|selling_costs
689,Offplan,YES,576000.0,NO,,NO,NO,NO,NO,NO,NO,NO,NO,NO,NO,annual_rent|verified_service_charge|net_rental_income|acquisition_costs|broker_purchase_cost|holding_period|exit_value|selling_costs
7251,Offplan,YES,556000.0,NO,,NO,NO,NO,NO,NO,NO,NO,NO,NO,NO,annual_rent|verified_service_charge|net_rental_income|acquisition_costs|broker_purchase_cost|holding_period|exit_value|selling_costs
2196,Offplan,YES,2500000.0,NO,,NO,NO,NO,NO,NO,NO,NO,NO,NO,NO,annual_rent|verified_service_charge|net_rental_income|acquisition_costs|broker_purchase_cost|holding_period|exit_value|selling_costs
135,Offplan,YES,2300000.0,NO,,NO,NO,NO,NO,NO,NO,NO,NO,NO,NO,annual_rent|verified_service_charge|net_rental_income|acquisition_costs|broker_purchase_cost|holding_period|exit_value|selling_costs
2880,Offplan,YES,2113828.0,NO,,NO,NO,NO,NO,NO,NO,NO,NO,NO,NO,annual_rent|verified_service_charge|net_rental_income|acquisition_costs|broker_purchase_cost|holding_period|exit_value|selling_costs
2884,Offplan,YES,1665000.0,NO,,NO,NO,NO,NO,NO,NO,NO,NO,NO,NO,annual_rent|verified_service_charge|net_rental_income|acquisition_costs|broker_purchase_cost|holding_period|exit_value|selling_costs
7434,Offplan,YES,2529070.0,NO,,NO,NO,NO,NO,NO,NO,NO,NO,NO,NO,annual_rent|verified_service_charge|net_rental_income|acquisition_costs|broker_purchase_cost|holding_period|exit_value|selling_costs
183,Offplan,YES,1114000.0,NO,,NO,NO,NO,NO,NO,NO,NO,NO,NO,NO,annual_rent|verified_service_charge|net_rental_income|acquisition_costs|broker_purchase_cost|holding_period|exit_value|selling_costs
3852,Ready,YES,4200000.0,NO,,NO,NO,NO,NO,NO,NO,NO,NO,NO,NO,annual_rent|verified_service_charge|net_rental_income|acquisition_costs|broker_purchase_cost|holding_period|exit_value|selling_costs
6680,Offplan,YES,1200000.0,NO,,NO,NO,NO,NO,NO,NO,NO,NO,NO,NO,annual_rent|verified_service_charge|net_rental_income|acquisition_costs|broker_purchase_cost|holding_period|exit_value|selling_costs
143,Offplan,YES,1086919.0,NO,,NO,NO,NO,NO,NO,NO,NO,NO,NO,NO,annual_rent|verified_service_charge|net_rental_income|acquisition_costs|broker_purchase_cost|holding_period|exit_value|selling_costs
6423,Offplan,YES,2739120.0,NO,,NO,NO,NO,NO,NO,NO,NO,NO,NO,NO,annual_rent|verified_service_charge|net_rental_income|acquisition_costs|broker_purchase_cost|holding_period|exit_value|selling_costs
2458,Offplan,YES,496625.0,NO,,NO,NO,NO,NO,NO,NO,NO,NO,NO,NO,annual_rent|verified_service_charge|net_rental_income|acquisition_costs|broker_purchase_cost|holding_period|exit_value|selling_costs
5263,Ready,YES,1450000.0,YES,81600.0,NO,NO,NO,NO,NO,NO,NO,NO,NO,NO,verified_service_charge|net_rental_income|acquisition_costs|broker_purchase_cost|holding_period|exit_value|selling_costs
383,Offplan,YES,4750000.0,NO,,NO,NO,NO,NO,NO,NO,NO,NO,NO,NO,annual_rent|verified_service_charge|net_rental_income|acquisition_costs|broker_purchase_cost|holding_period|exit_value|selling_costs
3339,Offplan,YES,1700000.0,NO,,NO,NO,NO,NO,NO,NO,NO,NO,NO,NO,annual_rent|verified_service_charge|net_rental_income|acquisition_costs|broker_purchase_cost|holding_period|exit_value|selling_costs
4959,Offplan,YES,1436040.0,NO,,NO,NO,NO,NO,NO,NO,NO,NO,NO,NO,annual_rent|verified_service_charge|net_rental_income|acquisition_costs|broker_purchase_cost|holding_period|exit_value|selling_costs
7022,Ready,YES,1624000.0,YES,64790.0,NO,NO,NO,NO,NO,NO,NO,NO,NO,NO,verified_service_charge|net_rental_income|acquisition_costs|broker_purchase_cost|holding_period|exit_value|selling_costs
884,Ready,YES,2334900.0,YES,105600.0,NO,NO,NO,NO,NO,NO,NO,NO,NO,NO,verified_service_charge|net_rental_income|acquisition_costs|broker_purchase_cost|holding_period|exit_value|selling_costs
985,Offplan,YES,2338000.0,NO,,NO,NO,NO,NO,NO,NO,NO,NO,NO,NO,annual_rent|verified_service_charge|net_rental_income|acquisition_costs|broker_purchase_cost|holding_period|exit_value|selling_costs
3025,Offplan,YES,3193344.0,NO,,NO,NO,NO,NO,NO,NO,NO,NO,NO,NO,annual_rent|verified_service_charge|net_rental_income|acquisition_costs|broker_purchase_cost|holding_period|exit_value|selling_costs
6877,Offplan,YES,1696000.0,NO,,NO,NO,NO,NO,NO,NO,NO,NO,NO,NO,annual_rent|verified_service_charge|net_rental_income|acquisition_costs|broker_purchase_cost|holding_period|exit_value|selling_costs
4014,Offplan,YES,2954700.0,NO,,NO,NO,NO,NO,NO,NO,NO,NO,NO,NO,annual_rent|verified_service_charge|net_rental_income|acquisition_costs|broker_purchase_cost|holding_period|exit_value|selling_costs
1932,Offplan,YES,3300000.0,NO,,NO,NO,NO,NO,NO,NO,NO,NO,NO,NO,annual_rent|verified_service_charge|net_rental_income|acquisition_costs|broker_purchase_cost|holding_period|exit_value|selling_costs
6036,Offplan,YES,2191180.0,NO,,NO,NO,NO,NO,NO,NO,NO,NO,NO,NO,annual_rent|verified_service_charge|net_rental_income|acquisition_costs|broker_purchase_cost|holding_period|exit_value|selling_costs
1727,Ready,YES,1000000.0,YES,53760.0,NO,NO,NO,NO,NO,NO,NO,NO,NO,NO,verified_service_charge|net_rental_income|acquisition_costs|broker_purchase_cost|holding_period|exit_value|selling_costs
5402,Ready,YES,1550000.0,YES,75840.0,NO,NO,NO,NO,NO,NO,NO,NO,NO,NO,verified_service_charge|net_rental_income|acquisition_costs|broker_purchase_cost|holding_period|exit_value|selling_costs
5028,Offplan,YES,1205000.0,NO,,NO,NO,NO,NO,NO,NO,NO,NO,NO,NO,annual_rent|verified_service_charge|net_rental_income|acquisition_costs|broker_purchase_cost|holding_period|exit_value|selling_costs
1944,Offplan,YES,1627000.0,NO,,NO,NO,NO,NO,NO,NO,NO,NO,NO,NO,annual_rent|verified_service_charge|net_rental_income|acquisition_costs|broker_purchase_cost|holding_period|exit_value|selling_costs
5237,Offplan,YES,20000000.0,NO,,NO,NO,NO,NO,NO,NO,NO,NO,NO,NO,annual_rent|verified_service_charge|net_rental_income|acquisition_costs|broker_purchase_cost|holding_period|exit_value|selling_costs
938,Offplan,YES,2036118.0,NO,,NO,NO,NO,NO,NO,NO,NO,NO,NO,NO,annual_rent|verified_service_charge|net_rental_income|acquisition_costs|broker_purchase_cost|holding_period|exit_value|selling_costs
6921,Offplan,YES,1924000.0,NO,,NO,NO,NO,NO,NO,NO,NO,NO,NO,NO,annual_rent|verified_service_charge|net_rental_income|acquisition_costs|broker_purchase_cost|holding_period|exit_value|selling_costs
859,Offplan,YES,1176160.0,NO,,NO,NO,NO,NO,NO,NO,NO,NO,NO,NO,annual_rent|verified_service_charge|net_rental_income|acquisition_costs|broker_purchase_cost|holding_period|exit_value|selling_costs
6634,Offplan,YES,1476700.0,NO,,NO,NO,NO,NO,NO,NO,NO,NO,NO,NO,annual_rent|verified_service_charge|net_rental_income|acquisition_costs|broker_purchase_cost|holding_period|exit_value|selling_costs
7667,Offplan,YES,1620000.0,NO,,NO,NO,NO,NO,NO,NO,NO,NO,NO,NO,annual_rent|verified_service_charge|net_rental_income|acquisition_costs|broker_purchase_cost|holding_period|exit_value|selling_costs
2589,Offplan,YES,1793340.0,NO,,NO,NO,NO,NO,NO,NO,NO,NO,NO,NO,annual_rent|verified_service_charge|net_rental_income|acquisition_costs|broker_purchase_cost|holding_period|exit_value|selling_costs
1745,Ready,YES,1391000.0,YES,98880.0,NO,NO,NO,NO,NO,NO,NO,NO,NO,NO,verified_service_charge|net_rental_income|acquisition_costs|broker_purchase_cost|holding_period|exit_value|selling_costs
2438,Offplan,YES,812000.0,NO,,NO,NO,NO,NO,NO,NO,NO,NO,NO,NO,annual_rent|verified_service_charge|net_rental_income|acquisition_costs|broker_purchase_cost|holding_period|exit_value|selling_costs
5191,Offplan,YES,6349940.0,NO,,NO,NO,NO,NO,NO,NO,NO,NO,NO,NO,annual_rent|verified_service_charge|net_rental_income|acquisition_costs|broker_purchase_cost|holding_period|exit_value|selling_costs
2687,Offplan,YES,1030140.0,NO,,NO,NO,NO,NO,NO,NO,NO,NO,NO,NO,annual_rent|verified_service_charge|net_rental_income|acquisition_costs|broker_purchase_cost|holding_period|exit_value|selling_costs
3492,Offplan,YES,1641000.0,NO,,NO,NO,NO,NO,NO,NO,NO,NO,NO,NO,annual_rent|verified_service_charge|net_rental_income|acquisition_costs|broker_purchase_cost|holding_period|exit_value|selling_costs
8168,Offplan,YES,11000000.0,NO,,NO,NO,NO,NO,NO,NO,NO,NO,NO,NO,annual_rent|verified_service_charge|net_rental_income|acquisition_costs|broker_purchase_cost|holding_period|exit_value|selling_costs
1781,Offplan,YES,4115828.0,NO,,NO,NO,NO,NO,NO,NO,NO,NO,NO,NO,annual_rent|verified_service_charge|net_rental_income|acquisition_costs|broker_purchase_cost|holding_period|exit_value|selling_costs
4599,Offplan,YES,7517780.0,NO,,NO,NO,NO,NO,NO,NO,NO,NO,NO,NO,annual_rent|verified_service_charge|net_rental_income|acquisition_costs|broker_purchase_cost|holding_period|exit_value|selling_costs
2149,Offplan,YES,739274.0,NO,,NO,NO,NO,NO,NO,NO,NO,NO,NO,NO,annual_rent|verified_service_charge|net_rental_income|acquisition_costs|broker_purchase_cost|holding_period|exit_value|selling_costs
4041,Offplan,YES,601000.0,YES,44160.0,NO,NO,NO,NO,NO,NO,NO,NO,NO,NO,verified_service_charge|net_rental_income|acquisition_costs|broker_purchase_cost|holding_period|exit_value|selling_costs
6054,Offplan,YES,5000000.0,NO,,NO,NO,NO,NO,NO,NO,NO,NO,NO,NO,annual_rent|verified_service_charge|net_rental_income|acquisition_costs|broker_purchase_cost|holding_period|exit_value|selling_costs
472,Ready,YES,715000.0,YES,52800.0,NO,NO,NO,NO,NO,NO,NO,NO,NO,NO,verified_service_charge|net_rental_income|acquisition_costs|broker_purchase_cost|holding_period|exit_value|selling_costs
3877,Offplan,YES,1200000.0,NO,,NO,NO,NO,NO,NO,NO,NO,NO,NO,NO,annual_rent|verified_service_charge|net_rental_income|acquisition_costs|broker_purchase_cost|holding_period|exit_value|selling_costs
4026,Offplan,YES,848500.0,NO,,NO,NO,NO,NO,NO,NO,NO,NO,NO,NO,annual_rent|verified_service_charge|net_rental_income|acquisition_costs|broker_purchase_cost|holding_period|exit_value|selling_costs
5696,Offplan,YES,1969000.0,NO,,NO,NO,NO,NO,NO,NO,NO,NO,NO,NO,annual_rent|verified_service_charge|net_rental_income|acquisition_costs|broker_purchase_cost|holding_period|exit_value|selling_costs
5509,Offplan,YES,21904000.0,NO,,NO,NO,NO,NO,NO,NO,NO,NO,NO,NO,annual_rent|verified_service_charge|net_rental_income|acquisition_costs|broker_purchase_cost|holding_period|exit_value|selling_costs
3645,Offplan,YES,3968230.0,NO,,NO,NO,NO,NO,NO,NO,NO,NO,NO,NO,annual_rent|verified_service_charge|net_rental_income|acquisition_costs|broker_purchase_cost|holding_period|exit_value|selling_costs
1151,Offplan,YES,1631000.0,NO,,NO,NO,NO,NO,NO,NO,NO,NO,NO,NO,annual_rent|verified_service_charge|net_rental_income|acquisition_costs|broker_purchase_cost|holding_period|exit_value|selling_costs
6310,Offplan,YES,634000.0,NO,,NO,NO,NO,NO,NO,NO,NO,NO,NO,NO,annual_rent|verified_service_charge|net_rental_income|acquisition_costs|broker_purchase_cost|holding_period|exit_value|selling_costs
8269,Offplan,YES,1860000.0,NO,,NO,NO,NO,NO,NO,NO,NO,NO,NO,NO,annual_rent|verified_service_charge|net_rental_income|acquisition_costs|broker_purchase_cost|holding_period|exit_value|selling_costs
6448,Offplan,YES,3967000.0,NO,,NO,NO,NO,NO,NO,NO,NO,NO,NO,NO,annual_rent|verified_service_charge|net_rental_income|acquisition_costs|broker_purchase_cost|holding_period|exit_value|selling_costs
3538,Offplan,YES,1645000.0,NO,,NO,NO,NO,NO,NO,NO,NO,NO,NO,NO,annual_rent|verified_service_charge|net_rental_income|acquisition_costs|broker_purchase_cost|holding_period|exit_value|selling_costs
4309,Offplan,YES,594000.0,NO,,NO,NO,NO,NO,NO,NO,NO,NO,NO,NO,annual_rent|verified_service_charge|net_rental_income|acquisition_costs|broker_purchase_cost|holding_period|exit_value|selling_costs
4263,Ready,YES,2650000.0,YES,129600.0,NO,NO,NO,NO,NO,NO,NO,NO,NO,NO,verified_service_charge|net_rental_income|acquisition_costs|broker_purchase_cost|holding_period|exit_value|selling_costs
1724,Offplan,YES,4141000.0,NO,,NO,NO,NO,NO,NO,NO,NO,NO,NO,NO,annual_rent|verified_service_charge|net_rental_income|acquisition_costs|broker_purchase_cost|holding_period|exit_value|selling_costs
6327,Offplan,YES,1044712.0,YES,61920.0,NO,NO,NO,NO,NO,NO,NO,NO,NO,NO,verified_service_charge|net_rental_income|acquisition_costs|broker_purchase_cost|holding_period|exit_value|selling_costs
277,Offplan,YES,1025000.0,NO,,NO,NO,NO,NO,NO,NO,NO,NO,NO,NO,annual_rent|verified_service_charge|net_rental_income|acquisition_costs|broker_purchase_cost|holding_period|exit_value|selling_costs
7686,Offplan,YES,2446600.0,NO,,NO,NO,NO,NO,NO,NO,NO,NO,NO,NO,annual_rent|verified_service_charge|net_rental_income|acquisition_costs|broker_purchase_cost|holding_period|exit_value|selling_costs
7915,Offplan,YES,11500000.0,NO,,NO,NO,NO,NO,NO,NO,NO,NO,NO,NO,annual_rent|verified_service_charge|net_rental_income|acquisition_costs|broker_purchase_cost|holding_period|exit_value|selling_costs
6435,Ready,YES,848999.0,YES,67200.0,YES,YES,YES,NO,NO,NO,NO,NO,NO,NO,net_rental_income|acquisition_costs|broker_purchase_cost|holding_period|exit_value|selling_costs
2232,Offplan,YES,4218800.0,NO,,NO,NO,NO,NO,NO,NO,NO,NO,NO,NO,annual_rent|verified_service_charge|net_rental_income|acquisition_costs|broker_purchase_cost|holding_period|exit_value|selling_costs
2640,Offplan,YES,30499000.0,NO,,NO,NO,NO,NO,NO,NO,NO,NO,NO,NO,annual_rent|verified_service_charge|net_rental_income|acquisition_costs|broker_purchase_cost|holding_period|exit_value|selling_costs
558,Offplan,YES,826000.0,NO,,NO,NO,NO,NO,NO,NO,NO,NO,NO,NO,annual_rent|verified_service_charge|net_rental_income|acquisition_costs|broker_purchase_cost|holding_period|exit_value|selling_costs
6882,Offplan,YES,2797830.0,NO,,NO,NO,NO,NO,NO,NO,NO,NO,NO,NO,annual_rent|verified_service_charge|net_rental_income|acquisition_costs|broker_purchase_cost|holding_period|exit_value|selling_costs
2432,Offplan,YES,2455888.0,NO,,NO,NO,NO,NO,NO,NO,NO,NO,NO,NO,annual_rent|verified_service_charge|net_rental_income|acquisition_costs|broker_purchase_cost|holding_period|exit_value|selling_costs
6009,Offplan,YES,1130000.0,NO,,NO,NO,NO,NO,NO,NO,NO,NO,NO,NO,annual_rent|verified_service_charge|net_rental_income|acquisition_costs|broker_purchase_cost|holding_period|exit_value|selling_costs
1731,Offplan,YES,1130000.0,NO,,NO,NO,NO,NO,NO,NO,NO,NO,NO,NO,annual_rent|verified_service_charge|net_rental_income|acquisition_costs|broker_purchase_cost|holding_period|exit_value|selling_costs
929,Offplan,YES,1877000.0,NO,,NO,NO,NO,NO,NO,NO,NO,NO,NO,NO,annual_rent|verified_service_charge|net_rental_income|acquisition_costs|broker_purchase_cost|holding_period|exit_value|selling_costs
2204,Offplan,YES,1877000.0,NO,,NO,NO,NO,NO,NO,NO,NO,NO,NO,NO,annual_rent|verified_service_charge|net_rental_income|acquisition_costs|broker_purchase_cost|holding_period|exit_value|selling_costs
3323,Offplan,YES,1580000.0,NO,,NO,NO,NO,NO,NO,NO,NO,NO,NO,NO,annual_rent|verified_service_charge|net_rental_income|acquisition_costs|broker_purchase_cost|holding_period|exit_value|selling_costs
3543,Offplan,YES,842000.0,NO,,NO,NO,NO,NO,NO,NO,NO,NO,NO,NO,annual_rent|verified_service_charge|net_rental_income|acquisition_costs|broker_purchase_cost|holding_period|exit_value|selling_costs
4287,Offplan,YES,997000.0,NO,,NO,NO,NO,NO,NO,NO,NO,NO,NO,NO,annual_rent|verified_service_charge|net_rental_income|acquisition_costs|broker_purchase_cost|holding_period|exit_value|selling_costs
3391,Offplan,YES,2600000.0,NO,,NO,NO,NO,NO,NO,NO,NO,NO,NO,NO,annual_rent|verified_service_charge|net_rental_income|acquisition_costs|broker_purchase_cost|holding_period|exit_value|selling_costs
7209,Offplan,YES,1327830.0,NO,,NO,NO,NO,NO,NO,NO,NO,NO,NO,NO,annual_rent|verified_service_charge|net_rental_income|acquisition_costs|broker_purchase_cost|holding_period|exit_value|selling_costs
3507,Offplan,YES,1157741.0,NO,,NO,NO,NO,NO,NO,NO,NO,NO,NO,NO,annual_rent|verified_service_charge|net_rental_income|acquisition_costs|broker_purchase_cost|holding_period|exit_value|selling_costs
7692,Offplan,YES,3582220.0,NO,,NO,NO,NO,NO,NO,NO,NO,NO,NO,NO,annual_rent|verified_service_charge|net_rental_income|acquisition_costs|broker_purchase_cost|holding_period|exit_value|selling_costs
3063,Offplan,YES,1209446.0,NO,,NO,NO,NO,NO,NO,NO,NO,NO,NO,NO,annual_rent|verified_service_charge|net_rental_income|acquisition_costs|broker_purchase_cost|holding_period|exit_value|selling_costs
2345,Offplan,YES,1854300.0,NO,,NO,NO,NO,NO,NO,NO,NO,NO,NO,NO,annual_rent|verified_service_charge|net_rental_income|acquisition_costs|broker_purchase_cost|holding_period|exit_value|selling_costs
5908,Offplan,YES,2600000.0,NO,,NO,NO,NO,NO,NO,NO,NO,NO,NO,NO,annual_rent|verified_service_charge|net_rental_income|acquisition_costs|broker_purchase_cost|holding_period|exit_value|selling_costs
681,Offplan,YES,749000.0,NO,,NO,NO,NO,NO,NO,NO,NO,NO,NO,NO,annual_rent|verified_service_charge|net_rental_income|acquisition_costs|broker_purchase_cost|holding_period|exit_value|selling_costs
3598,Offplan,YES,1550000.0,NO,,NO,NO,NO,NO,NO,NO,NO,NO,NO,NO,annual_rent|verified_service_charge|net_rental_income|acquisition_costs|broker_purchase_cost|holding_period|exit_value|selling_costs
2130,Offplan,YES,3053000.0,NO,,NO,NO,NO,NO,NO,NO,NO,NO,NO,NO,annual_rent|verified_service_charge|net_rental_income|acquisition_costs|broker_purchase_cost|holding_period|exit_value|selling_costs
8033,Offplan,YES,4900000.0,NO,,NO,NO,NO,NO,NO,NO,NO,NO,NO,NO,annual_rent|verified_service_charge|net_rental_income|acquisition_costs|broker_purchase_cost|holding_period|exit_value|selling_costs
5109,Offplan,YES,1830000.0,NO,,NO,NO,NO,NO,NO,NO,NO,NO,NO,NO,annual_rent|verified_service_charge|net_rental_income|acquisition_costs|broker_purchase_cost|holding_period|exit_value|selling_costs
2275,Offplan,YES,1700000.0,NO,,NO,NO,NO,NO,NO,NO,NO,NO,NO,NO,annual_rent|verified_service_charge|net_rental_income|acquisition_costs|broker_purchase_cost|holding_period|exit_value|selling_costs
3884,Offplan,YES,3800000.0,NO,,NO,NO,NO,NO,NO,NO,NO,NO,NO,NO,annual_rent|verified_service_charge|net_rental_income|acquisition_costs|broker_purchase_cost|holding_period|exit_value|selling_costs
4390,Offplan,YES,946010.0,NO,,NO,NO,NO,NO,NO,NO,NO,NO,NO,NO,annual_rent|verified_service_charge|net_rental_income|acquisition_costs|broker_purchase_cost|holding_period|exit_value|selling_costs
7259,Offplan,YES,6300000.0,NO,,NO,NO,NO,NO,NO,NO,NO,NO,NO,NO,annual_rent|verified_service_charge|net_rental_income|acquisition_costs|broker_purchase_cost|holding_period|exit_value|selling_costs
3551,Offplan,YES,2196828.0,NO,,NO,NO,NO,NO,NO,NO,NO,NO,NO,NO,annual_rent|verified_service_charge|net_rental_income|acquisition_costs|broker_purchase_cost|holding_period|exit_value|selling_costs
735,Ready,YES,3650000.0,YES,181440.0,NO,NO,NO,NO,NO,NO,NO,NO,NO,NO,verified_service_charge|net_rental_income|acquisition_costs|broker_purchase_cost|holding_period|exit_value|selling_costs
6528,Offplan,YES,1235000.0,NO,,NO,NO,NO,NO,NO,NO,NO,NO,NO,NO,annual_rent|verified_service_charge|net_rental_income|acquisition_costs|broker_purchase_cost|holding_period|exit_value|selling_costs
7287,Offplan,YES,2200000.0,NO,,NO,NO,NO,NO,NO,NO,NO,NO,NO,NO,annual_rent|verified_service_charge|net_rental_income|acquisition_costs|broker_purchase_cost|holding_period|exit_value|selling_costs
6226,Offplan,YES,700000.0,NO,,NO,NO,NO,NO,NO,NO,NO,NO,NO,NO,annual_rent|verified_service_charge|net_rental_income|acquisition_costs|broker_purchase_cost|holding_period|exit_value|selling_costs
8277,Offplan,YES,1269401.0,NO,,NO,NO,NO,NO,NO,NO,NO,NO,NO,NO,annual_rent|verified_service_charge|net_rental_income|acquisition_costs|broker_purchase_cost|holding_period|exit_value|selling_costs
5081,Ready,YES,1708000.0,YES,98880.0,NO,NO,NO,NO,NO,NO,NO,NO,NO,NO,verified_service_charge|net_rental_income|acquisition_costs|broker_purchase_cost|holding_period|exit_value|selling_costs
7584,Offplan,YES,6900000.0,NO,,NO,NO,NO,NO,NO,NO,NO,NO,NO,NO,annual_rent|verified_service_charge|net_rental_income|acquisition_costs|broker_purchase_cost|holding_period|exit_value|selling_costs
6633,Offplan,YES,12430900.0,NO,,NO,NO,NO,NO,NO,NO,NO,NO,NO,NO,annual_rent|verified_service_charge|net_rental_income|acquisition_costs|broker_purchase_cost|holding_period|exit_value|selling_costs
8281,Offplan,YES,2572000.0,NO,,NO,NO,NO,NO,NO,NO,NO,NO,NO,NO,annual_rent|verified_service_charge|net_rental_income|acquisition_costs|broker_purchase_cost|holding_period|exit_value|selling_costs
344,Offplan,YES,648978.0,NO,,NO,NO,NO,NO,NO,NO,NO,NO,NO,NO,annual_rent|verified_service_charge|net_rental_income|acquisition_costs|broker_purchase_cost|holding_period|exit_value|selling_costs
8059,Offplan,YES,1083910.0,NO,,NO,NO,NO,NO,NO,NO,NO,NO,NO,NO,annual_rent|verified_service_charge|net_rental_income|acquisition_costs|broker_purchase_cost|holding_period|exit_value|selling_costs
1677,Offplan,YES,1425000.0,NO,,NO,NO,NO,NO,NO,NO,NO,NO,NO,NO,annual_rent|verified_service_charge|net_rental_income|acquisition_costs|broker_purchase_cost|holding_period|exit_value|selling_costs
4702,Ready,YES,570000.0,YES,40320.0,NO,NO,NO,NO,NO,NO,NO,NO,NO,NO,verified_service_charge|net_rental_income|acquisition_costs|broker_purchase_cost|holding_period|exit_value|selling_costs
4185,Offplan,YES,2212824.0,NO,,NO,NO,NO,NO,NO,NO,NO,NO,NO,NO,annual_rent|verified_service_charge|net_rental_income|acquisition_costs|broker_purchase_cost|holding_period|exit_value|selling_costs
2665,Offplan,YES,1531000.0,NO,,NO,NO,NO,NO,NO,NO,NO,NO,NO,NO,annual_rent|verified_service_charge|net_rental_income|acquisition_costs|broker_purchase_cost|holding_period|exit_value|selling_costs
3027,Ready,YES,1400000.0,YES,96000.0,NO,NO,NO,NO,NO,NO,NO,NO,NO,NO,verified_service_charge|net_rental_income|acquisition_costs|broker_purchase_cost|holding_period|exit_value|selling_costs
3106,Offplan,YES,1172000.0,NO,,NO,NO,NO,NO,NO,NO,NO,NO,NO,NO,annual_rent|verified_service_charge|net_rental_income|acquisition_costs|broker_purchase_cost|holding_period|exit_value|selling_costs
7055,Offplan,YES,1950000.0,NO,,NO,NO,NO,NO,NO,NO,NO,NO,NO,NO,annual_rent|verified_service_charge|net_rental_income|acquisition_costs|broker_purchase_cost|holding_period|exit_value|selling_costs
4431,Offplan,YES,1786000.0,NO,,NO,NO,NO,NO,NO,NO,NO,NO,NO,NO,annual_rent|verified_service_charge|net_rental_income|acquisition_costs|broker_purchase_cost|holding_period|exit_value|selling_costs
5180,Offplan,YES,2076000.0,NO,,NO,NO,NO,NO,NO,NO,NO,NO,NO,NO,annual_rent|verified_service_charge|net_rental_income|acquisition_costs|broker_purchase_cost|holding_period|exit_value|selling_costs
7457,Ready,YES,680000.0,YES,48000.0,NO,NO,NO,NO,NO,NO,NO,NO,NO,NO,verified_service_charge|net_rental_income|acquisition_costs|broker_purchase_cost|holding_period|exit_value|selling_costs
121,Offplan,YES,1595000.0,NO,,NO,NO,NO,NO,NO,NO,NO,NO,NO,NO,annual_rent|verified_service_charge|net_rental_income|acquisition_costs|broker_purchase_cost|holding_period|exit_value|selling_costs
598,Offplan,YES,2110000.0,NO,,NO,NO,NO,NO,NO,NO,NO,NO,NO,NO,annual_rent|verified_service_charge|net_rental_income|acquisition_costs|broker_purchase_cost|holding_period|exit_value|selling_costs
8140,Offplan,YES,1977862.0,NO,,NO,NO,NO,NO,NO,NO,NO,NO,NO,NO,annual_rent|verified_service_charge|net_rental_income|acquisition_costs|broker_purchase_cost|holding_period|exit_value|selling_costs
4067,Offplan,YES,1149600.0,NO,,NO,NO,NO,NO,NO,NO,NO,NO,NO,NO,annual_rent|verified_service_charge|net_rental_income|acquisition_costs|broker_purchase_cost|holding_period|exit_value|selling_costs
1362,Offplan,YES,1000000.0,NO,,NO,NO,NO,NO,NO,NO,NO,NO,NO,NO,annual_rent|verified_service_charge|net_rental_income|acquisition_costs|broker_purchase_cost|holding_period|exit_value|selling_costs
5718,Offplan,YES,6100000.0,NO,,NO,NO,NO,NO,NO,NO,NO,NO,NO,NO,annual_rent|verified_service_charge|net_rental_income|acquisition_costs|broker_purchase_cost|holding_period|exit_value|selling_costs
918,Offplan,YES,1400000.0,NO,,NO,NO,NO,NO,NO,NO,NO,NO,NO,NO,annual_rent|verified_service_charge|net_rental_income|acquisition_costs|broker_purchase_cost|holding_period|exit_value|selling_costs
8338,Offplan,YES,795529.0,NO,,NO,NO,NO,NO,NO,NO,NO,NO,NO,NO,annual_rent|verified_service_charge|net_rental_income|acquisition_costs|broker_purchase_cost|holding_period|exit_value|selling_costs
6988,Offplan,YES,1375882.0,NO,,NO,NO,NO,NO,NO,NO,NO,NO,NO,NO,annual_rent|verified_service_charge|net_rental_income|acquisition_costs|broker_purchase_cost|holding_period|exit_value|selling_costs
1139,Offplan,YES,1113820.0,NO,,NO,NO,NO,NO,NO,NO,NO,NO,NO,NO,annual_rent|verified_service_charge|net_rental_income|acquisition_costs|broker_purchase_cost|holding_period|exit_value|selling_costs
2446,Offplan,YES,508965.0,NO,,NO,NO,NO,NO,NO,NO,NO,NO,NO,NO,annual_rent|verified_service_charge|net_rental_income|acquisition_costs|broker_purchase_cost|holding_period|exit_value|selling_costs
5532,Offplan,YES,1011540.0,NO,,NO,NO,NO,NO,NO,NO,NO,NO,NO,NO,annual_rent|verified_service_charge|net_rental_income|acquisition_costs|broker_purchase_cost|holding_period|exit_value|selling_costs
602,Offplan,YES,1648030.0,NO,,NO,NO,NO,NO,NO,NO,NO,NO,NO,NO,annual_rent|verified_service_charge|net_rental_income|acquisition_costs|broker_purchase_cost|holding_period|exit_value|selling_costs
7444,Offplan,YES,521250.0,NO,,NO,NO,NO,NO,NO,NO,NO,NO,NO,NO,annual_rent|verified_service_charge|net_rental_income|acquisition_costs|broker_purchase_cost|holding_period|exit_value|selling_costs
5612,Offplan,YES,947000.0,YES,45120.0,NO,NO,NO,NO,NO,NO,NO,NO,NO,NO,verified_service_charge|net_rental_income|acquisition_costs|broker_purchase_cost|holding_period|exit_value|selling_costs
3613,Offplan,YES,670000.0,NO,,NO,NO,NO,NO,NO,NO,NO,NO,NO,NO,annual_rent|verified_service_charge|net_rental_income|acquisition_costs|broker_purchase_cost|holding_period|exit_value|selling_costs
576,Offplan,YES,971249.0,NO,,NO,NO,NO,NO,NO,NO,NO,NO,NO,NO,annual_rent|verified_service_charge|net_rental_income|acquisition_costs|broker_purchase_cost|holding_period|exit_value|selling_costs
5816,Offplan,YES,1793420.0,NO,,NO,NO,NO,NO,NO,NO,NO,NO,NO,NO,annual_rent|verified_service_charge|net_rental_income|acquisition_costs|broker_purchase_cost|holding_period|exit_value|selling_costs
3200,Offplan,YES,666999.0,NO,,NO,NO,NO,NO,NO,NO,NO,NO,NO,NO,annual_rent|verified_service_charge|net_rental_income|acquisition_costs|broker_purchase_cost|holding_period|exit_value|selling_costs
2817,Offplan,YES,32000000.0,NO,,NO,NO,NO,NO,NO,NO,NO,NO,NO,NO,annual_rent|verified_service_charge|net_rental_income|acquisition_costs|broker_purchase_cost|holding_period|exit_value|selling_costs
2019,Offplan,YES,2727136.0,NO,,NO,NO,NO,NO,NO,NO,NO,NO,NO,NO,annual_rent|verified_service_charge|net_rental_income|acquisition_costs|broker_purchase_cost|holding_period|exit_value|selling_costs
563,Offplan,YES,580000.0,NO,,NO,NO,NO,NO,NO,NO,NO,NO,NO,NO,annual_rent|verified_service_charge|net_rental_income|acquisition_costs|broker_purchase_cost|holding_period|exit_value|selling_costs
1407,Offplan,YES,1046000.0,NO,,NO,NO,NO,NO,NO,NO,NO,NO,NO,NO,annual_rent|verified_service_charge|net_rental_income|acquisition_costs|broker_purchase_cost|holding_period|exit_value|selling_costs
6465,Offplan,YES,1976705.0,NO,,NO,NO,NO,NO,NO,NO,NO,NO,NO,NO,annual_rent|verified_service_charge|net_rental_income|acquisition_costs|broker_purchase_cost|holding_period|exit_value|selling_costs
7900,Offplan,YES,1305580.0,NO,,NO,NO,NO,NO,NO,NO,NO,NO,NO,NO,annual_rent|verified_service_charge|net_rental_income|acquisition_costs|broker_purchase_cost|holding_period|exit_value|selling_costs
5648,Offplan,YES,3900000.0,NO,,NO,NO,NO,NO,NO,NO,NO,NO,NO,NO,annual_rent|verified_service_charge|net_rental_income|acquisition_costs|broker_purchase_cost|holding_period|exit_value|selling_costs
5587,Offplan,YES,17590100.0,NO,,NO,NO,NO,NO,NO,NO,NO,NO,NO,NO,annual_rent|verified_service_charge|net_rental_income|acquisition_costs|broker_purchase_cost|holding_period|exit_value|selling_costs
3933,Offplan,YES,1200000.0,NO,,NO,NO,NO,NO,NO,NO,NO,NO,NO,NO,annual_rent|verified_service_charge|net_rental_income|acquisition_costs|broker_purchase_cost|holding_period|exit_value|selling_costs
1819,Offplan,YES,1200000.0,NO,,NO,NO,NO,NO,NO,NO,NO,NO,NO,NO,annual_rent|verified_service_charge|net_rental_income|acquisition_costs|broker_purchase_cost|holding_period|exit_value|selling_costs
7002,Offplan,YES,694999.0,NO,,NO,NO,NO,NO,NO,NO,NO,NO,NO,NO,annual_rent|verified_service_charge|net_rental_income|acquisition_costs|broker_purchase_cost|holding_period|exit_value|selling_costs
6376,Offplan,YES,1852920.0,NO,,NO,NO,NO,NO,NO,NO,NO,NO,NO,NO,annual_rent|verified_service_charge|net_rental_income|acquisition_costs|broker_purchase_cost|holding_period|exit_value|selling_costs
4890,Offplan,YES,1315480.0,NO,,NO,NO,NO,NO,NO,NO,NO,NO,NO,NO,annual_rent|verified_service_charge|net_rental_income|acquisition_costs|broker_purchase_cost|holding_period|exit_value|selling_costs
7623,Offplan,YES,4450000.0,NO,,NO,NO,NO,NO,NO,NO,NO,NO,NO,NO,annual_rent|verified_service_charge|net_rental_income|acquisition_costs|broker_purchase_cost|holding_period|exit_value|selling_costs
6951,Offplan,YES,2123828.0,NO,,NO,NO,NO,NO,NO,NO,NO,NO,NO,NO,annual_rent|verified_service_charge|net_rental_income|acquisition_costs|broker_purchase_cost|holding_period|exit_value|selling_costs
2745,Offplan,YES,2564900.0,NO,,NO,NO,NO,NO,NO,NO,NO,NO,NO,NO,annual_rent|verified_service_charge|net_rental_income|acquisition_costs|broker_purchase_cost|holding_period|exit_value|selling_costs
5289,Offplan,YES,3500000.0,NO,,NO,NO,NO,NO,NO,NO,NO,NO,NO,NO,annual_rent|verified_service_charge|net_rental_income|acquisition_costs|broker_purchase_cost|holding_period|exit_value|selling_costs
3024,Offplan,YES,2725000.0,NO,,NO,NO,NO,NO,NO,NO,NO,NO,NO,NO,annual_rent|verified_service_charge|net_rental_income|acquisition_costs|broker_purchase_cost|holding_period|exit_value|selling_costs
7048,Offplan,YES,1410650.0,NO,,NO,NO,NO,NO,NO,NO,NO,NO,NO,NO,annual_rent|verified_service_charge|net_rental_income|acquisition_costs|broker_purchase_cost|holding_period|exit_value|selling_costs
4923,Offplan,YES,1400000.0,NO,,NO,NO,NO,NO,NO,NO,NO,NO,NO,NO,annual_rent|verified_service_charge|net_rental_income|acquisition_costs|broker_purchase_cost|holding_period|exit_value|selling_costs
289,Offplan,YES,2812890.0,NO,,NO,NO,NO,NO,NO,NO,NO,NO,NO,NO,annual_rent|verified_service_charge|net_rental_income|acquisition_costs|broker_purchase_cost|holding_period|exit_value|selling_costs
6666,Offplan,YES,2580000.0,NO,,NO,NO,NO,NO,NO,NO,NO,NO,NO,NO,annual_rent|verified_service_charge|net_rental_income|acquisition_costs|broker_purchase_cost|holding_period|exit_value|selling_costs
588,Offplan,YES,4289340.0,NO,,NO,NO,NO,NO,NO,NO,NO,NO,NO,NO,annual_rent|verified_service_charge|net_rental_income|acquisition_costs|broker_purchase_cost|holding_period|exit_value|selling_costs
2278,Offplan,YES,855000.0,NO,,NO,NO,NO,NO,NO,NO,NO,NO,NO,NO,annual_rent|verified_service_charge|net_rental_income|acquisition_costs|broker_purchase_cost|holding_period|exit_value|selling_costs
3592,Offplan,YES,2100000.0,NO,,NO,NO,NO,NO,NO,NO,NO,NO,NO,NO,annual_rent|verified_service_charge|net_rental_income|acquisition_costs|broker_purchase_cost|holding_period|exit_value|selling_costs
7818,Offplan,YES,3829906.0,NO,,NO,NO,NO,NO,NO,NO,NO,NO,NO,NO,annual_rent|verified_service_charge|net_rental_income|acquisition_costs|broker_purchase_cost|holding_period|exit_value|selling_costs
432,Ready,YES,1700000.0,YES,88320.0,NO,NO,NO,NO,NO,NO,NO,NO,NO,NO,verified_service_charge|net_rental_income|acquisition_costs|broker_purchase_cost|holding_period|exit_value|selling_costs
4750,Ready,YES,850000.0,YES,55680.0,NO,NO,NO,NO,NO,NO,NO,NO,NO,NO,verified_service_charge|net_rental_income|acquisition_costs|broker_purchase_cost|holding_period|exit_value|selling_costs
516,Offplan,YES,1145580.0,NO,,NO,NO,NO,NO,NO,NO,NO,NO,NO,NO,annual_rent|verified_service_charge|net_rental_income|acquisition_costs|broker_purchase_cost|holding_period|exit_value|selling_costs
5961,Ready,YES,1700000.0,YES,86400.0,NO,NO,NO,NO,NO,NO,NO,NO,NO,NO,verified_service_charge|net_rental_income|acquisition_costs|broker_purchase_cost|holding_period|exit_value|selling_costs
7191,Offplan,YES,1680000.0,NO,,NO,NO,NO,NO,NO,NO,NO,NO,NO,NO,annual_rent|verified_service_charge|net_rental_income|acquisition_costs|broker_purchase_cost|holding_period|exit_value|selling_costs
7727,Ready,YES,840000.0,YES,60480.0,NO,NO,NO,NO,NO,NO,NO,NO,NO,NO,verified_service_charge|net_rental_income|acquisition_costs|broker_purchase_cost|holding_period|exit_value|selling_costs
1959,Offplan,YES,1995070.0,NO,,NO,NO,NO,NO,NO,NO,NO,NO,NO,NO,annual_rent|verified_service_charge|net_rental_income|acquisition_costs|broker_purchase_cost|holding_period|exit_value|selling_costs
4613,Offplan,YES,1778000.0,NO,,NO,NO,NO,NO,NO,NO,NO,NO,NO,NO,annual_rent|verified_service_charge|net_rental_income|acquisition_costs|broker_purchase_cost|holding_period|exit_value|selling_costs
5007,Offplan,YES,2500000.0,NO,,NO,NO,NO,NO,NO,NO,NO,NO,NO,NO,annual_rent|verified_service_charge|net_rental_income|acquisition_costs|broker_purchase_cost|holding_period|exit_value|selling_costs
3878,Offplan,YES,1050000.0,NO,,NO,NO,NO,NO,NO,NO,NO,NO,NO,NO,annual_rent|verified_service_charge|net_rental_income|acquisition_costs|broker_purchase_cost|holding_period|exit_value|selling_costs
5605,Offplan,YES,60940800.0,NO,,NO,NO,NO,NO,NO,NO,NO,NO,NO,NO,annual_rent|verified_service_charge|net_rental_income|acquisition_costs|broker_purchase_cost|holding_period|exit_value|selling_costs
6721,Offplan,YES,1590000.0,NO,,NO,NO,NO,NO,NO,NO,NO,NO,NO,NO,annual_rent|verified_service_charge|net_rental_income|acquisition_costs|broker_purchase_cost|holding_period|exit_value|selling_costs
5354,Offplan,YES,1238104.0,NO,,NO,NO,NO,NO,NO,NO,NO,NO,NO,NO,annual_rent|verified_service_charge|net_rental_income|acquisition_costs|broker_purchase_cost|holding_period|exit_value|selling_costs
2904,Offplan,YES,1900000.0,NO,,NO,NO,NO,NO,NO,NO,NO,NO,NO,NO,annual_rent|verified_service_charge|net_rental_income|acquisition_costs|broker_purchase_cost|holding_period|exit_value|selling_costs
181,Offplan,YES,1249000.0,NO,,NO,NO,NO,NO,NO,NO,NO,NO,NO,NO,annual_rent|verified_service_charge|net_rental_income|acquisition_costs|broker_purchase_cost|holding_period|exit_value|selling_costs
3440,Ready,YES,2000000.0,YES,115200.0,NO,NO,NO,NO,NO,NO,NO,NO,NO,NO,verified_service_charge|net_rental_income|acquisition_costs|broker_purchase_cost|holding_period|exit_value|selling_costs
5444,Offplan,YES,3000000.0,NO,,NO,NO,NO,NO,NO,NO,NO,NO,NO,NO,annual_rent|verified_service_charge|net_rental_income|acquisition_costs|broker_purchase_cost|holding_period|exit_value|selling_costs
3041,Ready,YES,1641000.0,NO,,NO,NO,NO,NO,NO,NO,NO,NO,NO,NO,annual_rent|verified_service_charge|net_rental_income|acquisition_costs|broker_purchase_cost|holding_period|exit_value|selling_costs
7601,Offplan,YES,2152000.0,NO,,NO,NO,NO,NO,NO,NO,NO,NO,NO,NO,annual_rent|verified_service_charge|net_rental_income|acquisition_costs|broker_purchase_cost|holding_period|exit_value|selling_costs
6802,Offplan,YES,43362000.0,NO,,NO,NO,NO,NO,NO,NO,NO,NO,NO,NO,annual_rent|verified_service_charge|net_rental_income|acquisition_costs|broker_purchase_cost|holding_period|exit_value|selling_costs
4498,Offplan,YES,87661000.0,NO,,NO,NO,NO,NO,NO,NO,NO,NO,NO,NO,annual_rent|verified_service_charge|net_rental_income|acquisition_costs|broker_purchase_cost|holding_period|exit_value|selling_costs
2416,Offplan,YES,565000.0,NO,,NO,NO,NO,NO,NO,NO,NO,NO,NO,NO,annual_rent|verified_service_charge|net_rental_income|acquisition_costs|broker_purchase_cost|holding_period|exit_value|selling_costs
3775,Offplan,YES,787000.0,NO,,NO,NO,NO,NO,NO,NO,NO,NO,NO,NO,annual_rent|verified_service_charge|net_rental_income|acquisition_costs|broker_purchase_cost|holding_period|exit_value|selling_costs
8316,Offplan,YES,787000.0,NO,,NO,NO,NO,NO,NO,NO,NO,NO,NO,NO,annual_rent|verified_service_charge|net_rental_income|acquisition_costs|broker_purchase_cost|holding_period|exit_value|selling_costs
2449,Offplan,YES,1091000.0,NO,,NO,NO,NO,NO,NO,NO,NO,NO,NO,NO,annual_rent|verified_service_charge|net_rental_income|acquisition_costs|broker_purchase_cost|holding_period|exit_value|selling_costs
7513,Offplan,YES,2300000.0,NO,,NO,NO,NO,NO,NO,NO,NO,NO,NO,NO,annual_rent|verified_service_charge|net_rental_income|acquisition_costs|broker_purchase_cost|holding_period|exit_value|selling_costs
7285,Ready,YES,3000000.0,YES,150720.0,NO,NO,NO,NO,NO,NO,NO,NO,NO,NO,verified_service_charge|net_rental_income|acquisition_costs|broker_purchase_cost|holding_period|exit_value|selling_costs
4388,Offplan,YES,705918.0,NO,,NO,NO,NO,NO,NO,NO,NO,NO,NO,NO,annual_rent|verified_service_charge|net_rental_income|acquisition_costs|broker_purchase_cost|holding_period|exit_value|selling_costs
4046,Ready,YES,1000000.0,YES,61440.0,NO,NO,NO,NO,NO,NO,NO,NO,NO,NO,verified_service_charge|net_rental_income|acquisition_costs|broker_purchase_cost|holding_period|exit_value|selling_costs
322,Offplan,YES,1268490.0,NO,,NO,NO,NO,NO,NO,NO,NO,NO,NO,NO,annual_rent|verified_service_charge|net_rental_income|acquisition_costs|broker_purchase_cost|holding_period|exit_value|selling_costs
6130,Offplan,YES,1163508.0,NO,,NO,NO,NO,NO,NO,NO,NO,NO,NO,NO,annual_rent|verified_service_charge|net_rental_income|acquisition_costs|broker_purchase_cost|holding_period|exit_value|selling_costs
525,Offplan,YES,1700000.0,NO,,NO,NO,NO,NO,NO,NO,NO,NO,NO,NO,annual_rent|verified_service_charge|net_rental_income|acquisition_costs|broker_purchase_cost|holding_period|exit_value|selling_costs
7164,Offplan,YES,1725000.0,NO,,NO,NO,NO,NO,NO,NO,NO,NO,NO,NO,annual_rent|verified_service_charge|net_rental_income|acquisition_costs|broker_purchase_cost|holding_period|exit_value|selling_costs
1160,Offplan,YES,8537000.0,NO,,NO,NO,NO,NO,NO,NO,NO,NO,NO,NO,annual_rent|verified_service_charge|net_rental_income|acquisition_costs|broker_purchase_cost|holding_period|exit_value|selling_costs
4930,Offplan,YES,1200000.0,NO,,NO,NO,NO,NO,NO,NO,NO,NO,NO,NO,annual_rent|verified_service_charge|net_rental_income|acquisition_costs|broker_purchase_cost|holding_period|exit_value|selling_costs
5214,Offplan,YES,1700000.0,NO,,NO,NO,NO,NO,NO,NO,NO,NO,NO,NO,annual_rent|verified_service_charge|net_rental_income|acquisition_costs|broker_purchase_cost|holding_period|exit_value|selling_costs
930,Offplan,YES,610000.0,NO,,NO,NO,NO,NO,NO,NO,NO,NO,NO,NO,annual_rent|verified_service_charge|net_rental_income|acquisition_costs|broker_purchase_cost|holding_period|exit_value|selling_costs
4997,Ready,YES,970000.0,YES,62400.0,NO,NO,NO,NO,NO,NO,NO,NO,NO,NO,verified_service_charge|net_rental_income|acquisition_costs|broker_purchase_cost|holding_period|exit_value|selling_costs
6530,Ready,YES,1300000.0,YES,69120.0,NO,NO,NO,NO,NO,NO,NO,NO,NO,NO,verified_service_charge|net_rental_income|acquisition_costs|broker_purchase_cost|holding_period|exit_value|selling_costs
762,Offplan,YES,1595426.0,NO,,NO,NO,NO,NO,NO,NO,NO,NO,NO,NO,annual_rent|verified_service_charge|net_rental_income|acquisition_costs|broker_purchase_cost|holding_period|exit_value|selling_costs
2659,Offplan,YES,14999900.0,NO,,NO,NO,NO,NO,NO,NO,NO,NO,NO,NO,annual_rent|verified_service_charge|net_rental_income|acquisition_costs|broker_purchase_cost|holding_period|exit_value|selling_costs
6754,Offplan,YES,671000.0,NO,,NO,NO,NO,NO,NO,NO,NO,NO,NO,NO,annual_rent|verified_service_charge|net_rental_income|acquisition_costs|broker_purchase_cost|holding_period|exit_value|selling_costs
7716,Offplan,YES,750000.0,NO,,NO,NO,NO,NO,NO,NO,NO,NO,NO,NO,annual_rent|verified_service_charge|net_rental_income|acquisition_costs|broker_purchase_cost|holding_period|exit_value|selling_costs
7472,Offplan,YES,2000000.0,NO,,NO,NO,NO,NO,NO,NO,NO,NO,NO,NO,annual_rent|verified_service_charge|net_rental_income|acquisition_costs|broker_purchase_cost|holding_period|exit_value|selling_costs
479,Offplan,YES,4432500.0,NO,,NO,NO,NO,NO,NO,NO,NO,NO,NO,NO,annual_rent|verified_service_charge|net_rental_income|acquisition_costs|broker_purchase_cost|holding_period|exit_value|selling_costs
6747,Offplan,YES,6700000.0,YES,153600.0,NO,NO,NO,NO,NO,NO,NO,NO,NO,NO,verified_service_charge|net_rental_income|acquisition_costs|broker_purchase_cost|holding_period|exit_value|selling_costs
488,Offplan,YES,51188400.0,NO,,NO,NO,NO,NO,NO,NO,NO,NO,NO,NO,annual_rent|verified_service_charge|net_rental_income|acquisition_costs|broker_purchase_cost|holding_period|exit_value|selling_costs
2120,Offplan,YES,5380000.0,NO,,NO,NO,NO,NO,NO,NO,NO,NO,NO,NO,annual_rent|verified_service_charge|net_rental_income|acquisition_costs|broker_purchase_cost|holding_period|exit_value|selling_costs
1976,Ready,YES,620000.0,YES,40320.0,NO,NO,NO,NO,NO,NO,NO,NO,NO,NO,verified_service_charge|net_rental_income|acquisition_costs|broker_purchase_cost|holding_period|exit_value|selling_costs
112,Offplan,YES,550000.0,NO,,NO,NO,NO,NO,NO,NO,NO,NO,NO,NO,annual_rent|verified_service_charge|net_rental_income|acquisition_costs|broker_purchase_cost|holding_period|exit_value|selling_costs
1824,Ready,YES,1102050.0,YES,76800.0,NO,NO,NO,NO,NO,NO,NO,NO,NO,NO,verified_service_charge|net_rental_income|acquisition_costs|broker_purchase_cost|holding_period|exit_value|selling_costs
2645,Ready,YES,2821460.0,YES,124800.0,NO,NO,NO,NO,NO,NO,NO,NO,NO,NO,verified_service_charge|net_rental_income|acquisition_costs|broker_purchase_cost|holding_period|exit_value|selling_costs
87,Ready,YES,1600000.0,YES,110400.0,NO,NO,NO,NO,NO,NO,NO,NO,NO,NO,verified_service_charge|net_rental_income|acquisition_costs|broker_purchase_cost|holding_period|exit_value|selling_costs
8332,Offplan,YES,1080950.0,NO,,NO,NO,NO,NO,NO,NO,NO,NO,NO,NO,annual_rent|verified_service_charge|net_rental_income|acquisition_costs|broker_purchase_cost|holding_period|exit_value|selling_costs
3511,Offplan,YES,1391000.0,NO,,NO,NO,NO,NO,NO,NO,NO,NO,NO,NO,annual_rent|verified_service_charge|net_rental_income|acquisition_costs|broker_purchase_cost|holding_period|exit_value|selling_costs
4955,Offplan,YES,1660500.0,NO,,NO,NO,NO,NO,NO,NO,NO,NO,NO,NO,annual_rent|verified_service_charge|net_rental_income|acquisition_costs|broker_purchase_cost|holding_period|exit_value|selling_costs
6190,Offplan,YES,839000.0,NO,,NO,NO,NO,NO,NO,NO,NO,NO,NO,NO,annual_rent|verified_service_charge|net_rental_income|acquisition_costs|broker_purchase_cost|holding_period|exit_value|selling_costs
946,Offplan,YES,2617000.0,NO,,NO,NO,NO,NO,NO,NO,NO,NO,NO,NO,annual_rent|verified_service_charge|net_rental_income|acquisition_costs|broker_purchase_cost|holding_period|exit_value|selling_costs
7116,Offplan,YES,3710000.0,NO,,NO,NO,NO,NO,NO,NO,NO,NO,NO,NO,annual_rent|verified_service_charge|net_rental_income|acquisition_costs|broker_purchase_cost|holding_period|exit_value|selling_costs
3160,Ready,YES,1225000.0,YES,57600.0,YES,YES,YES,NO,NO,NO,NO,NO,NO,NO,net_rental_income|acquisition_costs|broker_purchase_cost|holding_period|exit_value|selling_costs
7433,Offplan,YES,2160000.0,NO,,NO,NO,NO,NO,NO,NO,NO,NO,NO,NO,annual_rent|verified_service_charge|net_rental_income|acquisition_costs|broker_purchase_cost|holding_period|exit_value|selling_costs
4816,Offplan,YES,1923780.0,NO,,NO,NO,NO,NO,NO,NO,NO,NO,NO,NO,annual_rent|verified_service_charge|net_rental_income|acquisition_costs|broker_purchase_cost|holding_period|exit_value|selling_costs
1543,Offplan,YES,816395.0,NO,,NO,NO,NO,NO,NO,NO,NO,NO,NO,NO,annual_rent|verified_service_charge|net_rental_income|acquisition_costs|broker_purchase_cost|holding_period|exit_value|selling_costs
927,Offplan,YES,1199999.0,NO,,NO,NO,NO,NO,NO,NO,NO,NO,NO,NO,annual_rent|verified_service_charge|net_rental_income|acquisition_costs|broker_purchase_cost|holding_period|exit_value|selling_costs
2671,Offplan,YES,8290000.0,NO,,NO,NO,NO,NO,NO,NO,NO,NO,NO,NO,annual_rent|verified_service_charge|net_rental_income|acquisition_costs|broker_purchase_cost|holding_period|exit_value|selling_costs
1974,Offplan,YES,1190490.0,NO,,NO,NO,NO,NO,NO,NO,NO,NO,NO,NO,annual_rent|verified_service_charge|net_rental_income|acquisition_costs|broker_purchase_cost|holding_period|exit_value|selling_costs
92,Offplan,YES,769888.0,NO,,NO,NO,NO,NO,NO,NO,NO,NO,NO,NO,annual_rent|verified_service_charge|net_rental_income|acquisition_costs|broker_purchase_cost|holding_period|exit_value|selling_costs
3004,Offplan,YES,2300000.0,NO,,NO,NO,NO,NO,NO,NO,NO,NO,NO,NO,annual_rent|verified_service_charge|net_rental_income|acquisition_costs|broker_purchase_cost|holding_period|exit_value|selling_costs
6076,Offplan,YES,794900.0,NO,,NO,NO,NO,NO,NO,NO,NO,NO,NO,NO,annual_rent|verified_service_charge|net_rental_income|acquisition_costs|broker_purchase_cost|holding_period|exit_value|selling_costs
8262,Ready,YES,1700000.0,YES,110400.0,NO,NO,NO,NO,NO,NO,NO,NO,NO,NO,verified_service_charge|net_rental_income|acquisition_costs|broker_purchase_cost|holding_period|exit_value|selling_costs
6557,Offplan,YES,1506130.0,NO,,NO,NO,NO,NO,NO,NO,NO,NO,NO,NO,annual_rent|verified_service_charge|net_rental_income|acquisition_costs|broker_purchase_cost|holding_period|exit_value|selling_costs
3570,Offplan,YES,2697870.0,NO,,NO,NO,NO,NO,NO,NO,NO,NO,NO,NO,annual_rent|verified_service_charge|net_rental_income|acquisition_costs|broker_purchase_cost|holding_period|exit_value|selling_costs
6431,Offplan,YES,1450000.0,NO,,NO,NO,NO,NO,NO,NO,NO,NO,NO,NO,annual_rent|verified_service_charge|net_rental_income|acquisition_costs|broker_purchase_cost|holding_period|exit_value|selling_costs
2191,Offplan,YES,990000.0,NO,,NO,NO,NO,NO,NO,NO,NO,NO,NO,NO,annual_rent|verified_service_charge|net_rental_income|acquisition_costs|broker_purchase_cost|holding_period|exit_value|selling_costs
2036,Offplan,YES,1434476.0,NO,,NO,NO,NO,NO,NO,NO,NO,NO,NO,NO,annual_rent|verified_service_charge|net_rental_income|acquisition_costs|broker_purchase_cost|holding_period|exit_value|selling_costs
4767,Offplan,YES,1585700.0,NO,,NO,NO,NO,NO,NO,NO,NO,NO,NO,NO,annual_rent|verified_service_charge|net_rental_income|acquisition_costs|broker_purchase_cost|holding_period|exit_value|selling_costs
5621,Offplan,YES,3149830.0,NO,,NO,NO,NO,NO,NO,NO,NO,NO,NO,NO,annual_rent|verified_service_charge|net_rental_income|acquisition_costs|broker_purchase_cost|holding_period|exit_value|selling_costs
4872,Ready,YES,1650000.0,YES,105600.0,NO,NO,NO,NO,NO,NO,NO,NO,NO,NO,verified_service_charge|net_rental_income|acquisition_costs|broker_purchase_cost|holding_period|exit_value|selling_costs
1521,Offplan,YES,1390000.0,NO,,NO,NO,NO,NO,NO,NO,NO,NO,NO,NO,annual_rent|verified_service_charge|net_rental_income|acquisition_costs|broker_purchase_cost|holding_period|exit_value|selling_costs
5193,Ready,YES,540000.0,YES,43200.0,NO,NO,NO,NO,NO,NO,NO,NO,NO,NO,verified_service_charge|net_rental_income|acquisition_costs|broker_purchase_cost|holding_period|exit_value|selling_costs
3548,Offplan,YES,2000000.0,NO,,NO,NO,NO,NO,NO,NO,NO,NO,NO,NO,annual_rent|verified_service_charge|net_rental_income|acquisition_costs|broker_purchase_cost|holding_period|exit_value|selling_costs
7521,Offplan,YES,3886920.0,NO,,NO,NO,NO,NO,NO,NO,NO,NO,NO,NO,annual_rent|verified_service_charge|net_rental_income|acquisition_costs|broker_purchase_cost|holding_period|exit_value|selling_costs
4144,Offplan,YES,608000.0,NO,,NO,NO,NO,NO,NO,NO,NO,NO,NO,NO,annual_rent|verified_service_charge|net_rental_income|acquisition_costs|broker_purchase_cost|holding_period|exit_value|selling_costs
659,Offplan,YES,4000000.0,NO,,NO,NO,NO,NO,NO,NO,NO,NO,NO,NO,annual_rent|verified_service_charge|net_rental_income|acquisition_costs|broker_purchase_cost|holding_period|exit_value|selling_costs
2516,Offplan,YES,4000000.0,NO,,NO,NO,NO,NO,NO,NO,NO,NO,NO,NO,annual_rent|verified_service_charge|net_rental_income|acquisition_costs|broker_purchase_cost|holding_period|exit_value|selling_costs
7495,Offplan,YES,4000000.0,NO,,NO,NO,NO,NO,NO,NO,NO,NO,NO,NO,annual_rent|verified_service_charge|net_rental_income|acquisition_costs|broker_purchase_cost|holding_period|exit_value|selling_costs
342,Offplan,YES,1676000.0,NO,,NO,NO,NO,NO,NO,NO,NO,NO,NO,NO,annual_rent|verified_service_charge|net_rental_income|acquisition_costs|broker_purchase_cost|holding_period|exit_value|selling_costs
2860,Offplan,YES,1300000.0,NO,,NO,NO,NO,NO,NO,NO,NO,NO,NO,NO,annual_rent|verified_service_charge|net_rental_income|acquisition_costs|broker_purchase_cost|holding_period|exit_value|selling_costs
7469,Offplan,YES,1480000.0,NO,,NO,NO,NO,NO,NO,NO,NO,NO,NO,NO,annual_rent|verified_service_charge|net_rental_income|acquisition_costs|broker_purchase_cost|holding_period|exit_value|selling_costs
739,Offplan,YES,2410880.0,NO,,NO,NO,NO,NO,NO,NO,NO,NO,NO,NO,annual_rent|verified_service_charge|net_rental_income|acquisition_costs|broker_purchase_cost|holding_period|exit_value|selling_costs
1247,Offplan,YES,648421.0,NO,,NO,NO,NO,NO,NO,NO,NO,NO,NO,NO,annual_rent|verified_service_charge|net_rental_income|acquisition_costs|broker_purchase_cost|holding_period|exit_value|selling_costs
4123,Offplan,YES,1253720.0,NO,,NO,NO,NO,NO,NO,NO,NO,NO,NO,NO,annual_rent|verified_service_charge|net_rental_income|acquisition_costs|broker_purchase_cost|holding_period|exit_value|selling_costs
2456,Offplan,YES,1000000.0,NO,,NO,NO,NO,NO,NO,NO,NO,NO,NO,NO,annual_rent|verified_service_charge|net_rental_income|acquisition_costs|broker_purchase_cost|holding_period|exit_value|selling_costs
2882,Offplan,YES,790160.0,NO,,NO,NO,NO,NO,NO,NO,NO,NO,NO,NO,annual_rent|verified_service_charge|net_rental_income|acquisition_costs|broker_purchase_cost|holding_period|exit_value|selling_costs
142,Offplan,YES,3300000.0,NO,,NO,NO,NO,NO,NO,NO,NO,NO,NO,NO,annual_rent|verified_service_charge|net_rental_income|acquisition_costs|broker_purchase_cost|holding_period|exit_value|selling_costs
8103,Offplan,YES,869704.0,NO,,NO,NO,NO,NO,NO,NO,NO,NO,NO,NO,annual_rent|verified_service_charge|net_rental_income|acquisition_costs|broker_purchase_cost|holding_period|exit_value|selling_costs
7780,Ready,YES,725000.0,YES,46080.0,NO,NO,NO,NO,NO,NO,NO,NO,NO,NO,verified_service_charge|net_rental_income|acquisition_costs|broker_purchase_cost|holding_period|exit_value|selling_costs
8395,Offplan,YES,998999.0,NO,,NO,NO,NO,NO,NO,NO,NO,NO,NO,NO,annual_rent|verified_service_charge|net_rental_income|acquisition_costs|broker_purchase_cost|holding_period|exit_value|selling_costs
7994,Offplan,YES,3400000.0,NO,,NO,NO,NO,NO,NO,NO,NO,NO,NO,NO,annual_rent|verified_service_charge|net_rental_income|acquisition_costs|broker_purchase_cost|holding_period|exit_value|selling_costs
3620,Offplan,YES,4158000.0,NO,,NO,NO,NO,NO,NO,NO,NO,NO,NO,NO,annual_rent|verified_service_charge|net_rental_income|acquisition_costs|broker_purchase_cost|holding_period|exit_value|selling_costs
6784,Offplan,YES,859000.0,NO,,NO,NO,NO,NO,NO,NO,NO,NO,NO,NO,annual_rent|verified_service_charge|net_rental_income|acquisition_costs|broker_purchase_cost|holding_period|exit_value|selling_costs
3125,Offplan,YES,1061000.0,NO,,NO,NO,NO,NO,NO,NO,NO,NO,NO,NO,annual_rent|verified_service_charge|net_rental_income|acquisition_costs|broker_purchase_cost|holding_period|exit_value|selling_costs
5099,Offplan,YES,1200000.0,NO,,NO,NO,NO,NO,NO,NO,NO,NO,NO,NO,annual_rent|verified_service_charge|net_rental_income|acquisition_costs|broker_purchase_cost|holding_period|exit_value|selling_costs
412,Offplan,YES,773809.0,NO,,NO,NO,NO,NO,NO,NO,NO,NO,NO,NO,annual_rent|verified_service_charge|net_rental_income|acquisition_costs|broker_purchase_cost|holding_period|exit_value|selling_costs
4994,Offplan,YES,1835528.0,NO,,NO,NO,NO,NO,NO,NO,NO,NO,NO,NO,annual_rent|verified_service_charge|net_rental_income|acquisition_costs|broker_purchase_cost|holding_period|exit_value|selling_costs
2562,Offplan,YES,976000.0,NO,,NO,NO,NO,NO,NO,NO,NO,NO,NO,NO,annual_rent|verified_service_charge|net_rental_income|acquisition_costs|broker_purchase_cost|holding_period|exit_value|selling_costs
1429,Offplan,YES,1141000.0,NO,,NO,NO,NO,NO,NO,NO,NO,NO,NO,NO,annual_rent|verified_service_charge|net_rental_income|acquisition_costs|broker_purchase_cost|holding_period|exit_value|selling_costs
107,Ready,YES,1100000.0,YES,72000.0,NO,NO,NO,NO,NO,NO,NO,NO,NO,NO,verified_service_charge|net_rental_income|acquisition_costs|broker_purchase_cost|holding_period|exit_value|selling_costs
7902,Offplan,YES,1180000.0,NO,,NO,NO,NO,NO,NO,NO,NO,NO,NO,NO,annual_rent|verified_service_charge|net_rental_income|acquisition_costs|broker_purchase_cost|holding_period|exit_value|selling_costs
6493,Offplan,YES,703000.0,NO,,NO,NO,NO,NO,NO,NO,NO,NO,NO,NO,annual_rent|verified_service_charge|net_rental_income|acquisition_costs|broker_purchase_cost|holding_period|exit_value|selling_costs
3863,Offplan,YES,2926830.0,NO,,NO,NO,NO,NO,NO,NO,NO,NO,NO,NO,annual_rent|verified_service_charge|net_rental_income|acquisition_costs|broker_purchase_cost|holding_period|exit_value|selling_costs
914,Ready,YES,580000.0,YES,43200.0,NO,NO,NO,NO,NO,NO,NO,NO,NO,NO,verified_service_charge|net_rental_income|acquisition_costs|broker_purchase_cost|holding_period|exit_value|selling_costs
7032,Offplan,YES,1700000.0,NO,,NO,NO,NO,NO,NO,NO,NO,NO,NO,NO,annual_rent|verified_service_charge|net_rental_income|acquisition_costs|broker_purchase_cost|holding_period|exit_value|selling_costs
5422,Offplan,YES,1684630.0,NO,,NO,NO,NO,NO,NO,NO,NO,NO,NO,NO,annual_rent|verified_service_charge|net_rental_income|acquisition_costs|broker_purchase_cost|holding_period|exit_value|selling_costs
356,Offplan,YES,650000.0,NO,,NO,NO,NO,NO,NO,NO,NO,NO,NO,NO,annual_rent|verified_service_charge|net_rental_income|acquisition_costs|broker_purchase_cost|holding_period|exit_value|selling_costs
4789,Offplan,YES,759999.0,NO,,NO,NO,NO,NO,NO,NO,NO,NO,NO,NO,annual_rent|verified_service_charge|net_rental_income|acquisition_costs|broker_purchase_cost|holding_period|exit_value|selling_costs
6630,Ready,YES,1500000.0,YES,63360.0,NO,NO,NO,NO,NO,NO,NO,NO,NO,NO,verified_service_charge|net_rental_income|acquisition_costs|broker_purchase_cost|holding_period|exit_value|selling_costs
1840,Offplan,YES,1200000.0,NO,,NO,NO,NO,NO,NO,NO,NO,NO,NO,NO,annual_rent|verified_service_charge|net_rental_income|acquisition_costs|broker_purchase_cost|holding_period|exit_value|selling_costs
6794,Offplan,YES,750000.0,NO,,NO,NO,NO,NO,NO,NO,NO,NO,NO,NO,annual_rent|verified_service_charge|net_rental_income|acquisition_costs|broker_purchase_cost|holding_period|exit_value|selling_costs
7248,Offplan,YES,824812.0,NO,,NO,NO,NO,NO,NO,NO,NO,NO,NO,NO,annual_rent|verified_service_charge|net_rental_income|acquisition_costs|broker_purchase_cost|holding_period|exit_value|selling_costs
3346,Offplan,YES,2884000.0,NO,,NO,NO,NO,NO,NO,NO,NO,NO,NO,NO,annual_rent|verified_service_charge|net_rental_income|acquisition_costs|broker_purchase_cost|holding_period|exit_value|selling_costs
243,Offplan,YES,1185000.0,NO,,NO,NO,NO,NO,NO,NO,NO,NO,NO,NO,annual_rent|verified_service_charge|net_rental_income|acquisition_costs|broker_purchase_cost|holding_period|exit_value|selling_costs
3325,Offplan,YES,786000.0,NO,,NO,NO,NO,NO,NO,NO,NO,NO,NO,NO,annual_rent|verified_service_charge|net_rental_income|acquisition_costs|broker_purchase_cost|holding_period|exit_value|selling_costs
4152,Offplan,YES,1755000.0,NO,,NO,NO,NO,NO,NO,NO,NO,NO,NO,NO,annual_rent|verified_service_charge|net_rental_income|acquisition_costs|broker_purchase_cost|holding_period|exit_value|selling_costs
7652,Offplan,YES,1090000.0,NO,,NO,NO,NO,NO,NO,NO,NO,NO,NO,NO,annual_rent|verified_service_charge|net_rental_income|acquisition_costs|broker_purchase_cost|holding_period|exit_value|selling_costs
5560,Offplan,YES,1150000.0,NO,,NO,NO,NO,NO,NO,NO,NO,NO,NO,NO,annual_rent|verified_service_charge|net_rental_income|acquisition_costs|broker_purchase_cost|holding_period|exit_value|selling_costs
148,Offplan,YES,905000.0,NO,,NO,NO,NO,NO,NO,NO,NO,NO,NO,NO,annual_rent|verified_service_charge|net_rental_income|acquisition_costs|broker_purchase_cost|holding_period|exit_value|selling_costs
3432,Offplan,YES,2400000.0,NO,,NO,NO,NO,NO,NO,NO,NO,NO,NO,NO,annual_rent|verified_service_charge|net_rental_income|acquisition_costs|broker_purchase_cost|holding_period|exit_value|selling_costs
1405,Offplan,YES,1232220.0,NO,,NO,NO,NO,NO,NO,NO,NO,NO,NO,NO,annual_rent|verified_service_charge|net_rental_income|acquisition_costs|broker_purchase_cost|holding_period|exit_value|selling_costs
7117,Offplan,YES,542812.0,NO,,NO,NO,NO,NO,NO,NO,NO,NO,NO,NO,annual_rent|verified_service_charge|net_rental_income|acquisition_costs|broker_purchase_cost|holding_period|exit_value|selling_costs
2350,Offplan,YES,2823000.0,NO,,NO,NO,NO,NO,NO,NO,NO,NO,NO,NO,annual_rent|verified_service_charge|net_rental_income|acquisition_costs|broker_purchase_cost|holding_period|exit_value|selling_costs
4594,Offplan,YES,1359000.0,NO,,NO,NO,NO,NO,NO,NO,NO,NO,NO,NO,annual_rent|verified_service_charge|net_rental_income|acquisition_costs|broker_purchase_cost|holding_period|exit_value|selling_costs
6889,Offplan,YES,698099.0,NO,,NO,NO,NO,NO,NO,NO,NO,NO,NO,NO,annual_rent|verified_service_charge|net_rental_income|acquisition_costs|broker_purchase_cost|holding_period|exit_value|selling_costs
800,Ready,YES,1420000.0,YES,64320.0,NO,NO,NO,NO,NO,NO,NO,NO,NO,NO,verified_service_charge|net_rental_income|acquisition_costs|broker_purchase_cost|holding_period|exit_value|selling_costs
3441,Offplan,YES,1978290.0,NO,,NO,NO,NO,NO,NO,NO,NO,NO,NO,NO,annual_rent|verified_service_charge|net_rental_income|acquisition_costs|broker_purchase_cost|holding_period|exit_value|selling_costs
8185,Offplan,YES,1369350.0,NO,,NO,NO,NO,NO,NO,NO,NO,NO,NO,NO,annual_rent|verified_service_charge|net_rental_income|acquisition_costs|broker_purchase_cost|holding_period|exit_value|selling_costs
1700,Offplan,YES,1403000.0,NO,,NO,NO,NO,NO,NO,NO,NO,NO,NO,NO,annual_rent|verified_service_charge|net_rental_income|acquisition_costs|broker_purchase_cost|holding_period|exit_value|selling_costs
4862,Offplan,YES,3352890.0,NO,,NO,NO,NO,NO,NO,NO,NO,NO,NO,NO,annual_rent|verified_service_charge|net_rental_income|acquisition_costs|broker_purchase_cost|holding_period|exit_value|selling_costs
2612,Offplan,YES,804550.0,NO,,NO,NO,NO,NO,NO,NO,NO,NO,NO,NO,annual_rent|verified_service_charge|net_rental_income|acquisition_costs|broker_purchase_cost|holding_period|exit_value|selling_costs
6927,Offplan,YES,1558520.0,NO,,NO,NO,NO,NO,NO,NO,NO,NO,NO,NO,annual_rent|verified_service_charge|net_rental_income|acquisition_costs|broker_purchase_cost|holding_period|exit_value|selling_costs
7669,Ready,YES,625000.0,YES,43200.0,NO,NO,NO,NO,NO,NO,NO,NO,NO,NO,verified_service_charge|net_rental_income|acquisition_costs|broker_purchase_cost|holding_period|exit_value|selling_costs
3521,Offplan,YES,1813000.0,NO,,NO,NO,NO,NO,NO,NO,NO,NO,NO,NO,annual_rent|verified_service_charge|net_rental_income|acquisition_costs|broker_purchase_cost|holding_period|exit_value|selling_costs
3509,Offplan,YES,2675000.0,NO,,NO,NO,NO,NO,NO,NO,NO,NO,NO,NO,annual_rent|verified_service_charge|net_rental_income|acquisition_costs|broker_purchase_cost|holding_period|exit_value|selling_costs
1329,Offplan,YES,1245670.0,NO,,NO,NO,NO,NO,NO,NO,NO,NO,NO,NO,annual_rent|verified_service_charge|net_rental_income|acquisition_costs|broker_purchase_cost|holding_period|exit_value|selling_costs
3051,Offplan,YES,1158330.0,NO,,NO,NO,NO,NO,NO,NO,NO,NO,NO,NO,annual_rent|verified_service_charge|net_rental_income|acquisition_costs|broker_purchase_cost|holding_period|exit_value|selling_costs
3078,Offplan,YES,4100000.0,NO,,NO,NO,NO,NO,NO,NO,NO,NO,NO,NO,annual_rent|verified_service_charge|net_rental_income|acquisition_costs|broker_purchase_cost|holding_period|exit_value|selling_costs
1085,Offplan,YES,3000000.0,NO,,NO,NO,NO,NO,NO,NO,NO,NO,NO,NO,annual_rent|verified_service_charge|net_rental_income|acquisition_costs|broker_purchase_cost|holding_period|exit_value|selling_costs
5582,Ready,YES,2900000.0,YES,129600.0,YES,YES,YES,NO,NO,NO,NO,NO,NO,NO,net_rental_income|acquisition_costs|broker_purchase_cost|holding_period|exit_value|selling_costs
414,Ready,YES,1020000.0,YES,65105.0,NO,NO,NO,NO,NO,NO,NO,NO,NO,NO,verified_service_charge|net_rental_income|acquisition_costs|broker_purchase_cost|holding_period|exit_value|selling_costs
5638,Offplan,YES,625000.0,NO,,NO,NO,NO,NO,NO,NO,NO,NO,NO,NO,annual_rent|verified_service_charge|net_rental_income|acquisition_costs|broker_purchase_cost|holding_period|exit_value|selling_costs
2387,Offplan,YES,3500000.0,NO,,NO,NO,NO,NO,NO,NO,NO,NO,NO,NO,annual_rent|verified_service_charge|net_rental_income|acquisition_costs|broker_purchase_cost|holding_period|exit_value|selling_costs
2184,Ready,YES,6500000.0,YES,144000.0,NO,NO,NO,NO,NO,NO,NO,NO,NO,NO,verified_service_charge|net_rental_income|acquisition_costs|broker_purchase_cost|holding_period|exit_value|selling_costs
5579,Ready,YES,2000000.0,YES,91198.0,NO,NO,NO,NO,NO,NO,NO,NO,NO,NO,verified_service_charge|net_rental_income|acquisition_costs|broker_purchase_cost|holding_period|exit_value|selling_costs
4921,Offplan,YES,1297800.0,NO,,NO,NO,NO,NO,NO,NO,NO,NO,NO,NO,annual_rent|verified_service_charge|net_rental_income|acquisition_costs|broker_purchase_cost|holding_period|exit_value|selling_costs
5224,Offplan,YES,920000.0,NO,,NO,NO,NO,NO,NO,NO,NO,NO,NO,NO,annual_rent|verified_service_charge|net_rental_income|acquisition_costs|broker_purchase_cost|holding_period|exit_value|selling_costs
5596,Offplan,YES,1198890.0,NO,,NO,NO,NO,NO,NO,NO,NO,NO,NO,NO,annual_rent|verified_service_charge|net_rental_income|acquisition_costs|broker_purchase_cost|holding_period|exit_value|selling_costs
7519,Offplan,YES,2109880.0,NO,,NO,NO,NO,NO,NO,NO,NO,NO,NO,NO,annual_rent|verified_service_charge|net_rental_income|acquisition_costs|broker_purchase_cost|holding_period|exit_value|selling_costs
3534,Offplan,YES,5100000.0,NO,,NO,NO,NO,NO,NO,NO,NO,NO,NO,NO,annual_rent|verified_service_charge|net_rental_income|acquisition_costs|broker_purchase_cost|holding_period|exit_value|selling_costs
6567,Offplan,YES,1318000.0,NO,,NO,NO,NO,NO,NO,NO,NO,NO,NO,NO,annual_rent|verified_service_charge|net_rental_income|acquisition_costs|broker_purchase_cost|holding_period|exit_value|selling_costs
5863,Offplan,YES,5100000.0,NO,,NO,NO,NO,NO,NO,NO,NO,NO,NO,NO,annual_rent|verified_service_charge|net_rental_income|acquisition_costs|broker_purchase_cost|holding_period|exit_value|selling_costs
3663,Offplan,YES,1338090.0,NO,,NO,NO,NO,NO,NO,NO,NO,NO,NO,NO,annual_rent|verified_service_charge|net_rental_income|acquisition_costs|broker_purchase_cost|holding_period|exit_value|selling_costs
3049,Offplan,YES,1287000.0,NO,,NO,NO,NO,NO,NO,NO,NO,NO,NO,NO,annual_rent|verified_service_charge|net_rental_income|acquisition_costs|broker_purchase_cost|holding_period|exit_value|selling_costs
5946,Offplan,YES,2899550.0,NO,,NO,NO,NO,NO,NO,NO,NO,NO,NO,NO,annual_rent|verified_service_charge|net_rental_income|acquisition_costs|broker_purchase_cost|holding_period|exit_value|selling_costs
582,Offplan,YES,1425000.0,NO,,NO,NO,NO,NO,NO,NO,NO,NO,NO,NO,annual_rent|verified_service_charge|net_rental_income|acquisition_costs|broker_purchase_cost|holding_period|exit_value|selling_costs
7871,Offplan,YES,1801550.0,NO,,NO,NO,NO,NO,NO,NO,NO,NO,NO,NO,annual_rent|verified_service_charge|net_rental_income|acquisition_costs|broker_purchase_cost|holding_period|exit_value|selling_costs
7765,Offplan,YES,2049320.0,NO,,NO,NO,NO,NO,NO,NO,NO,NO,NO,NO,annual_rent|verified_service_charge|net_rental_income|acquisition_costs|broker_purchase_cost|holding_period|exit_value|selling_costs
5515,Offplan,YES,1218000.0,NO,,NO,NO,NO,NO,NO,NO,NO,NO,NO,NO,annual_rent|verified_service_charge|net_rental_income|acquisition_costs|broker_purchase_cost|holding_period|exit_value|selling_costs
4622,Offplan,YES,1400000.0,NO,,NO,NO,NO,NO,NO,NO,NO,NO,NO,NO,annual_rent|verified_service_charge|net_rental_income|acquisition_costs|broker_purchase_cost|holding_period|exit_value|selling_costs
6084,Offplan,YES,675000.0,NO,,NO,NO,NO,NO,NO,NO,NO,NO,NO,NO,annual_rent|verified_service_charge|net_rental_income|acquisition_costs|broker_purchase_cost|holding_period|exit_value|selling_costs
3012,Offplan,YES,1303520.0,NO,,NO,NO,NO,NO,NO,NO,NO,NO,NO,NO,annual_rent|verified_service_charge|net_rental_income|acquisition_costs|broker_purchase_cost|holding_period|exit_value|selling_costs
6401,Offplan,YES,663000.0,YES,38400.0,NO,NO,NO,NO,NO,NO,NO,NO,NO,NO,verified_service_charge|net_rental_income|acquisition_costs|broker_purchase_cost|holding_period|exit_value|selling_costs
3264,Offplan,YES,964789.0,NO,,NO,NO,NO,NO,NO,NO,NO,NO,NO,NO,annual_rent|verified_service_charge|net_rental_income|acquisition_costs|broker_purchase_cost|holding_period|exit_value|selling_costs
226,Offplan,YES,1860000.0,NO,,NO,NO,NO,NO,NO,NO,NO,NO,NO,NO,annual_rent|verified_service_charge|net_rental_income|acquisition_costs|broker_purchase_cost|holding_period|exit_value|selling_costs
3489,Offplan,YES,1100000.0,NO,,NO,NO,NO,NO,NO,NO,NO,NO,NO,NO,annual_rent|verified_service_charge|net_rental_income|acquisition_costs|broker_purchase_cost|holding_period|exit_value|selling_costs
4685,Offplan,YES,2000000.0,NO,,NO,NO,NO,NO,NO,NO,NO,NO,NO,NO,annual_rent|verified_service_charge|net_rental_income|acquisition_costs|broker_purchase_cost|holding_period|exit_value|selling_costs
4059,Offplan,YES,2715000.0,NO,,NO,NO,NO,NO,NO,NO,NO,NO,NO,NO,annual_rent|verified_service_charge|net_rental_income|acquisition_costs|broker_purchase_cost|holding_period|exit_value|selling_costs
184,Ready,YES,865110.0,NO,,NO,NO,NO,NO,NO,NO,NO,NO,NO,NO,annual_rent|verified_service_charge|net_rental_income|acquisition_costs|broker_purchase_cost|holding_period|exit_value|selling_costs
971,Offplan,YES,1327500.0,NO,,NO,NO,NO,NO,NO,NO,NO,NO,NO,NO,annual_rent|verified_service_charge|net_rental_income|acquisition_costs|broker_purchase_cost|holding_period|exit_value|selling_costs
4461,Ready,YES,2767000.0,YES,98400.0,NO,NO,NO,NO,NO,NO,NO,NO,NO,NO,verified_service_charge|net_rental_income|acquisition_costs|broker_purchase_cost|holding_period|exit_value|selling_costs
2836,Offplan,YES,1002000.0,NO,,NO,NO,NO,NO,NO,NO,NO,NO,NO,NO,annual_rent|verified_service_charge|net_rental_income|acquisition_costs|broker_purchase_cost|holding_period|exit_value|selling_costs
3529,Offplan,YES,1300000.0,NO,,NO,NO,NO,NO,NO,NO,NO,NO,NO,NO,annual_rent|verified_service_charge|net_rental_income|acquisition_costs|broker_purchase_cost|holding_period|exit_value|selling_costs
2313,Ready,YES,1100000.0,YES,67200.0,NO,NO,NO,NO,NO,NO,NO,NO,NO,NO,verified_service_charge|net_rental_income|acquisition_costs|broker_purchase_cost|holding_period|exit_value|selling_costs
6751,Offplan,YES,1778610.0,NO,,NO,NO,NO,NO,NO,NO,NO,NO,NO,NO,annual_rent|verified_service_charge|net_rental_income|acquisition_costs|broker_purchase_cost|holding_period|exit_value|selling_costs
4484,Offplan,YES,1241346.0,NO,,NO,NO,NO,NO,NO,NO,NO,NO,NO,NO,annual_rent|verified_service_charge|net_rental_income|acquisition_costs|broker_purchase_cost|holding_period|exit_value|selling_costs
1201,Offplan,YES,1640000.0,NO,,NO,NO,NO,NO,NO,NO,NO,NO,NO,NO,annual_rent|verified_service_charge|net_rental_income|acquisition_costs|broker_purchase_cost|holding_period|exit_value|selling_costs
8174,Offplan,YES,1300000.0,NO,,NO,NO,NO,NO,NO,NO,NO,NO,NO,NO,annual_rent|verified_service_charge|net_rental_income|acquisition_costs|broker_purchase_cost|holding_period|exit_value|selling_costs
6652,Offplan,YES,830000.0,NO,,NO,NO,NO,NO,NO,NO,NO,NO,NO,NO,annual_rent|verified_service_charge|net_rental_income|acquisition_costs|broker_purchase_cost|holding_period|exit_value|selling_costs
3518,Offplan,YES,1707000.0,NO,,NO,NO,NO,NO,NO,NO,NO,NO,NO,NO,annual_rent|verified_service_charge|net_rental_income|acquisition_costs|broker_purchase_cost|holding_period|exit_value|selling_costs
2100,Offplan,YES,1387778.0,NO,,NO,NO,NO,NO,NO,NO,NO,NO,NO,NO,annual_rent|verified_service_charge|net_rental_income|acquisition_costs|broker_purchase_cost|holding_period|exit_value|selling_costs
4786,Offplan,YES,15000000.0,NO,,NO,NO,NO,NO,NO,NO,NO,NO,NO,NO,annual_rent|verified_service_charge|net_rental_income|acquisition_costs|broker_purchase_cost|holding_period|exit_value|selling_costs
6187,Offplan,YES,1470111.0,NO,,NO,NO,NO,NO,NO,NO,NO,NO,NO,NO,annual_rent|verified_service_charge|net_rental_income|acquisition_costs|broker_purchase_cost|holding_period|exit_value|selling_costs
36,Offplan,YES,3400000.0,NO,,NO,NO,NO,NO,NO,NO,NO,NO,NO,NO,annual_rent|verified_service_charge|net_rental_income|acquisition_costs|broker_purchase_cost|holding_period|exit_value|selling_costs
5683,Ready,YES,1500000.0,YES,72000.0,NO,NO,NO,NO,NO,NO,NO,NO,NO,NO,verified_service_charge|net_rental_income|acquisition_costs|broker_purchase_cost|holding_period|exit_value|selling_costs
690,Offplan,YES,849000.0,NO,,NO,NO,NO,NO,NO,NO,NO,NO,NO,NO,annual_rent|verified_service_charge|net_rental_income|acquisition_costs|broker_purchase_cost|holding_period|exit_value|selling_costs
684,Offplan,YES,3059310.0,NO,,NO,NO,NO,NO,NO,NO,NO,NO,NO,NO,annual_rent|verified_service_charge|net_rental_income|acquisition_costs|broker_purchase_cost|holding_period|exit_value|selling_costs
939,Offplan,YES,1364969.0,NO,,NO,NO,NO,NO,NO,NO,NO,NO,NO,NO,annual_rent|verified_service_charge|net_rental_income|acquisition_costs|broker_purchase_cost|holding_period|exit_value|selling_costs
5296,Offplan,YES,3364777.0,NO,,NO,NO,NO,NO,NO,NO,NO,NO,NO,NO,annual_rent|verified_service_charge|net_rental_income|acquisition_costs|broker_purchase_cost|holding_period|exit_value|selling_costs
3210,Offplan,YES,1268177.0,NO,,NO,NO,NO,NO,NO,NO,NO,NO,NO,NO,annual_rent|verified_service_charge|net_rental_income|acquisition_costs|broker_purchase_cost|holding_period|exit_value|selling_costs
3894,Offplan,YES,8500000.0,NO,,NO,NO,NO,NO,NO,NO,NO,NO,NO,NO,annual_rent|verified_service_charge|net_rental_income|acquisition_costs|broker_purchase_cost|holding_period|exit_value|selling_costs
8189,Offplan,YES,710100.0,NO,,NO,NO,NO,NO,NO,NO,NO,NO,NO,NO,annual_rent|verified_service_charge|net_rental_income|acquisition_costs|broker_purchase_cost|holding_period|exit_value|selling_costs
6739,Offplan,YES,1821110.0,NO,,NO,NO,NO,NO,NO,NO,NO,NO,NO,NO,annual_rent|verified_service_charge|net_rental_income|acquisition_costs|broker_purchase_cost|holding_period|exit_value|selling_costs
6848,Offplan,YES,893333.0,NO,,NO,NO,NO,NO,NO,NO,NO,NO,NO,NO,annual_rent|verified_service_charge|net_rental_income|acquisition_costs|broker_purchase_cost|holding_period|exit_value|selling_costs
7208,Offplan,YES,1742120.0,NO,,NO,NO,NO,NO,NO,NO,NO,NO,NO,NO,annual_rent|verified_service_charge|net_rental_income|acquisition_costs|broker_purchase_cost|holding_period|exit_value|selling_costs
2523,Offplan,YES,1350000.0,NO,,NO,NO,NO,NO,NO,NO,NO,NO,NO,NO,annual_rent|verified_service_charge|net_rental_income|acquisition_costs|broker_purchase_cost|holding_period|exit_value|selling_costs
274,Offplan,YES,1304730.0,NO,,NO,NO,NO,NO,NO,NO,NO,NO,NO,NO,annual_rent|verified_service_charge|net_rental_income|acquisition_costs|broker_purchase_cost|holding_period|exit_value|selling_costs
3522,Ready,YES,1820770.0,YES,86400.0,NO,NO,NO,NO,NO,NO,NO,NO,NO,NO,verified_service_charge|net_rental_income|acquisition_costs|broker_purchase_cost|holding_period|exit_value|selling_costs
1255,Offplan,YES,1250000.0,NO,,NO,NO,NO,NO,NO,NO,NO,NO,NO,NO,annual_rent|verified_service_charge|net_rental_income|acquisition_costs|broker_purchase_cost|holding_period|exit_value|selling_costs
5953,Offplan,YES,823000.0,NO,,NO,NO,NO,NO,NO,NO,NO,NO,NO,NO,annual_rent|verified_service_charge|net_rental_income|acquisition_costs|broker_purchase_cost|holding_period|exit_value|selling_costs
3451,Ready,YES,1100000.0,YES,72000.0,NO,NO,NO,NO,NO,NO,NO,NO,NO,NO,verified_service_charge|net_rental_income|acquisition_costs|broker_purchase_cost|holding_period|exit_value|selling_costs
5153,Offplan,YES,3600000.0,NO,,NO,NO,NO,NO,NO,NO,NO,NO,NO,NO,annual_rent|verified_service_charge|net_rental_income|acquisition_costs|broker_purchase_cost|holding_period|exit_value|selling_costs
4817,Ready,YES,1000000.0,YES,67200.0,NO,NO,NO,NO,NO,NO,NO,NO,NO,NO,verified_service_charge|net_rental_income|acquisition_costs|broker_purchase_cost|holding_period|exit_value|selling_costs
1088,Offplan,YES,2413000.0,NO,,NO,NO,NO,NO,NO,NO,NO,NO,NO,NO,annual_rent|verified_service_charge|net_rental_income|acquisition_costs|broker_purchase_cost|holding_period|exit_value|selling_costs
4274,Offplan,YES,650000.0,NO,,NO,NO,NO,NO,NO,NO,NO,NO,NO,NO,annual_rent|verified_service_charge|net_rental_income|acquisition_costs|broker_purchase_cost|holding_period|exit_value|selling_costs
2699,Offplan,YES,626000.0,NO,,NO,NO,NO,NO,NO,NO,NO,NO,NO,NO,annual_rent|verified_service_charge|net_rental_income|acquisition_costs|broker_purchase_cost|holding_period|exit_value|selling_costs
6722,Offplan,YES,902000.0,NO,,NO,NO,NO,NO,NO,NO,NO,NO,NO,NO,annual_rent|verified_service_charge|net_rental_income|acquisition_costs|broker_purchase_cost|holding_period|exit_value|selling_costs
909,Offplan,YES,2355000.0,NO,,NO,NO,NO,NO,NO,NO,NO,NO,NO,NO,annual_rent|verified_service_charge|net_rental_income|acquisition_costs|broker_purchase_cost|holding_period|exit_value|selling_costs
34,Offplan,YES,4774000.0,NO,,NO,NO,NO,NO,NO,NO,NO,NO,NO,NO,annual_rent|verified_service_charge|net_rental_income|acquisition_costs|broker_purchase_cost|holding_period|exit_value|selling_costs
429,Offplan,YES,1876000.0,NO,,NO,NO,NO,NO,NO,NO,NO,NO,NO,NO,annual_rent|verified_service_charge|net_rental_income|acquisition_costs|broker_purchase_cost|holding_period|exit_value|selling_costs
7847,Offplan,YES,1468920.0,NO,,NO,NO,NO,NO,NO,NO,NO,NO,NO,NO,annual_rent|verified_service_charge|net_rental_income|acquisition_costs|broker_purchase_cost|holding_period|exit_value|selling_costs
3237,Offplan,YES,2600000.0,NO,,NO,NO,NO,NO,NO,NO,NO,NO,NO,NO,annual_rent|verified_service_charge|net_rental_income|acquisition_costs|broker_purchase_cost|holding_period|exit_value|selling_costs
5801,Ready,YES,690000.0,YES,43200.0,NO,NO,NO,NO,NO,NO,NO,NO,NO,NO,verified_service_charge|net_rental_income|acquisition_costs|broker_purchase_cost|holding_period|exit_value|selling_costs
194,Offplan,YES,1689000.0,NO,,NO,NO,NO,NO,NO,NO,NO,NO,NO,NO,annual_rent|verified_service_charge|net_rental_income|acquisition_costs|broker_purchase_cost|holding_period|exit_value|selling_costs
5931,Offplan,YES,1560360.0,NO,,NO,NO,NO,NO,NO,NO,NO,NO,NO,NO,annual_rent|verified_service_charge|net_rental_income|acquisition_costs|broker_purchase_cost|holding_period|exit_value|selling_costs
3265,Ready,YES,950000.0,YES,57600.0,NO,NO,NO,NO,NO,NO,NO,NO,NO,NO,verified_service_charge|net_rental_income|acquisition_costs|broker_purchase_cost|holding_period|exit_value|selling_costs
4035,Offplan,YES,1648000.0,NO,,NO,NO,NO,NO,NO,NO,NO,NO,NO,NO,annual_rent|verified_service_charge|net_rental_income|acquisition_costs|broker_purchase_cost|holding_period|exit_value|selling_costs
60,Offplan,YES,1500000.0,NO,,NO,NO,NO,NO,NO,NO,NO,NO,NO,NO,annual_rent|verified_service_charge|net_rental_income|acquisition_costs|broker_purchase_cost|holding_period|exit_value|selling_costs
8028,Offplan,YES,1329888.0,YES,52800.0,NO,NO,NO,NO,NO,NO,NO,NO,NO,NO,verified_service_charge|net_rental_income|acquisition_costs|broker_purchase_cost|holding_period|exit_value|selling_costs
1192,Offplan,YES,728000.0,NO,,NO,NO,NO,NO,NO,NO,NO,NO,NO,NO,annual_rent|verified_service_charge|net_rental_income|acquisition_costs|broker_purchase_cost|holding_period|exit_value|selling_costs
5303,Ready,YES,650000.0,YES,46080.0,NO,NO,NO,NO,NO,NO,NO,NO,NO,NO,verified_service_charge|net_rental_income|acquisition_costs|broker_purchase_cost|holding_period|exit_value|selling_costs
8120,Ready,YES,925000.0,YES,72576.0,NO,NO,NO,NO,NO,NO,NO,NO,NO,NO,verified_service_charge|net_rental_income|acquisition_costs|broker_purchase_cost|holding_period|exit_value|selling_costs
5528,Ready,YES,3700000.0,YES,172800.0,NO,NO,NO,NO,NO,NO,NO,NO,NO,NO,verified_service_charge|net_rental_income|acquisition_costs|broker_purchase_cost|holding_period|exit_value|selling_costs
4538,Offplan,YES,1260000.0,NO,,NO,NO,NO,NO,NO,NO,NO,NO,NO,NO,annual_rent|verified_service_charge|net_rental_income|acquisition_costs|broker_purchase_cost|holding_period|exit_value|selling_costs
7448,Offplan,YES,1934830.0,NO,,NO,NO,NO,NO,NO,NO,NO,NO,NO,NO,annual_rent|verified_service_charge|net_rental_income|acquisition_costs|broker_purchase_cost|holding_period|exit_value|selling_costs
5661,Offplan,YES,842888.0,NO,,NO,NO,NO,NO,NO,NO,NO,NO,NO,NO,annual_rent|verified_service_charge|net_rental_income|acquisition_costs|broker_purchase_cost|holding_period|exit_value|selling_costs
3992,Offplan,YES,2950000.0,NO,,NO,NO,NO,NO,NO,NO,NO,NO,NO,NO,annual_rent|verified_service_charge|net_rental_income|acquisition_costs|broker_purchase_cost|holding_period|exit_value|selling_costs
4987,Offplan,YES,1807667.0,NO,,NO,NO,NO,NO,NO,NO,NO,NO,NO,NO,annual_rent|verified_service_charge|net_rental_income|acquisition_costs|broker_purchase_cost|holding_period|exit_value|selling_costs
4703,Offplan,YES,1700000.0,NO,,NO,NO,NO,NO,NO,NO,NO,NO,NO,NO,annual_rent|verified_service_charge|net_rental_income|acquisition_costs|broker_purchase_cost|holding_period|exit_value|selling_costs
2779,Offplan,YES,1608000.0,NO,,NO,NO,NO,NO,NO,NO,NO,NO,NO,NO,annual_rent|verified_service_charge|net_rental_income|acquisition_costs|broker_purchase_cost|holding_period|exit_value|selling_costs
7230,Offplan,YES,1657000.0,NO,,NO,NO,NO,NO,NO,NO,NO,NO,NO,NO,annual_rent|verified_service_charge|net_rental_income|acquisition_costs|broker_purchase_cost|holding_period|exit_value|selling_costs
3376,Offplan,YES,995137.0,NO,,NO,NO,NO,NO,NO,NO,NO,NO,NO,NO,annual_rent|verified_service_charge|net_rental_income|acquisition_costs|broker_purchase_cost|holding_period|exit_value|selling_costs
5702,Offplan,YES,3068000.0,NO,,NO,NO,NO,NO,NO,NO,NO,NO,NO,NO,annual_rent|verified_service_charge|net_rental_income|acquisition_costs|broker_purchase_cost|holding_period|exit_value|selling_costs
6463,Offplan,YES,1552120.0,NO,,NO,NO,NO,NO,NO,NO,NO,NO,NO,NO,annual_rent|verified_service_charge|net_rental_income|acquisition_costs|broker_purchase_cost|holding_period|exit_value|selling_costs
4470,Offplan,YES,1428978.0,NO,,NO,NO,NO,NO,NO,NO,NO,NO,NO,NO,annual_rent|verified_service_charge|net_rental_income|acquisition_costs|broker_purchase_cost|holding_period|exit_value|selling_costs
6687,Offplan,YES,1343398.0,NO,,NO,NO,NO,NO,NO,NO,NO,NO,NO,NO,annual_rent|verified_service_charge|net_rental_income|acquisition_costs|broker_purchase_cost|holding_period|exit_value|selling_costs
4960,Offplan,YES,2328120.0,NO,,NO,NO,NO,NO,NO,NO,NO,NO,NO,NO,annual_rent|verified_service_charge|net_rental_income|acquisition_costs|broker_purchase_cost|holding_period|exit_value|selling_costs
4265,Offplan,YES,1020030.0,NO,,NO,NO,NO,NO,NO,NO,NO,NO,NO,NO,annual_rent|verified_service_charge|net_rental_income|acquisition_costs|broker_purchase_cost|holding_period|exit_value|selling_costs
4747,Offplan,YES,1304000.0,NO,,NO,NO,NO,NO,NO,NO,NO,NO,NO,NO,annual_rent|verified_service_charge|net_rental_income|acquisition_costs|broker_purchase_cost|holding_period|exit_value|selling_costs
7367,Offplan,YES,800000.0,NO,,NO,NO,NO,NO,NO,NO,NO,NO,NO,NO,annual_rent|verified_service_charge|net_rental_income|acquisition_costs|broker_purchase_cost|holding_period|exit_value|selling_costs
7449,Ready,YES,2800000.0,YES,124800.0,NO,NO,NO,NO,NO,NO,NO,NO,NO,NO,verified_service_charge|net_rental_income|acquisition_costs|broker_purchase_cost|holding_period|exit_value|selling_costs
3217,Offplan,YES,589768.0,NO,,NO,NO,NO,NO,NO,NO,NO,NO,NO,NO,annual_rent|verified_service_charge|net_rental_income|acquisition_costs|broker_purchase_cost|holding_period|exit_value|selling_costs
1605,Offplan,YES,644521.0,NO,,NO,NO,NO,NO,NO,NO,NO,NO,NO,NO,annual_rent|verified_service_charge|net_rental_income|acquisition_costs|broker_purchase_cost|holding_period|exit_value|selling_costs
6444,Offplan,YES,790000.0,NO,,NO,NO,NO,NO,NO,NO,NO,NO,NO,NO,annual_rent|verified_service_charge|net_rental_income|acquisition_costs|broker_purchase_cost|holding_period|exit_value|selling_costs
8347,Offplan,YES,1500000.0,NO,,NO,NO,NO,NO,NO,NO,NO,NO,NO,NO,annual_rent|verified_service_charge|net_rental_income|acquisition_costs|broker_purchase_cost|holding_period|exit_value|selling_costs
2026,Offplan,YES,2657780.0,NO,,NO,NO,NO,NO,NO,NO,NO,NO,NO,NO,annual_rent|verified_service_charge|net_rental_income|acquisition_costs|broker_purchase_cost|holding_period|exit_value|selling_costs
2854,Offplan,YES,1709800.0,NO,,NO,NO,NO,NO,NO,NO,NO,NO,NO,NO,annual_rent|verified_service_charge|net_rental_income|acquisition_costs|broker_purchase_cost|holding_period|exit_value|selling_costs
6056,Ready,YES,6300000.0,YES,278400.0,NO,NO,NO,NO,NO,NO,NO,NO,NO,NO,verified_service_charge|net_rental_income|acquisition_costs|broker_purchase_cost|holding_period|exit_value|selling_costs
7734,Offplan,YES,1005590.0,NO,,NO,NO,NO,NO,NO,NO,NO,NO,NO,NO,annual_rent|verified_service_charge|net_rental_income|acquisition_costs|broker_purchase_cost|holding_period|exit_value|selling_costs
1531,Offplan,YES,580000.0,NO,,NO,NO,NO,NO,NO,NO,NO,NO,NO,NO,annual_rent|verified_service_charge|net_rental_income|acquisition_costs|broker_purchase_cost|holding_period|exit_value|selling_costs
3215,Offplan,YES,5400000.0,NO,,NO,NO,NO,NO,NO,NO,NO,NO,NO,NO,annual_rent|verified_service_charge|net_rental_income|acquisition_costs|broker_purchase_cost|holding_period|exit_value|selling_costs
3110,Offplan,YES,7599550.0,NO,,NO,NO,NO,NO,NO,NO,NO,NO,NO,NO,annual_rent|verified_service_charge|net_rental_income|acquisition_costs|broker_purchase_cost|holding_period|exit_value|selling_costs
4029,Offplan,YES,1096240.0,NO,,NO,NO,NO,NO,NO,NO,NO,NO,NO,NO,annual_rent|verified_service_charge|net_rental_income|acquisition_costs|broker_purchase_cost|holding_period|exit_value|selling_costs
1656,Ready,YES,987000.0,YES,57600.0,NO,NO,NO,NO,NO,NO,NO,NO,NO,NO,verified_service_charge|net_rental_income|acquisition_costs|broker_purchase_cost|holding_period|exit_value|selling_costs
5982,Offplan,YES,2558000.0,NO,,NO,NO,NO,NO,NO,NO,NO,NO,NO,NO,annual_rent|verified_service_charge|net_rental_income|acquisition_costs|broker_purchase_cost|holding_period|exit_value|selling_costs
118,Offplan,YES,1795630.0,NO,,NO,NO,NO,NO,NO,NO,NO,NO,NO,NO,annual_rent|verified_service_charge|net_rental_income|acquisition_costs|broker_purchase_cost|holding_period|exit_value|selling_costs
6746,Offplan,YES,1880000.0,NO,,NO,NO,NO,NO,NO,NO,NO,NO,NO,NO,annual_rent|verified_service_charge|net_rental_income|acquisition_costs|broker_purchase_cost|holding_period|exit_value|selling_costs
6363,Offplan,YES,4500000.0,NO,,NO,NO,NO,NO,NO,NO,NO,NO,NO,NO,annual_rent|verified_service_charge|net_rental_income|acquisition_costs|broker_purchase_cost|holding_period|exit_value|selling_costs
6218,Offplan,YES,20000000.0,NO,,NO,NO,NO,NO,NO,NO,NO,NO,NO,NO,annual_rent|verified_service_charge|net_rental_income|acquisition_costs|broker_purchase_cost|holding_period|exit_value|selling_costs
5367,Offplan,YES,1535618.0,NO,,NO,NO,NO,NO,NO,NO,NO,NO,NO,NO,annual_rent|verified_service_charge|net_rental_income|acquisition_costs|broker_purchase_cost|holding_period|exit_value|selling_costs
8089,Offplan,YES,1200000.0,NO,,NO,NO,NO,NO,NO,NO,NO,NO,NO,NO,annual_rent|verified_service_charge|net_rental_income|acquisition_costs|broker_purchase_cost|holding_period|exit_value|selling_costs
1770,Offplan,YES,3750000.0,NO,,NO,NO,NO,NO,NO,NO,NO,NO,NO,NO,annual_rent|verified_service_charge|net_rental_income|acquisition_costs|broker_purchase_cost|holding_period|exit_value|selling_costs
8087,Offplan,YES,1562000.0,NO,,NO,NO,NO,NO,NO,NO,NO,NO,NO,NO,annual_rent|verified_service_charge|net_rental_income|acquisition_costs|broker_purchase_cost|holding_period|exit_value|selling_costs
6590,Offplan,YES,1539000.0,NO,,NO,NO,NO,NO,NO,NO,NO,NO,NO,NO,annual_rent|verified_service_charge|net_rental_income|acquisition_costs|broker_purchase_cost|holding_period|exit_value|selling_costs
1590,Offplan,YES,2071888.0,NO,,NO,NO,NO,NO,NO,NO,NO,NO,NO,NO,annual_rent|verified_service_charge|net_rental_income|acquisition_costs|broker_purchase_cost|holding_period|exit_value|selling_costs
1744,Offplan,YES,891522.0,NO,,NO,NO,NO,NO,NO,NO,NO,NO,NO,NO,annual_rent|verified_service_charge|net_rental_income|acquisition_costs|broker_purchase_cost|holding_period|exit_value|selling_costs
6592,Offplan,YES,2143780.0,NO,,NO,NO,NO,NO,NO,NO,NO,NO,NO,NO,annual_rent|verified_service_charge|net_rental_income|acquisition_costs|broker_purchase_cost|holding_period|exit_value|selling_costs
5488,Offplan,YES,869424.0,NO,,NO,NO,NO,NO,NO,NO,NO,NO,NO,NO,annual_rent|verified_service_charge|net_rental_income|acquisition_costs|broker_purchase_cost|holding_period|exit_value|selling_costs
2676,Offplan,YES,1195580.0,NO,,NO,NO,NO,NO,NO,NO,NO,NO,NO,NO,annual_rent|verified_service_charge|net_rental_income|acquisition_costs|broker_purchase_cost|holding_period|exit_value|selling_costs
380,Offplan,YES,1699000.0,NO,,NO,NO,NO,NO,NO,NO,NO,NO,NO,NO,annual_rent|verified_service_charge|net_rental_income|acquisition_costs|broker_purchase_cost|holding_period|exit_value|selling_costs
4205,Offplan,YES,1699400.0,NO,,NO,NO,NO,NO,NO,NO,NO,NO,NO,NO,annual_rent|verified_service_charge|net_rental_income|acquisition_costs|broker_purchase_cost|holding_period|exit_value|selling_costs
4620,Offplan,YES,2630530.0,NO,,NO,NO,NO,NO,NO,NO,NO,NO,NO,NO,annual_rent|verified_service_charge|net_rental_income|acquisition_costs|broker_purchase_cost|holding_period|exit_value|selling_costs
3213,Offplan,YES,2819880.0,NO,,NO,NO,NO,NO,NO,NO,NO,NO,NO,NO,annual_rent|verified_service_charge|net_rental_income|acquisition_costs|broker_purchase_cost|holding_period|exit_value|selling_costs
8065,Offplan,YES,2457930.0,NO,,NO,NO,NO,NO,NO,NO,NO,NO,NO,NO,annual_rent|verified_service_charge|net_rental_income|acquisition_costs|broker_purchase_cost|holding_period|exit_value|selling_costs
1317,Offplan,YES,811411.0,NO,,NO,NO,NO,NO,NO,NO,NO,NO,NO,NO,annual_rent|verified_service_charge|net_rental_income|acquisition_costs|broker_purchase_cost|holding_period|exit_value|selling_costs
6129,Offplan,YES,3250850.0,NO,,NO,NO,NO,NO,NO,NO,NO,NO,NO,NO,annual_rent|verified_service_charge|net_rental_income|acquisition_costs|broker_purchase_cost|holding_period|exit_value|selling_costs
3520,Offplan,YES,1900000.0,NO,,NO,NO,NO,NO,NO,NO,NO,NO,NO,NO,annual_rent|verified_service_charge|net_rental_income|acquisition_costs|broker_purchase_cost|holding_period|exit_value|selling_costs
5686,Offplan,YES,2157000.0,NO,,NO,NO,NO,NO,NO,NO,NO,NO,NO,NO,annual_rent|verified_service_charge|net_rental_income|acquisition_costs|broker_purchase_cost|holding_period|exit_value|selling_costs
8048,Offplan,YES,663639.0,NO,,NO,NO,NO,NO,NO,NO,NO,NO,NO,NO,annual_rent|verified_service_charge|net_rental_income|acquisition_costs|broker_purchase_cost|holding_period|exit_value|selling_costs
460,Offplan,YES,1469549.0,NO,,NO,NO,NO,NO,NO,NO,NO,NO,NO,NO,annual_rent|verified_service_charge|net_rental_income|acquisition_costs|broker_purchase_cost|holding_period|exit_value|selling_costs
7378,Ready,YES,2900000.0,YES,86400.0,NO,NO,NO,NO,NO,NO,NO,NO,NO,NO,verified_service_charge|net_rental_income|acquisition_costs|broker_purchase_cost|holding_period|exit_value|selling_costs
791,Offplan,YES,1593000.0,NO,,NO,NO,NO,NO,NO,NO,NO,NO,NO,NO,annual_rent|verified_service_charge|net_rental_income|acquisition_costs|broker_purchase_cost|holding_period|exit_value|selling_costs
2448,Offplan,YES,1165000.0,NO,,NO,NO,NO,NO,NO,NO,NO,NO,NO,NO,annual_rent|verified_service_charge|net_rental_income|acquisition_costs|broker_purchase_cost|holding_period|exit_value|selling_costs
6014,Offplan,YES,800000.0,NO,,NO,NO,NO,NO,NO,NO,NO,NO,NO,NO,annual_rent|verified_service_charge|net_rental_income|acquisition_costs|broker_purchase_cost|holding_period|exit_value|selling_costs
4656,Offplan,YES,614000.0,NO,,NO,NO,NO,NO,NO,NO,NO,NO,NO,NO,annual_rent|verified_service_charge|net_rental_income|acquisition_costs|broker_purchase_cost|holding_period|exit_value|selling_costs
2502,Offplan,YES,2162000.0,NO,,NO,NO,NO,NO,NO,NO,NO,NO,NO,NO,annual_rent|verified_service_charge|net_rental_income|acquisition_costs|broker_purchase_cost|holding_period|exit_value|selling_costs
713,Offplan,YES,730000.0,NO,,NO,NO,NO,NO,NO,NO,NO,NO,NO,NO,annual_rent|verified_service_charge|net_rental_income|acquisition_costs|broker_purchase_cost|holding_period|exit_value|selling_costs
1355,Ready,YES,2800000.0,NO,,NO,NO,NO,NO,NO,NO,NO,NO,NO,NO,annual_rent|verified_service_charge|net_rental_income|acquisition_costs|broker_purchase_cost|holding_period|exit_value|selling_costs
2594,Offplan,YES,2800000.0,NO,,NO,NO,NO,NO,NO,NO,NO,NO,NO,NO,annual_rent|verified_service_charge|net_rental_income|acquisition_costs|broker_purchase_cost|holding_period|exit_value|selling_costs
1701,Offplan,YES,2600000.0,NO,,NO,NO,NO,NO,NO,NO,NO,NO,NO,NO,annual_rent|verified_service_charge|net_rental_income|acquisition_costs|broker_purchase_cost|holding_period|exit_value|selling_costs
7918,Ready,YES,1990000.0,YES,118080.0,NO,NO,NO,NO,NO,NO,NO,NO,NO,NO,verified_service_charge|net_rental_income|acquisition_costs|broker_purchase_cost|holding_period|exit_value|selling_costs
7932,Offplan,YES,1780300.0,NO,,NO,NO,NO,NO,NO,NO,NO,NO,NO,NO,annual_rent|verified_service_charge|net_rental_income|acquisition_costs|broker_purchase_cost|holding_period|exit_value|selling_costs
4441,Offplan,YES,913910.0,NO,,NO,NO,NO,NO,NO,NO,NO,NO,NO,NO,annual_rent|verified_service_charge|net_rental_income|acquisition_costs|broker_purchase_cost|holding_period|exit_value|selling_costs
5050,Offplan,YES,2450000.0,NO,,NO,NO,NO,NO,NO,NO,NO,NO,NO,NO,annual_rent|verified_service_charge|net_rental_income|acquisition_costs|broker_purchase_cost|holding_period|exit_value|selling_costs
7130,Offplan,YES,2450830.0,NO,,NO,NO,NO,NO,NO,NO,NO,NO,NO,NO,annual_rent|verified_service_charge|net_rental_income|acquisition_costs|broker_purchase_cost|holding_period|exit_value|selling_costs
5938,Offplan,YES,1580000.0,NO,,NO,NO,NO,NO,NO,NO,NO,NO,NO,NO,annual_rent|verified_service_charge|net_rental_income|acquisition_costs|broker_purchase_cost|holding_period|exit_value|selling_costs
2091,Offplan,YES,4900000.0,NO,,NO,NO,NO,NO,NO,NO,NO,NO,NO,NO,annual_rent|verified_service_charge|net_rental_income|acquisition_costs|broker_purchase_cost|holding_period|exit_value|selling_costs
4465,Offplan,YES,987350.0,NO,,NO,NO,NO,NO,NO,NO,NO,NO,NO,NO,annual_rent|verified_service_charge|net_rental_income|acquisition_costs|broker_purchase_cost|holding_period|exit_value|selling_costs
7036,Offplan,YES,1026810.0,NO,,NO,NO,NO,NO,NO,NO,NO,NO,NO,NO,annual_rent|verified_service_charge|net_rental_income|acquisition_costs|broker_purchase_cost|holding_period|exit_value|selling_costs
6202,Offplan,YES,3000000.0,NO,,NO,NO,NO,NO,NO,NO,NO,NO,NO,NO,annual_rent|verified_service_charge|net_rental_income|acquisition_costs|broker_purchase_cost|holding_period|exit_value|selling_costs
5431,Ready,YES,700000.0,YES,43200.0,NO,NO,NO,NO,NO,NO,NO,NO,NO,NO,verified_service_charge|net_rental_income|acquisition_costs|broker_purchase_cost|holding_period|exit_value|selling_costs
1118,Ready,YES,1800000.0,YES,110880.0,NO,NO,NO,NO,NO,NO,NO,NO,NO,NO,verified_service_charge|net_rental_income|acquisition_costs|broker_purchase_cost|holding_period|exit_value|selling_costs
1732,Offplan,YES,1164000.0,NO,,NO,NO,NO,NO,NO,NO,NO,NO,NO,NO,annual_rent|verified_service_charge|net_rental_income|acquisition_costs|broker_purchase_cost|holding_period|exit_value|selling_costs
2753,Offplan,YES,5670000.0,NO,,NO,NO,NO,NO,NO,NO,NO,NO,NO,NO,annual_rent|verified_service_charge|net_rental_income|acquisition_costs|broker_purchase_cost|holding_period|exit_value|selling_costs
2620,Ready,YES,1516000.0,YES,81600.0,NO,NO,NO,NO,NO,NO,NO,NO,NO,NO,verified_service_charge|net_rental_income|acquisition_costs|broker_purchase_cost|holding_period|exit_value|selling_costs
2028,Offplan,YES,1299900.0,NO,,NO,NO,NO,NO,NO,NO,NO,NO,NO,NO,annual_rent|verified_service_charge|net_rental_income|acquisition_costs|broker_purchase_cost|holding_period|exit_value|selling_costs
3156,Offplan,YES,1601000.0,NO,,NO,NO,NO,NO,NO,NO,NO,NO,NO,NO,annual_rent|verified_service_charge|net_rental_income|acquisition_costs|broker_purchase_cost|holding_period|exit_value|selling_costs
2311,Offplan,YES,2100000.0,NO,,NO,NO,NO,NO,NO,NO,NO,NO,NO,NO,annual_rent|verified_service_charge|net_rental_income|acquisition_costs|broker_purchase_cost|holding_period|exit_value|selling_costs
4024,Offplan,YES,995000.0,NO,,NO,NO,NO,NO,NO,NO,NO,NO,NO,NO,annual_rent|verified_service_charge|net_rental_income|acquisition_costs|broker_purchase_cost|holding_period|exit_value|selling_costs
4127,Offplan,YES,2046470.0,NO,,NO,NO,NO,NO,NO,NO,NO,NO,NO,NO,annual_rent|verified_service_charge|net_rental_income|acquisition_costs|broker_purchase_cost|holding_period|exit_value|selling_costs
1086,Offplan,YES,950000.0,NO,,NO,NO,NO,NO,NO,NO,NO,NO,NO,NO,annual_rent|verified_service_charge|net_rental_income|acquisition_costs|broker_purchase_cost|holding_period|exit_value|selling_costs
7587,Offplan,YES,747000.0,NO,,NO,NO,NO,NO,NO,NO,NO,NO,NO,NO,annual_rent|verified_service_charge|net_rental_income|acquisition_costs|broker_purchase_cost|holding_period|exit_value|selling_costs
2588,Offplan,YES,1747228.0,NO,,NO,NO,NO,NO,NO,NO,NO,NO,NO,NO,annual_rent|verified_service_charge|net_rental_income|acquisition_costs|broker_purchase_cost|holding_period|exit_value|selling_costs
2965,Ready,YES,2500000.0,YES,129600.0,NO,NO,NO,NO,NO,NO,NO,NO,NO,NO,verified_service_charge|net_rental_income|acquisition_costs|broker_purchase_cost|holding_period|exit_value|selling_costs
4016,Offplan,YES,1086620.0,NO,,NO,NO,NO,NO,NO,NO,NO,NO,NO,NO,annual_rent|verified_service_charge|net_rental_income|acquisition_costs|broker_purchase_cost|holding_period|exit_value|selling_costs
3383,Offplan,YES,3268889.0,NO,,NO,NO,NO,NO,NO,NO,NO,NO,NO,NO,annual_rent|verified_service_charge|net_rental_income|acquisition_costs|broker_purchase_cost|holding_period|exit_value|selling_costs
5182,Offplan,YES,5145550.0,NO,,NO,NO,NO,NO,NO,NO,NO,NO,NO,NO,annual_rent|verified_service_charge|net_rental_income|acquisition_costs|broker_purchase_cost|holding_period|exit_value|selling_costs
2674,Offplan,YES,864900.0,NO,,NO,NO,NO,NO,NO,NO,NO,NO,NO,NO,annual_rent|verified_service_charge|net_rental_income|acquisition_costs|broker_purchase_cost|holding_period|exit_value|selling_costs
7547,Offplan,YES,2914920.0,NO,,NO,NO,NO,NO,NO,NO,NO,NO,NO,NO,annual_rent|verified_service_charge|net_rental_income|acquisition_costs|broker_purchase_cost|holding_period|exit_value|selling_costs
4451,Offplan,YES,920073.0,NO,,NO,NO,NO,NO,NO,NO,NO,NO,NO,NO,annual_rent|verified_service_charge|net_rental_income|acquisition_costs|broker_purchase_cost|holding_period|exit_value|selling_costs
5591,Offplan,YES,1449940.0,NO,,NO,NO,NO,NO,NO,NO,NO,NO,NO,NO,annual_rent|verified_service_charge|net_rental_income|acquisition_costs|broker_purchase_cost|holding_period|exit_value|selling_costs
434,Offplan,YES,717705.0,NO,,NO,NO,NO,NO,NO,NO,NO,NO,NO,NO,annual_rent|verified_service_charge|net_rental_income|acquisition_costs|broker_purchase_cost|holding_period|exit_value|selling_costs
1121,Offplan,YES,1900000.0,NO,,NO,NO,NO,NO,NO,NO,NO,NO,NO,NO,annual_rent|verified_service_charge|net_rental_income|acquisition_costs|broker_purchase_cost|holding_period|exit_value|selling_costs
3766,Ready,YES,2500000.0,YES,120000.0,NO,NO,NO,NO,NO,NO,NO,NO,NO,NO,verified_service_charge|net_rental_income|acquisition_costs|broker_purchase_cost|holding_period|exit_value|selling_costs
8063,Offplan,YES,2160130.0,NO,,NO,NO,NO,NO,NO,NO,NO,NO,NO,NO,annual_rent|verified_service_charge|net_rental_income|acquisition_costs|broker_purchase_cost|holding_period|exit_value|selling_costs
8223,Offplan,YES,1800000.0,NO,,NO,NO,NO,NO,NO,NO,NO,NO,NO,NO,annual_rent|verified_service_charge|net_rental_income|acquisition_costs|broker_purchase_cost|holding_period|exit_value|selling_costs
5888,Offplan,YES,5200000.0,NO,,NO,NO,NO,NO,NO,NO,NO,NO,NO,NO,annual_rent|verified_service_charge|net_rental_income|acquisition_costs|broker_purchase_cost|holding_period|exit_value|selling_costs
6032,Ready,YES,1350000.0,YES,83520.0,NO,NO,NO,NO,NO,NO,NO,NO,NO,NO,verified_service_charge|net_rental_income|acquisition_costs|broker_purchase_cost|holding_period|exit_value|selling_costs
97,Offplan,YES,1810000.0,NO,,NO,NO,NO,NO,NO,NO,NO,NO,NO,NO,annual_rent|verified_service_charge|net_rental_income|acquisition_costs|broker_purchase_cost|holding_period|exit_value|selling_costs
3896,Offplan,YES,1810000.0,NO,,NO,NO,NO,NO,NO,NO,NO,NO,NO,NO,annual_rent|verified_service_charge|net_rental_income|acquisition_costs|broker_purchase_cost|holding_period|exit_value|selling_costs
8229,Offplan,YES,1475000.0,NO,,NO,NO,NO,NO,NO,NO,NO,NO,NO,NO,annual_rent|verified_service_charge|net_rental_income|acquisition_costs|broker_purchase_cost|holding_period|exit_value|selling_costs
1227,Ready,YES,4290000.0,YES,177600.0,NO,NO,NO,NO,NO,NO,NO,NO,NO,NO,verified_service_charge|net_rental_income|acquisition_costs|broker_purchase_cost|holding_period|exit_value|selling_costs
5142,Offplan,YES,868749.0,NO,,NO,NO,NO,NO,NO,NO,NO,NO,NO,NO,annual_rent|verified_service_charge|net_rental_income|acquisition_costs|broker_purchase_cost|holding_period|exit_value|selling_costs
3770,Offplan,YES,1826810.0,NO,,NO,NO,NO,NO,NO,NO,NO,NO,NO,NO,annual_rent|verified_service_charge|net_rental_income|acquisition_costs|broker_purchase_cost|holding_period|exit_value|selling_costs
3256,Offplan,YES,1490000.0,NO,,NO,NO,NO,NO,NO,NO,NO,NO,NO,NO,annual_rent|verified_service_charge|net_rental_income|acquisition_costs|broker_purchase_cost|holding_period|exit_value|selling_costs
4382,Offplan,YES,1072000.0,NO,,NO,NO,NO,NO,NO,NO,NO,NO,NO,NO,annual_rent|verified_service_charge|net_rental_income|acquisition_costs|broker_purchase_cost|holding_period|exit_value|selling_costs
5914,Offplan,YES,736256.0,NO,,NO,NO,NO,NO,NO,NO,NO,NO,NO,NO,annual_rent|verified_service_charge|net_rental_income|acquisition_costs|broker_purchase_cost|holding_period|exit_value|selling_costs
6043,Offplan,YES,946873.0,NO,,NO,NO,NO,NO,NO,NO,NO,NO,NO,NO,annual_rent|verified_service_charge|net_rental_income|acquisition_costs|broker_purchase_cost|holding_period|exit_value|selling_costs
5652,Ready,YES,2200000.0,NO,,NO,NO,NO,NO,NO,NO,NO,NO,NO,NO,annual_rent|verified_service_charge|net_rental_income|acquisition_costs|broker_purchase_cost|holding_period|exit_value|selling_costs
6113,Ready,YES,2000000.0,YES,100800.0,NO,NO,NO,NO,NO,NO,NO,NO,NO,NO,verified_service_charge|net_rental_income|acquisition_costs|broker_purchase_cost|holding_period|exit_value|selling_costs
219,Offplan,YES,1703888.0,NO,,NO,NO,NO,NO,NO,NO,NO,NO,NO,NO,annual_rent|verified_service_charge|net_rental_income|acquisition_costs|broker_purchase_cost|holding_period|exit_value|selling_costs
6618,Offplan,YES,2153000.0,NO,,NO,NO,NO,NO,NO,NO,NO,NO,NO,NO,annual_rent|verified_service_charge|net_rental_income|acquisition_costs|broker_purchase_cost|holding_period|exit_value|selling_costs
8061,Offplan,YES,8265908.0,NO,,NO,NO,NO,NO,NO,NO,NO,NO,NO,NO,annual_rent|verified_service_charge|net_rental_income|acquisition_costs|broker_purchase_cost|holding_period|exit_value|selling_costs
1053,Offplan,YES,1853851.0,NO,,NO,NO,NO,NO,NO,NO,NO,NO,NO,NO,annual_rent|verified_service_charge|net_rental_income|acquisition_costs|broker_purchase_cost|holding_period|exit_value|selling_costs
763,Offplan,YES,1600000.0,NO,,NO,NO,NO,NO,NO,NO,NO,NO,NO,NO,annual_rent|verified_service_charge|net_rental_income|acquisition_costs|broker_purchase_cost|holding_period|exit_value|selling_costs
7984,Offplan,YES,1000000.0,NO,,NO,NO,NO,NO,NO,NO,NO,NO,NO,NO,annual_rent|verified_service_charge|net_rental_income|acquisition_costs|broker_purchase_cost|holding_period|exit_value|selling_costs
1196,Offplan,YES,8500000.0,NO,,NO,NO,NO,NO,NO,NO,NO,NO,NO,NO,annual_rent|verified_service_charge|net_rental_income|acquisition_costs|broker_purchase_cost|holding_period|exit_value|selling_costs
375,Offplan,YES,750000.0,NO,,NO,NO,NO,NO,NO,NO,NO,NO,NO,NO,annual_rent|verified_service_charge|net_rental_income|acquisition_costs|broker_purchase_cost|holding_period|exit_value|selling_costs
1389,Offplan,YES,2500000.0,NO,,NO,NO,NO,NO,NO,NO,NO,NO,NO,NO,annual_rent|verified_service_charge|net_rental_income|acquisition_costs|broker_purchase_cost|holding_period|exit_value|selling_costs
1828,Offplan,YES,1096950.0,NO,,NO,NO,NO,NO,NO,NO,NO,NO,NO,NO,annual_rent|verified_service_charge|net_rental_income|acquisition_costs|broker_purchase_cost|holding_period|exit_value|selling_costs
780,Offplan,YES,4884000.0,NO,,NO,NO,NO,NO,NO,NO,NO,NO,NO,NO,annual_rent|verified_service_charge|net_rental_income|acquisition_costs|broker_purchase_cost|holding_period|exit_value|selling_costs
5860,Ready,YES,4900000.0,YES,182400.0,NO,NO,NO,NO,NO,NO,NO,NO,NO,NO,verified_service_charge|net_rental_income|acquisition_costs|broker_purchase_cost|holding_period|exit_value|selling_costs
2951,Ready,YES,1060000.0,YES,71040.0,NO,NO,NO,NO,NO,NO,NO,NO,NO,NO,verified_service_charge|net_rental_income|acquisition_costs|broker_purchase_cost|holding_period|exit_value|selling_costs
5358,Offplan,YES,1058800.0,NO,,NO,NO,NO,NO,NO,NO,NO,NO,NO,NO,annual_rent|verified_service_charge|net_rental_income|acquisition_costs|broker_purchase_cost|holding_period|exit_value|selling_costs
5170,Offplan,YES,1400000.0,NO,,NO,NO,NO,NO,NO,NO,NO,NO,NO,NO,annual_rent|verified_service_charge|net_rental_income|acquisition_costs|broker_purchase_cost|holding_period|exit_value|selling_costs
3895,Offplan,YES,5256000.0,NO,,NO,NO,NO,NO,NO,NO,NO,NO,NO,NO,annual_rent|verified_service_charge|net_rental_income|acquisition_costs|broker_purchase_cost|holding_period|exit_value|selling_costs
267,Offplan,YES,907680.0,NO,,NO,NO,NO,NO,NO,NO,NO,NO,NO,NO,annual_rent|verified_service_charge|net_rental_income|acquisition_costs|broker_purchase_cost|holding_period|exit_value|selling_costs
7082,Offplan,YES,3040000.0,NO,,NO,NO,NO,NO,NO,NO,NO,NO,NO,NO,annual_rent|verified_service_charge|net_rental_income|acquisition_costs|broker_purchase_cost|holding_period|exit_value|selling_costs
2265,Ready,YES,1300000.0,YES,72000.0,NO,NO,NO,NO,NO,NO,NO,NO,NO,NO,verified_service_charge|net_rental_income|acquisition_costs|broker_purchase_cost|holding_period|exit_value|selling_costs
937,Offplan,YES,1125000.0,NO,,NO,NO,NO,NO,NO,NO,NO,NO,NO,NO,annual_rent|verified_service_charge|net_rental_income|acquisition_costs|broker_purchase_cost|holding_period|exit_value|selling_costs
7934,Offplan,YES,1222200.0,NO,,NO,NO,NO,NO,NO,NO,NO,NO,NO,NO,annual_rent|verified_service_charge|net_rental_income|acquisition_costs|broker_purchase_cost|holding_period|exit_value|selling_costs
7137,Ready,YES,1687500.0,YES,76800.0,NO,NO,NO,NO,NO,NO,NO,NO,NO,NO,verified_service_charge|net_rental_income|acquisition_costs|broker_purchase_cost|holding_period|exit_value|selling_costs
7411,Offplan,YES,704707.0,NO,,NO,NO,NO,NO,NO,NO,NO,NO,NO,NO,annual_rent|verified_service_charge|net_rental_income|acquisition_costs|broker_purchase_cost|holding_period|exit_value|selling_costs
3579,Offplan,YES,2380534.0,NO,,NO,NO,NO,NO,NO,NO,NO,NO,NO,NO,annual_rent|verified_service_charge|net_rental_income|acquisition_costs|broker_purchase_cost|holding_period|exit_value|selling_costs
2582,Offplan,YES,1274844.0,NO,,NO,NO,NO,NO,NO,NO,NO,NO,NO,NO,annual_rent|verified_service_charge|net_rental_income|acquisition_costs|broker_purchase_cost|holding_period|exit_value|selling_costs
2341,Offplan,YES,1410290.0,NO,,NO,NO,NO,NO,NO,NO,NO,NO,NO,NO,annual_rent|verified_service_charge|net_rental_income|acquisition_costs|broker_purchase_cost|holding_period|exit_value|selling_costs
6386,Offplan,YES,1100000.0,NO,,NO,NO,NO,NO,NO,NO,NO,NO,NO,NO,annual_rent|verified_service_charge|net_rental_income|acquisition_costs|broker_purchase_cost|holding_period|exit_value|selling_costs
5156,Ready,YES,3150000.0,YES,158400.0,NO,NO,NO,NO,NO,NO,NO,NO,NO,NO,verified_service_charge|net_rental_income|acquisition_costs|broker_purchase_cost|holding_period|exit_value|selling_costs
1333,Offplan,YES,2490800.0,NO,,NO,NO,NO,NO,NO,NO,NO,NO,NO,NO,annual_rent|verified_service_charge|net_rental_income|acquisition_costs|broker_purchase_cost|holding_period|exit_value|selling_costs
8423,Offplan,YES,1791828.0,NO,,NO,NO,NO,NO,NO,NO,NO,NO,NO,NO,annual_rent|verified_service_charge|net_rental_income|acquisition_costs|broker_purchase_cost|holding_period|exit_value|selling_costs
3167,Ready,YES,1300000.0,YES,67200.0,NO,NO,NO,NO,NO,NO,NO,NO,NO,NO,verified_service_charge|net_rental_income|acquisition_costs|broker_purchase_cost|holding_period|exit_value|selling_costs
3740,Offplan,YES,1669080.0,NO,,NO,NO,NO,NO,NO,NO,NO,NO,NO,NO,annual_rent|verified_service_charge|net_rental_income|acquisition_costs|broker_purchase_cost|holding_period|exit_value|selling_costs
1617,Offplan,YES,2200000.0,NO,,NO,NO,NO,NO,NO,NO,NO,NO,NO,NO,annual_rent|verified_service_charge|net_rental_income|acquisition_costs|broker_purchase_cost|holding_period|exit_value|selling_costs
4985,Offplan,YES,695000.0,NO,,NO,NO,NO,NO,NO,NO,NO,NO,NO,NO,annual_rent|verified_service_charge|net_rental_income|acquisition_costs|broker_purchase_cost|holding_period|exit_value|selling_costs
3599,Ready,YES,1150000.0,YES,62400.0,NO,NO,NO,NO,NO,NO,NO,NO,NO,NO,verified_service_charge|net_rental_income|acquisition_costs|broker_purchase_cost|holding_period|exit_value|selling_costs
7574,Offplan,YES,681530.0,NO,,NO,NO,NO,NO,NO,NO,NO,NO,NO,NO,annual_rent|verified_service_charge|net_rental_income|acquisition_costs|broker_purchase_cost|holding_period|exit_value|selling_costs
1685,Offplan,YES,3900000.0,NO,,NO,NO,NO,NO,NO,NO,NO,NO,NO,NO,annual_rent|verified_service_charge|net_rental_income|acquisition_costs|broker_purchase_cost|holding_period|exit_value|selling_costs
5222,Offplan,YES,1582000.0,NO,,NO,NO,NO,NO,NO,NO,NO,NO,NO,NO,annual_rent|verified_service_charge|net_rental_income|acquisition_costs|broker_purchase_cost|holding_period|exit_value|selling_costs
4078,Offplan,YES,1500000.0,NO,,NO,NO,NO,NO,NO,NO,NO,NO,NO,NO,annual_rent|verified_service_charge|net_rental_income|acquisition_costs|broker_purchase_cost|holding_period|exit_value|selling_costs
4828,Offplan,YES,1476949.0,NO,,NO,NO,NO,NO,NO,NO,NO,NO,NO,NO,annual_rent|verified_service_charge|net_rental_income|acquisition_costs|broker_purchase_cost|holding_period|exit_value|selling_costs
407,Offplan,YES,2700000.0,NO,,NO,NO,NO,NO,NO,NO,NO,NO,NO,NO,annual_rent|verified_service_charge|net_rental_income|acquisition_costs|broker_purchase_cost|holding_period|exit_value|selling_costs
4373,Offplan,YES,1996400.0,NO,,NO,NO,NO,NO,NO,NO,NO,NO,NO,NO,annual_rent|verified_service_charge|net_rental_income|acquisition_costs|broker_purchase_cost|holding_period|exit_value|selling_costs
6041,Offplan,YES,3242440.0,NO,,NO,NO,NO,NO,NO,NO,NO,NO,NO,NO,annual_rent|verified_service_charge|net_rental_income|acquisition_costs|broker_purchase_cost|holding_period|exit_value|selling_costs
4716,Ready,YES,1488320.0,NO,,NO,NO,NO,NO,NO,NO,NO,NO,NO,NO,annual_rent|verified_service_charge|net_rental_income|acquisition_costs|broker_purchase_cost|holding_period|exit_value|selling_costs
4242,Offplan,YES,1826890.0,NO,,NO,NO,NO,NO,NO,NO,NO,NO,NO,NO,annual_rent|verified_service_charge|net_rental_income|acquisition_costs|broker_purchase_cost|holding_period|exit_value|selling_costs
4244,Offplan,YES,1446596.0,NO,,NO,NO,NO,NO,NO,NO,NO,NO,NO,NO,annual_rent|verified_service_charge|net_rental_income|acquisition_costs|broker_purchase_cost|holding_period|exit_value|selling_costs
5020,Offplan,YES,2034000.0,NO,,NO,NO,NO,NO,NO,NO,NO,NO,NO,NO,annual_rent|verified_service_charge|net_rental_income|acquisition_costs|broker_purchase_cost|holding_period|exit_value|selling_costs
6553,Ready,YES,1101000.0,NO,,NO,NO,NO,NO,NO,NO,NO,NO,NO,NO,annual_rent|verified_service_charge|net_rental_income|acquisition_costs|broker_purchase_cost|holding_period|exit_value|selling_costs
4512,Offplan,YES,878744.0,NO,,NO,NO,NO,NO,NO,NO,NO,NO,NO,NO,annual_rent|verified_service_charge|net_rental_income|acquisition_costs|broker_purchase_cost|holding_period|exit_value|selling_costs
655,Ready,YES,1200000.0,YES,60480.0,NO,NO,NO,NO,NO,NO,NO,NO,NO,NO,verified_service_charge|net_rental_income|acquisition_costs|broker_purchase_cost|holding_period|exit_value|selling_costs
6292,Offplan,YES,802400.0,NO,,NO,NO,NO,NO,NO,NO,NO,NO,NO,NO,annual_rent|verified_service_charge|net_rental_income|acquisition_costs|broker_purchase_cost|holding_period|exit_value|selling_costs
2176,Offplan,YES,1500000.0,NO,,NO,NO,NO,NO,NO,NO,NO,NO,NO,NO,annual_rent|verified_service_charge|net_rental_income|acquisition_costs|broker_purchase_cost|holding_period|exit_value|selling_costs
6804,Offplan,YES,2600000.0,NO,,NO,NO,NO,NO,NO,NO,NO,NO,NO,NO,annual_rent|verified_service_charge|net_rental_income|acquisition_costs|broker_purchase_cost|holding_period|exit_value|selling_costs
5136,Offplan,YES,2076890.0,NO,,NO,NO,NO,NO,NO,NO,NO,NO,NO,NO,annual_rent|verified_service_charge|net_rental_income|acquisition_costs|broker_purchase_cost|holding_period|exit_value|selling_costs
2017,Offplan,YES,3036160.0,NO,,NO,NO,NO,NO,NO,NO,NO,NO,NO,NO,annual_rent|verified_service_charge|net_rental_income|acquisition_costs|broker_purchase_cost|holding_period|exit_value|selling_costs
776,Offplan,YES,2100000.0,NO,,NO,NO,NO,NO,NO,NO,NO,NO,NO,NO,annual_rent|verified_service_charge|net_rental_income|acquisition_costs|broker_purchase_cost|holding_period|exit_value|selling_costs
7694,Offplan,YES,3000000.0,NO,,NO,NO,NO,NO,NO,NO,NO,NO,NO,NO,annual_rent|verified_service_charge|net_rental_income|acquisition_costs|broker_purchase_cost|holding_period|exit_value|selling_costs
1604,Offplan,YES,1050000.0,NO,,NO,NO,NO,NO,NO,NO,NO,NO,NO,NO,annual_rent|verified_service_charge|net_rental_income|acquisition_costs|broker_purchase_cost|holding_period|exit_value|selling_costs
6176,Ready,YES,1500000.0,YES,67200.0,NO,NO,NO,NO,NO,NO,NO,NO,NO,NO,verified_service_charge|net_rental_income|acquisition_costs|broker_purchase_cost|holding_period|exit_value|selling_costs
5151,Offplan,YES,8631640.0,NO,,NO,NO,NO,NO,NO,NO,NO,NO,NO,NO,annual_rent|verified_service_charge|net_rental_income|acquisition_costs|broker_purchase_cost|holding_period|exit_value|selling_costs
1294,Offplan,YES,38700000.0,NO,,NO,NO,NO,NO,NO,NO,NO,NO,NO,NO,annual_rent|verified_service_charge|net_rental_income|acquisition_costs|broker_purchase_cost|holding_period|exit_value|selling_costs
1235,Offplan,YES,984999.0,NO,,NO,NO,NO,NO,NO,NO,NO,NO,NO,NO,annual_rent|verified_service_charge|net_rental_income|acquisition_costs|broker_purchase_cost|holding_period|exit_value|selling_costs
5248,Offplan,YES,3595520.0,NO,,NO,NO,NO,NO,NO,NO,NO,NO,NO,NO,annual_rent|verified_service_charge|net_rental_income|acquisition_costs|broker_purchase_cost|holding_period|exit_value|selling_costs
1065,Offplan,YES,1715920.0,NO,,NO,NO,NO,NO,NO,NO,NO,NO,NO,NO,annual_rent|verified_service_charge|net_rental_income|acquisition_costs|broker_purchase_cost|holding_period|exit_value|selling_costs
5679,Offplan,YES,814281.0,NO,,NO,NO,NO,NO,NO,NO,NO,NO,NO,NO,annual_rent|verified_service_charge|net_rental_income|acquisition_costs|broker_purchase_cost|holding_period|exit_value|selling_costs
3637,Offplan,YES,3155960.0,NO,,NO,NO,NO,NO,NO,NO,NO,NO,NO,NO,annual_rent|verified_service_charge|net_rental_income|acquisition_costs|broker_purchase_cost|holding_period|exit_value|selling_costs
6806,Offplan,YES,1950000.0,NO,,NO,NO,NO,NO,NO,NO,NO,NO,NO,NO,annual_rent|verified_service_charge|net_rental_income|acquisition_costs|broker_purchase_cost|holding_period|exit_value|selling_costs
3901,Ready,YES,1900000.0,YES,61701.0,NO,NO,NO,NO,NO,NO,NO,NO,NO,NO,verified_service_charge|net_rental_income|acquisition_costs|broker_purchase_cost|holding_period|exit_value|selling_costs
5525,Offplan,YES,2390000.0,NO,,NO,NO,NO,NO,NO,NO,NO,NO,NO,NO,annual_rent|verified_service_charge|net_rental_income|acquisition_costs|broker_purchase_cost|holding_period|exit_value|selling_costs
3714,Offplan,YES,2837050.0,NO,,NO,NO,NO,NO,NO,NO,NO,NO,NO,NO,annual_rent|verified_service_charge|net_rental_income|acquisition_costs|broker_purchase_cost|holding_period|exit_value|selling_costs
4758,Offplan,YES,2001080.0,NO,,NO,NO,NO,NO,NO,NO,NO,NO,NO,NO,annual_rent|verified_service_charge|net_rental_income|acquisition_costs|broker_purchase_cost|holding_period|exit_value|selling_costs
3286,Offplan,YES,1680346.0,NO,,NO,NO,NO,NO,NO,NO,NO,NO,NO,NO,annual_rent|verified_service_charge|net_rental_income|acquisition_costs|broker_purchase_cost|holding_period|exit_value|selling_costs
2675,Offplan,YES,3000000.0,NO,,NO,NO,NO,NO,NO,NO,NO,NO,NO,NO,annual_rent|verified_service_charge|net_rental_income|acquisition_costs|broker_purchase_cost|holding_period|exit_value|selling_costs
3022,Offplan,YES,890858.0,NO,,NO,NO,NO,NO,NO,NO,NO,NO,NO,NO,annual_rent|verified_service_charge|net_rental_income|acquisition_costs|broker_purchase_cost|holding_period|exit_value|selling_costs
8433,Offplan,YES,881000.0,NO,,NO,NO,NO,NO,NO,NO,NO,NO,NO,NO,annual_rent|verified_service_charge|net_rental_income|acquisition_costs|broker_purchase_cost|holding_period|exit_value|selling_costs
4049,Offplan,YES,7300000.0,NO,,NO,NO,NO,NO,NO,NO,NO,NO,NO,NO,annual_rent|verified_service_charge|net_rental_income|acquisition_costs|broker_purchase_cost|holding_period|exit_value|selling_costs
3696,Offplan,YES,2070840.0,NO,,NO,NO,NO,NO,NO,NO,NO,NO,NO,NO,annual_rent|verified_service_charge|net_rental_income|acquisition_costs|broker_purchase_cost|holding_period|exit_value|selling_costs
4083,Offplan,YES,5500000.0,NO,,NO,NO,NO,NO,NO,NO,NO,NO,NO,NO,annual_rent|verified_service_charge|net_rental_income|acquisition_costs|broker_purchase_cost|holding_period|exit_value|selling_costs
2252,Ready,YES,5100000.0,YES,182400.0,NO,NO,NO,NO,NO,NO,NO,NO,NO,NO,verified_service_charge|net_rental_income|acquisition_costs|broker_purchase_cost|holding_period|exit_value|selling_costs
2164,Offplan,YES,6310000.0,NO,,NO,NO,NO,NO,NO,NO,NO,NO,NO,NO,annual_rent|verified_service_charge|net_rental_income|acquisition_costs|broker_purchase_cost|holding_period|exit_value|selling_costs
6138,Offplan,YES,1300000.0,NO,,NO,NO,NO,NO,NO,NO,NO,NO,NO,NO,annual_rent|verified_service_charge|net_rental_income|acquisition_costs|broker_purchase_cost|holding_period|exit_value|selling_costs
5630,Offplan,YES,3250000.0,NO,,NO,NO,NO,NO,NO,NO,NO,NO,NO,NO,annual_rent|verified_service_charge|net_rental_income|acquisition_costs|broker_purchase_cost|holding_period|exit_value|selling_costs
2799,Offplan,YES,1600000.0,NO,,NO,NO,NO,NO,NO,NO,NO,NO,NO,NO,annual_rent|verified_service_charge|net_rental_income|acquisition_costs|broker_purchase_cost|holding_period|exit_value|selling_costs
3533,Ready,YES,1041600.0,YES,55680.0,NO,NO,NO,NO,NO,NO,NO,NO,NO,NO,verified_service_charge|net_rental_income|acquisition_costs|broker_purchase_cost|holding_period|exit_value|selling_costs
7292,Ready,YES,1624350.0,YES,75200.0,NO,NO,NO,NO,NO,NO,NO,NO,NO,NO,verified_service_charge|net_rental_income|acquisition_costs|broker_purchase_cost|holding_period|exit_value|selling_costs
5368,Offplan,YES,1228550.0,NO,,NO,NO,NO,NO,NO,NO,NO,NO,NO,NO,annual_rent|verified_service_charge|net_rental_income|acquisition_costs|broker_purchase_cost|holding_period|exit_value|selling_costs
3166,Offplan,YES,2200000.0,NO,,NO,NO,NO,NO,NO,NO,NO,NO,NO,NO,annual_rent|verified_service_charge|net_rental_income|acquisition_costs|broker_purchase_cost|holding_period|exit_value|selling_costs
1954,Offplan,YES,2300000.0,NO,,NO,NO,NO,NO,NO,NO,NO,NO,NO,NO,annual_rent|verified_service_charge|net_rental_income|acquisition_costs|broker_purchase_cost|holding_period|exit_value|selling_costs
1113,Ready,YES,2530000.0,YES,134400.0,NO,NO,NO,NO,NO,NO,NO,NO,NO,NO,verified_service_charge|net_rental_income|acquisition_costs|broker_purchase_cost|holding_period|exit_value|selling_costs
2821,Offplan,YES,2946000.0,NO,,NO,NO,NO,NO,NO,NO,NO,NO,NO,NO,annual_rent|verified_service_charge|net_rental_income|acquisition_costs|broker_purchase_cost|holding_period|exit_value|selling_costs
8161,Offplan,YES,2418000.0,NO,,NO,NO,NO,NO,NO,NO,NO,NO,NO,NO,annual_rent|verified_service_charge|net_rental_income|acquisition_costs|broker_purchase_cost|holding_period|exit_value|selling_costs
3098,Offplan,YES,1112500.0,NO,,NO,NO,NO,NO,NO,NO,NO,NO,NO,NO,annual_rent|verified_service_charge|net_rental_income|acquisition_costs|broker_purchase_cost|holding_period|exit_value|selling_costs
7460,Offplan,YES,6950000.0,NO,,NO,NO,NO,NO,NO,NO,NO,NO,NO,NO,annual_rent|verified_service_charge|net_rental_income|acquisition_costs|broker_purchase_cost|holding_period|exit_value|selling_costs
1559,Offplan,YES,2523000.0,NO,,NO,NO,NO,NO,NO,NO,NO,NO,NO,NO,annual_rent|verified_service_charge|net_rental_income|acquisition_costs|broker_purchase_cost|holding_period|exit_value|selling_costs
5097,Ready,YES,1904000.0,NO,,NO,NO,NO,NO,NO,NO,NO,NO,NO,NO,annual_rent|verified_service_charge|net_rental_income|acquisition_costs|broker_purchase_cost|holding_period|exit_value|selling_costs
3973,Offplan,YES,14000000.0,NO,,NO,NO,NO,NO,NO,NO,NO,NO,NO,NO,annual_rent|verified_service_charge|net_rental_income|acquisition_costs|broker_purchase_cost|holding_period|exit_value|selling_costs
2033,Offplan,YES,11196100.0,NO,,NO,NO,NO,NO,NO,NO,NO,NO,NO,NO,annual_rent|verified_service_charge|net_rental_income|acquisition_costs|broker_purchase_cost|holding_period|exit_value|selling_costs
7408,Offplan,YES,3040000.0,NO,,NO,NO,NO,NO,NO,NO,NO,NO,NO,NO,annual_rent|verified_service_charge|net_rental_income|acquisition_costs|broker_purchase_cost|holding_period|exit_value|selling_costs
2402,Offplan,YES,6980000.0,NO,,NO,NO,NO,NO,NO,NO,NO,NO,NO,NO,annual_rent|verified_service_charge|net_rental_income|acquisition_costs|broker_purchase_cost|holding_period|exit_value|selling_costs
7027,Offplan,YES,1590780.0,NO,,NO,NO,NO,NO,NO,NO,NO,NO,NO,NO,annual_rent|verified_service_charge|net_rental_income|acquisition_costs|broker_purchase_cost|holding_period|exit_value|selling_costs
2394,Offplan,YES,2000000.0,NO,,NO,NO,NO,NO,NO,NO,NO,NO,NO,NO,annual_rent|verified_service_charge|net_rental_income|acquisition_costs|broker_purchase_cost|holding_period|exit_value|selling_costs
3136,Offplan,YES,2680925.0,NO,,NO,NO,NO,NO,NO,NO,NO,NO,NO,NO,annual_rent|verified_service_charge|net_rental_income|acquisition_costs|broker_purchase_cost|holding_period|exit_value|selling_costs
8001,Offplan,YES,3533090.0,NO,,NO,NO,NO,NO,NO,NO,NO,NO,NO,NO,annual_rent|verified_service_charge|net_rental_income|acquisition_costs|broker_purchase_cost|holding_period|exit_value|selling_costs
7006,Offplan,YES,1026000.0,NO,,NO,NO,NO,NO,NO,NO,NO,NO,NO,NO,annual_rent|verified_service_charge|net_rental_income|acquisition_costs|broker_purchase_cost|holding_period|exit_value|selling_costs
4735,Offplan,YES,5035500.0,NO,,NO,NO,NO,NO,NO,NO,NO,NO,NO,NO,annual_rent|verified_service_charge|net_rental_income|acquisition_costs|broker_purchase_cost|holding_period|exit_value|selling_costs
3986,Offplan,YES,1630000.0,NO,,NO,NO,NO,NO,NO,NO,NO,NO,NO,NO,annual_rent|verified_service_charge|net_rental_income|acquisition_costs|broker_purchase_cost|holding_period|exit_value|selling_costs
5346,Offplan,YES,1700000.0,NO,,NO,NO,NO,NO,NO,NO,NO,NO,NO,NO,annual_rent|verified_service_charge|net_rental_income|acquisition_costs|broker_purchase_cost|holding_period|exit_value|selling_costs
5517,Offplan,YES,10490777.0,NO,,NO,NO,NO,NO,NO,NO,NO,NO,NO,NO,annual_rent|verified_service_charge|net_rental_income|acquisition_costs|broker_purchase_cost|holding_period|exit_value|selling_costs
3316,Offplan,YES,2458670.0,NO,,NO,NO,NO,NO,NO,NO,NO,NO,NO,NO,annual_rent|verified_service_charge|net_rental_income|acquisition_costs|broker_purchase_cost|holding_period|exit_value|selling_costs
6905,Offplan,YES,3193000.0,NO,,NO,NO,NO,NO,NO,NO,NO,NO,NO,NO,annual_rent|verified_service_charge|net_rental_income|acquisition_costs|broker_purchase_cost|holding_period|exit_value|selling_costs
5290,Offplan,YES,2836060.0,NO,,NO,NO,NO,NO,NO,NO,NO,NO,NO,NO,annual_rent|verified_service_charge|net_rental_income|acquisition_costs|broker_purchase_cost|holding_period|exit_value|selling_costs
3028,Offplan,YES,4865640.0,NO,,NO,NO,NO,NO,NO,NO,NO,NO,NO,NO,annual_rent|verified_service_charge|net_rental_income|acquisition_costs|broker_purchase_cost|holding_period|exit_value|selling_costs
6495,Offplan,YES,4200000.0,NO,,NO,NO,NO,NO,NO,NO,NO,NO,NO,NO,annual_rent|verified_service_charge|net_rental_income|acquisition_costs|broker_purchase_cost|holding_period|exit_value|selling_costs
863,Offplan,YES,3000000.0,NO,,NO,NO,NO,NO,NO,NO,NO,NO,NO,NO,annual_rent|verified_service_charge|net_rental_income|acquisition_costs|broker_purchase_cost|holding_period|exit_value|selling_costs
1607,Offplan,YES,813000.0,NO,,NO,NO,NO,NO,NO,NO,NO,NO,NO,NO,annual_rent|verified_service_charge|net_rental_income|acquisition_costs|broker_purchase_cost|holding_period|exit_value|selling_costs
4806,Offplan,YES,2600000.0,NO,,NO,NO,NO,NO,NO,NO,NO,NO,NO,NO,annual_rent|verified_service_charge|net_rental_income|acquisition_costs|broker_purchase_cost|holding_period|exit_value|selling_costs
6919,Offplan,YES,8519888.0,NO,,NO,NO,NO,NO,NO,NO,NO,NO,NO,NO,annual_rent|verified_service_charge|net_rental_income|acquisition_costs|broker_purchase_cost|holding_period|exit_value|selling_costs
3046,Offplan,YES,4000000.0,NO,,NO,NO,NO,NO,NO,NO,NO,NO,NO,NO,annual_rent|verified_service_charge|net_rental_income|acquisition_costs|broker_purchase_cost|holding_period|exit_value|selling_costs
6822,Offplan,YES,5000000.0,NO,,NO,NO,NO,NO,NO,NO,NO,NO,NO,NO,annual_rent|verified_service_charge|net_rental_income|acquisition_costs|broker_purchase_cost|holding_period|exit_value|selling_costs
8019,Ready,YES,2477000.0,YES,126720.0,NO,NO,NO,NO,NO,NO,NO,NO,NO,NO,verified_service_charge|net_rental_income|acquisition_costs|broker_purchase_cost|holding_period|exit_value|selling_costs
852,Offplan,YES,1008383.0,NO,,NO,NO,NO,NO,NO,NO,NO,NO,NO,NO,annual_rent|verified_service_charge|net_rental_income|acquisition_costs|broker_purchase_cost|holding_period|exit_value|selling_costs
2414,Offplan,YES,3048050.0,NO,,NO,NO,NO,NO,NO,NO,NO,NO,NO,NO,annual_rent|verified_service_charge|net_rental_income|acquisition_costs|broker_purchase_cost|holding_period|exit_value|selling_costs
7004,Offplan,YES,1350000.0,NO,,NO,NO,NO,NO,NO,NO,NO,NO,NO,NO,annual_rent|verified_service_charge|net_rental_income|acquisition_costs|broker_purchase_cost|holding_period|exit_value|selling_costs
5787,Offplan,YES,922171.0,NO,,NO,NO,NO,NO,NO,NO,NO,NO,NO,NO,annual_rent|verified_service_charge|net_rental_income|acquisition_costs|broker_purchase_cost|holding_period|exit_value|selling_costs
7841,Ready,YES,1908900.0,YES,105600.0,NO,NO,NO,NO,NO,NO,NO,NO,NO,NO,verified_service_charge|net_rental_income|acquisition_costs|broker_purchase_cost|holding_period|exit_value|selling_costs
565,Offplan,YES,4400000.0,NO,,NO,NO,NO,NO,NO,NO,NO,NO,NO,NO,annual_rent|verified_service_charge|net_rental_income|acquisition_costs|broker_purchase_cost|holding_period|exit_value|selling_costs
5108,Offplan,YES,1250000.0,NO,,NO,NO,NO,NO,NO,NO,NO,NO,NO,NO,annual_rent|verified_service_charge|net_rental_income|acquisition_costs|broker_purchase_cost|holding_period|exit_value|selling_costs
3828,Offplan,YES,3600000.0,NO,,NO,NO,NO,NO,NO,NO,NO,NO,NO,NO,annual_rent|verified_service_charge|net_rental_income|acquisition_costs|broker_purchase_cost|holding_period|exit_value|selling_costs
2889,Offplan,YES,950000.0,NO,,NO,NO,NO,NO,NO,NO,NO,NO,NO,NO,annual_rent|verified_service_charge|net_rental_income|acquisition_costs|broker_purchase_cost|holding_period|exit_value|selling_costs
6274,Offplan,YES,2184591.0,NO,,NO,NO,NO,NO,NO,NO,NO,NO,NO,NO,annual_rent|verified_service_charge|net_rental_income|acquisition_costs|broker_purchase_cost|holding_period|exit_value|selling_costs
6904,Ready,YES,931000.0,YES,86400.0,NO,NO,NO,NO,NO,NO,NO,NO,NO,NO,verified_service_charge|net_rental_income|acquisition_costs|broker_purchase_cost|holding_period|exit_value|selling_costs
7074,Offplan,YES,5200000.0,NO,,NO,NO,NO,NO,NO,NO,NO,NO,NO,NO,annual_rent|verified_service_charge|net_rental_income|acquisition_costs|broker_purchase_cost|holding_period|exit_value|selling_costs
1885,Offplan,YES,2900000.0,NO,,NO,NO,NO,NO,NO,NO,NO,NO,NO,NO,annual_rent|verified_service_charge|net_rental_income|acquisition_costs|broker_purchase_cost|holding_period|exit_value|selling_costs
6345,Offplan,YES,2380890.0,NO,,NO,NO,NO,NO,NO,NO,NO,NO,NO,NO,annual_rent|verified_service_charge|net_rental_income|acquisition_costs|broker_purchase_cost|holding_period|exit_value|selling_costs
6447,Offplan,YES,2030210.0,NO,,NO,NO,NO,NO,NO,NO,NO,NO,NO,NO,annual_rent|verified_service_charge|net_rental_income|acquisition_costs|broker_purchase_cost|holding_period|exit_value|selling_costs
5241,Offplan,YES,26500000.0,NO,,NO,NO,NO,NO,NO,NO,NO,NO,NO,NO,annual_rent|verified_service_charge|net_rental_income|acquisition_costs|broker_purchase_cost|holding_period|exit_value|selling_costs
5883,Offplan,YES,4940000.0,NO,,NO,NO,NO,NO,NO,NO,NO,NO,NO,NO,annual_rent|verified_service_charge|net_rental_income|acquisition_costs|broker_purchase_cost|holding_period|exit_value|selling_costs
7429,Offplan,YES,8483888.0,NO,,NO,NO,NO,NO,NO,NO,NO,NO,NO,NO,annual_rent|verified_service_charge|net_rental_income|acquisition_costs|broker_purchase_cost|holding_period|exit_value|selling_costs
6182,Offplan,YES,4277000.0,NO,,NO,NO,NO,NO,NO,NO,NO,NO,NO,NO,annual_rent|verified_service_charge|net_rental_income|acquisition_costs|broker_purchase_cost|holding_period|exit_value|selling_costs
6779,Offplan,YES,2685000.0,NO,,NO,NO,NO,NO,NO,NO,NO,NO,NO,NO,annual_rent|verified_service_charge|net_rental_income|acquisition_costs|broker_purchase_cost|holding_period|exit_value|selling_costs
3546,Offplan,YES,3206115.0,NO,,NO,NO,NO,NO,NO,NO,NO,NO,NO,NO,annual_rent|verified_service_charge|net_rental_income|acquisition_costs|broker_purchase_cost|holding_period|exit_value|selling_costs
3974,Offplan,YES,12607000.0,NO,,NO,NO,NO,NO,NO,NO,NO,NO,NO,NO,annual_rent|verified_service_charge|net_rental_income|acquisition_costs|broker_purchase_cost|holding_period|exit_value|selling_costs
8436,Offplan,YES,7900000.0,NO,,NO,NO,NO,NO,NO,NO,NO,NO,NO,NO,annual_rent|verified_service_charge|net_rental_income|acquisition_costs|broker_purchase_cost|holding_period|exit_value|selling_costs
1738,Offplan,YES,27048800.0,NO,,NO,NO,NO,NO,NO,NO,NO,NO,NO,NO,annual_rent|verified_service_charge|net_rental_income|acquisition_costs|broker_purchase_cost|holding_period|exit_value|selling_costs
3668,Ready,YES,2702660.0,YES,86400.0,NO,NO,NO,NO,NO,NO,NO,NO,NO,NO,verified_service_charge|net_rental_income|acquisition_costs|broker_purchase_cost|holding_period|exit_value|selling_costs
812,Offplan,YES,3201000.0,NO,,NO,NO,NO,NO,NO,NO,NO,NO,NO,NO,annual_rent|verified_service_charge|net_rental_income|acquisition_costs|broker_purchase_cost|holding_period|exit_value|selling_costs
3818,Offplan,YES,3439164.0,NO,,NO,NO,NO,NO,NO,NO,NO,NO,NO,NO,annual_rent|verified_service_charge|net_rental_income|acquisition_costs|broker_purchase_cost|holding_period|exit_value|selling_costs
1979,Offplan,YES,1300000.0,NO,,NO,NO,NO,NO,NO,NO,NO,NO,NO,NO,annual_rent|verified_service_charge|net_rental_income|acquisition_costs|broker_purchase_cost|holding_period|exit_value|selling_costs
7774,Offplan,YES,2899550.0,NO,,NO,NO,NO,NO,NO,NO,NO,NO,NO,NO,annual_rent|verified_service_charge|net_rental_income|acquisition_costs|broker_purchase_cost|holding_period|exit_value|selling_costs
7958,Offplan,YES,2683290.0,NO,,NO,NO,NO,NO,NO,NO,NO,NO,NO,NO,annual_rent|verified_service_charge|net_rental_income|acquisition_costs|broker_purchase_cost|holding_period|exit_value|selling_costs
502,Offplan,YES,1990000.0,NO,,NO,NO,NO,NO,NO,NO,NO,NO,NO,NO,annual_rent|verified_service_charge|net_rental_income|acquisition_costs|broker_purchase_cost|holding_period|exit_value|selling_costs
5388,Offplan,YES,3468130.0,NO,,NO,NO,NO,NO,NO,NO,NO,NO,NO,NO,annual_rent|verified_service_charge|net_rental_income|acquisition_costs|broker_purchase_cost|holding_period|exit_value|selling_costs
384,Offplan,YES,4374120.0,NO,,NO,NO,NO,NO,NO,NO,NO,NO,NO,NO,annual_rent|verified_service_charge|net_rental_income|acquisition_costs|broker_purchase_cost|holding_period|exit_value|selling_costs
5217,Offplan,YES,4710190.0,NO,,NO,NO,NO,NO,NO,NO,NO,NO,NO,NO,annual_rent|verified_service_charge|net_rental_income|acquisition_costs|broker_purchase_cost|holding_period|exit_value|selling_costs
484,Offplan,YES,4341000.0,NO,,NO,NO,NO,NO,NO,NO,NO,NO,NO,NO,annual_rent|verified_service_charge|net_rental_income|acquisition_costs|broker_purchase_cost|holding_period|exit_value|selling_costs
8410,Offplan,YES,1924990.0,NO,,NO,NO,NO,NO,NO,NO,NO,NO,NO,NO,annual_rent|verified_service_charge|net_rental_income|acquisition_costs|broker_purchase_cost|holding_period|exit_value|selling_costs
8186,Offplan,YES,1345000.0,NO,,NO,NO,NO,NO,NO,NO,NO,NO,NO,NO,annual_rent|verified_service_charge|net_rental_income|acquisition_costs|broker_purchase_cost|holding_period|exit_value|selling_costs
6475,Offplan,YES,9882000.0,NO,,NO,NO,NO,NO,NO,NO,NO,NO,NO,NO,annual_rent|verified_service_charge|net_rental_income|acquisition_costs|broker_purchase_cost|holding_period|exit_value|selling_costs
543,Offplan,YES,1988810.0,NO,,NO,NO,NO,NO,NO,NO,NO,NO,NO,NO,annual_rent|verified_service_charge|net_rental_income|acquisition_costs|broker_purchase_cost|holding_period|exit_value|selling_costs
4916,Offplan,YES,1980000.0,NO,,NO,NO,NO,NO,NO,NO,NO,NO,NO,NO,annual_rent|verified_service_charge|net_rental_income|acquisition_costs|broker_purchase_cost|holding_period|exit_value|selling_costs
1767,Offplan,YES,2000000.0,NO,,NO,NO,NO,NO,NO,NO,NO,NO,NO,NO,annual_rent|verified_service_charge|net_rental_income|acquisition_costs|broker_purchase_cost|holding_period|exit_value|selling_costs
8169,Offplan,YES,2000000.0,NO,,NO,NO,NO,NO,NO,NO,NO,NO,NO,NO,annual_rent|verified_service_charge|net_rental_income|acquisition_costs|broker_purchase_cost|holding_period|exit_value|selling_costs
6173,Offplan,YES,5700000.0,NO,,NO,NO,NO,NO,NO,NO,NO,NO,NO,NO,annual_rent|verified_service_charge|net_rental_income|acquisition_costs|broker_purchase_cost|holding_period|exit_value|selling_costs
4496,Offplan,YES,2350000.0,NO,,NO,NO,NO,NO,NO,NO,NO,NO,NO,NO,annual_rent|verified_service_charge|net_rental_income|acquisition_costs|broker_purchase_cost|holding_period|exit_value|selling_costs
2288,Offplan,YES,2828894.0,NO,,NO,NO,NO,NO,NO,NO,NO,NO,NO,NO,annual_rent|verified_service_charge|net_rental_income|acquisition_costs|broker_purchase_cost|holding_period|exit_value|selling_costs
2283,Offplan,YES,2414560.0,NO,,NO,NO,NO,NO,NO,NO,NO,NO,NO,NO,annual_rent|verified_service_charge|net_rental_income|acquisition_costs|broker_purchase_cost|holding_period|exit_value|selling_costs
7406,Offplan,YES,2673930.0,NO,,NO,NO,NO,NO,NO,NO,NO,NO,NO,NO,annual_rent|verified_service_charge|net_rental_income|acquisition_costs|broker_purchase_cost|holding_period|exit_value|selling_costs
7061,Ready,YES,4500000.0,YES,172800.0,NO,NO,NO,NO,NO,NO,NO,NO,NO,NO,verified_service_charge|net_rental_income|acquisition_costs|broker_purchase_cost|holding_period|exit_value|selling_costs
3033,Offplan,YES,5845000.0,NO,,NO,NO,NO,NO,NO,NO,NO,NO,NO,NO,annual_rent|verified_service_charge|net_rental_income|acquisition_costs|broker_purchase_cost|holding_period|exit_value|selling_costs
468,Offplan,YES,7178682.0,NO,,NO,NO,NO,NO,NO,NO,NO,NO,NO,NO,annual_rent|verified_service_charge|net_rental_income|acquisition_costs|broker_purchase_cost|holding_period|exit_value|selling_costs
392,Ready,YES,2576780.0,YES,81600.0,NO,NO,NO,NO,NO,NO,NO,NO,NO,NO,verified_service_charge|net_rental_income|acquisition_costs|broker_purchase_cost|holding_period|exit_value|selling_costs
3421,Offplan,YES,6696000.0,NO,,NO,NO,NO,NO,NO,NO,NO,NO,NO,NO,annual_rent|verified_service_charge|net_rental_income|acquisition_costs|broker_purchase_cost|holding_period|exit_value|selling_costs
6212,Offplan,YES,25038304.0,NO,,NO,NO,NO,NO,NO,NO,NO,NO,NO,NO,annual_rent|verified_service_charge|net_rental_income|acquisition_costs|broker_purchase_cost|holding_period|exit_value|selling_costs
7542,Offplan,YES,2952878.0,NO,,NO,NO,NO,NO,NO,NO,NO,NO,NO,NO,annual_rent|verified_service_charge|net_rental_income|acquisition_costs|broker_purchase_cost|holding_period|exit_value|selling_costs
6079,Offplan,YES,11699500.0,NO,,NO,NO,NO,NO,NO,NO,NO,NO,NO,NO,annual_rent|verified_service_charge|net_rental_income|acquisition_costs|broker_purchase_cost|holding_period|exit_value|selling_costs
3190,Ready,YES,3667000.0,YES,144000.0,NO,NO,NO,NO,NO,NO,NO,NO,NO,NO,verified_service_charge|net_rental_income|acquisition_costs|broker_purchase_cost|holding_period|exit_value|selling_costs
5116,Offplan,YES,3590840.0,NO,,NO,NO,NO,NO,NO,NO,NO,NO,NO,NO,annual_rent|verified_service_charge|net_rental_income|acquisition_costs|broker_purchase_cost|holding_period|exit_value|selling_costs
7820,Offplan,YES,9082060.0,NO,,NO,NO,NO,NO,NO,NO,NO,NO,NO,NO,annual_rent|verified_service_charge|net_rental_income|acquisition_costs|broker_purchase_cost|holding_period|exit_value|selling_costs
2969,Offplan,YES,16202205.0,NO,,NO,NO,NO,NO,NO,NO,NO,NO,NO,NO,annual_rent|verified_service_charge|net_rental_income|acquisition_costs|broker_purchase_cost|holding_period|exit_value|selling_costs
5609,Offplan,YES,6973300.0,NO,,NO,NO,NO,NO,NO,NO,NO,NO,NO,NO,annual_rent|verified_service_charge|net_rental_income|acquisition_costs|broker_purchase_cost|holding_period|exit_value|selling_costs
5959,Offplan,YES,4019000.0,NO,,NO,NO,NO,NO,NO,NO,NO,NO,NO,NO,annual_rent|verified_service_charge|net_rental_income|acquisition_costs|broker_purchase_cost|holding_period|exit_value|selling_costs
4254,Offplan,YES,14392800.0,NO,,NO,NO,NO,NO,NO,NO,NO,NO,NO,NO,annual_rent|verified_service_charge|net_rental_income|acquisition_costs|broker_purchase_cost|holding_period|exit_value|selling_costs
1476,Offplan,YES,6577229.0,NO,,NO,NO,NO,NO,NO,NO,NO,NO,NO,NO,annual_rent|verified_service_charge|net_rental_income|acquisition_costs|broker_purchase_cost|holding_period|exit_value|selling_costs
3999,Offplan,YES,8825000.0,NO,,NO,NO,NO,NO,NO,NO,NO,NO,NO,NO,annual_rent|verified_service_charge|net_rental_income|acquisition_costs|broker_purchase_cost|holding_period|exit_value|selling_costs
4918,Offplan,YES,8274000.0,NO,,NO,NO,NO,NO,NO,NO,NO,NO,NO,NO,annual_rent|verified_service_charge|net_rental_income|acquisition_costs|broker_purchase_cost|holding_period|exit_value|selling_costs
7930,Ready,YES,7826920.0,YES,201961.0,NO,NO,NO,NO,NO,NO,NO,NO,NO,NO,verified_service_charge|net_rental_income|acquisition_costs|broker_purchase_cost|holding_period|exit_value|selling_costs
1871,Offplan,YES,10588000.0,NO,,NO,NO,NO,NO,NO,NO,NO,NO,NO,NO,annual_rent|verified_service_charge|net_rental_income|acquisition_costs|broker_purchase_cost|holding_period|exit_value|selling_costs
7058,Offplan,YES,86967000.0,NO,,NO,NO,NO,NO,NO,NO,NO,NO,NO,NO,annual_rent|verified_service_charge|net_rental_income|acquisition_costs|broker_purchase_cost|holding_period|exit_value|selling_costs
7968,Offplan,YES,14767000.0,NO,,NO,NO,NO,NO,NO,NO,NO,NO,NO,NO,annual_rent|verified_service_charge|net_rental_income|acquisition_costs|broker_purchase_cost|holding_period|exit_value|selling_costs
2332,Offplan,YES,8568000.0,NO,,NO,NO,NO,NO,NO,NO,NO,NO,NO,NO,annual_rent|verified_service_charge|net_rental_income|acquisition_costs|broker_purchase_cost|holding_period|exit_value|selling_costs
5642,Offplan,YES,23429000.0,NO,,NO,NO,NO,NO,NO,NO,NO,NO,NO,NO,annual_rent|verified_service_charge|net_rental_income|acquisition_costs|broker_purchase_cost|holding_period|exit_value|selling_costs
3008,Offplan,YES,35285300.0,NO,,NO,NO,NO,NO,NO,NO,NO,NO,NO,NO,annual_rent|verified_service_charge|net_rental_income|acquisition_costs|broker_purchase_cost|holding_period|exit_value|selling_costs
4299,Offplan,YES,1338520.0,NO,,NO,NO,NO,NO,NO,NO,NO,NO,NO,NO,annual_rent|verified_service_charge|net_rental_income|acquisition_costs|broker_purchase_cost|holding_period|exit_value|selling_costs
1361,Offplan,YES,4450000.0,NO,,NO,NO,NO,NO,NO,NO,NO,NO,NO,NO,annual_rent|verified_service_charge|net_rental_income|acquisition_costs|broker_purchase_cost|holding_period|exit_value|selling_costs
1385,Offplan,YES,5800780.0,NO,,NO,NO,NO,NO,NO,NO,NO,NO,NO,NO,annual_rent|verified_service_charge|net_rental_income|acquisition_costs|broker_purchase_cost|holding_period|exit_value|selling_costs
6954,Ready,YES,2000000.0,NO,,NO,NO,NO,NO,NO,NO,NO,NO,NO,NO,annual_rent|verified_service_charge|net_rental_income|acquisition_costs|broker_purchase_cost|holding_period|exit_value|selling_costs
6473,Ready,YES,950000.0,YES,62400.0,NO,NO,NO,NO,NO,NO,NO,NO,NO,NO,verified_service_charge|net_rental_income|acquisition_costs|broker_purchase_cost|holding_period|exit_value|selling_costs
6437,Offplan,YES,2414000.0,NO,,NO,NO,NO,NO,NO,NO,NO,NO,NO,NO,annual_rent|verified_service_charge|net_rental_income|acquisition_costs|broker_purchase_cost|holding_period|exit_value|selling_costs
4138,Offplan,YES,4100000.0,NO,,NO,NO,NO,NO,NO,NO,NO,NO,NO,NO,annual_rent|verified_service_charge|net_rental_income|acquisition_costs|broker_purchase_cost|holding_period|exit_value|selling_costs
6438,Offplan,YES,4100000.0,NO,,NO,NO,NO,NO,NO,NO,NO,NO,NO,NO,annual_rent|verified_service_charge|net_rental_income|acquisition_costs|broker_purchase_cost|holding_period|exit_value|selling_costs
7725,Offplan,YES,2530000.0,NO,,NO,NO,NO,NO,NO,NO,NO,NO,NO,NO,annual_rent|verified_service_charge|net_rental_income|acquisition_costs|broker_purchase_cost|holding_period|exit_value|selling_costs
4311,Offplan,YES,6500000.0,NO,,NO,NO,NO,NO,NO,NO,NO,NO,NO,NO,annual_rent|verified_service_charge|net_rental_income|acquisition_costs|broker_purchase_cost|holding_period|exit_value|selling_costs
6522,Offplan,YES,21918000.0,NO,,NO,NO,NO,NO,NO,NO,NO,NO,NO,NO,annual_rent|verified_service_charge|net_rental_income|acquisition_costs|broker_purchase_cost|holding_period|exit_value|selling_costs
2133,Offplan,YES,1214000.0,NO,,NO,NO,NO,NO,NO,NO,NO,NO,NO,NO,annual_rent|verified_service_charge|net_rental_income|acquisition_costs|broker_purchase_cost|holding_period|exit_value|selling_costs
693,Offplan,YES,1693750.0,NO,,NO,NO,NO,NO,NO,NO,NO,NO,NO,NO,annual_rent|verified_service_charge|net_rental_income|acquisition_costs|broker_purchase_cost|holding_period|exit_value|selling_costs
2378,Ready,YES,985000.0,YES,63280.0,NO,NO,NO,NO,NO,NO,NO,NO,NO,NO,verified_service_charge|net_rental_income|acquisition_costs|broker_purchase_cost|holding_period|exit_value|selling_costs
7142,Offplan,YES,1306400.0,NO,,NO,NO,NO,NO,NO,NO,NO,NO,NO,NO,annual_rent|verified_service_charge|net_rental_income|acquisition_costs|broker_purchase_cost|holding_period|exit_value|selling_costs
2424,Offplan,YES,1378030.0,NO,,NO,NO,NO,NO,NO,NO,NO,NO,NO,NO,annual_rent|verified_service_charge|net_rental_income|acquisition_costs|broker_purchase_cost|holding_period|exit_value|selling_costs
6690,Ready,YES,849501.0,YES,65280.0,NO,NO,NO,NO,NO,NO,NO,NO,NO,NO,verified_service_charge|net_rental_income|acquisition_costs|broker_purchase_cost|holding_period|exit_value|selling_costs
6715,Offplan,YES,23694800.0,NO,,NO,NO,NO,NO,NO,NO,NO,NO,NO,NO,annual_rent|verified_service_charge|net_rental_income|acquisition_costs|broker_purchase_cost|holding_period|exit_value|selling_costs
6909,Offplan,YES,22000000.0,NO,,NO,NO,NO,NO,NO,NO,NO,NO,NO,NO,annual_rent|verified_service_charge|net_rental_income|acquisition_costs|broker_purchase_cost|holding_period|exit_value|selling_costs
711,Offplan,YES,1346838.0,NO,,NO,NO,NO,NO,NO,NO,NO,NO,NO,NO,annual_rent|verified_service_charge|net_rental_income|acquisition_costs|broker_purchase_cost|holding_period|exit_value|selling_costs
1122,Offplan,YES,820321.0,NO,,NO,NO,NO,NO,NO,NO,NO,NO,NO,NO,annual_rent|verified_service_charge|net_rental_income|acquisition_costs|broker_purchase_cost|holding_period|exit_value|selling_costs
1675,Offplan,YES,8500000.0,NO,,NO,NO,NO,NO,NO,NO,NO,NO,NO,NO,annual_rent|verified_service_charge|net_rental_income|acquisition_costs|broker_purchase_cost|holding_period|exit_value|selling_costs
4627,Offplan,YES,8500000.0,NO,,NO,NO,NO,NO,NO,NO,NO,NO,NO,NO,annual_rent|verified_service_charge|net_rental_income|acquisition_costs|broker_purchase_cost|holding_period|exit_value|selling_costs
3320,Offplan,YES,6666000.0,NO,,NO,NO,NO,NO,NO,NO,NO,NO,NO,NO,annual_rent|verified_service_charge|net_rental_income|acquisition_costs|broker_purchase_cost|holding_period|exit_value|selling_costs
7354,Offplan,YES,695465.0,NO,,NO,NO,NO,NO,NO,NO,NO,NO,NO,NO,annual_rent|verified_service_charge|net_rental_income|acquisition_costs|broker_purchase_cost|holding_period|exit_value|selling_costs
5871,Offplan,YES,1225890.0,NO,,NO,NO,NO,NO,NO,NO,NO,NO,NO,NO,annual_rent|verified_service_charge|net_rental_income|acquisition_costs|broker_purchase_cost|holding_period|exit_value|selling_costs
4864,Offplan,YES,1250000.0,NO,,NO,NO,NO,NO,NO,NO,NO,NO,NO,NO,annual_rent|verified_service_charge|net_rental_income|acquisition_costs|broker_purchase_cost|holding_period|exit_value|selling_costs
5768,Offplan,YES,1608860.0,NO,,NO,NO,NO,NO,NO,NO,NO,NO,NO,NO,annual_rent|verified_service_charge|net_rental_income|acquisition_costs|broker_purchase_cost|holding_period|exit_value|selling_costs
6015,Offplan,YES,3277890.0,NO,,NO,NO,NO,NO,NO,NO,NO,NO,NO,NO,annual_rent|verified_service_charge|net_rental_income|acquisition_costs|broker_purchase_cost|holding_period|exit_value|selling_costs
2769,Offplan,YES,2810000.0,NO,,NO,NO,NO,NO,NO,NO,NO,NO,NO,NO,annual_rent|verified_service_charge|net_rental_income|acquisition_costs|broker_purchase_cost|holding_period|exit_value|selling_costs
1755,Offplan,YES,4500000.0,NO,,NO,NO,NO,NO,NO,NO,NO,NO,NO,NO,annual_rent|verified_service_charge|net_rental_income|acquisition_costs|broker_purchase_cost|holding_period|exit_value|selling_costs
3194,Ready,YES,6800000.0,YES,336000.0,NO,NO,NO,NO,NO,NO,NO,NO,NO,NO,verified_service_charge|net_rental_income|acquisition_costs|broker_purchase_cost|holding_period|exit_value|selling_costs
3426,Offplan,YES,5400000.0,NO,,NO,NO,NO,NO,NO,NO,NO,NO,NO,NO,annual_rent|verified_service_charge|net_rental_income|acquisition_costs|broker_purchase_cost|holding_period|exit_value|selling_costs
2733,Offplan,YES,3750000.0,NO,,NO,NO,NO,NO,NO,NO,NO,NO,NO,NO,annual_rent|verified_service_charge|net_rental_income|acquisition_costs|broker_purchase_cost|holding_period|exit_value|selling_costs
922,Offplan,YES,2785000.0,NO,,NO,NO,NO,NO,NO,NO,NO,NO,NO,NO,annual_rent|verified_service_charge|net_rental_income|acquisition_costs|broker_purchase_cost|holding_period|exit_value|selling_costs
3276,Ready,YES,1428000.0,YES,100243.0,NO,NO,NO,NO,NO,NO,NO,NO,NO,NO,verified_service_charge|net_rental_income|acquisition_costs|broker_purchase_cost|holding_period|exit_value|selling_costs
1208,Ready,YES,2100000.0,YES,96000.0,YES,YES,YES,NO,NO,NO,NO,NO,NO,NO,net_rental_income|acquisition_costs|broker_purchase_cost|holding_period|exit_value|selling_costs
5997,Offplan,YES,1919000.0,NO,,NO,NO,NO,NO,NO,NO,NO,NO,NO,NO,annual_rent|verified_service_charge|net_rental_income|acquisition_costs|broker_purchase_cost|holding_period|exit_value|selling_costs
6175,Offplan,YES,1399888.0,NO,,NO,NO,NO,NO,NO,NO,NO,NO,NO,NO,annual_rent|verified_service_charge|net_rental_income|acquisition_costs|broker_purchase_cost|holding_period|exit_value|selling_costs
7157,Ready,YES,4180000.0,YES,134400.0,NO,NO,NO,NO,NO,NO,NO,NO,NO,NO,verified_service_charge|net_rental_income|acquisition_costs|broker_purchase_cost|holding_period|exit_value|selling_costs
27,Offplan,YES,2798667.0,NO,,NO,NO,NO,NO,NO,NO,NO,NO,NO,NO,annual_rent|verified_service_charge|net_rental_income|acquisition_costs|broker_purchase_cost|holding_period|exit_value|selling_costs
2062,Offplan,YES,1150890.0,NO,,NO,NO,NO,NO,NO,NO,NO,NO,NO,NO,annual_rent|verified_service_charge|net_rental_income|acquisition_costs|broker_purchase_cost|holding_period|exit_value|selling_costs
3662,Offplan,YES,2075920.0,NO,,NO,NO,NO,NO,NO,NO,NO,NO,NO,NO,annual_rent|verified_service_charge|net_rental_income|acquisition_costs|broker_purchase_cost|holding_period|exit_value|selling_costs
1830,Offplan,YES,1289590.0,NO,,NO,NO,NO,NO,NO,NO,NO,NO,NO,NO,annual_rent|verified_service_charge|net_rental_income|acquisition_costs|broker_purchase_cost|holding_period|exit_value|selling_costs
1162,Offplan,YES,4836888.0,NO,,NO,NO,NO,NO,NO,NO,NO,NO,NO,NO,annual_rent|verified_service_charge|net_rental_income|acquisition_costs|broker_purchase_cost|holding_period|exit_value|selling_costs
1182,Offplan,YES,16128000.0,NO,,NO,NO,NO,NO,NO,NO,NO,NO,NO,NO,annual_rent|verified_service_charge|net_rental_income|acquisition_costs|broker_purchase_cost|holding_period|exit_value|selling_costs
2003,Offplan,YES,1164820.0,NO,,NO,NO,NO,NO,NO,NO,NO,NO,NO,NO,annual_rent|verified_service_charge|net_rental_income|acquisition_costs|broker_purchase_cost|holding_period|exit_value|selling_costs
7917,Offplan,YES,1866824.0,NO,,NO,NO,NO,NO,NO,NO,NO,NO,NO,NO,annual_rent|verified_service_charge|net_rental_income|acquisition_costs|broker_purchase_cost|holding_period|exit_value|selling_costs
5646,Ready,YES,1701520.0,NO,,NO,NO,NO,NO,NO,NO,NO,NO,NO,NO,annual_rent|verified_service_charge|net_rental_income|acquisition_costs|broker_purchase_cost|holding_period|exit_value|selling_costs
4773,Offplan,YES,1625000.0,NO,,NO,NO,NO,NO,NO,NO,NO,NO,NO,NO,annual_rent|verified_service_charge|net_rental_income|acquisition_costs|broker_purchase_cost|holding_period|exit_value|selling_costs
553,Offplan,YES,3125000.0,NO,,NO,NO,NO,NO,NO,NO,NO,NO,NO,NO,annual_rent|verified_service_charge|net_rental_income|acquisition_costs|broker_purchase_cost|holding_period|exit_value|selling_costs
6316,Ready,YES,5500000.0,YES,153600.0,NO,NO,NO,NO,NO,NO,NO,NO,NO,NO,verified_service_charge|net_rental_income|acquisition_costs|broker_purchase_cost|holding_period|exit_value|selling_costs
2415,Offplan,YES,3146667.0,NO,,NO,NO,NO,NO,NO,NO,NO,NO,NO,NO,annual_rent|verified_service_charge|net_rental_income|acquisition_costs|broker_purchase_cost|holding_period|exit_value|selling_costs
1775,Offplan,YES,4100000.0,NO,,NO,NO,NO,NO,NO,NO,NO,NO,NO,NO,annual_rent|verified_service_charge|net_rental_income|acquisition_costs|broker_purchase_cost|holding_period|exit_value|selling_costs
7220,Offplan,YES,2020890.0,NO,,NO,NO,NO,NO,NO,NO,NO,NO,NO,NO,annual_rent|verified_service_charge|net_rental_income|acquisition_costs|broker_purchase_cost|holding_period|exit_value|selling_costs
5554,Offplan,YES,866000.0,NO,,NO,NO,NO,NO,NO,NO,NO,NO,NO,NO,annual_rent|verified_service_charge|net_rental_income|acquisition_costs|broker_purchase_cost|holding_period|exit_value|selling_costs
1312,Offplan,YES,745800.0,NO,,NO,NO,NO,NO,NO,NO,NO,NO,NO,NO,annual_rent|verified_service_charge|net_rental_income|acquisition_costs|broker_purchase_cost|holding_period|exit_value|selling_costs
2532,Offplan,YES,1211622.0,NO,,NO,NO,NO,NO,NO,NO,NO,NO,NO,NO,annual_rent|verified_service_charge|net_rental_income|acquisition_costs|broker_purchase_cost|holding_period|exit_value|selling_costs
1588,Ready,YES,1811000.0,NO,,NO,NO,NO,NO,NO,NO,NO,NO,NO,NO,annual_rent|verified_service_charge|net_rental_income|acquisition_costs|broker_purchase_cost|holding_period|exit_value|selling_costs
2231,Offplan,YES,3474780.0,NO,,NO,NO,NO,NO,NO,NO,NO,NO,NO,NO,annual_rent|verified_service_charge|net_rental_income|acquisition_costs|broker_purchase_cost|holding_period|exit_value|selling_costs
6512,Offplan,YES,2828780.0,NO,,NO,NO,NO,NO,NO,NO,NO,NO,NO,NO,annual_rent|verified_service_charge|net_rental_income|acquisition_costs|broker_purchase_cost|holding_period|exit_value|selling_costs
1520,Offplan,YES,1235000.0,NO,,NO,NO,NO,NO,NO,NO,NO,NO,NO,NO,annual_rent|verified_service_charge|net_rental_income|acquisition_costs|broker_purchase_cost|holding_period|exit_value|selling_costs
5216,Ready,YES,1850000.0,YES,124800.0,NO,NO,NO,NO,NO,NO,NO,NO,NO,NO,verified_service_charge|net_rental_income|acquisition_costs|broker_purchase_cost|holding_period|exit_value|selling_costs
1746,Ready,YES,950000.0,YES,62400.0,NO,NO,NO,NO,NO,NO,NO,NO,NO,NO,verified_service_charge|net_rental_income|acquisition_costs|broker_purchase_cost|holding_period|exit_value|selling_costs
7858,Offplan,YES,790000.0,NO,,NO,NO,NO,NO,NO,NO,NO,NO,NO,NO,annual_rent|verified_service_charge|net_rental_income|acquisition_costs|broker_purchase_cost|holding_period|exit_value|selling_costs
6755,Offplan,YES,1030000.0,NO,,NO,NO,NO,NO,NO,NO,NO,NO,NO,NO,annual_rent|verified_service_charge|net_rental_income|acquisition_costs|broker_purchase_cost|holding_period|exit_value|selling_costs
1237,Offplan,YES,2800890.0,NO,,NO,NO,NO,NO,NO,NO,NO,NO,NO,NO,annual_rent|verified_service_charge|net_rental_income|acquisition_costs|broker_purchase_cost|holding_period|exit_value|selling_costs
6293,Offplan,YES,2561024.0,NO,,NO,NO,NO,NO,NO,NO,NO,NO,NO,NO,annual_rent|verified_service_charge|net_rental_income|acquisition_costs|broker_purchase_cost|holding_period|exit_value|selling_costs
3512,Offplan,YES,1476000.0,NO,,NO,NO,NO,NO,NO,NO,NO,NO,NO,NO,annual_rent|verified_service_charge|net_rental_income|acquisition_costs|broker_purchase_cost|holding_period|exit_value|selling_costs
7041,Offplan,YES,3500000.0,NO,,NO,NO,NO,NO,NO,NO,NO,NO,NO,NO,annual_rent|verified_service_charge|net_rental_income|acquisition_costs|broker_purchase_cost|holding_period|exit_value|selling_costs
2595,Offplan,YES,1532102.0,NO,,NO,NO,NO,NO,NO,NO,NO,NO,NO,NO,annual_rent|verified_service_charge|net_rental_income|acquisition_costs|broker_purchase_cost|holding_period|exit_value|selling_costs
5955,Offplan,YES,1600000.0,NO,,NO,NO,NO,NO,NO,NO,NO,NO,NO,NO,annual_rent|verified_service_charge|net_rental_income|acquisition_costs|broker_purchase_cost|holding_period|exit_value|selling_costs
1370,Offplan,YES,1377000.0,NO,,NO,NO,NO,NO,NO,NO,NO,NO,NO,NO,annual_rent|verified_service_charge|net_rental_income|acquisition_costs|broker_purchase_cost|holding_period|exit_value|selling_costs
6926,Offplan,YES,933087.0,NO,,NO,NO,NO,NO,NO,NO,NO,NO,NO,NO,annual_rent|verified_service_charge|net_rental_income|acquisition_costs|broker_purchase_cost|holding_period|exit_value|selling_costs
1466,Offplan,YES,7128120.0,NO,,NO,NO,NO,NO,NO,NO,NO,NO,NO,NO,annual_rent|verified_service_charge|net_rental_income|acquisition_costs|broker_purchase_cost|holding_period|exit_value|selling_costs
6742,Offplan,YES,929621.0,NO,,NO,NO,NO,NO,NO,NO,NO,NO,NO,NO,annual_rent|verified_service_charge|net_rental_income|acquisition_costs|broker_purchase_cost|holding_period|exit_value|selling_costs
6753,Offplan,YES,1536250.0,NO,,NO,NO,NO,NO,NO,NO,NO,NO,NO,NO,annual_rent|verified_service_charge|net_rental_income|acquisition_costs|broker_purchase_cost|holding_period|exit_value|selling_costs
3389,Offplan,YES,2322000.0,NO,,NO,NO,NO,NO,NO,NO,NO,NO,NO,NO,annual_rent|verified_service_charge|net_rental_income|acquisition_costs|broker_purchase_cost|holding_period|exit_value|selling_costs
3093,Offplan,YES,1895000.0,NO,,NO,NO,NO,NO,NO,NO,NO,NO,NO,NO,annual_rent|verified_service_charge|net_rental_income|acquisition_costs|broker_purchase_cost|holding_period|exit_value|selling_costs
4360,Offplan,YES,7144000.0,NO,,NO,NO,NO,NO,NO,NO,NO,NO,NO,NO,annual_rent|verified_service_charge|net_rental_income|acquisition_costs|broker_purchase_cost|holding_period|exit_value|selling_costs
5867,Offplan,YES,1802230.0,NO,,NO,NO,NO,NO,NO,NO,NO,NO,NO,NO,annual_rent|verified_service_charge|net_rental_income|acquisition_costs|broker_purchase_cost|holding_period|exit_value|selling_costs
2839,Offplan,YES,1191854.0,NO,,NO,NO,NO,NO,NO,NO,NO,NO,NO,NO,annual_rent|verified_service_charge|net_rental_income|acquisition_costs|broker_purchase_cost|holding_period|exit_value|selling_costs
7105,Offplan,YES,2577188.0,NO,,NO,NO,NO,NO,NO,NO,NO,NO,NO,NO,annual_rent|verified_service_charge|net_rental_income|acquisition_costs|broker_purchase_cost|holding_period|exit_value|selling_costs
2526,Offplan,YES,1541250.0,NO,,NO,NO,NO,NO,NO,NO,NO,NO,NO,NO,annual_rent|verified_service_charge|net_rental_income|acquisition_costs|broker_purchase_cost|holding_period|exit_value|selling_costs
1307,Offplan,YES,785000.0,NO,,NO,NO,NO,NO,NO,NO,NO,NO,NO,NO,annual_rent|verified_service_charge|net_rental_income|acquisition_costs|broker_purchase_cost|holding_period|exit_value|selling_costs
2185,Ready,YES,1450000.0,YES,86400.0,NO,NO,NO,NO,NO,NO,NO,NO,NO,NO,verified_service_charge|net_rental_income|acquisition_costs|broker_purchase_cost|holding_period|exit_value|selling_costs
2859,Ready,YES,880000.0,YES,63360.0,NO,NO,NO,NO,NO,NO,NO,NO,NO,NO,verified_service_charge|net_rental_income|acquisition_costs|broker_purchase_cost|holding_period|exit_value|selling_costs
5535,Offplan,YES,5255801.0,NO,,NO,NO,NO,NO,NO,NO,NO,NO,NO,NO,annual_rent|verified_service_charge|net_rental_income|acquisition_costs|broker_purchase_cost|holding_period|exit_value|selling_costs
7103,Offplan,YES,5000000.0,NO,,NO,NO,NO,NO,NO,NO,NO,NO,NO,NO,annual_rent|verified_service_charge|net_rental_income|acquisition_costs|broker_purchase_cost|holding_period|exit_value|selling_costs
2664,Offplan,YES,1928250.0,NO,,NO,NO,NO,NO,NO,NO,NO,NO,NO,NO,annual_rent|verified_service_charge|net_rental_income|acquisition_costs|broker_purchase_cost|holding_period|exit_value|selling_costs
3453,Ready,YES,600000.0,YES,45120.0,NO,NO,NO,NO,NO,NO,NO,NO,NO,NO,verified_service_charge|net_rental_income|acquisition_costs|broker_purchase_cost|holding_period|exit_value|selling_costs
8233,Offplan,YES,3100800.0,NO,,NO,NO,NO,NO,NO,NO,NO,NO,NO,NO,annual_rent|verified_service_charge|net_rental_income|acquisition_costs|broker_purchase_cost|holding_period|exit_value|selling_costs
4345,Offplan,YES,1015010.0,NO,,NO,NO,NO,NO,NO,NO,NO,NO,NO,NO,annual_rent|verified_service_charge|net_rental_income|acquisition_costs|broker_purchase_cost|holding_period|exit_value|selling_costs
8334,Offplan,YES,3880000.0,NO,,NO,NO,NO,NO,NO,NO,NO,NO,NO,NO,annual_rent|verified_service_charge|net_rental_income|acquisition_costs|broker_purchase_cost|holding_period|exit_value|selling_costs
4963,Offplan,YES,3000000.0,NO,,NO,NO,NO,NO,NO,NO,NO,NO,NO,NO,annual_rent|verified_service_charge|net_rental_income|acquisition_costs|broker_purchase_cost|holding_period|exit_value|selling_costs
1504,Offplan,YES,1919900.0,NO,,NO,NO,NO,NO,NO,NO,NO,NO,NO,NO,annual_rent|verified_service_charge|net_rental_income|acquisition_costs|broker_purchase_cost|holding_period|exit_value|selling_costs
8452,Offplan,YES,50000000.0,NO,,NO,NO,NO,NO,NO,NO,NO,NO,NO,NO,annual_rent|verified_service_charge|net_rental_income|acquisition_costs|broker_purchase_cost|holding_period|exit_value|selling_costs
1134,Offplan,YES,2000000.0,NO,,NO,NO,NO,NO,NO,NO,NO,NO,NO,NO,annual_rent|verified_service_charge|net_rental_income|acquisition_costs|broker_purchase_cost|holding_period|exit_value|selling_costs
2006,Offplan,YES,1850890.0,NO,,NO,NO,NO,NO,NO,NO,NO,NO,NO,NO,annual_rent|verified_service_charge|net_rental_income|acquisition_costs|broker_purchase_cost|holding_period|exit_value|selling_costs
7100,Offplan,YES,1791130.0,NO,,NO,NO,NO,NO,NO,NO,NO,NO,NO,NO,annual_rent|verified_service_charge|net_rental_income|acquisition_costs|broker_purchase_cost|holding_period|exit_value|selling_costs
675,Offplan,YES,946000.0,NO,,NO,NO,NO,NO,NO,NO,NO,NO,NO,NO,annual_rent|verified_service_charge|net_rental_income|acquisition_costs|broker_purchase_cost|holding_period|exit_value|selling_costs
1848,Offplan,YES,1340000.0,YES,67200.0,NO,NO,NO,NO,NO,NO,NO,NO,NO,NO,verified_service_charge|net_rental_income|acquisition_costs|broker_purchase_cost|holding_period|exit_value|selling_costs
7299,Ready,YES,1099000.0,YES,69120.0,NO,NO,NO,NO,NO,NO,NO,NO,NO,NO,verified_service_charge|net_rental_income|acquisition_costs|broker_purchase_cost|holding_period|exit_value|selling_costs
641,Offplan,YES,1803830.0,NO,,NO,NO,NO,NO,NO,NO,NO,NO,NO,NO,annual_rent|verified_service_charge|net_rental_income|acquisition_costs|broker_purchase_cost|holding_period|exit_value|selling_costs
279,Offplan,YES,4148800.0,NO,,NO,NO,NO,NO,NO,NO,NO,NO,NO,NO,annual_rent|verified_service_charge|net_rental_income|acquisition_costs|broker_purchase_cost|holding_period|exit_value|selling_costs
4091,Offplan,YES,3661630.0,NO,,NO,NO,NO,NO,NO,NO,NO,NO,NO,NO,annual_rent|verified_service_charge|net_rental_income|acquisition_costs|broker_purchase_cost|holding_period|exit_value|selling_costs
5244,Offplan,YES,35000000.0,NO,,NO,NO,NO,NO,NO,NO,NO,NO,NO,NO,annual_rent|verified_service_charge|net_rental_income|acquisition_costs|broker_purchase_cost|holding_period|exit_value|selling_costs
7743,Offplan,YES,2130000.0,NO,,NO,NO,NO,NO,NO,NO,NO,NO,NO,NO,annual_rent|verified_service_charge|net_rental_income|acquisition_costs|broker_purchase_cost|holding_period|exit_value|selling_costs
8440,Offplan,YES,1240999.0,NO,,NO,NO,NO,NO,NO,NO,NO,NO,NO,NO,annual_rent|verified_service_charge|net_rental_income|acquisition_costs|broker_purchase_cost|holding_period|exit_value|selling_costs
125,Offplan,YES,2570800.0,NO,,NO,NO,NO,NO,NO,NO,NO,NO,NO,NO,annual_rent|verified_service_charge|net_rental_income|acquisition_costs|broker_purchase_cost|holding_period|exit_value|selling_costs
2192,Offplan,YES,3528000.0,NO,,NO,NO,NO,NO,NO,NO,NO,NO,NO,NO,annual_rent|verified_service_charge|net_rental_income|acquisition_costs|broker_purchase_cost|holding_period|exit_value|selling_costs
238,Offplan,YES,1760462.0,NO,,NO,NO,NO,NO,NO,NO,NO,NO,NO,NO,annual_rent|verified_service_charge|net_rental_income|acquisition_costs|broker_purchase_cost|holding_period|exit_value|selling_costs
5406,Offplan,YES,1803600.0,NO,,NO,NO,NO,NO,NO,NO,NO,NO,NO,NO,annual_rent|verified_service_charge|net_rental_income|acquisition_costs|broker_purchase_cost|holding_period|exit_value|selling_costs
160,Offplan,YES,2063541.0,NO,,NO,NO,NO,NO,NO,NO,NO,NO,NO,NO,annual_rent|verified_service_charge|net_rental_income|acquisition_costs|broker_purchase_cost|holding_period|exit_value|selling_costs
2435,Offplan,YES,2300000.0,NO,,NO,NO,NO,NO,NO,NO,NO,NO,NO,NO,annual_rent|verified_service_charge|net_rental_income|acquisition_costs|broker_purchase_cost|holding_period|exit_value|selling_costs
4695,Ready,YES,1250000.0,YES,86400.0,NO,NO,NO,NO,NO,NO,NO,NO,NO,NO,verified_service_charge|net_rental_income|acquisition_costs|broker_purchase_cost|holding_period|exit_value|selling_costs
578,Offplan,YES,4343680.0,NO,,NO,NO,NO,NO,NO,NO,NO,NO,NO,NO,annual_rent|verified_service_charge|net_rental_income|acquisition_costs|broker_purchase_cost|holding_period|exit_value|selling_costs
8139,Offplan,YES,957000.0,NO,,NO,NO,NO,NO,NO,NO,NO,NO,NO,NO,annual_rent|verified_service_charge|net_rental_income|acquisition_costs|broker_purchase_cost|holding_period|exit_value|selling_costs
2754,Offplan,YES,1244400.0,NO,,NO,NO,NO,NO,NO,NO,NO,NO,NO,NO,annual_rent|verified_service_charge|net_rental_income|acquisition_costs|broker_purchase_cost|holding_period|exit_value|selling_costs
8240,Offplan,YES,2801530.0,NO,,NO,NO,NO,NO,NO,NO,NO,NO,NO,NO,annual_rent|verified_service_charge|net_rental_income|acquisition_costs|broker_purchase_cost|holding_period|exit_value|selling_costs
1977,Offplan,YES,1921480.0,NO,,NO,NO,NO,NO,NO,NO,NO,NO,NO,NO,annual_rent|verified_service_charge|net_rental_income|acquisition_costs|broker_purchase_cost|holding_period|exit_value|selling_costs
4751,Offplan,YES,2263300.0,NO,,NO,NO,NO,NO,NO,NO,NO,NO,NO,NO,annual_rent|verified_service_charge|net_rental_income|acquisition_costs|broker_purchase_cost|holding_period|exit_value|selling_costs
526,Offplan,YES,3156840.0,NO,,NO,NO,NO,NO,NO,NO,NO,NO,NO,NO,annual_rent|verified_service_charge|net_rental_income|acquisition_costs|broker_purchase_cost|holding_period|exit_value|selling_costs
2785,Ready,YES,1700000.0,YES,86400.0,NO,NO,NO,NO,NO,NO,NO,NO,NO,NO,verified_service_charge|net_rental_income|acquisition_costs|broker_purchase_cost|holding_period|exit_value|selling_costs
802,Ready,YES,2057000.0,YES,86400.0,NO,NO,NO,NO,NO,NO,NO,NO,NO,NO,verified_service_charge|net_rental_income|acquisition_costs|broker_purchase_cost|holding_period|exit_value|selling_costs
5268,Offplan,YES,1701970.0,NO,,NO,NO,NO,NO,NO,NO,NO,NO,NO,NO,annual_rent|verified_service_charge|net_rental_income|acquisition_costs|broker_purchase_cost|holding_period|exit_value|selling_costs
6436,Offplan,YES,65000000.0,NO,,NO,NO,NO,NO,NO,NO,NO,NO,NO,NO,annual_rent|verified_service_charge|net_rental_income|acquisition_costs|broker_purchase_cost|holding_period|exit_value|selling_costs
6044,Offplan,YES,5770991.0,NO,,NO,NO,NO,NO,NO,NO,NO,NO,NO,NO,annual_rent|verified_service_charge|net_rental_income|acquisition_costs|broker_purchase_cost|holding_period|exit_value|selling_costs
1671,Offplan,YES,2626270.0,NO,,NO,NO,NO,NO,NO,NO,NO,NO,NO,NO,annual_rent|verified_service_charge|net_rental_income|acquisition_costs|broker_purchase_cost|holding_period|exit_value|selling_costs
1856,Offplan,YES,2630750.0,NO,,NO,NO,NO,NO,NO,NO,NO,NO,NO,NO,annual_rent|verified_service_charge|net_rental_income|acquisition_costs|broker_purchase_cost|holding_period|exit_value|selling_costs
2761,Offplan,YES,1839920.0,NO,,NO,NO,NO,NO,NO,NO,NO,NO,NO,NO,annual_rent|verified_service_charge|net_rental_income|acquisition_costs|broker_purchase_cost|holding_period|exit_value|selling_costs
949,Offplan,YES,1704080.0,NO,,NO,NO,NO,NO,NO,NO,NO,NO,NO,NO,annual_rent|verified_service_charge|net_rental_income|acquisition_costs|broker_purchase_cost|holding_period|exit_value|selling_costs
5748,Offplan,YES,1299000.0,NO,,NO,NO,NO,NO,NO,NO,NO,NO,NO,NO,annual_rent|verified_service_charge|net_rental_income|acquisition_costs|broker_purchase_cost|holding_period|exit_value|selling_costs
5952,Offplan,YES,9060000.0,NO,,NO,NO,NO,NO,NO,NO,NO,NO,NO,NO,annual_rent|verified_service_charge|net_rental_income|acquisition_costs|broker_purchase_cost|holding_period|exit_value|selling_costs
7246,Offplan,YES,2208000.0,YES,78720.0,NO,NO,NO,NO,NO,NO,NO,NO,NO,NO,verified_service_charge|net_rental_income|acquisition_costs|broker_purchase_cost|holding_period|exit_value|selling_costs
662,Offplan,YES,2069000.0,NO,,NO,NO,NO,NO,NO,NO,NO,NO,NO,NO,annual_rent|verified_service_charge|net_rental_income|acquisition_costs|broker_purchase_cost|holding_period|exit_value|selling_costs
4408,Offplan,YES,1145000.0,NO,,NO,NO,NO,NO,NO,NO,NO,NO,NO,NO,annual_rent|verified_service_charge|net_rental_income|acquisition_costs|broker_purchase_cost|holding_period|exit_value|selling_costs
2166,Ready,YES,2300000.0,YES,105600.0,NO,NO,NO,NO,NO,NO,NO,NO,NO,NO,verified_service_charge|net_rental_income|acquisition_costs|broker_purchase_cost|holding_period|exit_value|selling_costs
8439,Offplan,YES,1197070.0,NO,,NO,NO,NO,NO,NO,NO,NO,NO,NO,NO,annual_rent|verified_service_charge|net_rental_income|acquisition_costs|broker_purchase_cost|holding_period|exit_value|selling_costs
3218,Offplan,YES,2710000.0,NO,,NO,NO,NO,NO,NO,NO,NO,NO,NO,NO,annual_rent|verified_service_charge|net_rental_income|acquisition_costs|broker_purchase_cost|holding_period|exit_value|selling_costs
5427,Offplan,YES,813167.0,NO,,NO,NO,NO,NO,NO,NO,NO,NO,NO,NO,annual_rent|verified_service_charge|net_rental_income|acquisition_costs|broker_purchase_cost|holding_period|exit_value|selling_costs
6915,Offplan,YES,1324884.0,NO,,NO,NO,NO,NO,NO,NO,NO,NO,NO,NO,annual_rent|verified_service_charge|net_rental_income|acquisition_costs|broker_purchase_cost|holding_period|exit_value|selling_costs
6799,Offplan,YES,3509340.0,NO,,NO,NO,NO,NO,NO,NO,NO,NO,NO,NO,annual_rent|verified_service_charge|net_rental_income|acquisition_costs|broker_purchase_cost|holding_period|exit_value|selling_costs
4286,Ready,YES,924374.0,YES,50880.0,NO,NO,NO,NO,NO,NO,NO,NO,NO,NO,verified_service_charge|net_rental_income|acquisition_costs|broker_purchase_cost|holding_period|exit_value|selling_costs
5585,Offplan,YES,750000.0,NO,,NO,NO,NO,NO,NO,NO,NO,NO,NO,NO,annual_rent|verified_service_charge|net_rental_income|acquisition_costs|broker_purchase_cost|holding_period|exit_value|selling_costs
3723,Offplan,YES,3430888.0,NO,,NO,NO,NO,NO,NO,NO,NO,NO,NO,NO,annual_rent|verified_service_charge|net_rental_income|acquisition_costs|broker_purchase_cost|holding_period|exit_value|selling_costs
7412,Ready,YES,1300000.0,YES,69120.0,NO,NO,NO,NO,NO,NO,NO,NO,NO,NO,verified_service_charge|net_rental_income|acquisition_costs|broker_purchase_cost|holding_period|exit_value|selling_costs
883,Offplan,YES,1380000.0,NO,,NO,NO,NO,NO,NO,NO,NO,NO,NO,NO,annual_rent|verified_service_charge|net_rental_income|acquisition_costs|broker_purchase_cost|holding_period|exit_value|selling_costs
3040,Offplan,YES,1750000.0,NO,,NO,NO,NO,NO,NO,NO,NO,NO,NO,NO,annual_rent|verified_service_charge|net_rental_income|acquisition_costs|broker_purchase_cost|holding_period|exit_value|selling_costs
5813,Offplan,YES,2000000.0,NO,,NO,NO,NO,NO,NO,NO,NO,NO,NO,NO,annual_rent|verified_service_charge|net_rental_income|acquisition_costs|broker_purchase_cost|holding_period|exit_value|selling_costs
2524,Offplan,YES,1500000.0,NO,,NO,NO,NO,NO,NO,NO,NO,NO,NO,NO,annual_rent|verified_service_charge|net_rental_income|acquisition_costs|broker_purchase_cost|holding_period|exit_value|selling_costs
5104,Ready,YES,1670000.0,YES,105600.0,NO,NO,NO,NO,NO,NO,NO,NO,NO,NO,verified_service_charge|net_rental_income|acquisition_costs|broker_purchase_cost|holding_period|exit_value|selling_costs
3504,Offplan,YES,2700000.0,NO,,NO,NO,NO,NO,NO,NO,NO,NO,NO,NO,annual_rent|verified_service_charge|net_rental_income|acquisition_costs|broker_purchase_cost|holding_period|exit_value|selling_costs
5793,Ready,YES,2238000.0,YES,96000.0,NO,NO,NO,NO,NO,NO,NO,NO,NO,NO,verified_service_charge|net_rental_income|acquisition_costs|broker_purchase_cost|holding_period|exit_value|selling_costs
7764,Offplan,YES,795000.0,NO,,NO,NO,NO,NO,NO,NO,NO,NO,NO,NO,annual_rent|verified_service_charge|net_rental_income|acquisition_costs|broker_purchase_cost|holding_period|exit_value|selling_costs
7361,Offplan,YES,1749000.0,NO,,NO,NO,NO,NO,NO,NO,NO,NO,NO,NO,annual_rent|verified_service_charge|net_rental_income|acquisition_costs|broker_purchase_cost|holding_period|exit_value|selling_costs
4097,Offplan,YES,105000000.0,NO,,NO,NO,NO,NO,NO,NO,NO,NO,NO,NO,annual_rent|verified_service_charge|net_rental_income|acquisition_costs|broker_purchase_cost|holding_period|exit_value|selling_costs
1298,Ready,YES,9800000.0,YES,278400.0,NO,NO,NO,NO,NO,NO,NO,NO,NO,NO,verified_service_charge|net_rental_income|acquisition_costs|broker_purchase_cost|holding_period|exit_value|selling_costs
2917,Offplan,YES,3156000.0,NO,,NO,NO,NO,NO,NO,NO,NO,NO,NO,NO,annual_rent|verified_service_charge|net_rental_income|acquisition_costs|broker_purchase_cost|holding_period|exit_value|selling_costs
1650,Offplan,YES,2953000.0,NO,,NO,NO,NO,NO,NO,NO,NO,NO,NO,NO,annual_rent|verified_service_charge|net_rental_income|acquisition_costs|broker_purchase_cost|holding_period|exit_value|selling_costs
6050,Offplan,YES,824531.0,NO,,NO,NO,NO,NO,NO,NO,NO,NO,NO,NO,annual_rent|verified_service_charge|net_rental_income|acquisition_costs|broker_purchase_cost|holding_period|exit_value|selling_costs
5983,Ready,YES,25750000.0,YES,312000.0,NO,NO,NO,NO,NO,NO,NO,NO,NO,NO,verified_service_charge|net_rental_income|acquisition_costs|broker_purchase_cost|holding_period|exit_value|selling_costs
6273,Offplan,YES,5386529.0,NO,,NO,NO,NO,NO,NO,NO,NO,NO,NO,NO,annual_rent|verified_service_charge|net_rental_income|acquisition_costs|broker_purchase_cost|holding_period|exit_value|selling_costs
3890,Offplan,YES,1614000.0,NO,,NO,NO,NO,NO,NO,NO,NO,NO,NO,NO,annual_rent|verified_service_charge|net_rental_income|acquisition_costs|broker_purchase_cost|holding_period|exit_value|selling_costs
2828,Offplan,YES,1084744.0,NO,,NO,NO,NO,NO,NO,NO,NO,NO,NO,NO,annual_rent|verified_service_charge|net_rental_income|acquisition_costs|broker_purchase_cost|holding_period|exit_value|selling_costs
5506,Offplan,YES,1374390.0,NO,,NO,NO,NO,NO,NO,NO,NO,NO,NO,NO,annual_rent|verified_service_charge|net_rental_income|acquisition_costs|broker_purchase_cost|holding_period|exit_value|selling_costs
4432,Ready,YES,1175000.0,YES,81600.0,NO,NO,NO,NO,NO,NO,NO,NO,NO,NO,verified_service_charge|net_rental_income|acquisition_costs|broker_purchase_cost|holding_period|exit_value|selling_costs
545,Offplan,YES,6360000.0,NO,,NO,NO,NO,NO,NO,NO,NO,NO,NO,NO,annual_rent|verified_service_charge|net_rental_income|acquisition_costs|broker_purchase_cost|holding_period|exit_value|selling_costs
5779,Offplan,YES,4172830.0,NO,,NO,NO,NO,NO,NO,NO,NO,NO,NO,NO,annual_rent|verified_service_charge|net_rental_income|acquisition_costs|broker_purchase_cost|holding_period|exit_value|selling_costs
6417,Offplan,YES,2832000.0,NO,,NO,NO,NO,NO,NO,NO,NO,NO,NO,NO,annual_rent|verified_service_charge|net_rental_income|acquisition_costs|broker_purchase_cost|holding_period|exit_value|selling_costs
1443,Offplan,YES,1991200.0,NO,,NO,NO,NO,NO,NO,NO,NO,NO,NO,NO,annual_rent|verified_service_charge|net_rental_income|acquisition_costs|broker_purchase_cost|holding_period|exit_value|selling_costs
4762,Ready,YES,1300000.0,YES,72000.0,NO,NO,NO,NO,NO,NO,NO,NO,NO,NO,verified_service_charge|net_rental_income|acquisition_costs|broker_purchase_cost|holding_period|exit_value|selling_costs
2266,Ready,YES,1300000.0,YES,73652.0,NO,NO,NO,NO,NO,NO,NO,NO,NO,NO,verified_service_charge|net_rental_income|acquisition_costs|broker_purchase_cost|holding_period|exit_value|selling_costs
6259,Offplan,YES,1995000.0,NO,,NO,NO,NO,NO,NO,NO,NO,NO,NO,NO,annual_rent|verified_service_charge|net_rental_income|acquisition_costs|broker_purchase_cost|holding_period|exit_value|selling_costs
1773,Offplan,YES,1590000.0,NO,,NO,NO,NO,NO,NO,NO,NO,NO,NO,NO,annual_rent|verified_service_charge|net_rental_income|acquisition_costs|broker_purchase_cost|holding_period|exit_value|selling_costs
1145,Offplan,YES,2505000.0,NO,,NO,NO,NO,NO,NO,NO,NO,NO,NO,NO,annual_rent|verified_service_charge|net_rental_income|acquisition_costs|broker_purchase_cost|holding_period|exit_value|selling_costs
3425,Offplan,YES,1063000.0,NO,,NO,NO,NO,NO,NO,NO,NO,NO,NO,NO,annual_rent|verified_service_charge|net_rental_income|acquisition_costs|broker_purchase_cost|holding_period|exit_value|selling_costs
3223,Offplan,YES,1900000.0,NO,,NO,NO,NO,NO,NO,NO,NO,NO,NO,NO,annual_rent|verified_service_charge|net_rental_income|acquisition_costs|broker_purchase_cost|holding_period|exit_value|selling_costs
7908,Offplan,YES,1841000.0,NO,,NO,NO,NO,NO,NO,NO,NO,NO,NO,NO,annual_rent|verified_service_charge|net_rental_income|acquisition_costs|broker_purchase_cost|holding_period|exit_value|selling_costs
5256,Offplan,YES,1200000.0,NO,,NO,NO,NO,NO,NO,NO,NO,NO,NO,NO,annual_rent|verified_service_charge|net_rental_income|acquisition_costs|broker_purchase_cost|holding_period|exit_value|selling_costs
213,Offplan,YES,517010.0,NO,,NO,NO,NO,NO,NO,NO,NO,NO,NO,NO,annual_rent|verified_service_charge|net_rental_income|acquisition_costs|broker_purchase_cost|holding_period|exit_value|selling_costs
5797,Offplan,YES,648000.0,NO,,NO,NO,NO,NO,NO,NO,NO,NO,NO,NO,annual_rent|verified_service_charge|net_rental_income|acquisition_costs|broker_purchase_cost|holding_period|exit_value|selling_costs
5381,Offplan,YES,1677480.0,NO,,NO,NO,NO,NO,NO,NO,NO,NO,NO,NO,annual_rent|verified_service_charge|net_rental_income|acquisition_costs|broker_purchase_cost|holding_period|exit_value|selling_costs
2563,Offplan,YES,1996542.0,NO,,NO,NO,NO,NO,NO,NO,NO,NO,NO,NO,annual_rent|verified_service_charge|net_rental_income|acquisition_costs|broker_purchase_cost|holding_period|exit_value|selling_costs
1582,Offplan,YES,2785080.0,NO,,NO,NO,NO,NO,NO,NO,NO,NO,NO,NO,annual_rent|verified_service_charge|net_rental_income|acquisition_costs|broker_purchase_cost|holding_period|exit_value|selling_costs
3600,Ready,YES,2500000.0,YES,117600.0,NO,NO,NO,NO,NO,NO,NO,NO,NO,NO,verified_service_charge|net_rental_income|acquisition_costs|broker_purchase_cost|holding_period|exit_value|selling_costs
3686,Offplan,YES,1451200.0,NO,,NO,NO,NO,NO,NO,NO,NO,NO,NO,NO,annual_rent|verified_service_charge|net_rental_income|acquisition_costs|broker_purchase_cost|holding_period|exit_value|selling_costs
5687,Offplan,YES,2522000.0,NO,,NO,NO,NO,NO,NO,NO,NO,NO,NO,NO,annual_rent|verified_service_charge|net_rental_income|acquisition_costs|broker_purchase_cost|holding_period|exit_value|selling_costs
3484,Offplan,YES,775885.0,NO,,NO,NO,NO,NO,NO,NO,NO,NO,NO,NO,annual_rent|verified_service_charge|net_rental_income|acquisition_costs|broker_purchase_cost|holding_period|exit_value|selling_costs
4140,Ready,YES,670000.0,YES,45120.0,NO,NO,NO,NO,NO,NO,NO,NO,NO,NO,verified_service_charge|net_rental_income|acquisition_costs|broker_purchase_cost|holding_period|exit_value|selling_costs
1372,Offplan,YES,2998000.0,NO,,NO,NO,NO,NO,NO,NO,NO,NO,NO,NO,annual_rent|verified_service_charge|net_rental_income|acquisition_costs|broker_purchase_cost|holding_period|exit_value|selling_costs
332,Offplan,YES,2994660.0,NO,,NO,NO,NO,NO,NO,NO,NO,NO,NO,NO,annual_rent|verified_service_charge|net_rental_income|acquisition_costs|broker_purchase_cost|holding_period|exit_value|selling_costs
1975,Offplan,YES,2000000.0,NO,,NO,NO,NO,NO,NO,NO,NO,NO,NO,NO,annual_rent|verified_service_charge|net_rental_income|acquisition_costs|broker_purchase_cost|holding_period|exit_value|selling_costs
3031,Offplan,YES,2193000.0,NO,,NO,NO,NO,NO,NO,NO,NO,NO,NO,NO,annual_rent|verified_service_charge|net_rental_income|acquisition_costs|broker_purchase_cost|holding_period|exit_value|selling_costs
7555,Offplan,YES,5300000.0,NO,,NO,NO,NO,NO,NO,NO,NO,NO,NO,NO,annual_rent|verified_service_charge|net_rental_income|acquisition_costs|broker_purchase_cost|holding_period|exit_value|selling_costs
1175,Ready,YES,2200000.0,YES,120000.0,NO,NO,NO,NO,NO,NO,NO,NO,NO,NO,verified_service_charge|net_rental_income|acquisition_costs|broker_purchase_cost|holding_period|exit_value|selling_costs
5936,Ready,YES,7900000.0,NO,,NO,NO,NO,NO,NO,NO,NO,NO,NO,NO,annual_rent|verified_service_charge|net_rental_income|acquisition_costs|broker_purchase_cost|holding_period|exit_value|selling_costs
556,Ready,YES,2620000.0,YES,86400.0,NO,NO,NO,NO,NO,NO,NO,NO,NO,NO,verified_service_charge|net_rental_income|acquisition_costs|broker_purchase_cost|holding_period|exit_value|selling_costs
2606,Offplan,YES,1331111.0,NO,,NO,NO,NO,NO,NO,NO,NO,NO,NO,NO,annual_rent|verified_service_charge|net_rental_income|acquisition_costs|broker_purchase_cost|holding_period|exit_value|selling_costs
7265,Offplan,YES,1550000.0,NO,,NO,NO,NO,NO,NO,NO,NO,NO,NO,NO,annual_rent|verified_service_charge|net_rental_income|acquisition_costs|broker_purchase_cost|holding_period|exit_value|selling_costs
3809,Offplan,YES,5512200.0,NO,,NO,NO,NO,NO,NO,NO,NO,NO,NO,NO,annual_rent|verified_service_charge|net_rental_income|acquisition_costs|broker_purchase_cost|holding_period|exit_value|selling_costs
5846,Offplan,YES,950000.0,NO,,NO,NO,NO,NO,NO,NO,NO,NO,NO,NO,annual_rent|verified_service_charge|net_rental_income|acquisition_costs|broker_purchase_cost|holding_period|exit_value|selling_costs
483,Offplan,YES,1964100.0,NO,,NO,NO,NO,NO,NO,NO,NO,NO,NO,NO,annual_rent|verified_service_charge|net_rental_income|acquisition_costs|broker_purchase_cost|holding_period|exit_value|selling_costs
1179,Offplan,YES,4229000.0,NO,,NO,NO,NO,NO,NO,NO,NO,NO,NO,NO,annual_rent|verified_service_charge|net_rental_income|acquisition_costs|broker_purchase_cost|holding_period|exit_value|selling_costs
4739,Offplan,YES,1821000.0,NO,,NO,NO,NO,NO,NO,NO,NO,NO,NO,NO,annual_rent|verified_service_charge|net_rental_income|acquisition_costs|broker_purchase_cost|holding_period|exit_value|selling_costs
3526,Offplan,YES,1070000.0,NO,,NO,NO,NO,NO,NO,NO,NO,NO,NO,NO,annual_rent|verified_service_charge|net_rental_income|acquisition_costs|broker_purchase_cost|holding_period|exit_value|selling_costs
5593,Ready,YES,3500000.0,YES,163200.0,NO,NO,NO,NO,NO,NO,NO,NO,NO,NO,verified_service_charge|net_rental_income|acquisition_costs|broker_purchase_cost|holding_period|exit_value|selling_costs
6006,Offplan,YES,1399030.0,NO,,NO,NO,NO,NO,NO,NO,NO,NO,NO,NO,annual_rent|verified_service_charge|net_rental_income|acquisition_costs|broker_purchase_cost|holding_period|exit_value|selling_costs
5513,Ready,YES,1400000.0,YES,76800.0,NO,NO,NO,NO,NO,NO,NO,NO,NO,NO,verified_service_charge|net_rental_income|acquisition_costs|broker_purchase_cost|holding_period|exit_value|selling_costs
2893,Offplan,YES,2800000.0,NO,,NO,NO,NO,NO,NO,NO,NO,NO,NO,NO,annual_rent|verified_service_charge|net_rental_income|acquisition_costs|broker_purchase_cost|holding_period|exit_value|selling_costs
4844,Offplan,YES,35254200.0,NO,,NO,NO,NO,NO,NO,NO,NO,NO,NO,NO,annual_rent|verified_service_charge|net_rental_income|acquisition_costs|broker_purchase_cost|holding_period|exit_value|selling_costs
124,Offplan,YES,671999.0,NO,,NO,NO,NO,NO,NO,NO,NO,NO,NO,NO,annual_rent|verified_service_charge|net_rental_income|acquisition_costs|broker_purchase_cost|holding_period|exit_value|selling_costs
5547,Offplan,YES,4200000.0,NO,,NO,NO,NO,NO,NO,NO,NO,NO,NO,NO,annual_rent|verified_service_charge|net_rental_income|acquisition_costs|broker_purchase_cost|holding_period|exit_value|selling_costs
6337,Offplan,YES,1077500.0,NO,,NO,NO,NO,NO,NO,NO,NO,NO,NO,NO,annual_rent|verified_service_charge|net_rental_income|acquisition_costs|broker_purchase_cost|holding_period|exit_value|selling_costs
450,Offplan,YES,1208620.0,NO,,NO,NO,NO,NO,NO,NO,NO,NO,NO,NO,annual_rent|verified_service_charge|net_rental_income|acquisition_costs|broker_purchase_cost|holding_period|exit_value|selling_costs
2816,Ready,YES,750000.0,YES,43200.0,NO,NO,NO,NO,NO,NO,NO,NO,NO,NO,verified_service_charge|net_rental_income|acquisition_costs|broker_purchase_cost|holding_period|exit_value|selling_costs
5741,Offplan,YES,850681.0,NO,,NO,NO,NO,NO,NO,NO,NO,NO,NO,NO,annual_rent|verified_service_charge|net_rental_income|acquisition_costs|broker_purchase_cost|holding_period|exit_value|selling_costs
6947,Offplan,YES,1322205.0,NO,,NO,NO,NO,NO,NO,NO,NO,NO,NO,NO,annual_rent|verified_service_charge|net_rental_income|acquisition_costs|broker_purchase_cost|holding_period|exit_value|selling_costs
5862,Offplan,YES,1654060.0,NO,,NO,NO,NO,NO,NO,NO,NO,NO,NO,NO,annual_rent|verified_service_charge|net_rental_income|acquisition_costs|broker_purchase_cost|holding_period|exit_value|selling_costs
957,Offplan,YES,1230000.0,NO,,NO,NO,NO,NO,NO,NO,NO,NO,NO,NO,annual_rent|verified_service_charge|net_rental_income|acquisition_costs|broker_purchase_cost|holding_period|exit_value|selling_costs
3449,Offplan,YES,1095000.0,NO,,NO,NO,NO,NO,NO,NO,NO,NO,NO,NO,annual_rent|verified_service_charge|net_rental_income|acquisition_costs|broker_purchase_cost|holding_period|exit_value|selling_costs
632,Offplan,YES,2880000.0,NO,,NO,NO,NO,NO,NO,NO,NO,NO,NO,NO,annual_rent|verified_service_charge|net_rental_income|acquisition_costs|broker_purchase_cost|holding_period|exit_value|selling_costs
2721,Offplan,YES,1170240.0,NO,,NO,NO,NO,NO,NO,NO,NO,NO,NO,NO,annual_rent|verified_service_charge|net_rental_income|acquisition_costs|broker_purchase_cost|holding_period|exit_value|selling_costs
6243,Offplan,YES,830000.0,NO,,NO,NO,NO,NO,NO,NO,NO,NO,NO,NO,annual_rent|verified_service_charge|net_rental_income|acquisition_costs|broker_purchase_cost|holding_period|exit_value|selling_costs
3801,Offplan,YES,3250000.0,NO,,NO,NO,NO,NO,NO,NO,NO,NO,NO,NO,annual_rent|verified_service_charge|net_rental_income|acquisition_costs|broker_purchase_cost|holding_period|exit_value|selling_costs
4196,Offplan,YES,671000.0,NO,,NO,NO,NO,NO,NO,NO,NO,NO,NO,NO,annual_rent|verified_service_charge|net_rental_income|acquisition_costs|broker_purchase_cost|holding_period|exit_value|selling_costs
1050,Ready,YES,780000.0,NO,,NO,NO,NO,NO,NO,NO,NO,NO,NO,NO,annual_rent|verified_service_charge|net_rental_income|acquisition_costs|broker_purchase_cost|holding_period|exit_value|selling_costs
3655,Offplan,YES,2985000.0,NO,,NO,NO,NO,NO,NO,NO,NO,NO,NO,NO,annual_rent|verified_service_charge|net_rental_income|acquisition_costs|broker_purchase_cost|holding_period|exit_value|selling_costs
5772,Offplan,YES,2108943.0,NO,,NO,NO,NO,NO,NO,NO,NO,NO,NO,NO,annual_rent|verified_service_charge|net_rental_income|acquisition_costs|broker_purchase_cost|holding_period|exit_value|selling_costs
4967,Offplan,YES,1691140.0,NO,,NO,NO,NO,NO,NO,NO,NO,NO,NO,NO,annual_rent|verified_service_charge|net_rental_income|acquisition_costs|broker_purchase_cost|holding_period|exit_value|selling_costs
152,Ready,YES,1943600.0,YES,76800.0,NO,NO,NO,NO,NO,NO,NO,NO,NO,NO,verified_service_charge|net_rental_income|acquisition_costs|broker_purchase_cost|holding_period|exit_value|selling_costs
5408,Offplan,YES,8800000.0,NO,,NO,NO,NO,NO,NO,NO,NO,NO,NO,NO,annual_rent|verified_service_charge|net_rental_income|acquisition_costs|broker_purchase_cost|holding_period|exit_value|selling_costs
4240,Offplan,YES,2440000.0,NO,,NO,NO,NO,NO,NO,NO,NO,NO,NO,NO,annual_rent|verified_service_charge|net_rental_income|acquisition_costs|broker_purchase_cost|holding_period|exit_value|selling_costs
1641,Ready,YES,800000.0,YES,45120.0,NO,NO,NO,NO,NO,NO,NO,NO,NO,NO,verified_service_charge|net_rental_income|acquisition_costs|broker_purchase_cost|holding_period|exit_value|selling_costs
408,Ready,YES,1200000.0,YES,72000.0,NO,NO,NO,NO,NO,NO,NO,NO,NO,NO,verified_service_charge|net_rental_income|acquisition_costs|broker_purchase_cost|holding_period|exit_value|selling_costs
7817,Ready,YES,720000.0,NO,,NO,NO,NO,NO,NO,NO,NO,NO,NO,NO,annual_rent|verified_service_charge|net_rental_income|acquisition_costs|broker_purchase_cost|holding_period|exit_value|selling_costs
3344,Offplan,YES,3098340.0,NO,,NO,NO,NO,NO,NO,NO,NO,NO,NO,NO,annual_rent|verified_service_charge|net_rental_income|acquisition_costs|broker_purchase_cost|holding_period|exit_value|selling_costs
2609,Offplan,YES,2312000.0,NO,,NO,NO,NO,NO,NO,NO,NO,NO,NO,NO,annual_rent|verified_service_charge|net_rental_income|acquisition_costs|broker_purchase_cost|holding_period|exit_value|selling_costs
5569,Offplan,YES,2290000.0,NO,,NO,NO,NO,NO,NO,NO,NO,NO,NO,NO,annual_rent|verified_service_charge|net_rental_income|acquisition_costs|broker_purchase_cost|holding_period|exit_value|selling_costs
6627,Ready,YES,3550000.0,YES,154289.0,NO,NO,NO,NO,NO,NO,NO,NO,NO,NO,verified_service_charge|net_rental_income|acquisition_costs|broker_purchase_cost|holding_period|exit_value|selling_costs
7409,Offplan,YES,2290000.0,NO,,NO,NO,NO,NO,NO,NO,NO,NO,NO,NO,annual_rent|verified_service_charge|net_rental_income|acquisition_costs|broker_purchase_cost|holding_period|exit_value|selling_costs
5986,Offplan,YES,896000.0,NO,,NO,NO,NO,NO,NO,NO,NO,NO,NO,NO,annual_rent|verified_service_charge|net_rental_income|acquisition_costs|broker_purchase_cost|holding_period|exit_value|selling_costs
7483,Ready,YES,1380000.0,NO,,NO,NO,NO,NO,NO,NO,NO,NO,NO,NO,annual_rent|verified_service_charge|net_rental_income|acquisition_costs|broker_purchase_cost|holding_period|exit_value|selling_costs
2199,Ready,YES,1650000.0,YES,72000.0,NO,NO,NO,NO,NO,NO,NO,NO,NO,NO,verified_service_charge|net_rental_income|acquisition_costs|broker_purchase_cost|holding_period|exit_value|selling_costs
2340,Offplan,YES,1512400.0,NO,,NO,NO,NO,NO,NO,NO,NO,NO,NO,NO,annual_rent|verified_service_charge|net_rental_income|acquisition_costs|broker_purchase_cost|holding_period|exit_value|selling_costs
4057,Offplan,YES,554000.0,NO,,NO,NO,NO,NO,NO,NO,NO,NO,NO,NO,annual_rent|verified_service_charge|net_rental_income|acquisition_costs|broker_purchase_cost|holding_period|exit_value|selling_costs
5319,Ready,YES,2500000.0,YES,124800.0,NO,NO,NO,NO,NO,NO,NO,NO,NO,NO,verified_service_charge|net_rental_income|acquisition_costs|broker_purchase_cost|holding_period|exit_value|selling_costs
8352,Offplan,YES,10750000.0,NO,,NO,NO,NO,NO,NO,NO,NO,NO,NO,NO,annual_rent|verified_service_charge|net_rental_income|acquisition_costs|broker_purchase_cost|holding_period|exit_value|selling_costs
2406,Offplan,YES,11071800.0,NO,,NO,NO,NO,NO,NO,NO,NO,NO,NO,NO,annual_rent|verified_service_charge|net_rental_income|acquisition_costs|broker_purchase_cost|holding_period|exit_value|selling_costs
5047,Offplan,YES,1700000.0,NO,,NO,NO,NO,NO,NO,NO,NO,NO,NO,NO,annual_rent|verified_service_charge|net_rental_income|acquisition_costs|broker_purchase_cost|holding_period|exit_value|selling_costs
8327,Ready,YES,2314000.0,YES,86400.0,NO,NO,NO,NO,NO,NO,NO,NO,NO,NO,verified_service_charge|net_rental_income|acquisition_costs|broker_purchase_cost|holding_period|exit_value|selling_costs
3119,Ready,YES,4173190.0,YES,187200.0,NO,NO,NO,NO,NO,NO,NO,NO,NO,NO,verified_service_charge|net_rental_income|acquisition_costs|broker_purchase_cost|holding_period|exit_value|selling_costs
4099,Offplan,YES,52000000.0,NO,,NO,NO,NO,NO,NO,NO,NO,NO,NO,NO,annual_rent|verified_service_charge|net_rental_income|acquisition_costs|broker_purchase_cost|holding_period|exit_value|selling_costs
2279,Offplan,YES,1701970.0,NO,,NO,NO,NO,NO,NO,NO,NO,NO,NO,NO,annual_rent|verified_service_charge|net_rental_income|acquisition_costs|broker_purchase_cost|holding_period|exit_value|selling_costs
0,Offplan,YES,2749440.0,NO,,NO,NO,NO,NO,NO,NO,NO,NO,NO,NO,annual_rent|verified_service_charge|net_rental_income|acquisition_costs|broker_purchase_cost|holding_period|exit_value|selling_costs
1917,Offplan,YES,4940380.0,NO,,NO,NO,NO,NO,NO,NO,NO,NO,NO,NO,annual_rent|verified_service_charge|net_rental_income|acquisition_costs|broker_purchase_cost|holding_period|exit_value|selling_costs
7426,Ready,YES,1461650.0,YES,86400.0,NO,NO,NO,NO,NO,NO,NO,NO,NO,NO,verified_service_charge|net_rental_income|acquisition_costs|broker_purchase_cost|holding_period|exit_value|selling_costs
5,Ready,YES,2314000.0,YES,115200.0,NO,NO,NO,NO,NO,NO,NO,NO,NO,NO,verified_service_charge|net_rental_income|acquisition_costs|broker_purchase_cost|holding_period|exit_value|selling_costs
1687,Offplan,YES,6242798.0,NO,,NO,NO,NO,NO,NO,NO,NO,NO,NO,NO,annual_rent|verified_service_charge|net_rental_income|acquisition_costs|broker_purchase_cost|holding_period|exit_value|selling_costs
3473,Offplan,YES,2000000.0,NO,,NO,NO,NO,NO,NO,NO,NO,NO,NO,NO,annual_rent|verified_service_charge|net_rental_income|acquisition_costs|broker_purchase_cost|holding_period|exit_value|selling_costs
23,Offplan,YES,1200000.0,NO,,NO,NO,NO,NO,NO,NO,NO,NO,NO,NO,annual_rent|verified_service_charge|net_rental_income|acquisition_costs|broker_purchase_cost|holding_period|exit_value|selling_costs
7815,Offplan,YES,13869000.0,NO,,NO,NO,NO,NO,NO,NO,NO,NO,NO,NO,annual_rent|verified_service_charge|net_rental_income|acquisition_costs|broker_purchase_cost|holding_period|exit_value|selling_costs
8062,Ready,YES,8530000.0,NO,,NO,NO,NO,NO,NO,NO,NO,NO,NO,NO,annual_rent|verified_service_charge|net_rental_income|acquisition_costs|broker_purchase_cost|holding_period|exit_value|selling_costs
1447,Ready,YES,8540000.0,NO,,NO,NO,NO,NO,NO,NO,NO,NO,NO,NO,annual_rent|verified_service_charge|net_rental_income|acquisition_costs|broker_purchase_cost|holding_period|exit_value|selling_costs
2977,Offplan,YES,874999.0,NO,,NO,NO,NO,NO,NO,NO,NO,NO,NO,NO,annual_rent|verified_service_charge|net_rental_income|acquisition_costs|broker_purchase_cost|holding_period|exit_value|selling_costs
1621,Offplan,YES,3206090.0,NO,,NO,NO,NO,NO,NO,NO,NO,NO,NO,NO,annual_rent|verified_service_charge|net_rental_income|acquisition_costs|broker_purchase_cost|holding_period|exit_value|selling_costs
1276,Offplan,YES,995000.0,NO,,NO,NO,NO,NO,NO,NO,NO,NO,NO,NO,annual_rent|verified_service_charge|net_rental_income|acquisition_costs|broker_purchase_cost|holding_period|exit_value|selling_costs
7799,Ready,YES,950000.0,YES,54331.0,NO,NO,NO,NO,NO,NO,NO,NO,NO,NO,verified_service_charge|net_rental_income|acquisition_costs|broker_purchase_cost|holding_period|exit_value|selling_costs
4988,Offplan,YES,1171005.0,NO,,NO,NO,NO,NO,NO,NO,NO,NO,NO,NO,annual_rent|verified_service_charge|net_rental_income|acquisition_costs|broker_purchase_cost|holding_period|exit_value|selling_costs
7139,Offplan,YES,3250000.0,NO,,NO,NO,NO,NO,NO,NO,NO,NO,NO,NO,annual_rent|verified_service_charge|net_rental_income|acquisition_costs|broker_purchase_cost|holding_period|exit_value|selling_costs
7529,Offplan,YES,1280340.0,NO,,NO,NO,NO,NO,NO,NO,NO,NO,NO,NO,annual_rent|verified_service_charge|net_rental_income|acquisition_costs|broker_purchase_cost|holding_period|exit_value|selling_costs
8250,Offplan,YES,6088684.0,NO,,NO,NO,NO,NO,NO,NO,NO,NO,NO,NO,annual_rent|verified_service_charge|net_rental_income|acquisition_costs|broker_purchase_cost|holding_period|exit_value|selling_costs
3782,Offplan,YES,3811000.0,NO,,NO,NO,NO,NO,NO,NO,NO,NO,NO,NO,annual_rent|verified_service_charge|net_rental_income|acquisition_costs|broker_purchase_cost|holding_period|exit_value|selling_costs
1883,Offplan,YES,733921.0,NO,,NO,NO,NO,NO,NO,NO,NO,NO,NO,NO,annual_rent|verified_service_charge|net_rental_income|acquisition_costs|broker_purchase_cost|holding_period|exit_value|selling_costs
5820,Offplan,YES,1100000.0,NO,,NO,NO,NO,NO,NO,NO,NO,NO,NO,NO,annual_rent|verified_service_charge|net_rental_income|acquisition_costs|broker_purchase_cost|holding_period|exit_value|selling_costs
2236,Ready,YES,2100000.0,YES,73347.0,NO,NO,NO,NO,NO,NO,NO,NO,NO,NO,verified_service_charge|net_rental_income|acquisition_costs|broker_purchase_cost|holding_period|exit_value|selling_costs
3035,Offplan,YES,1274820.0,NO,,NO,NO,NO,NO,NO,NO,NO,NO,NO,NO,annual_rent|verified_service_charge|net_rental_income|acquisition_costs|broker_purchase_cost|holding_period|exit_value|selling_costs
7746,Offplan,YES,1451914.0,NO,,NO,NO,NO,NO,NO,NO,NO,NO,NO,NO,annual_rent|verified_service_charge|net_rental_income|acquisition_costs|broker_purchase_cost|holding_period|exit_value|selling_costs
4856,Offplan,YES,2950000.0,NO,,NO,NO,NO,NO,NO,NO,NO,NO,NO,NO,annual_rent|verified_service_charge|net_rental_income|acquisition_costs|broker_purchase_cost|holding_period|exit_value|selling_costs
4795,Offplan,YES,9407700.0,NO,,NO,NO,NO,NO,NO,NO,NO,NO,NO,NO,annual_rent|verified_service_charge|net_rental_income|acquisition_costs|broker_purchase_cost|holding_period|exit_value|selling_costs
4513,Ready,YES,5500000.0,YES,220800.0,NO,NO,NO,NO,NO,NO,NO,NO,NO,NO,verified_service_charge|net_rental_income|acquisition_costs|broker_purchase_cost|holding_period|exit_value|selling_costs
2123,Offplan,YES,763295.0,NO,,NO,NO,NO,NO,NO,NO,NO,NO,NO,NO,annual_rent|verified_service_charge|net_rental_income|acquisition_costs|broker_purchase_cost|holding_period|exit_value|selling_costs
3150,Ready,YES,5200000.0,YES,201600.0,NO,NO,NO,NO,NO,NO,NO,NO,NO,NO,verified_service_charge|net_rental_income|acquisition_costs|broker_purchase_cost|holding_period|exit_value|selling_costs
2601,Offplan,YES,1193820.0,NO,,NO,NO,NO,NO,NO,NO,NO,NO,NO,NO,annual_rent|verified_service_charge|net_rental_income|acquisition_costs|broker_purchase_cost|holding_period|exit_value|selling_costs
6185,Offplan,YES,913999.0,NO,,NO,NO,NO,NO,NO,NO,NO,NO,NO,NO,annual_rent|verified_service_charge|net_rental_income|acquisition_costs|broker_purchase_cost|holding_period|exit_value|selling_costs
7310,Offplan,YES,4776670.0,NO,,NO,NO,NO,NO,NO,NO,NO,NO,NO,NO,annual_rent|verified_service_charge|net_rental_income|acquisition_costs|broker_purchase_cost|holding_period|exit_value|selling_costs
7109,Offplan,YES,925000.0,NO,,NO,NO,NO,NO,NO,NO,NO,NO,NO,NO,annual_rent|verified_service_charge|net_rental_income|acquisition_costs|broker_purchase_cost|holding_period|exit_value|selling_costs
7392,Offplan,YES,6194635.0,NO,,NO,NO,NO,NO,NO,NO,NO,NO,NO,NO,annual_rent|verified_service_charge|net_rental_income|acquisition_costs|broker_purchase_cost|holding_period|exit_value|selling_costs
1640,Offplan,YES,6795000.0,NO,,NO,NO,NO,NO,NO,NO,NO,NO,NO,NO,annual_rent|verified_service_charge|net_rental_income|acquisition_costs|broker_purchase_cost|holding_period|exit_value|selling_costs
4489,Offplan,YES,1792780.0,NO,,NO,NO,NO,NO,NO,NO,NO,NO,NO,NO,annual_rent|verified_service_charge|net_rental_income|acquisition_costs|broker_purchase_cost|holding_period|exit_value|selling_costs
517,Offplan,YES,6200000.0,NO,,NO,NO,NO,NO,NO,NO,NO,NO,NO,NO,annual_rent|verified_service_charge|net_rental_income|acquisition_costs|broker_purchase_cost|holding_period|exit_value|selling_costs
156,Offplan,YES,2563720.0,NO,,NO,NO,NO,NO,NO,NO,NO,NO,NO,NO,annual_rent|verified_service_charge|net_rental_income|acquisition_costs|broker_purchase_cost|holding_period|exit_value|selling_costs
5245,Offplan,YES,3954830.0,NO,,NO,NO,NO,NO,NO,NO,NO,NO,NO,NO,annual_rent|verified_service_charge|net_rental_income|acquisition_costs|broker_purchase_cost|holding_period|exit_value|selling_costs
5715,Offplan,YES,1863180.0,NO,,NO,NO,NO,NO,NO,NO,NO,NO,NO,NO,annual_rent|verified_service_charge|net_rental_income|acquisition_costs|broker_purchase_cost|holding_period|exit_value|selling_costs
5919,Offplan,YES,1650410.0,NO,,NO,NO,NO,NO,NO,NO,NO,NO,NO,NO,annual_rent|verified_service_charge|net_rental_income|acquisition_costs|broker_purchase_cost|holding_period|exit_value|selling_costs
1082,Offplan,YES,1159389.0,NO,,NO,NO,NO,NO,NO,NO,NO,NO,NO,NO,annual_rent|verified_service_charge|net_rental_income|acquisition_costs|broker_purchase_cost|holding_period|exit_value|selling_costs
7461,Ready,YES,1369710.0,YES,61701.0,NO,NO,NO,NO,NO,NO,NO,NO,NO,NO,verified_service_charge|net_rental_income|acquisition_costs|broker_purchase_cost|holding_period|exit_value|selling_costs
5710,Offplan,YES,1511000.0,NO,,NO,NO,NO,NO,NO,NO,NO,NO,NO,NO,annual_rent|verified_service_charge|net_rental_income|acquisition_costs|broker_purchase_cost|holding_period|exit_value|selling_costs
4174,Offplan,YES,3471000.0,NO,,NO,NO,NO,NO,NO,NO,NO,NO,NO,NO,annual_rent|verified_service_charge|net_rental_income|acquisition_costs|broker_purchase_cost|holding_period|exit_value|selling_costs
1615,Offplan,YES,28300000.0,NO,,NO,NO,NO,NO,NO,NO,NO,NO,NO,NO,annual_rent|verified_service_charge|net_rental_income|acquisition_costs|broker_purchase_cost|holding_period|exit_value|selling_costs
1236,Offplan,YES,1490000.0,NO,,NO,NO,NO,NO,NO,NO,NO,NO,NO,NO,annual_rent|verified_service_charge|net_rental_income|acquisition_costs|broker_purchase_cost|holding_period|exit_value|selling_costs
3524,Offplan,YES,1453200.0,NO,,NO,NO,NO,NO,NO,NO,NO,NO,NO,NO,annual_rent|verified_service_charge|net_rental_income|acquisition_costs|broker_purchase_cost|holding_period|exit_value|selling_costs
6217,Ready,YES,4100000.0,YES,122880.0,NO,NO,NO,NO,NO,NO,NO,NO,NO,NO,verified_service_charge|net_rental_income|acquisition_costs|broker_purchase_cost|holding_period|exit_value|selling_costs
5075,Ready,YES,4300000.0,YES,139200.0,NO,NO,NO,NO,NO,NO,NO,NO,NO,NO,verified_service_charge|net_rental_income|acquisition_costs|broker_purchase_cost|holding_period|exit_value|selling_costs
2178,Ready,YES,729999.0,YES,43200.0,NO,NO,NO,NO,NO,NO,NO,NO,NO,NO,verified_service_charge|net_rental_income|acquisition_costs|broker_purchase_cost|holding_period|exit_value|selling_costs
7633,Offplan,YES,941888.0,NO,,NO,NO,NO,NO,NO,NO,NO,NO,NO,NO,annual_rent|verified_service_charge|net_rental_income|acquisition_costs|broker_purchase_cost|holding_period|exit_value|selling_costs
6012,Offplan,YES,1327530.0,NO,,NO,NO,NO,NO,NO,NO,NO,NO,NO,NO,annual_rent|verified_service_charge|net_rental_income|acquisition_costs|broker_purchase_cost|holding_period|exit_value|selling_costs
5843,Offplan,YES,3000000.0,NO,,NO,NO,NO,NO,NO,NO,NO,NO,NO,NO,annual_rent|verified_service_charge|net_rental_income|acquisition_costs|broker_purchase_cost|holding_period|exit_value|selling_costs
31,Ready,YES,940000.0,NO,,NO,NO,NO,NO,NO,NO,NO,NO,NO,NO,annual_rent|verified_service_charge|net_rental_income|acquisition_costs|broker_purchase_cost|holding_period|exit_value|selling_costs
7145,Offplan,YES,1303000.0,NO,,NO,NO,NO,NO,NO,NO,NO,NO,NO,NO,annual_rent|verified_service_charge|net_rental_income|acquisition_costs|broker_purchase_cost|holding_period|exit_value|selling_costs
6042,Offplan,YES,5100000.0,NO,,NO,NO,NO,NO,NO,NO,NO,NO,NO,NO,annual_rent|verified_service_charge|net_rental_income|acquisition_costs|broker_purchase_cost|holding_period|exit_value|selling_costs
7427,Offplan,YES,3319000.0,NO,,NO,NO,NO,NO,NO,NO,NO,NO,NO,NO,annual_rent|verified_service_charge|net_rental_income|acquisition_costs|broker_purchase_cost|holding_period|exit_value|selling_costs
7953,Ready,YES,12800000.0,YES,327360.0,NO,NO,NO,NO,NO,NO,NO,NO,NO,NO,verified_service_charge|net_rental_income|acquisition_costs|broker_purchase_cost|holding_period|exit_value|selling_costs
6727,Offplan,YES,2400000.0,NO,,NO,NO,NO,NO,NO,NO,NO,NO,NO,NO,annual_rent|verified_service_charge|net_rental_income|acquisition_costs|broker_purchase_cost|holding_period|exit_value|selling_costs
3917,Offplan,YES,1379680.0,NO,,NO,NO,NO,NO,NO,NO,NO,NO,NO,NO,annual_rent|verified_service_charge|net_rental_income|acquisition_costs|broker_purchase_cost|holding_period|exit_value|selling_costs
1373,Offplan,YES,1617870.0,NO,,NO,NO,NO,NO,NO,NO,NO,NO,NO,NO,annual_rent|verified_service_charge|net_rental_income|acquisition_costs|broker_purchase_cost|holding_period|exit_value|selling_costs
3547,Offplan,YES,5666090.0,NO,,NO,NO,NO,NO,NO,NO,NO,NO,NO,NO,annual_rent|verified_service_charge|net_rental_income|acquisition_costs|broker_purchase_cost|holding_period|exit_value|selling_costs
1599,Offplan,YES,4522098.0,NO,,NO,NO,NO,NO,NO,NO,NO,NO,NO,NO,annual_rent|verified_service_charge|net_rental_income|acquisition_costs|broker_purchase_cost|holding_period|exit_value|selling_costs
583,Offplan,YES,1025000.0,NO,,NO,NO,NO,NO,NO,NO,NO,NO,NO,NO,annual_rent|verified_service_charge|net_rental_income|acquisition_costs|broker_purchase_cost|holding_period|exit_value|selling_costs
6973,Offplan,YES,5087888.0,NO,,NO,NO,NO,NO,NO,NO,NO,NO,NO,NO,annual_rent|verified_service_charge|net_rental_income|acquisition_costs|broker_purchase_cost|holding_period|exit_value|selling_costs
6166,Offplan,YES,2928000.0,NO,,NO,NO,NO,NO,NO,NO,NO,NO,NO,NO,annual_rent|verified_service_charge|net_rental_income|acquisition_costs|broker_purchase_cost|holding_period|exit_value|selling_costs
7399,Offplan,YES,1734000.0,NO,,NO,NO,NO,NO,NO,NO,NO,NO,NO,NO,annual_rent|verified_service_charge|net_rental_income|acquisition_costs|broker_purchase_cost|holding_period|exit_value|selling_costs
7687,Offplan,YES,1269900.0,NO,,NO,NO,NO,NO,NO,NO,NO,NO,NO,NO,annual_rent|verified_service_charge|net_rental_income|acquisition_costs|broker_purchase_cost|holding_period|exit_value|selling_costs
6223,Offplan,YES,3594830.0,NO,,NO,NO,NO,NO,NO,NO,NO,NO,NO,NO,annual_rent|verified_service_charge|net_rental_income|acquisition_costs|broker_purchase_cost|holding_period|exit_value|selling_costs
5903,Offplan,YES,18350000.0,NO,,NO,NO,NO,NO,NO,NO,NO,NO,NO,NO,annual_rent|verified_service_charge|net_rental_income|acquisition_costs|broker_purchase_cost|holding_period|exit_value|selling_costs
1821,Ready,YES,2400000.0,YES,100800.0,NO,NO,NO,NO,NO,NO,NO,NO,NO,NO,verified_service_charge|net_rental_income|acquisition_costs|broker_purchase_cost|holding_period|exit_value|selling_costs
1471,Offplan,YES,633275.0,NO,,NO,NO,NO,NO,NO,NO,NO,NO,NO,NO,annual_rent|verified_service_charge|net_rental_income|acquisition_costs|broker_purchase_cost|holding_period|exit_value|selling_costs
1456,Offplan,YES,18396000.0,NO,,NO,NO,NO,NO,NO,NO,NO,NO,NO,NO,annual_rent|verified_service_charge|net_rental_income|acquisition_costs|broker_purchase_cost|holding_period|exit_value|selling_costs
6099,Ready,YES,6000000.0,YES,220800.0,NO,NO,NO,NO,NO,NO,NO,NO,NO,NO,verified_service_charge|net_rental_income|acquisition_costs|broker_purchase_cost|holding_period|exit_value|selling_costs
7654,Offplan,YES,6670000.0,NO,,NO,NO,NO,NO,NO,NO,NO,NO,NO,NO,annual_rent|verified_service_charge|net_rental_income|acquisition_costs|broker_purchase_cost|holding_period|exit_value|selling_costs
6842,Offplan,YES,836075.0,NO,,NO,NO,NO,NO,NO,NO,NO,NO,NO,NO,annual_rent|verified_service_charge|net_rental_income|acquisition_costs|broker_purchase_cost|holding_period|exit_value|selling_costs
8105,Offplan,YES,45000000.0,NO,,NO,NO,NO,NO,NO,NO,NO,NO,NO,NO,annual_rent|verified_service_charge|net_rental_income|acquisition_costs|broker_purchase_cost|holding_period|exit_value|selling_costs
4007,Offplan,YES,16500000.0,NO,,NO,NO,NO,NO,NO,NO,NO,NO,NO,NO,annual_rent|verified_service_charge|net_rental_income|acquisition_costs|broker_purchase_cost|holding_period|exit_value|selling_costs
2952,Offplan,YES,800000.0,NO,,NO,NO,NO,NO,NO,NO,NO,NO,NO,NO,annual_rent|verified_service_charge|net_rental_income|acquisition_costs|broker_purchase_cost|holding_period|exit_value|selling_costs
1825,Offplan,YES,2234159.0,NO,,NO,NO,NO,NO,NO,NO,NO,NO,NO,NO,annual_rent|verified_service_charge|net_rental_income|acquisition_costs|broker_purchase_cost|holding_period|exit_value|selling_costs
7874,Offplan,YES,2691000.0,NO,,NO,NO,NO,NO,NO,NO,NO,NO,NO,NO,annual_rent|verified_service_charge|net_rental_income|acquisition_costs|broker_purchase_cost|holding_period|exit_value|selling_costs
3378,Offplan,YES,1313000.0,NO,,NO,NO,NO,NO,NO,NO,NO,NO,NO,NO,annual_rent|verified_service_charge|net_rental_income|acquisition_costs|broker_purchase_cost|holding_period|exit_value|selling_costs
1178,Offplan,YES,3590828.0,NO,,NO,NO,NO,NO,NO,NO,NO,NO,NO,NO,annual_rent|verified_service_charge|net_rental_income|acquisition_costs|broker_purchase_cost|holding_period|exit_value|selling_costs
623,Offplan,YES,2335722.0,NO,,NO,NO,NO,NO,NO,NO,NO,NO,NO,NO,annual_rent|verified_service_charge|net_rental_income|acquisition_costs|broker_purchase_cost|holding_period|exit_value|selling_costs
3960,Offplan,YES,4830000.0,NO,,NO,NO,NO,NO,NO,NO,NO,NO,NO,NO,annual_rent|verified_service_charge|net_rental_income|acquisition_costs|broker_purchase_cost|holding_period|exit_value|selling_costs
5327,Offplan,YES,2552000.0,NO,,NO,NO,NO,NO,NO,NO,NO,NO,NO,NO,annual_rent|verified_service_charge|net_rental_income|acquisition_costs|broker_purchase_cost|holding_period|exit_value|selling_costs
7952,Offplan,YES,3219000.0,NO,,NO,NO,NO,NO,NO,NO,NO,NO,NO,NO,annual_rent|verified_service_charge|net_rental_income|acquisition_costs|broker_purchase_cost|holding_period|exit_value|selling_costs
547,Offplan,YES,1978000.0,NO,,NO,NO,NO,NO,NO,NO,NO,NO,NO,NO,annual_rent|verified_service_charge|net_rental_income|acquisition_costs|broker_purchase_cost|holding_period|exit_value|selling_costs
8350,Offplan,YES,4982441.0,NO,,NO,NO,NO,NO,NO,NO,NO,NO,NO,NO,annual_rent|verified_service_charge|net_rental_income|acquisition_costs|broker_purchase_cost|holding_period|exit_value|selling_costs
8203,Offplan,YES,3100693.0,NO,,NO,NO,NO,NO,NO,NO,NO,NO,NO,NO,annual_rent|verified_service_charge|net_rental_income|acquisition_costs|broker_purchase_cost|holding_period|exit_value|selling_costs
2710,Offplan,YES,1100000.0,NO,,NO,NO,NO,NO,NO,NO,NO,NO,NO,NO,annual_rent|verified_service_charge|net_rental_income|acquisition_costs|broker_purchase_cost|holding_period|exit_value|selling_costs
4324,Offplan,YES,7390000.0,NO,,NO,NO,NO,NO,NO,NO,NO,NO,NO,NO,annual_rent|verified_service_charge|net_rental_income|acquisition_costs|broker_purchase_cost|holding_period|exit_value|selling_costs
1682,Offplan,YES,1700000.0,NO,,NO,NO,NO,NO,NO,NO,NO,NO,NO,NO,annual_rent|verified_service_charge|net_rental_income|acquisition_costs|broker_purchase_cost|holding_period|exit_value|selling_costs
2170,Ready,YES,2800000.0,YES,121928.0,NO,NO,NO,NO,NO,NO,NO,NO,NO,NO,verified_service_charge|net_rental_income|acquisition_costs|broker_purchase_cost|holding_period|exit_value|selling_costs
4802,Offplan,YES,2086280.0,NO,,NO,NO,NO,NO,NO,NO,NO,NO,NO,NO,annual_rent|verified_service_charge|net_rental_income|acquisition_costs|broker_purchase_cost|holding_period|exit_value|selling_costs
6683,Offplan,YES,1620820.0,NO,,NO,NO,NO,NO,NO,NO,NO,NO,NO,NO,annual_rent|verified_service_charge|net_rental_income|acquisition_costs|broker_purchase_cost|holding_period|exit_value|selling_costs
8265,Offplan,YES,3600000.0,NO,,NO,NO,NO,NO,NO,NO,NO,NO,NO,NO,annual_rent|verified_service_charge|net_rental_income|acquisition_costs|broker_purchase_cost|holding_period|exit_value|selling_costs
3043,Offplan,YES,1000000.0,YES,38400.0,NO,NO,NO,NO,NO,NO,NO,NO,NO,NO,verified_service_charge|net_rental_income|acquisition_costs|broker_purchase_cost|holding_period|exit_value|selling_costs
5423,Offplan,YES,1192689.0,NO,,NO,NO,NO,NO,NO,NO,NO,NO,NO,NO,annual_rent|verified_service_charge|net_rental_income|acquisition_costs|broker_purchase_cost|holding_period|exit_value|selling_costs
7848,Ready,YES,2095000.0,YES,91200.0,NO,NO,NO,NO,NO,NO,NO,NO,NO,NO,verified_service_charge|net_rental_income|acquisition_costs|broker_purchase_cost|holding_period|exit_value|selling_costs
4435,Offplan,YES,1700000.0,NO,,NO,NO,NO,NO,NO,NO,NO,NO,NO,NO,annual_rent|verified_service_charge|net_rental_income|acquisition_costs|broker_purchase_cost|holding_period|exit_value|selling_costs
7182,Offplan,YES,2900000.0,NO,,NO,NO,NO,NO,NO,NO,NO,NO,NO,NO,annual_rent|verified_service_charge|net_rental_income|acquisition_costs|broker_purchase_cost|holding_period|exit_value|selling_costs
8057,Ready,YES,4500000.0,YES,172800.0,NO,NO,NO,NO,NO,NO,NO,NO,NO,NO,verified_service_charge|net_rental_income|acquisition_costs|broker_purchase_cost|holding_period|exit_value|selling_costs
2644,Offplan,YES,5445000.0,NO,,NO,NO,NO,NO,NO,NO,NO,NO,NO,NO,annual_rent|verified_service_charge|net_rental_income|acquisition_costs|broker_purchase_cost|holding_period|exit_value|selling_costs
5370,Ready,YES,2500000.0,YES,86400.0,NO,NO,NO,NO,NO,NO,NO,NO,NO,NO,verified_service_charge|net_rental_income|acquisition_costs|broker_purchase_cost|holding_period|exit_value|selling_costs
717,Ready,YES,4500000.0,YES,158400.0,NO,NO,NO,NO,NO,NO,NO,NO,NO,NO,verified_service_charge|net_rental_income|acquisition_costs|broker_purchase_cost|holding_period|exit_value|selling_costs
7094,Offplan,YES,1061000.0,NO,,NO,NO,NO,NO,NO,NO,NO,NO,NO,NO,annual_rent|verified_service_charge|net_rental_income|acquisition_costs|broker_purchase_cost|holding_period|exit_value|selling_costs
5520,Offplan,YES,3540000.0,NO,,NO,NO,NO,NO,NO,NO,NO,NO,NO,NO,annual_rent|verified_service_charge|net_rental_income|acquisition_costs|broker_purchase_cost|holding_period|exit_value|selling_costs
1391,Offplan,YES,1289570.0,NO,,NO,NO,NO,NO,NO,NO,NO,NO,NO,NO,annual_rent|verified_service_charge|net_rental_income|acquisition_costs|broker_purchase_cost|holding_period|exit_value|selling_costs
4530,Offplan,YES,17000000.0,NO,,NO,NO,NO,NO,NO,NO,NO,NO,NO,NO,annual_rent|verified_service_charge|net_rental_income|acquisition_costs|broker_purchase_cost|holding_period|exit_value|selling_costs
6585,Offplan,YES,1082660.0,NO,,NO,NO,NO,NO,NO,NO,NO,NO,NO,NO,annual_rent|verified_service_charge|net_rental_income|acquisition_costs|broker_purchase_cost|holding_period|exit_value|selling_costs
585,Offplan,YES,9108000.0,NO,,NO,NO,NO,NO,NO,NO,NO,NO,NO,NO,annual_rent|verified_service_charge|net_rental_income|acquisition_costs|broker_purchase_cost|holding_period|exit_value|selling_costs
5024,Offplan,YES,6500000.0,NO,,NO,NO,NO,NO,NO,NO,NO,NO,NO,NO,annual_rent|verified_service_charge|net_rental_income|acquisition_costs|broker_purchase_cost|holding_period|exit_value|selling_costs
2197,Offplan,YES,2400000.0,NO,,NO,NO,NO,NO,NO,NO,NO,NO,NO,NO,annual_rent|verified_service_charge|net_rental_income|acquisition_costs|broker_purchase_cost|holding_period|exit_value|selling_costs
1692,Offplan,YES,2900000.0,NO,,NO,NO,NO,NO,NO,NO,NO,NO,NO,NO,annual_rent|verified_service_charge|net_rental_income|acquisition_costs|broker_purchase_cost|holding_period|exit_value|selling_costs
7944,Offplan,YES,1821220.0,NO,,NO,NO,NO,NO,NO,NO,NO,NO,NO,NO,annual_rent|verified_service_charge|net_rental_income|acquisition_costs|broker_purchase_cost|holding_period|exit_value|selling_costs
5792,Offplan,YES,1500000.0,NO,,NO,NO,NO,NO,NO,NO,NO,NO,NO,NO,annual_rent|verified_service_charge|net_rental_income|acquisition_costs|broker_purchase_cost|holding_period|exit_value|selling_costs
2198,Offplan,YES,1813000.0,NO,,NO,NO,NO,NO,NO,NO,NO,NO,NO,NO,annual_rent|verified_service_charge|net_rental_income|acquisition_costs|broker_purchase_cost|holding_period|exit_value|selling_costs
8212,Offplan,YES,4872000.0,NO,,NO,NO,NO,NO,NO,NO,NO,NO,NO,NO,annual_rent|verified_service_charge|net_rental_income|acquisition_costs|broker_purchase_cost|holding_period|exit_value|selling_costs
5546,Offplan,YES,7620000.0,NO,,NO,NO,NO,NO,NO,NO,NO,NO,NO,NO,annual_rent|verified_service_charge|net_rental_income|acquisition_costs|broker_purchase_cost|holding_period|exit_value|selling_costs
4936,Offplan,YES,1541100.0,NO,,NO,NO,NO,NO,NO,NO,NO,NO,NO,NO,annual_rent|verified_service_charge|net_rental_income|acquisition_costs|broker_purchase_cost|holding_period|exit_value|selling_costs
7170,Ready,YES,1750000.0,YES,78720.0,NO,NO,NO,NO,NO,NO,NO,NO,NO,NO,verified_service_charge|net_rental_income|acquisition_costs|broker_purchase_cost|holding_period|exit_value|selling_costs
2124,Ready,YES,2550000.0,NO,,NO,NO,NO,NO,NO,NO,NO,NO,NO,NO,annual_rent|verified_service_charge|net_rental_income|acquisition_costs|broker_purchase_cost|holding_period|exit_value|selling_costs
768,Offplan,YES,757000.0,NO,,NO,NO,NO,NO,NO,NO,NO,NO,NO,NO,annual_rent|verified_service_charge|net_rental_income|acquisition_costs|broker_purchase_cost|holding_period|exit_value|selling_costs
871,Offplan,YES,4732100.0,NO,,NO,NO,NO,NO,NO,NO,NO,NO,NO,NO,annual_rent|verified_service_charge|net_rental_income|acquisition_costs|broker_purchase_cost|holding_period|exit_value|selling_costs
866,Offplan,YES,2140779.0,NO,,NO,NO,NO,NO,NO,NO,NO,NO,NO,NO,annual_rent|verified_service_charge|net_rental_income|acquisition_costs|broker_purchase_cost|holding_period|exit_value|selling_costs
8006,Offplan,YES,2744020.0,NO,,NO,NO,NO,NO,NO,NO,NO,NO,NO,NO,annual_rent|verified_service_charge|net_rental_income|acquisition_costs|broker_purchase_cost|holding_period|exit_value|selling_costs
5195,Offplan,YES,2749170.0,NO,,NO,NO,NO,NO,NO,NO,NO,NO,NO,NO,annual_rent|verified_service_charge|net_rental_income|acquisition_costs|broker_purchase_cost|holding_period|exit_value|selling_costs
7017,Offplan,YES,1300000.0,NO,,NO,NO,NO,NO,NO,NO,NO,NO,NO,NO,annual_rent|verified_service_charge|net_rental_income|acquisition_costs|broker_purchase_cost|holding_period|exit_value|selling_costs
1439,Offplan,YES,3767000.0,NO,,NO,NO,NO,NO,NO,NO,NO,NO,NO,NO,annual_rent|verified_service_charge|net_rental_income|acquisition_costs|broker_purchase_cost|holding_period|exit_value|selling_costs
3457,Offplan,YES,4500000.0,NO,,NO,NO,NO,NO,NO,NO,NO,NO,NO,NO,annual_rent|verified_service_charge|net_rental_income|acquisition_costs|broker_purchase_cost|holding_period|exit_value|selling_costs
5407,Ready,YES,2572000.0,YES,134400.0,NO,NO,NO,NO,NO,NO,NO,NO,NO,NO,verified_service_charge|net_rental_income|acquisition_costs|broker_purchase_cost|holding_period|exit_value|selling_costs
7366,Offplan,YES,13587000.0,NO,,NO,NO,NO,NO,NO,NO,NO,NO,NO,NO,annual_rent|verified_service_charge|net_rental_income|acquisition_costs|broker_purchase_cost|holding_period|exit_value|selling_costs
3806,Offplan,YES,5100000.0,NO,,NO,NO,NO,NO,NO,NO,NO,NO,NO,NO,annual_rent|verified_service_charge|net_rental_income|acquisition_costs|broker_purchase_cost|holding_period|exit_value|selling_costs
3580,Offplan,YES,31100000.0,NO,,NO,NO,NO,NO,NO,NO,NO,NO,NO,NO,annual_rent|verified_service_charge|net_rental_income|acquisition_costs|broker_purchase_cost|holding_period|exit_value|selling_costs
7349,Ready,YES,6000000.0,YES,317520.0,NO,NO,NO,NO,NO,NO,NO,NO,NO,NO,verified_service_charge|net_rental_income|acquisition_costs|broker_purchase_cost|holding_period|exit_value|selling_costs
7160,Offplan,YES,1500000.0,NO,,NO,NO,NO,NO,NO,NO,NO,NO,NO,NO,annual_rent|verified_service_charge|net_rental_income|acquisition_costs|broker_purchase_cost|holding_period|exit_value|selling_costs
1205,Offplan,YES,8035000.0,NO,,NO,NO,NO,NO,NO,NO,NO,NO,NO,NO,annual_rent|verified_service_charge|net_rental_income|acquisition_costs|broker_purchase_cost|holding_period|exit_value|selling_costs
2646,Offplan,YES,2474260.0,NO,,NO,NO,NO,NO,NO,NO,NO,NO,NO,NO,annual_rent|verified_service_charge|net_rental_income|acquisition_costs|broker_purchase_cost|holding_period|exit_value|selling_costs
7575,Offplan,YES,1496000.0,NO,,NO,NO,NO,NO,NO,NO,NO,NO,NO,NO,annual_rent|verified_service_charge|net_rental_income|acquisition_costs|broker_purchase_cost|holding_period|exit_value|selling_costs
6601,Offplan,YES,4076070.0,NO,,NO,NO,NO,NO,NO,NO,NO,NO,NO,NO,annual_rent|verified_service_charge|net_rental_income|acquisition_costs|broker_purchase_cost|holding_period|exit_value|selling_costs
7035,Offplan,YES,11535800.0,NO,,NO,NO,NO,NO,NO,NO,NO,NO,NO,NO,annual_rent|verified_service_charge|net_rental_income|acquisition_costs|broker_purchase_cost|holding_period|exit_value|selling_costs
6880,Offplan,YES,2761000.0,NO,,NO,NO,NO,NO,NO,NO,NO,NO,NO,NO,annual_rent|verified_service_charge|net_rental_income|acquisition_costs|broker_purchase_cost|holding_period|exit_value|selling_costs
3436,Offplan,YES,2775828.0,NO,,NO,NO,NO,NO,NO,NO,NO,NO,NO,NO,annual_rent|verified_service_charge|net_rental_income|acquisition_costs|broker_purchase_cost|holding_period|exit_value|selling_costs
7672,Offplan,YES,3765851.0,NO,,NO,NO,NO,NO,NO,NO,NO,NO,NO,NO,annual_rent|verified_service_charge|net_rental_income|acquisition_costs|broker_purchase_cost|holding_period|exit_value|selling_costs
4343,Offplan,YES,1850000.0,NO,,NO,NO,NO,NO,NO,NO,NO,NO,NO,NO,annual_rent|verified_service_charge|net_rental_income|acquisition_costs|broker_purchase_cost|holding_period|exit_value|selling_costs
3076,Offplan,YES,5400000.0,NO,,NO,NO,NO,NO,NO,NO,NO,NO,NO,NO,annual_rent|verified_service_charge|net_rental_income|acquisition_costs|broker_purchase_cost|holding_period|exit_value|selling_costs
5666,Offplan,YES,3500000.0,NO,,NO,NO,NO,NO,NO,NO,NO,NO,NO,NO,annual_rent|verified_service_charge|net_rental_income|acquisition_costs|broker_purchase_cost|holding_period|exit_value|selling_costs
6191,Offplan,YES,4944595.0,NO,,NO,NO,NO,NO,NO,NO,NO,NO,NO,NO,annual_rent|verified_service_charge|net_rental_income|acquisition_costs|broker_purchase_cost|holding_period|exit_value|selling_costs
4975,Ready,YES,4500000.0,YES,120000.0,NO,NO,NO,NO,NO,NO,NO,NO,NO,NO,verified_service_charge|net_rental_income|acquisition_costs|broker_purchase_cost|holding_period|exit_value|selling_costs
5236,Offplan,YES,6500000.0,NO,,NO,NO,NO,NO,NO,NO,NO,NO,NO,NO,annual_rent|verified_service_charge|net_rental_income|acquisition_costs|broker_purchase_cost|holding_period|exit_value|selling_costs
2677,Offplan,YES,1843600.0,NO,,NO,NO,NO,NO,NO,NO,NO,NO,NO,NO,annual_rent|verified_service_charge|net_rental_income|acquisition_costs|broker_purchase_cost|holding_period|exit_value|selling_costs
1308,Offplan,YES,1200000.0,NO,,NO,NO,NO,NO,NO,NO,NO,NO,NO,NO,annual_rent|verified_service_charge|net_rental_income|acquisition_costs|broker_purchase_cost|holding_period|exit_value|selling_costs
4504,Offplan,YES,4600000.0,NO,,NO,NO,NO,NO,NO,NO,NO,NO,NO,NO,annual_rent|verified_service_charge|net_rental_income|acquisition_costs|broker_purchase_cost|holding_period|exit_value|selling_costs
7005,Ready,YES,981499.0,YES,43200.0,NO,NO,NO,NO,NO,NO,NO,NO,NO,NO,verified_service_charge|net_rental_income|acquisition_costs|broker_purchase_cost|holding_period|exit_value|selling_costs
1756,Offplan,YES,3030000.0,NO,,NO,NO,NO,NO,NO,NO,NO,NO,NO,NO,annual_rent|verified_service_charge|net_rental_income|acquisition_costs|broker_purchase_cost|holding_period|exit_value|selling_costs
564,Ready,YES,11000000.0,YES,192000.0,NO,NO,NO,NO,NO,NO,NO,NO,NO,NO,verified_service_charge|net_rental_income|acquisition_costs|broker_purchase_cost|holding_period|exit_value|selling_costs
5110,Offplan,YES,8581890.0,NO,,NO,NO,NO,NO,NO,NO,NO,NO,NO,NO,annual_rent|verified_service_charge|net_rental_income|acquisition_costs|broker_purchase_cost|holding_period|exit_value|selling_costs
2235,Offplan,YES,1299300.0,NO,,NO,NO,NO,NO,NO,NO,NO,NO,NO,NO,annual_rent|verified_service_charge|net_rental_income|acquisition_costs|broker_purchase_cost|holding_period|exit_value|selling_costs
5610,Ready,YES,880000.0,NO,,NO,NO,NO,NO,NO,NO,NO,NO,NO,NO,annual_rent|verified_service_charge|net_rental_income|acquisition_costs|broker_purchase_cost|holding_period|exit_value|selling_costs
5866,Offplan,YES,1700000.0,NO,,NO,NO,NO,NO,NO,NO,NO,NO,NO,NO,annual_rent|verified_service_charge|net_rental_income|acquisition_costs|broker_purchase_cost|holding_period|exit_value|selling_costs
533,Ready,YES,2600000.0,YES,86400.0,NO,NO,NO,NO,NO,NO,NO,NO,NO,NO,verified_service_charge|net_rental_income|acquisition_costs|broker_purchase_cost|holding_period|exit_value|selling_costs
1045,Offplan,YES,1500000.0,NO,,NO,NO,NO,NO,NO,NO,NO,NO,NO,NO,annual_rent|verified_service_charge|net_rental_income|acquisition_costs|broker_purchase_cost|holding_period|exit_value|selling_costs
1774,Offplan,YES,1200000.0,NO,,NO,NO,NO,NO,NO,NO,NO,NO,NO,NO,annual_rent|verified_service_charge|net_rental_income|acquisition_costs|broker_purchase_cost|holding_period|exit_value|selling_costs
3498,Offplan,YES,2513828.0,NO,,NO,NO,NO,NO,NO,NO,NO,NO,NO,NO,annual_rent|verified_service_charge|net_rental_income|acquisition_costs|broker_purchase_cost|holding_period|exit_value|selling_costs
1642,Offplan,YES,1100000.0,NO,,NO,NO,NO,NO,NO,NO,NO,NO,NO,NO,annual_rent|verified_service_charge|net_rental_income|acquisition_costs|broker_purchase_cost|holding_period|exit_value|selling_costs
2505,Ready,YES,2300000.0,YES,120019.0,NO,NO,NO,NO,NO,NO,NO,NO,NO,NO,verified_service_charge|net_rental_income|acquisition_costs|broker_purchase_cost|holding_period|exit_value|selling_costs
6820,Offplan,YES,11900000.0,NO,,NO,NO,NO,NO,NO,NO,NO,NO,NO,NO,annual_rent|verified_service_charge|net_rental_income|acquisition_costs|broker_purchase_cost|holding_period|exit_value|selling_costs
8297,Ready,YES,1913000.0,NO,,NO,NO,NO,NO,NO,NO,NO,NO,NO,NO,annual_rent|verified_service_charge|net_rental_income|acquisition_costs|broker_purchase_cost|holding_period|exit_value|selling_costs
3683,Offplan,YES,2210900.0,NO,,NO,NO,NO,NO,NO,NO,NO,NO,NO,NO,annual_rent|verified_service_charge|net_rental_income|acquisition_costs|broker_purchase_cost|holding_period|exit_value|selling_costs
542,Offplan,YES,3500000.0,NO,,NO,NO,NO,NO,NO,NO,NO,NO,NO,NO,annual_rent|verified_service_charge|net_rental_income|acquisition_costs|broker_purchase_cost|holding_period|exit_value|selling_costs
1435,Offplan,YES,45000000.0,NO,,NO,NO,NO,NO,NO,NO,NO,NO,NO,NO,annual_rent|verified_service_charge|net_rental_income|acquisition_costs|broker_purchase_cost|holding_period|exit_value|selling_costs
789,Offplan,YES,10800000.0,NO,,NO,NO,NO,NO,NO,NO,NO,NO,NO,NO,annual_rent|verified_service_charge|net_rental_income|acquisition_costs|broker_purchase_cost|holding_period|exit_value|selling_costs
339,Offplan,YES,12460000.0,NO,,NO,NO,NO,NO,NO,NO,NO,NO,NO,NO,annual_rent|verified_service_charge|net_rental_income|acquisition_costs|broker_purchase_cost|holding_period|exit_value|selling_costs
5322,Offplan,YES,3837000.0,NO,,NO,NO,NO,NO,NO,NO,NO,NO,NO,NO,annual_rent|verified_service_charge|net_rental_income|acquisition_costs|broker_purchase_cost|holding_period|exit_value|selling_costs
5059,Offplan,YES,8230750.0,NO,,NO,NO,NO,NO,NO,NO,NO,NO,NO,NO,annual_rent|verified_service_charge|net_rental_income|acquisition_costs|broker_purchase_cost|holding_period|exit_value|selling_costs
1548,Offplan,YES,4962580.0,NO,,NO,NO,NO,NO,NO,NO,NO,NO,NO,NO,annual_rent|verified_service_charge|net_rental_income|acquisition_costs|broker_purchase_cost|holding_period|exit_value|selling_costs
668,Offplan,YES,8246117.0,NO,,NO,NO,NO,NO,NO,NO,NO,NO,NO,NO,annual_rent|verified_service_charge|net_rental_income|acquisition_costs|broker_purchase_cost|holding_period|exit_value|selling_costs
2470,Offplan,YES,2100000.0,NO,,NO,NO,NO,NO,NO,NO,NO,NO,NO,NO,annual_rent|verified_service_charge|net_rental_income|acquisition_costs|broker_purchase_cost|holding_period|exit_value|selling_costs
7395,Offplan,YES,17400000.0,NO,,NO,NO,NO,NO,NO,NO,NO,NO,NO,NO,annual_rent|verified_service_charge|net_rental_income|acquisition_costs|broker_purchase_cost|holding_period|exit_value|selling_costs
4938,Ready,YES,3451120.0,YES,105600.0,NO,NO,NO,NO,NO,NO,NO,NO,NO,NO,verified_service_charge|net_rental_income|acquisition_costs|broker_purchase_cost|holding_period|exit_value|selling_costs
1706,Offplan,YES,299500000.0,NO,,NO,NO,NO,NO,NO,NO,NO,NO,NO,NO,annual_rent|verified_service_charge|net_rental_income|acquisition_costs|broker_purchase_cost|holding_period|exit_value|selling_costs
1522,Offplan,YES,14969777.0,NO,,NO,NO,NO,NO,NO,NO,NO,NO,NO,NO,annual_rent|verified_service_charge|net_rental_income|acquisition_costs|broker_purchase_cost|holding_period|exit_value|selling_costs
6587,Offplan,YES,3668380.0,NO,,NO,NO,NO,NO,NO,NO,NO,NO,NO,NO,annual_rent|verified_service_charge|net_rental_income|acquisition_costs|broker_purchase_cost|holding_period|exit_value|selling_costs
546,Offplan,YES,7970000.0,NO,,NO,NO,NO,NO,NO,NO,NO,NO,NO,NO,annual_rent|verified_service_charge|net_rental_income|acquisition_costs|broker_purchase_cost|holding_period|exit_value|selling_costs
1258,Offplan,YES,8700000.0,NO,,NO,NO,NO,NO,NO,NO,NO,NO,NO,NO,annual_rent|verified_service_charge|net_rental_income|acquisition_costs|broker_purchase_cost|holding_period|exit_value|selling_costs
1238,Offplan,YES,2300000.0,NO,,NO,NO,NO,NO,NO,NO,NO,NO,NO,NO,annual_rent|verified_service_charge|net_rental_income|acquisition_costs|broker_purchase_cost|holding_period|exit_value|selling_costs
2114,Offplan,YES,2655000.0,NO,,NO,NO,NO,NO,NO,NO,NO,NO,NO,NO,annual_rent|verified_service_charge|net_rental_income|acquisition_costs|broker_purchase_cost|holding_period|exit_value|selling_costs
4953,Offplan,YES,1629100.0,NO,,NO,NO,NO,NO,NO,NO,NO,NO,NO,NO,annual_rent|verified_service_charge|net_rental_income|acquisition_costs|broker_purchase_cost|holding_period|exit_value|selling_costs
8068,Offplan,YES,14251000.0,NO,,NO,NO,NO,NO,NO,NO,NO,NO,NO,NO,annual_rent|verified_service_charge|net_rental_income|acquisition_costs|broker_purchase_cost|holding_period|exit_value|selling_costs
8342,Offplan,YES,1170480.0,NO,,NO,NO,NO,NO,NO,NO,NO,NO,NO,NO,annual_rent|verified_service_charge|net_rental_income|acquisition_costs|broker_purchase_cost|holding_period|exit_value|selling_costs
7769,Offplan,YES,4300000.0,NO,,NO,NO,NO,NO,NO,NO,NO,NO,NO,NO,annual_rent|verified_service_charge|net_rental_income|acquisition_costs|broker_purchase_cost|holding_period|exit_value|selling_costs
316,Offplan,YES,46000000.0,NO,,NO,NO,NO,NO,NO,NO,NO,NO,NO,NO,annual_rent|verified_service_charge|net_rental_income|acquisition_costs|broker_purchase_cost|holding_period|exit_value|selling_costs
1390,Offplan,YES,2868000.0,NO,,NO,NO,NO,NO,NO,NO,NO,NO,NO,NO,annual_rent|verified_service_charge|net_rental_income|acquisition_costs|broker_purchase_cost|holding_period|exit_value|selling_costs
975,Offplan,YES,9200000.0,NO,,NO,NO,NO,NO,NO,NO,NO,NO,NO,NO,annual_rent|verified_service_charge|net_rental_income|acquisition_costs|broker_purchase_cost|holding_period|exit_value|selling_costs
4665,Ready,YES,4500000.0,YES,139200.0,NO,NO,NO,NO,NO,NO,NO,NO,NO,NO,verified_service_charge|net_rental_income|acquisition_costs|broker_purchase_cost|holding_period|exit_value|selling_costs
6281,Offplan,YES,8415000.0,NO,,NO,NO,NO,NO,NO,NO,NO,NO,NO,NO,annual_rent|verified_service_charge|net_rental_income|acquisition_costs|broker_purchase_cost|holding_period|exit_value|selling_costs
5526,Offplan,YES,4500000.0,NO,,NO,NO,NO,NO,NO,NO,NO,NO,NO,NO,annual_rent|verified_service_charge|net_rental_income|acquisition_costs|broker_purchase_cost|holding_period|exit_value|selling_costs
6219,Offplan,YES,4800000.0,NO,,NO,NO,NO,NO,NO,NO,NO,NO,NO,NO,annual_rent|verified_service_charge|net_rental_income|acquisition_costs|broker_purchase_cost|holding_period|exit_value|selling_costs
7622,Ready,YES,2700000.0,YES,110400.0,NO,NO,NO,NO,NO,NO,NO,NO,NO,NO,verified_service_charge|net_rental_income|acquisition_costs|broker_purchase_cost|holding_period|exit_value|selling_costs
6391,Offplan,YES,2836122.0,NO,,NO,NO,NO,NO,NO,NO,NO,NO,NO,NO,annual_rent|verified_service_charge|net_rental_income|acquisition_costs|broker_purchase_cost|holding_period|exit_value|selling_costs
8351,Offplan,YES,60000000.0,NO,,NO,NO,NO,NO,NO,NO,NO,NO,NO,NO,annual_rent|verified_service_charge|net_rental_income|acquisition_costs|broker_purchase_cost|holding_period|exit_value|selling_costs
6611,Offplan,YES,3270208.0,NO,,NO,NO,NO,NO,NO,NO,NO,NO,NO,NO,annual_rent|verified_service_charge|net_rental_income|acquisition_costs|broker_purchase_cost|holding_period|exit_value|selling_costs
4165,Ready,YES,3270000.0,YES,187200.0,YES,YES,YES,NO,NO,NO,NO,NO,NO,NO,net_rental_income|acquisition_costs|broker_purchase_cost|holding_period|exit_value|selling_costs
7791,Offplan,YES,5198000.0,NO,,NO,NO,NO,NO,NO,NO,NO,NO,NO,NO,annual_rent|verified_service_charge|net_rental_income|acquisition_costs|broker_purchase_cost|holding_period|exit_value|selling_costs
3690,Offplan,YES,941943.0,NO,,NO,NO,NO,NO,NO,NO,NO,NO,NO,NO,annual_rent|verified_service_charge|net_rental_income|acquisition_costs|broker_purchase_cost|holding_period|exit_value|selling_costs
5658,Offplan,YES,1799000.0,NO,,NO,NO,NO,NO,NO,NO,NO,NO,NO,NO,annual_rent|verified_service_charge|net_rental_income|acquisition_costs|broker_purchase_cost|holding_period|exit_value|selling_costs
2001,Offplan,YES,10000000.0,NO,,NO,NO,NO,NO,NO,NO,NO,NO,NO,NO,annual_rent|verified_service_charge|net_rental_income|acquisition_costs|broker_purchase_cost|holding_period|exit_value|selling_costs
5712,Ready,YES,25000000.0,YES,1872000.0,NO,NO,NO,NO,NO,NO,NO,NO,NO,NO,verified_service_charge|net_rental_income|acquisition_costs|broker_purchase_cost|holding_period|exit_value|selling_costs
5744,Offplan,YES,3061330.0,NO,,NO,NO,NO,NO,NO,NO,NO,NO,NO,NO,annual_rent|verified_service_charge|net_rental_income|acquisition_costs|broker_purchase_cost|holding_period|exit_value|selling_costs
5608,Offplan,YES,8594020.0,NO,,NO,NO,NO,NO,NO,NO,NO,NO,NO,NO,annual_rent|verified_service_charge|net_rental_income|acquisition_costs|broker_purchase_cost|holding_period|exit_value|selling_costs
2908,Offplan,YES,8544600.0,NO,,NO,NO,NO,NO,NO,NO,NO,NO,NO,NO,annual_rent|verified_service_charge|net_rental_income|acquisition_costs|broker_purchase_cost|holding_period|exit_value|selling_costs
1949,Offplan,YES,5500000.0,NO,,NO,NO,NO,NO,NO,NO,NO,NO,NO,NO,annual_rent|verified_service_charge|net_rental_income|acquisition_costs|broker_purchase_cost|holding_period|exit_value|selling_costs
6997,Offplan,YES,4049827.0,NO,,NO,NO,NO,NO,NO,NO,NO,NO,NO,NO,annual_rent|verified_service_charge|net_rental_income|acquisition_costs|broker_purchase_cost|holding_period|exit_value|selling_costs
7959,Offplan,YES,3799000.0,NO,,NO,NO,NO,NO,NO,NO,NO,NO,NO,NO,annual_rent|verified_service_charge|net_rental_income|acquisition_costs|broker_purchase_cost|holding_period|exit_value|selling_costs
2829,Offplan,YES,20648800.0,NO,,NO,NO,NO,NO,NO,NO,NO,NO,NO,NO,annual_rent|verified_service_charge|net_rental_income|acquisition_costs|broker_purchase_cost|holding_period|exit_value|selling_costs
7123,Offplan,YES,11000000.0,NO,,NO,NO,NO,NO,NO,NO,NO,NO,NO,NO,annual_rent|verified_service_charge|net_rental_income|acquisition_costs|broker_purchase_cost|holding_period|exit_value|selling_costs
115,Offplan,YES,4054000.0,NO,,NO,NO,NO,NO,NO,NO,NO,NO,NO,NO,annual_rent|verified_service_charge|net_rental_income|acquisition_costs|broker_purchase_cost|holding_period|exit_value|selling_costs
5366,Ready,YES,10649000.0,YES,451201.0,NO,NO,NO,NO,NO,NO,NO,NO,NO,NO,verified_service_charge|net_rental_income|acquisition_costs|broker_purchase_cost|holding_period|exit_value|selling_costs
6351,Offplan,YES,66203000.0,NO,,NO,NO,NO,NO,NO,NO,NO,NO,NO,NO,annual_rent|verified_service_charge|net_rental_income|acquisition_costs|broker_purchase_cost|holding_period|exit_value|selling_costs
6161,Offplan,YES,6060000.0,NO,,NO,NO,NO,NO,NO,NO,NO,NO,NO,NO,annual_rent|verified_service_charge|net_rental_income|acquisition_costs|broker_purchase_cost|holding_period|exit_value|selling_costs
590,Offplan,YES,2300000.0,NO,,NO,NO,NO,NO,NO,NO,NO,NO,NO,NO,annual_rent|verified_service_charge|net_rental_income|acquisition_costs|broker_purchase_cost|holding_period|exit_value|selling_costs
206,Offplan,YES,4490670.0,NO,,NO,NO,NO,NO,NO,NO,NO,NO,NO,NO,annual_rent|verified_service_charge|net_rental_income|acquisition_costs|broker_purchase_cost|holding_period|exit_value|selling_costs
4839,Offplan,YES,6500000.0,NO,,NO,NO,NO,NO,NO,NO,NO,NO,NO,NO,annual_rent|verified_service_charge|net_rental_income|acquisition_costs|broker_purchase_cost|holding_period|exit_value|selling_costs
3235,Offplan,YES,2475000.0,NO,,NO,NO,NO,NO,NO,NO,NO,NO,NO,NO,annual_rent|verified_service_charge|net_rental_income|acquisition_costs|broker_purchase_cost|holding_period|exit_value|selling_costs
3186,Offplan,YES,3733780.0,NO,,NO,NO,NO,NO,NO,NO,NO,NO,NO,NO,annual_rent|verified_service_charge|net_rental_income|acquisition_costs|broker_purchase_cost|holding_period|exit_value|selling_costs
6503,Offplan,YES,27700000.0,NO,,NO,NO,NO,NO,NO,NO,NO,NO,NO,NO,annual_rent|verified_service_charge|net_rental_income|acquisition_costs|broker_purchase_cost|holding_period|exit_value|selling_costs
1080,Offplan,YES,12835800.0,NO,,NO,NO,NO,NO,NO,NO,NO,NO,NO,NO,annual_rent|verified_service_charge|net_rental_income|acquisition_costs|broker_purchase_cost|holding_period|exit_value|selling_costs
3345,Offplan,YES,4201200.0,NO,,NO,NO,NO,NO,NO,NO,NO,NO,NO,NO,annual_rent|verified_service_charge|net_rental_income|acquisition_costs|broker_purchase_cost|holding_period|exit_value|selling_costs
2575,Offplan,YES,8789000.0,NO,,NO,NO,NO,NO,NO,NO,NO,NO,NO,NO,annual_rent|verified_service_charge|net_rental_income|acquisition_costs|broker_purchase_cost|holding_period|exit_value|selling_costs
3746,Offplan,YES,7476043.0,NO,,NO,NO,NO,NO,NO,NO,NO,NO,NO,NO,annual_rent|verified_service_charge|net_rental_income|acquisition_costs|broker_purchase_cost|holding_period|exit_value|selling_costs
1784,Offplan,YES,9185000.0,NO,,NO,NO,NO,NO,NO,NO,NO,NO,NO,NO,annual_rent|verified_service_charge|net_rental_income|acquisition_costs|broker_purchase_cost|holding_period|exit_value|selling_costs
2381,Ready,YES,1600000.0,YES,59904.0,NO,NO,NO,NO,NO,NO,NO,NO,NO,NO,verified_service_charge|net_rental_income|acquisition_costs|broker_purchase_cost|holding_period|exit_value|selling_costs
6400,Offplan,YES,6235000.0,NO,,NO,NO,NO,NO,NO,NO,NO,NO,NO,NO,annual_rent|verified_service_charge|net_rental_income|acquisition_costs|broker_purchase_cost|holding_period|exit_value|selling_costs
6411,Offplan,YES,2911000.0,NO,,NO,NO,NO,NO,NO,NO,NO,NO,NO,NO,annual_rent|verified_service_charge|net_rental_income|acquisition_costs|broker_purchase_cost|holding_period|exit_value|selling_costs
2071,Offplan,YES,4412000.0,NO,,NO,NO,NO,NO,NO,NO,NO,NO,NO,NO,annual_rent|verified_service_charge|net_rental_income|acquisition_costs|broker_purchase_cost|holding_period|exit_value|selling_costs
2466,Offplan,YES,163409718.0,NO,,NO,NO,NO,NO,NO,NO,NO,NO,NO,NO,annual_rent|verified_service_charge|net_rental_income|acquisition_costs|broker_purchase_cost|holding_period|exit_value|selling_costs
5306,Offplan,YES,60000000.0,NO,,NO,NO,NO,NO,NO,NO,NO,NO,NO,NO,annual_rent|verified_service_charge|net_rental_income|acquisition_costs|broker_purchase_cost|holding_period|exit_value|selling_costs
179,Offplan,YES,17861777.0,NO,,NO,NO,NO,NO,NO,NO,NO,NO,NO,NO,annual_rent|verified_service_charge|net_rental_income|acquisition_costs|broker_purchase_cost|holding_period|exit_value|selling_costs
3614,Offplan,YES,60808800.0,NO,,NO,NO,NO,NO,NO,NO,NO,NO,NO,NO,annual_rent|verified_service_charge|net_rental_income|acquisition_costs|broker_purchase_cost|holding_period|exit_value|selling_costs
4582,Offplan,YES,3491000.0,NO,,NO,NO,NO,NO,NO,NO,NO,NO,NO,NO,annual_rent|verified_service_charge|net_rental_income|acquisition_costs|broker_purchase_cost|holding_period|exit_value|selling_costs
718,Offplan,YES,7358000.0,NO,,NO,NO,NO,NO,NO,NO,NO,NO,NO,NO,annual_rent|verified_service_charge|net_rental_income|acquisition_costs|broker_purchase_cost|holding_period|exit_value|selling_costs
6003,Ready,YES,11300000.0,YES,216720.0,NO,NO,NO,NO,NO,NO,NO,NO,NO,NO,verified_service_charge|net_rental_income|acquisition_costs|broker_purchase_cost|holding_period|exit_value|selling_costs
6152,Offplan,YES,9000000.0,NO,,NO,NO,NO,NO,NO,NO,NO,NO,NO,NO,annual_rent|verified_service_charge|net_rental_income|acquisition_costs|broker_purchase_cost|holding_period|exit_value|selling_costs
1199,Offplan,YES,15649500.0,NO,,NO,NO,NO,NO,NO,NO,NO,NO,NO,NO,annual_rent|verified_service_charge|net_rental_income|acquisition_costs|broker_purchase_cost|holding_period|exit_value|selling_costs
1098,Offplan,YES,9561765.0,NO,,NO,NO,NO,NO,NO,NO,NO,NO,NO,NO,annual_rent|verified_service_charge|net_rental_income|acquisition_costs|broker_purchase_cost|holding_period|exit_value|selling_costs
1141,Offplan,YES,9300000.0,NO,,NO,NO,NO,NO,NO,NO,NO,NO,NO,NO,annual_rent|verified_service_charge|net_rental_income|acquisition_costs|broker_purchase_cost|holding_period|exit_value|selling_costs
5450,Offplan,YES,33142800.0,NO,,NO,NO,NO,NO,NO,NO,NO,NO,NO,NO,annual_rent|verified_service_charge|net_rental_income|acquisition_costs|broker_purchase_cost|holding_period|exit_value|selling_costs
4074,Offplan,YES,5756800.0,NO,,NO,NO,NO,NO,NO,NO,NO,NO,NO,NO,annual_rent|verified_service_charge|net_rental_income|acquisition_costs|broker_purchase_cost|holding_period|exit_value|selling_costs
2121,Offplan,YES,11920000.0,NO,,NO,NO,NO,NO,NO,NO,NO,NO,NO,NO,annual_rent|verified_service_charge|net_rental_income|acquisition_costs|broker_purchase_cost|holding_period|exit_value|selling_costs
8054,Offplan,YES,9476000.0,NO,,NO,NO,NO,NO,NO,NO,NO,NO,NO,NO,annual_rent|verified_service_charge|net_rental_income|acquisition_costs|broker_purchase_cost|holding_period|exit_value|selling_costs
4926,Offplan,YES,21466000.0,NO,,NO,NO,NO,NO,NO,NO,NO,NO,NO,NO,annual_rent|verified_service_charge|net_rental_income|acquisition_costs|broker_purchase_cost|holding_period|exit_value|selling_costs
1592,Offplan,YES,39500000.0,NO,,NO,NO,NO,NO,NO,NO,NO,NO,NO,NO,annual_rent|verified_service_charge|net_rental_income|acquisition_costs|broker_purchase_cost|holding_period|exit_value|selling_costs
6857,Offplan,YES,8400000.0,NO,,NO,NO,NO,NO,NO,NO,NO,NO,NO,NO,annual_rent|verified_service_charge|net_rental_income|acquisition_costs|broker_purchase_cost|holding_period|exit_value|selling_costs
1455,Offplan,YES,13000000.0,NO,,NO,NO,NO,NO,NO,NO,NO,NO,NO,NO,annual_rent|verified_service_charge|net_rental_income|acquisition_costs|broker_purchase_cost|holding_period|exit_value|selling_costs
227,Offplan,YES,22580800.0,NO,,NO,NO,NO,NO,NO,NO,NO,NO,NO,NO,annual_rent|verified_service_charge|net_rental_income|acquisition_costs|broker_purchase_cost|holding_period|exit_value|selling_costs
7578,Offplan,YES,9033777.0,NO,,NO,NO,NO,NO,NO,NO,NO,NO,NO,NO,annual_rent|verified_service_charge|net_rental_income|acquisition_costs|broker_purchase_cost|holding_period|exit_value|selling_costs
794,Offplan,YES,7883200.0,NO,,NO,NO,NO,NO,NO,NO,NO,NO,NO,NO,annual_rent|verified_service_charge|net_rental_income|acquisition_costs|broker_purchase_cost|holding_period|exit_value|selling_costs
1826,Offplan,YES,22194000.0,NO,,NO,NO,NO,NO,NO,NO,NO,NO,NO,NO,annual_rent|verified_service_charge|net_rental_income|acquisition_costs|broker_purchase_cost|holding_period|exit_value|selling_costs
2270,Offplan,YES,29933776.0,NO,,NO,NO,NO,NO,NO,NO,NO,NO,NO,NO,annual_rent|verified_service_charge|net_rental_income|acquisition_costs|broker_purchase_cost|holding_period|exit_value|selling_costs
1554,Offplan,YES,18000000.0,NO,,NO,NO,NO,NO,NO,NO,NO,NO,NO,NO,annual_rent|verified_service_charge|net_rental_income|acquisition_costs|broker_purchase_cost|holding_period|exit_value|selling_costs
728,Offplan,YES,27049000.0,NO,,NO,NO,NO,NO,NO,NO,NO,NO,NO,NO,annual_rent|verified_service_charge|net_rental_income|acquisition_costs|broker_purchase_cost|holding_period|exit_value|selling_costs
3248,Offplan,YES,28000000.0,NO,,NO,NO,NO,NO,NO,NO,NO,NO,NO,NO,annual_rent|verified_service_charge|net_rental_income|acquisition_costs|broker_purchase_cost|holding_period|exit_value|selling_costs
1413,Offplan,YES,66843000.0,NO,,NO,NO,NO,NO,NO,NO,NO,NO,NO,NO,annual_rent|verified_service_charge|net_rental_income|acquisition_costs|broker_purchase_cost|holding_period|exit_value|selling_costs
953,Offplan,YES,16000000.0,NO,,NO,NO,NO,NO,NO,NO,NO,NO,NO,NO,annual_rent|verified_service_charge|net_rental_income|acquisition_costs|broker_purchase_cost|holding_period|exit_value|selling_costs
6246,Ready,YES,10000000.0,YES,240000.0,NO,NO,NO,NO,NO,NO,NO,NO,NO,NO,verified_service_charge|net_rental_income|acquisition_costs|broker_purchase_cost|holding_period|exit_value|selling_costs
7128,Offplan,YES,25070000.0,NO,,NO,NO,NO,NO,NO,NO,NO,NO,NO,NO,annual_rent|verified_service_charge|net_rental_income|acquisition_costs|broker_purchase_cost|holding_period|exit_value|selling_costs
7907,Offplan,YES,4024900.0,NO,,NO,NO,NO,NO,NO,NO,NO,NO,NO,NO,annual_rent|verified_service_charge|net_rental_income|acquisition_costs|broker_purchase_cost|holding_period|exit_value|selling_costs
224,Offplan,YES,21200000.0,NO,,NO,NO,NO,NO,NO,NO,NO,NO,NO,NO,annual_rent|verified_service_charge|net_rental_income|acquisition_costs|broker_purchase_cost|holding_period|exit_value|selling_costs
555,Offplan,YES,22887800.0,NO,,NO,NO,NO,NO,NO,NO,NO,NO,NO,NO,annual_rent|verified_service_charge|net_rental_income|acquisition_costs|broker_purchase_cost|holding_period|exit_value|selling_costs
7266,Ready,YES,1800000.0,YES,110400.0,YES,YES,YES,NO,NO,NO,NO,NO,NO,NO,net_rental_income|acquisition_costs|broker_purchase_cost|holding_period|exit_value|selling_costs
1074,Ready,YES,1250000.0,YES,76800.0,YES,YES,YES,NO,NO,NO,NO,NO,NO,NO,net_rental_income|acquisition_costs|broker_purchase_cost|holding_period|exit_value|selling_costs
