property_id,unit_status,area,project,bedrooms,size_sqft,price_aed,dld_evidence_status,selected_tier,annual_market_rent_estimate,gross_rental_yield,comparable_count,estimation_method,evidence_level,production_eligible,production_signal_source,validation_status,dld_rental_area,warnings,size_sqm,R1_comparables,R1_median_annual,R1_estimate,R1_method,R1_confidence,R1_rejected,R2_comparables,R2_median_annual,R2_estimate,R2_method,R2_confidence,R2_rejected,R3_comparables,R3_median_annual,R3_estimate,R3_method,R3_confidence,R3_rejected,R4_comparables,R4_median_annual,R4_estimate,R4_method,R4_confidence,R4_rejected
6749,offplan,Jumeirah village circle,violet tower,0.0,460.0,715000.0,DLD_NO_EVIDENCE,OFFPLAN_RENTAL_NOT_EVALUATED,,,0.0,,NONE,False,NONE,OFFPLAN_RENTAL_NOT_EVALUATED,,Offplan properties not evaluated for current rent,,,,,,,,,,,,,,,,,,,,,,,,,
3379,offplan,Siniya Island,yachtside marina residences,2.0,685.0,1765854.0,DLD_MISSING,OFFPLAN_RENTAL_NOT_EVALUATED,,,0.0,,NONE,False,NONE,OFFPLAN_RENTAL_NOT_EVALUATED,,Offplan properties not evaluated for current rent,,,,,,,,,,,,,,,,,,,,,,,,,
2161,ready,Damac Hills 2,hotel edge by rotana,1.0,481.0,663600.0,DLD_MISSING,R4,36952.18416003337,5.568442459317868,458.0,median_psf_times_size,AREA_LEVEL,False,NONE,SHADOW_RESEARCH,Dubai Investment Park First,,44.7,0.0,,,insufficient_data,0.0,True,0.0,,,insufficient_data,0.0,True,0.0,,,insufficient_data,0.0,True,458.0,37492.5,36952.18416003337,median_psf_times_size,0.4,False
734,offplan,Dubai Motor City,sobha solis,2.0,615.0,1146270.0,DLD_MATCH,OFFPLAN_RENTAL_NOT_EVALUATED,,,0.0,,NONE,False,NONE,OFFPLAN_RENTAL_NOT_EVALUATED,,Offplan properties not evaluated for current rent,,,,,,,,,,,,,,,,,,,,,,,,,
6982,ready,Jumeirah village circle,binghatti rose,1.0,659.0,840000.0,DLD_MATCH,R2,65013.91469373622,7.739751749254312,27.0,median_psf_times_size,PROJECT_LEVEL,False,NONE,SHADOW_RESEARCH,Al Barsha South Fourth,,61.2,0.0,,,insufficient_data,0.0,True,27.0,67000.0,65013.91469373622,median_psf_times_size,0.8,False,0.0,,,insufficient_data,0.0,True,2824.0,62000.0,59251.24749362506,median_psf_times_size,0.4,False
200,offplan,Dubai Design District,artistry one residences,2.0,909.0,2624000.0,DLD_MATCH,OFFPLAN_RENTAL_NOT_EVALUATED,,,0.0,,NONE,False,NONE,OFFPLAN_RENTAL_NOT_EVALUATED,,Offplan properties not evaluated for current rent,,,,,,,,,,,,,,,,,,,,,,,,,
3201,ready,Jumeirah village circle,binghatti nova,2.0,989.0,1380000.0,DLD_NO_EVIDENCE,R4,79396.12674609864,5.753342517833235,3498.0,median_psf_times_size,AREA_LEVEL,False,NONE,SHADOW_RESEARCH,Al Barsha South Fourth,,91.9,0.0,,,insufficient_data,0.0,True,9.0,75900.0,85823.01162205554,median_psf_times_size,0.45,False,0.0,,,insufficient_data,0.0,True,3498.0,73000.0,79396.12674609864,median_psf_times_size,0.4,False
8175,offplan,Siniya Island,pristine beach residences,1.0,619.0,1719308.0,DLD_MISSING,OFFPLAN_RENTAL_NOT_EVALUATED,,,0.0,,NONE,False,NONE,OFFPLAN_RENTAL_NOT_EVALUATED,,Offplan properties not evaluated for current rent,,,,,,,,,,,,,,,,,,,,,,,,,
8301,offplan,Siniya Island,sobha tranquil beach residences,1.0,510.0,1403371.0,DLD_MISSING,OFFPLAN_RENTAL_NOT_EVALUATED,,,0.0,,NONE,False,NONE,OFFPLAN_RENTAL_NOT_EVALUATED,,Offplan properties not evaluated for current rent,,,,,,,,,,,,,,,,,,,,,,,,,
2420,offplan,Business Bay,chic tower,1.0,774.0,1780000.0,DLD_MATCH,OFFPLAN_RENTAL_NOT_EVALUATED,,,0.0,,NONE,False,NONE,OFFPLAN_RENTAL_NOT_EVALUATED,,Offplan properties not evaluated for current rent,,,,,,,,,,,,,,,,,,,,,,,,,
8171,offplan,Al Furjan,azizi jewel,0.0,345.0,569000.0,DLD_MATCH,OFFPLAN_RENTAL_NOT_EVALUATED,,,0.0,,NONE,False,NONE,OFFPLAN_RENTAL_NOT_EVALUATED,,Offplan properties not evaluated for current rent,,,,,,,,,,,,,,,,,,,,,,,,,
1989,offplan,Jumeirah village circle,binghatti grove,1.0,792.0,1100000.0,DLD_MATCH,OFFPLAN_RENTAL_NOT_EVALUATED,,,0.0,,NONE,False,NONE,OFFPLAN_RENTAL_NOT_EVALUATED,,Offplan properties not evaluated for current rent,,,,,,,,,,,,,,,,,,,,,,,,,
2320,offplan,Siniya Island,bayfront marina residences,1.0,511.0,1335490.0,DLD_MISSING,OFFPLAN_RENTAL_NOT_EVALUATED,,,0.0,,NONE,False,NONE,OFFPLAN_RENTAL_NOT_EVALUATED,,Offplan properties not evaluated for current rent,,,,,,,,,,,,,,,,,,,,,,,,,
4030,offplan,Jebel Ali,azizi abraham,2.0,961.0,1507000.0,DLD_NO_EVIDENCE,OFFPLAN_RENTAL_NOT_EVALUATED,,,0.0,,NONE,False,NONE,OFFPLAN_RENTAL_NOT_EVALUATED,,Offplan properties not evaluated for current rent,,,,,,,,,,,,,,,,,,,,,,,,,
7540,offplan,Dubai Maritime City,chelsea residences,2.0,1158.0,3138000.0,DLD_MISSING,OFFPLAN_RENTAL_NOT_EVALUATED,,,0.0,,NONE,False,NONE,OFFPLAN_RENTAL_NOT_EVALUATED,,Offplan properties not evaluated for current rent,,,,,,,,,,,,,,,,,,,,,,,,,
6106,offplan,Siniya Island,canalside marina residences,1.0,509.0,1354907.0,DLD_MISSING,OFFPLAN_RENTAL_NOT_EVALUATED,,,0.0,,NONE,False,NONE,OFFPLAN_RENTAL_NOT_EVALUATED,,Offplan properties not evaluated for current rent,,,,,,,,,,,,,,,,,,,,,,,,,
5819,offplan,Sobha One,sobha one,2.0,725.0,1666400.0,DLD_MATCH,OFFPLAN_RENTAL_NOT_EVALUATED,,,0.0,,NONE,False,NONE,OFFPLAN_RENTAL_NOT_EVALUATED,,Offplan properties not evaluated for current rent,,,,,,,,,,,,,,,,,,,,,,,,,
3067,offplan,Al Furjan,azizi raffi,0.0,320.0,571000.0,DLD_MISSING,OFFPLAN_RENTAL_NOT_EVALUATED,,,0.0,,NONE,False,NONE,OFFPLAN_RENTAL_NOT_EVALUATED,,Offplan properties not evaluated for current rent,,,,,,,,,,,,,,,,,,,,,,,,,
6250,ready,Jumeirah village circle,binghatti luna,2.0,1178.0,1300000.0,DLD_MATCH,R4,87918.54022367501,6.762964632590385,1879.0,median_psf_times_size,AREA_LEVEL,False,NONE,SHADOW_RESEARCH,Al Barsha South Fourth,,109.4,0.0,,,insufficient_data,0.0,True,14.0,95500.0,100068.64667823153,median_psf_times_size,0.7000000000000001,False,0.0,,,insufficient_data,0.0,True,1879.0,83000.0,87918.54022367501,median_psf_times_size,0.4,False
2464,offplan,Siniya Island,florine beach residences,2.0,775.0,1934807.0,DLD_MISSING,OFFPLAN_RENTAL_NOT_EVALUATED,,,0.0,,NONE,False,NONE,OFFPLAN_RENTAL_NOT_EVALUATED,,Offplan properties not evaluated for current rent,,,,,,,,,,,,,,,,,,,,,,,,,
1319,offplan,Al Furjan,azizi jewel,1.0,693.0,1008000.0,DLD_MATCH,OFFPLAN_RENTAL_NOT_EVALUATED,,,0.0,,NONE,False,NONE,OFFPLAN_RENTAL_NOT_EVALUATED,,Offplan properties not evaluated for current rent,,,,,,,,,,,,,,,,,,,,,,,,,
7253,offplan,Jebel Ali,azizi abraham,1.0,688.0,1067000.0,DLD_MATCH,OFFPLAN_RENTAL_NOT_EVALUATED,,,0.0,,NONE,False,NONE,OFFPLAN_RENTAL_NOT_EVALUATED,,Offplan properties not evaluated for current rent,,,,,,,,,,,,,,,,,,,,,,,,,
1941,offplan,Arjan,binghatti hillcrest,2.0,1109.0,2129999.0,DLD_NO_EVIDENCE,OFFPLAN_RENTAL_NOT_EVALUATED,,,0.0,,NONE,False,NONE,OFFPLAN_RENTAL_NOT_EVALUATED,,Offplan properties not evaluated for current rent,,,,,,,,,,,,,,,,,,,,,,,,,
1285,offplan,Siniya Island,starline beach residences,1.0,662.0,1672044.0,DLD_MISSING,OFFPLAN_RENTAL_NOT_EVALUATED,,,0.0,,NONE,False,NONE,OFFPLAN_RENTAL_NOT_EVALUATED,,Offplan properties not evaluated for current rent,,,,,,,,,,,,,,,,,,,,,,,,,
6095,offplan,Aljada,the gate 6,2.0,1149.0,1520000.0,DLD_MISSING,OFFPLAN_RENTAL_NOT_EVALUATED,,,0.0,,NONE,False,NONE,OFFPLAN_RENTAL_NOT_EVALUATED,,Offplan properties not evaluated for current rent,,,,,,,,,,,,,,,,,,,,,,,,,
4572,offplan,Aljada,the gate 6,1.0,706.0,970000.0,DLD_MISSING,OFFPLAN_RENTAL_NOT_EVALUATED,,,0.0,,NONE,False,NONE,OFFPLAN_RENTAL_NOT_EVALUATED,,Offplan properties not evaluated for current rent,,,,,,,,,,,,,,,,,,,,,,,,,
2076,offplan,Dubai Harbour,dubai harbour residence,1.0,1055.0,3900000.0,DLD_MISSING,OFFPLAN_RENTAL_NOT_EVALUATED,,,0.0,,NONE,False,NONE,OFFPLAN_RENTAL_NOT_EVALUATED,,Offplan properties not evaluated for current rent,,,,,,,,,,,,,,,,,,,,,,,,,
5463,offplan,Downtown Dubai,dwtn residences,2.0,1100.0,2730000.0,DLD_MISSING,OFFPLAN_RENTAL_NOT_EVALUATED,,,0.0,,NONE,False,NONE,OFFPLAN_RENTAL_NOT_EVALUATED,,Offplan properties not evaluated for current rent,,,,,,,,,,,,,,,,,,,,,,,,,
3112,offplan,Discovery Gardens,the serene at sobha central,2.0,852.0,2467669.0,DLD_MISSING,OFFPLAN_RENTAL_NOT_EVALUATED,,,0.0,,NONE,False,NONE,OFFPLAN_RENTAL_NOT_EVALUATED,,Offplan properties not evaluated for current rent,,,,,,,,,,,,,,,,,,,,,,,,,
1011,offplan,Maryam Island,citrine residence,1.0,742.0,980000.0,DLD_MISSING,OFFPLAN_RENTAL_NOT_EVALUATED,,,0.0,,NONE,False,NONE,OFFPLAN_RENTAL_NOT_EVALUATED,,Offplan properties not evaluated for current rent,,,,,,,,,,,,,,,,,,,,,,,,,
3481,offplan,Siniya Island,bayside marina residences,1.0,616.0,1508927.0,DLD_MISSING,OFFPLAN_RENTAL_NOT_EVALUATED,,,0.0,,NONE,False,NONE,OFFPLAN_RENTAL_NOT_EVALUATED,,Offplan properties not evaluated for current rent,,,,,,,,,,,,,,,,,,,,,,,,,
923,offplan,Dubai Water Canal,eden house the park,3.0,2226.0,8071670.0,DLD_MATCH,OFFPLAN_RENTAL_NOT_EVALUATED,,,0.0,,NONE,False,NONE,OFFPLAN_RENTAL_NOT_EVALUATED,,Offplan properties not evaluated for current rent,,,,,,,,,,,,,,,,,,,,,,,,,
6800,offplan,Discovery Gardens,the horizon at sobha central,2.0,936.0,2481330.0,DLD_MISSING,OFFPLAN_RENTAL_NOT_EVALUATED,,,0.0,,NONE,False,NONE,OFFPLAN_RENTAL_NOT_EVALUATED,,Offplan properties not evaluated for current rent,,,,,,,,,,,,,,,,,,,,,,,,,
571,offplan,Downtown Dubai,dwtn residences,1.0,764.0,1860000.0,DLD_MISSING,OFFPLAN_RENTAL_NOT_EVALUATED,,,0.0,,NONE,False,NONE,OFFPLAN_RENTAL_NOT_EVALUATED,,Offplan properties not evaluated for current rent,,,,,,,,,,,,,,,,,,,,,,,,,
4986,offplan,Town Square Dubai,grove on the park,2.0,1004.0,1300000.0,DLD_MISSING,OFFPLAN_RENTAL_NOT_EVALUATED,,,0.0,,NONE,False,NONE,OFFPLAN_RENTAL_NOT_EVALUATED,,Offplan properties not evaluated for current rent,,,,,,,,,,,,,,,,,,,,,,,,,
4638,offplan,Sobha Central,the mirage at sobha central,2.0,875.0,2625330.0,DLD_MISSING,OFFPLAN_RENTAL_NOT_EVALUATED,,,0.0,,NONE,False,NONE,OFFPLAN_RENTAL_NOT_EVALUATED,,Offplan properties not evaluated for current rent,,,,,,,,,,,,,,,,,,,,,,,,,
446,offplan,Town Square Dubai,grove on the park,1.0,652.0,920000.0,DLD_MISSING,OFFPLAN_RENTAL_NOT_EVALUATED,,,0.0,,NONE,False,NONE,OFFPLAN_RENTAL_NOT_EVALUATED,,Offplan properties not evaluated for current rent,,,,,,,,,,,,,,,,,,,,,,,,,
5351,offplan,Solaya By Meraas at La Mer,solaya,3.0,3129.0,20600000.0,DLD_MISSING,OFFPLAN_RENTAL_NOT_EVALUATED,,,0.0,,NONE,False,NONE,OFFPLAN_RENTAL_NOT_EVALUATED,,Offplan properties not evaluated for current rent,,,,,,,,,,,,,,,,,,,,,,,,,
6824,offplan,Discovery Gardens,the horizon at sobha central,1.0,568.0,1520280.0,DLD_MISSING,OFFPLAN_RENTAL_NOT_EVALUATED,,,0.0,,NONE,False,NONE,OFFPLAN_RENTAL_NOT_EVALUATED,,Offplan properties not evaluated for current rent,,,,,,,,,,,,,,,,,,,,,,,,,
5019,offplan,Dubai Design District,the edit at d3,1.0,754.0,2000000.0,DLD_MATCH,OFFPLAN_RENTAL_NOT_EVALUATED,,,0.0,,NONE,False,NONE,OFFPLAN_RENTAL_NOT_EVALUATED,,Offplan properties not evaluated for current rent,,,,,,,,,,,,,,,,,,,,,,,,,
8166,offplan,Dubai South,azizi venice buildings 10,2.0,1086.0,1777000.0,DLD_MISSING,OFFPLAN_RENTAL_NOT_EVALUATED,,,0.0,,NONE,False,NONE,OFFPLAN_RENTAL_NOT_EVALUATED,,Offplan properties not evaluated for current rent,,,,,,,,,,,,,,,,,,,,,,,,,
4292,offplan,Dubai Science Park,binghatti hills,2.0,1461.0,2429998.0,DLD_MATCH,OFFPLAN_RENTAL_NOT_EVALUATED,,,0.0,,NONE,False,NONE,OFFPLAN_RENTAL_NOT_EVALUATED,,Offplan properties not evaluated for current rent,,,,,,,,,,,,,,,,,,,,,,,,,
2797,offplan,Damac Lagoons,damac valencia at damac lagoons,0.0,328.0,612000.0,DLD_MISSING,OFFPLAN_RENTAL_NOT_EVALUATED,,,0.0,,NONE,False,NONE,OFFPLAN_RENTAL_NOT_EVALUATED,,Offplan properties not evaluated for current rent,,,,,,,,,,,,,,,,,,,,,,,,,
264,offplan,Business Bay,binghatti skyhall,1.0,835.0,1877000.0,DLD_MATCH,OFFPLAN_RENTAL_NOT_EVALUATED,,,0.0,,NONE,False,NONE,OFFPLAN_RENTAL_NOT_EVALUATED,,Offplan properties not evaluated for current rent,,,,,,,,,,,,,,,,,,,,,,,,,
5833,offplan,Discovery Gardens,the eden at sobha central,2.0,956.0,2644970.0,DLD_MISSING,OFFPLAN_RENTAL_NOT_EVALUATED,,,0.0,,NONE,False,NONE,OFFPLAN_RENTAL_NOT_EVALUATED,,Offplan properties not evaluated for current rent,,,,,,,,,,,,,,,,,,,,,,,,,
2666,ready,Jumeirah village circle,binghatti lavender,2.0,1020.0,1470000.0,DLD_NO_EVIDENCE,R4,80436.74835356104,5.47188764309939,3111.0,median_psf_times_size,AREA_LEVEL,False,NONE,SHADOW_RESEARCH,Al Barsha South Fourth,,94.8,0.0,,,insufficient_data,0.0,True,13.0,100000.0,102050.41624624604,median_psf_times_size,0.65,False,0.0,,,insufficient_data,0.0,True,3111.0,74000.0,80436.74835356104,median_psf_times_size,0.4,False
4892,offplan,Discovery Gardens,the eden at sobha central,1.0,568.0,1585640.0,DLD_MISSING,OFFPLAN_RENTAL_NOT_EVALUATED,,,0.0,,NONE,False,NONE,OFFPLAN_RENTAL_NOT_EVALUATED,,Offplan properties not evaluated for current rent,,,,,,,,,,,,,,,,,,,,,,,,,
5229,offplan,Jebel Ali,sola residences,2.0,977.0,1324000.0,DLD_MATCH,OFFPLAN_RENTAL_NOT_EVALUATED,,,0.0,,NONE,False,NONE,OFFPLAN_RENTAL_NOT_EVALUATED,,Offplan properties not evaluated for current rent,,,,,,,,,,,,,,,,,,,,,,,,,
4506,offplan,Jumeirah village circle,binghatti amberhall,1.0,727.0,1061000.0,DLD_MATCH,OFFPLAN_RENTAL_NOT_EVALUATED,,,0.0,,NONE,False,NONE,OFFPLAN_RENTAL_NOT_EVALUATED,,Offplan properties not evaluated for current rent,,,,,,,,,,,,,,,,,,,,,,,,,
4571,offplan,Majan,binghatti skyflame at majan,2.0,1209.0,1550999.0,DLD_MISSING,OFFPLAN_RENTAL_NOT_EVALUATED,,,0.0,,NONE,False,NONE,OFFPLAN_RENTAL_NOT_EVALUATED,,Offplan properties not evaluated for current rent,,,,,,,,,,,,,,,,,,,,,,,,,
5990,offplan,Dubai Motor City,sobha orbis,2.0,985.0,1781930.0,DLD_MATCH,OFFPLAN_RENTAL_NOT_EVALUATED,,,0.0,,NONE,False,NONE,OFFPLAN_RENTAL_NOT_EVALUATED,,Offplan properties not evaluated for current rent,,,,,,,,,,,,,,,,,,,,,,,,,
136,offplan,Jumeirah village circle,binghatti apex,1.0,840.0,999000.0,DLD_MATCH,OFFPLAN_RENTAL_NOT_EVALUATED,,,0.0,,NONE,False,NONE,OFFPLAN_RENTAL_NOT_EVALUATED,,Offplan properties not evaluated for current rent,,,,,,,,,,,,,,,,,,,,,,,,,
5930,offplan,Dubai Motor City,sobha orbis,1.0,536.0,974574.0,DLD_MATCH,OFFPLAN_RENTAL_NOT_EVALUATED,,,0.0,,NONE,False,NONE,OFFPLAN_RENTAL_NOT_EVALUATED,,Offplan properties not evaluated for current rent,,,,,,,,,,,,,,,,,,,,,,,,,
4088,offplan,International City Phase 2,tavora residences,1.0,813.0,822777.0,DLD_MISSING,OFFPLAN_RENTAL_NOT_EVALUATED,,,0.0,,NONE,False,NONE,OFFPLAN_RENTAL_NOT_EVALUATED,,Offplan properties not evaluated for current rent,,,,,,,,,,,,,,,,,,,,,,,,,
7479,offplan,Yas Island,the bay residence,2.0,2049.0,3840040.0,DLD_MISSING,OFFPLAN_RENTAL_NOT_EVALUATED,,,0.0,,NONE,False,NONE,OFFPLAN_RENTAL_NOT_EVALUATED,,Offplan properties not evaluated for current rent,,,,,,,,,,,,,,,,,,,,,,,,,
6334,offplan,Al Marjan Island,the beach residences,2.0,1970.0,4300000.0,DLD_MISSING,OFFPLAN_RENTAL_NOT_EVALUATED,,,0.0,,NONE,False,NONE,OFFPLAN_RENTAL_NOT_EVALUATED,,Offplan properties not evaluated for current rent,,,,,,,,,,,,,,,,,,,,,,,,,
5125,offplan,EMAAR Beachfront,address residences the bay,2.0,1282.0,4700000.0,DLD_MISSING,OFFPLAN_RENTAL_NOT_EVALUATED,,,0.0,,NONE,False,NONE,OFFPLAN_RENTAL_NOT_EVALUATED,,Offplan properties not evaluated for current rent,,,,,,,,,,,,,,,,,,,,,,,,,
5640,offplan,Dubai Land Residence Complex,marquis vista,2.0,1200.0,1500000.0,DLD_NO_EVIDENCE,OFFPLAN_RENTAL_NOT_EVALUATED,,,0.0,,NONE,False,NONE,OFFPLAN_RENTAL_NOT_EVALUATED,,Offplan properties not evaluated for current rent,,,,,,,,,,,,,,,,,,,,,,,,,
1786,offplan,DAMAC Riverside,royale,2.0,1022.0,1400000.0,DLD_MISSING,OFFPLAN_RENTAL_NOT_EVALUATED,,,0.0,,NONE,False,NONE,OFFPLAN_RENTAL_NOT_EVALUATED,,Offplan properties not evaluated for current rent,,,,,,,,,,,,,,,,,,,,,,,,,
1181,ready,Jumeirah village circle,laya mansion,2.0,1413.0,1600000.0,DLD_MATCH,R4,104279.25137189843,6.517453210743652,1266.0,median_psf_times_size,AREA_LEVEL,False,NONE,SHADOW_RESEARCH,Al Barsha South Fourth,,131.3,0.0,,,insufficient_data,0.0,True,2.0,,,insufficient_data,0.0,True,0.0,,,insufficient_data,0.0,True,1266.0,95000.0,104279.25137189843,median_psf_times_size,0.4,False
1829,ready,Jumeirah village circle,vita grande,2.0,774.0,912000.0,DLD_MISSING,R4,67320.20312076983,7.381601219382657,4468.0,median_psf_times_size,AREA_LEVEL,False,NONE,SHADOW_RESEARCH,Al Barsha South Fourth,,71.9,0.0,,,insufficient_data,0.0,True,0.0,,,insufficient_data,0.0,True,0.0,,,insufficient_data,0.0,True,4468.0,67000.0,67320.20312076983,median_psf_times_size,0.4,False
3761,offplan,Jumeirah village circle,lumina vista,2.0,1192.0,1705000.0,DLD_MISSING,OFFPLAN_RENTAL_NOT_EVALUATED,,,0.0,,NONE,False,NONE,OFFPLAN_RENTAL_NOT_EVALUATED,,Offplan properties not evaluated for current rent,,,,,,,,,,,,,,,,,,,,,,,,,
4855,offplan,Dubai South,dubai south by dugasta,2.0,1033.0,1549500.0,DLD_MISSING,OFFPLAN_RENTAL_NOT_EVALUATED,,,0.0,,NONE,False,NONE,OFFPLAN_RENTAL_NOT_EVALUATED,,Offplan properties not evaluated for current rent,,,,,,,,,,,,,,,,,,,,,,,,,
1448,offplan,Dubai International City,listone residence,0.0,378.0,646888.0,DLD_MISSING,OFFPLAN_RENTAL_NOT_EVALUATED,,,0.0,,NONE,False,NONE,OFFPLAN_RENTAL_NOT_EVALUATED,,Offplan properties not evaluated for current rent,,,,,,,,,,,,,,,,,,,,,,,,,
6508,offplan,Jumeirah village circle,marriott residences jvc,2.0,932.0,1585000.0,DLD_MISSING,OFFPLAN_RENTAL_NOT_EVALUATED,,,0.0,,NONE,False,NONE,OFFPLAN_RENTAL_NOT_EVALUATED,,Offplan properties not evaluated for current rent,,,,,,,,,,,,,,,,,,,,,,,,,
3450,offplan,Raha Island,skai mina,2.0,1204.0,2411000.0,DLD_MISSING,OFFPLAN_RENTAL_NOT_EVALUATED,,,0.0,,NONE,False,NONE,OFFPLAN_RENTAL_NOT_EVALUATED,,Offplan properties not evaluated for current rent,,,,,,,,,,,,,,,,,,,,,,,,,
504,offplan,Palm Jumeirah,armani beach residence,2.0,2657.0,23000000.0,DLD_MISSING,OFFPLAN_RENTAL_NOT_EVALUATED,,,0.0,,NONE,False,NONE,OFFPLAN_RENTAL_NOT_EVALUATED,,Offplan properties not evaluated for current rent,,,,,,,,,,,,,,,,,,,,,,,,,
4036,offplan,Jumeirah village circle,alta by meteora,2.0,1041.0,1453000.0,DLD_MISSING,OFFPLAN_RENTAL_NOT_EVALUATED,,,0.0,,NONE,False,NONE,OFFPLAN_RENTAL_NOT_EVALUATED,,Offplan properties not evaluated for current rent,,,,,,,,,,,,,,,,,,,,,,,,,
892,offplan,Jumeirah village circle,lumina vista,2.0,1434.0,1920000.0,DLD_MISSING,OFFPLAN_RENTAL_NOT_EVALUATED,,,0.0,,NONE,False,NONE,OFFPLAN_RENTAL_NOT_EVALUATED,,Offplan properties not evaluated for current rent,,,,,,,,,,,,,,,,,,,,,,,,,
4792,offplan,Dubai Islands,do hotels and residences,2.0,1177.0,3000000.0,DLD_MISSING,OFFPLAN_RENTAL_NOT_EVALUATED,,,0.0,,NONE,False,NONE,OFFPLAN_RENTAL_NOT_EVALUATED,,Offplan properties not evaluated for current rent,,,,,,,,,,,,,,,,,,,,,,,,,
240,offplan,Dubai Islands,do hotels and residences,3.0,2062.0,5500000.0,DLD_MISSING,OFFPLAN_RENTAL_NOT_EVALUATED,,,0.0,,NONE,False,NONE,OFFPLAN_RENTAL_NOT_EVALUATED,,Offplan properties not evaluated for current rent,,,,,,,,,,,,,,,,,,,,,,,,,
5128,ready,Dubai Marina,marina star,2.0,1111.0,2800000.0,DLD_MATCH,R4,111695.73616708325,3.989133434538687,2964.0,median_psf_times_size,AREA_LEVEL,False,NONE,SHADOW_RESEARCH,Marsa Dubai,,103.2,0.0,,,insufficient_data,0.0,True,7.0,,,insufficient_data,0.0,True,0.0,,,insufficient_data,0.0,True,2964.0,113000.0,111695.73616708325,median_psf_times_size,0.4,False
5063,offplan,Palm Jumeirah,armani beach residence,3.0,4652.0,37500000.0,DLD_MISSING,OFFPLAN_RENTAL_NOT_EVALUATED,,,0.0,,NONE,False,NONE,OFFPLAN_RENTAL_NOT_EVALUATED,,Offplan properties not evaluated for current rent,,,,,,,,,,,,,,,,,,,,,,,,,
4379,offplan,Jumeirah village circle,alta by meteora,3.0,1492.0,2033000.0,DLD_MISSING,OFFPLAN_RENTAL_NOT_EVALUATED,,,0.0,,NONE,False,NONE,OFFPLAN_RENTAL_NOT_EVALUATED,,Offplan properties not evaluated for current rent,,,,,,,,,,,,,,,,,,,,,,,,,
4790,offplan,Yas Island,vista del mar,2.0,1543.0,2100990.0,DLD_MISSING,OFFPLAN_RENTAL_NOT_EVALUATED,,,0.0,,NONE,False,NONE,OFFPLAN_RENTAL_NOT_EVALUATED,,Offplan properties not evaluated for current rent,,,,,,,,,,,,,,,,,,,,,,,,,
844,ready,Jumeirah village circle,concept 7 residences,2.0,1016.0,1100000.0,DLD_MATCH,R4,80142.01865667617,7.285638059697834,3121.0,median_psf_times_size,AREA_LEVEL,False,NONE,SHADOW_RESEARCH,Al Barsha South Fourth,,94.4,0.0,,,insufficient_data,0.0,True,3.0,,,insufficient_data,0.0,True,0.0,,,insufficient_data,0.0,True,3121.0,74000.0,80142.01865667617,median_psf_times_size,0.4,False
4813,offplan,Siniya Island,amra residences,1.0,846.0,1300000.0,DLD_MISSING,OFFPLAN_RENTAL_NOT_EVALUATED,,,0.0,,NONE,False,NONE,OFFPLAN_RENTAL_NOT_EVALUATED,,Offplan properties not evaluated for current rent,,,,,,,,,,,,,,,,,,,,,,,,,
1904,offplan,Dubai Islands,do hotels and residences,1.0,831.0,1980000.0,DLD_MISSING,OFFPLAN_RENTAL_NOT_EVALUATED,,,0.0,,NONE,False,NONE,OFFPLAN_RENTAL_NOT_EVALUATED,,Offplan properties not evaluated for current rent,,,,,,,,,,,,,,,,,,,,,,,,,
5138,offplan,Jumeirah Village Triangle,skygate tower,2.0,1214.0,1992948.0,DLD_MISSING,OFFPLAN_RENTAL_NOT_EVALUATED,,,0.0,,NONE,False,NONE,OFFPLAN_RENTAL_NOT_EVALUATED,,Offplan properties not evaluated for current rent,,,,,,,,,,,,,,,,,,,,,,,,,
2719,offplan,Dubai Production City,park five,1.0,739.0,956289.0,DLD_MISSING,OFFPLAN_RENTAL_NOT_EVALUATED,,,0.0,,NONE,False,NONE,OFFPLAN_RENTAL_NOT_EVALUATED,,Offplan properties not evaluated for current rent,,,,,,,,,,,,,,,,,,,,,,,,,
3203,offplan,Al warsan,rise by blanco thornton,1.0,581.0,815000.0,DLD_MISSING,OFFPLAN_RENTAL_NOT_EVALUATED,,,0.0,,NONE,False,NONE,OFFPLAN_RENTAL_NOT_EVALUATED,,Offplan properties not evaluated for current rent,,,,,,,,,,,,,,,,,,,,,,,,,
7592,offplan,Jumeirah village circle,alta by meteora,1.0,568.0,944000.0,DLD_MISSING,OFFPLAN_RENTAL_NOT_EVALUATED,,,0.0,,NONE,False,NONE,OFFPLAN_RENTAL_NOT_EVALUATED,,Offplan properties not evaluated for current rent,,,,,,,,,,,,,,,,,,,,,,,,,
2570,offplan,Nad Al Sheba,one by nine,1.0,736.0,1454000.0,DLD_MISSING,OFFPLAN_RENTAL_NOT_EVALUATED,,,0.0,,NONE,False,NONE,OFFPLAN_RENTAL_NOT_EVALUATED,,Offplan properties not evaluated for current rent,,,,,,,,,,,,,,,,,,,,,,,,,
4699,ready,Dubai Creek Harbour,creek edge,2.0,1044.0,1500000.0,DLD_MATCH,R2,140636.62195212702,9.375774796808468,66.0,median_psf_times_size,PROJECT_LEVEL,False,NONE,SHADOW_RESEARCH,Al Khairan First,,97.0,0.0,,,insufficient_data,0.0,True,66.0,150000.0,140636.62195212702,median_psf_times_size,0.8,False,0.0,,,insufficient_data,0.0,True,3731.0,130000.0,125798.66894952998,median_psf_times_size,0.4,False
7112,ready,Jumeirah village circle,q gardens loft,1.0,848.0,503000.0,DLD_MISSING,R4,71619.7981091556,14.238528451124374,4385.0,median_psf_times_size,AREA_LEVEL,False,NONE,SHADOW_RESEARCH,Al Barsha South Fourth,,78.8,0.0,,,insufficient_data,0.0,True,0.0,,,insufficient_data,0.0,True,0.0,,,insufficient_data,0.0,True,4385.0,69500.0,71619.7981091556,median_psf_times_size,0.4,False
6480,offplan,Masdar City,sila,3.0,1397.0,2153631.0,DLD_MISSING,OFFPLAN_RENTAL_NOT_EVALUATED,,,0.0,,NONE,False,NONE,OFFPLAN_RENTAL_NOT_EVALUATED,,Offplan properties not evaluated for current rent,,,,,,,,,,,,,,,,,,,,,,,,,
6541,offplan,Yas Island,vista del mar,1.0,952.0,1233550.0,DLD_MISSING,OFFPLAN_RENTAL_NOT_EVALUATED,,,0.0,,NONE,False,NONE,OFFPLAN_RENTAL_NOT_EVALUATED,,Offplan properties not evaluated for current rent,,,,,,,,,,,,,,,,,,,,,,,,,
4914,ready,Dubai Maritime City,franck muller yachting,2.0,792.0,1710888.0,DLD_MATCH,NO_RENTAL_EVIDENCE_IN_AREA,,,,,NONE,False,NONE,NO_RENTAL_EVIDENCE_IN_AREA,,No rental contracts in DLD area: Al Jaddaf,73.6,,,,,,,,,,,,,,,,,,,,,,,,
2046,ready,Dubai Maritime City,franck muller yachting,1.0,409.0,1120888.0,DLD_MATCH,NO_RENTAL_EVIDENCE_IN_AREA,,,,,NONE,False,NONE,NO_RENTAL_EVIDENCE_IN_AREA,,No rental contracts in DLD area: Al Jaddaf,38.0,,,,,,,,,,,,,,,,,,,,,,,,
7885,offplan,Masdar City,sila,2.0,1157.0,1689055.0,DLD_MISSING,OFFPLAN_RENTAL_NOT_EVALUATED,,,0.0,,NONE,False,NONE,OFFPLAN_RENTAL_NOT_EVALUATED,,Offplan properties not evaluated for current rent,,,,,,,,,,,,,,,,,,,,,,,,,
5082,offplan,Al warsan,rise by blanco thornton,2.0,1086.0,1356000.0,DLD_MISSING,OFFPLAN_RENTAL_NOT_EVALUATED,,,0.0,,NONE,False,NONE,OFFPLAN_RENTAL_NOT_EVALUATED,,Offplan properties not evaluated for current rent,,,,,,,,,,,,,,,,,,,,,,,,,
1334,offplan,Nad Al Sheba,one by nine,2.0,1138.0,2118000.0,DLD_MISSING,OFFPLAN_RENTAL_NOT_EVALUATED,,,0.0,,NONE,False,NONE,OFFPLAN_RENTAL_NOT_EVALUATED,,Offplan properties not evaluated for current rent,,,,,,,,,,,,,,,,,,,,,,,,,
6092,offplan,Dubai South,crown palace,1.0,715.0,1054217.0,DLD_MISSING,OFFPLAN_RENTAL_NOT_EVALUATED,,,0.0,,NONE,False,NONE,OFFPLAN_RENTAL_NOT_EVALUATED,,Offplan properties not evaluated for current rent,,,,,,,,,,,,,,,,,,,,,,,,,
1980,offplan,Dubai Production City,park five,2.0,1125.0,1435100.0,DLD_MISSING,OFFPLAN_RENTAL_NOT_EVALUATED,,,0.0,,NONE,False,NONE,OFFPLAN_RENTAL_NOT_EVALUATED,,Offplan properties not evaluated for current rent,,,,,,,,,,,,,,,,,,,,,,,,,
5166,offplan,Dubai Land Residence Complex,celesto 4,2.0,851.0,1150000.0,DLD_MISSING,OFFPLAN_RENTAL_NOT_EVALUATED,,,0.0,,NONE,False,NONE,OFFPLAN_RENTAL_NOT_EVALUATED,,Offplan properties not evaluated for current rent,,,,,,,,,,,,,,,,,,,,,,,,,
66,offplan,Jumeirah Village Triangle,sol levante,2.0,842.0,1280000.0,DLD_MATCH,OFFPLAN_RENTAL_NOT_EVALUATED,,,0.0,,NONE,False,NONE,OFFPLAN_RENTAL_NOT_EVALUATED,,Offplan properties not evaluated for current rent,,,,,,,,,,,,,,,,,,,,,,,,,
2690,offplan,Jumeirah Village Triangle,red square tower,2.0,914.0,1511820.0,DLD_MISSING,OFFPLAN_RENTAL_NOT_EVALUATED,,,0.0,,NONE,False,NONE,OFFPLAN_RENTAL_NOT_EVALUATED,,Offplan properties not evaluated for current rent,,,,,,,,,,,,,,,,,,,,,,,,,
5920,offplan,Arjan,elevate,2.0,1221.0,1100000.0,DLD_MISSING,OFFPLAN_RENTAL_NOT_EVALUATED,,,0.0,,NONE,False,NONE,OFFPLAN_RENTAL_NOT_EVALUATED,,Offplan properties not evaluated for current rent,,,,,,,,,,,,,,,,,,,,,,,,,
8390,offplan,Al Hamra,soto grande,2.0,1111.0,2493828.0,DLD_MISSING,OFFPLAN_RENTAL_NOT_EVALUATED,,,0.0,,NONE,False,NONE,OFFPLAN_RENTAL_NOT_EVALUATED,,Offplan properties not evaluated for current rent,,,,,,,,,,,,,,,,,,,,,,,,,
5672,offplan,DAMAC Riverside,marine,1.0,714.0,888000.0,DLD_MISSING,OFFPLAN_RENTAL_NOT_EVALUATED,,,0.0,,NONE,False,NONE,OFFPLAN_RENTAL_NOT_EVALUATED,,Offplan properties not evaluated for current rent,,,,,,,,,,,,,,,,,,,,,,,,,
4380,offplan,Dubai Maritime City,breez,2.0,,2400000.0,DLD_MISSING,OFFPLAN_RENTAL_NOT_EVALUATED,,,0.0,,NONE,False,NONE,OFFPLAN_RENTAL_NOT_EVALUATED,,Offplan properties not evaluated for current rent,,,,,,,,,,,,,,,,,,,,,,,,,
1213,offplan,Meydan City,parkway by prestige one,2.0,729.0,1500000.0,DLD_MATCH,OFFPLAN_RENTAL_NOT_EVALUATED,,,0.0,,NONE,False,NONE,OFFPLAN_RENTAL_NOT_EVALUATED,,Offplan properties not evaluated for current rent,,,,,,,,,,,,,,,,,,,,,,,,,
1306,offplan,Dubai Water Canal,eden house the park,1.0,676.0,2667320.0,DLD_MATCH,OFFPLAN_RENTAL_NOT_EVALUATED,,,0.0,,NONE,False,NONE,OFFPLAN_RENTAL_NOT_EVALUATED,,Offplan properties not evaluated for current rent,,,,,,,,,,,,,,,,,,,,,,,,,
4384,offplan,Jebel Ali,azizi abraham,3.0,1408.0,2206000.0,DLD_MATCH,OFFPLAN_RENTAL_NOT_EVALUATED,,,0.0,,NONE,False,NONE,OFFPLAN_RENTAL_NOT_EVALUATED,,Offplan properties not evaluated for current rent,,,,,,,,,,,,,,,,,,,,,,,,,
4941,offplan,Dubai Land Residence Complex,cove grand,2.0,1284.0,1430000.0,DLD_MISSING,OFFPLAN_RENTAL_NOT_EVALUATED,,,0.0,,NONE,False,NONE,OFFPLAN_RENTAL_NOT_EVALUATED,,Offplan properties not evaluated for current rent,,,,,,,,,,,,,,,,,,,,,,,,,
5809,offplan,Jumeirah village circle,77 boulevard,1.0,758.0,1204500.0,DLD_MISSING,OFFPLAN_RENTAL_NOT_EVALUATED,,,0.0,,NONE,False,NONE,OFFPLAN_RENTAL_NOT_EVALUATED,,Offplan properties not evaluated for current rent,,,,,,,,,,,,,,,,,,,,,,,,,
5168,offplan,Sobha Hartland 2,350 riverside crescent,2.0,722.0,1659730.0,DLD_MATCH,OFFPLAN_RENTAL_NOT_EVALUATED,,,0.0,,NONE,False,NONE,OFFPLAN_RENTAL_NOT_EVALUATED,,Offplan properties not evaluated for current rent,,,,,,,,,,,,,,,,,,,,,,,,,
6299,offplan,Dubai Creek Harbour,palace residences north,2.0,991.0,1700000.0,DLD_MATCH,OFFPLAN_RENTAL_NOT_EVALUATED,,,0.0,,NONE,False,NONE,OFFPLAN_RENTAL_NOT_EVALUATED,,Offplan properties not evaluated for current rent,,,,,,,,,,,,,,,,,,,,,,,,,
5957,offplan,Jumeirah village circle,lumina vista,1.0,1010.0,1400000.0,DLD_MISSING,OFFPLAN_RENTAL_NOT_EVALUATED,,,0.0,,NONE,False,NONE,OFFPLAN_RENTAL_NOT_EVALUATED,,Offplan properties not evaluated for current rent,,,,,,,,,,,,,,,,,,,,,,,,,
6102,offplan,Arjan,elevate,1.0,732.0,767000.0,DLD_MISSING,OFFPLAN_RENTAL_NOT_EVALUATED,,,0.0,,NONE,False,NONE,OFFPLAN_RENTAL_NOT_EVALUATED,,Offplan properties not evaluated for current rent,,,,,,,,,,,,,,,,,,,,,,,,,
7502,offplan,Jumeirah village circle,368 park ln,2.0,798.0,1080000.0,DLD_MATCH,OFFPLAN_RENTAL_NOT_EVALUATED,,,0.0,,NONE,False,NONE,OFFPLAN_RENTAL_NOT_EVALUATED,,Offplan properties not evaluated for current rent,,,,,,,,,,,,,,,,,,,,,,,,,
318,offplan,Dubai Production City,vista verde,2.0,839.0,1500000.0,DLD_MISSING,OFFPLAN_RENTAL_NOT_EVALUATED,,,0.0,,NONE,False,NONE,OFFPLAN_RENTAL_NOT_EVALUATED,,Offplan properties not evaluated for current rent,,,,,,,,,,,,,,,,,,,,,,,,,
5102,offplan,Siniya Island,canalside marina residences,2.0,651.0,1697640.0,DLD_MISSING,OFFPLAN_RENTAL_NOT_EVALUATED,,,0.0,,NONE,False,NONE,OFFPLAN_RENTAL_NOT_EVALUATED,,Offplan properties not evaluated for current rent,,,,,,,,,,,,,,,,,,,,,,,,,
1174,offplan,Siniya Island,bayfront marina residences,2.0,652.0,1699594.0,DLD_MISSING,OFFPLAN_RENTAL_NOT_EVALUATED,,,0.0,,NONE,False,NONE,OFFPLAN_RENTAL_NOT_EVALUATED,,Offplan properties not evaluated for current rent,,,,,,,,,,,,,,,,,,,,,,,,,
3840,offplan,Arjan,elevate,0.0,425.0,448000.0,DLD_MISSING,OFFPLAN_RENTAL_NOT_EVALUATED,,,0.0,,NONE,False,NONE,OFFPLAN_RENTAL_NOT_EVALUATED,,Offplan properties not evaluated for current rent,,,,,,,,,,,,,,,,,,,,,,,,,
8415,offplan,Dubai Production City,sera gardens,2.0,725.0,1060000.0,DLD_MISSING,OFFPLAN_RENTAL_NOT_EVALUATED,,,0.0,,NONE,False,NONE,OFFPLAN_RENTAL_NOT_EVALUATED,,Offplan properties not evaluated for current rent,,,,,,,,,,,,,,,,,,,,,,,,,
6359,offplan,Jumeirah village circle,105 residences,2.0,1336.0,1795000.0,DLD_MISSING,OFFPLAN_RENTAL_NOT_EVALUATED,,,0.0,,NONE,False,NONE,OFFPLAN_RENTAL_NOT_EVALUATED,,Offplan properties not evaluated for current rent,,,,,,,,,,,,,,,,,,,,,,,,,
4162,offplan,Jumeirah village circle,alef noon residence,1.0,748.0,968000.0,DLD_MATCH,OFFPLAN_RENTAL_NOT_EVALUATED,,,0.0,,NONE,False,NONE,OFFPLAN_RENTAL_NOT_EVALUATED,,Offplan properties not evaluated for current rent,,,,,,,,,,,,,,,,,,,,,,,,,
7762,offplan,Dubai Hills Estate,address residences dubai hills estate,2.0,1074.0,2000000.0,DLD_MISSING,OFFPLAN_RENTAL_NOT_EVALUATED,,,0.0,,NONE,False,NONE,OFFPLAN_RENTAL_NOT_EVALUATED,,Offplan properties not evaluated for current rent,,,,,,,,,,,,,,,,,,,,,,,,,
3153,offplan,Dubai Creek Harbour,palace residences creek blue,2.0,1005.0,2360000.0,DLD_MATCH,OFFPLAN_RENTAL_NOT_EVALUATED,,,0.0,,NONE,False,NONE,OFFPLAN_RENTAL_NOT_EVALUATED,,Offplan properties not evaluated for current rent,,,,,,,,,,,,,,,,,,,,,,,,,
8385,offplan,Meydan City,vista meydan,2.0,1182.0,2779000.0,DLD_MISSING,OFFPLAN_RENTAL_NOT_EVALUATED,,,0.0,,NONE,False,NONE,OFFPLAN_RENTAL_NOT_EVALUATED,,Offplan properties not evaluated for current rent,,,,,,,,,,,,,,,,,,,,,,,,,
4821,offplan,Siniya Island,bayside marina residences,2.0,685.0,1727865.0,DLD_MISSING,OFFPLAN_RENTAL_NOT_EVALUATED,,,0.0,,NONE,False,NONE,OFFPLAN_RENTAL_NOT_EVALUATED,,Offplan properties not evaluated for current rent,,,,,,,,,,,,,,,,,,,,,,,,,
5736,offplan,Jumeirah Village Triangle,red square tower,0.0,381.0,759772.0,DLD_MISSING,OFFPLAN_RENTAL_NOT_EVALUATED,,,0.0,,NONE,False,NONE,OFFPLAN_RENTAL_NOT_EVALUATED,,Offplan properties not evaluated for current rent,,,,,,,,,,,,,,,,,,,,,,,,,
163,offplan,Jumeirah village circle,the autograph i series residence,2.0,990.0,1780850.0,DLD_MISSING,OFFPLAN_RENTAL_NOT_EVALUATED,,,0.0,,NONE,False,NONE,OFFPLAN_RENTAL_NOT_EVALUATED,,Offplan properties not evaluated for current rent,,,,,,,,,,,,,,,,,,,,,,,,,
4261,offplan,Dubai Creek Harbour,address residences,2.0,1074.0,2550000.0,DLD_MISSING,OFFPLAN_RENTAL_NOT_EVALUATED,,,0.0,,NONE,False,NONE,OFFPLAN_RENTAL_NOT_EVALUATED,,Offplan properties not evaluated for current rent,,,,,,,,,,,,,,,,,,,,,,,,,
3765,ready,Jumeirah village circle,q gardens loft,2.0,1304.0,1900000.0,DLD_MISSING,R4,97491.13591876658,5.131112416777189,1548.0,median_psf_times_size,AREA_LEVEL,False,NONE,SHADOW_RESEARCH,Al Barsha South Fourth,,121.1,0.0,,,insufficient_data,0.0,True,0.0,,,insufficient_data,0.0,True,0.0,,,insufficient_data,0.0,True,1548.0,90000.0,97491.13591876658,median_psf_times_size,0.4,False
3624,offplan,Al Furjan,primero residences,1.0,796.0,899000.0,DLD_MISSING,OFFPLAN_RENTAL_NOT_EVALUATED,,,0.0,,NONE,False,NONE,OFFPLAN_RENTAL_NOT_EVALUATED,,Offplan properties not evaluated for current rent,,,,,,,,,,,,,,,,,,,,,,,,,
396,offplan,Dubai Creek Harbour,palace residences north,1.0,638.0,1200000.0,DLD_MATCH,OFFPLAN_RENTAL_NOT_EVALUATED,,,0.0,,NONE,False,NONE,OFFPLAN_RENTAL_NOT_EVALUATED,,Offplan properties not evaluated for current rent,,,,,,,,,,,,,,,,,,,,,,,,,
7881,ready,Dubai Creek Harbour,dubai creek residence tower 2 north,1.0,1020.0,1399990.0,DLD_MISSING,R4,122727.91390263115,8.76634218120352,3757.0,median_psf_times_size,AREA_LEVEL,False,NONE,SHADOW_RESEARCH,Al Khairan First,,94.8,0.0,,,insufficient_data,0.0,True,0.0,,,insufficient_data,0.0,True,0.0,,,insufficient_data,0.0,True,3757.0,129304.81,122727.91390263115,median_psf_times_size,0.4,False
1823,offplan,Dubai Creek Harbour,address residences,2.0,1074.0,2600000.0,DLD_MISSING,OFFPLAN_RENTAL_NOT_EVALUATED,,,0.0,,NONE,False,NONE,OFFPLAN_RENTAL_NOT_EVALUATED,,Offplan properties not evaluated for current rent,,,,,,,,,,,,,,,,,,,,,,,,,
8317,offplan,Dubai Investments Park,verdana empire,1.0,686.0,885000.0,DLD_MISSING,OFFPLAN_RENTAL_NOT_EVALUATED,,,0.0,,NONE,False,NONE,OFFPLAN_RENTAL_NOT_EVALUATED,,Offplan properties not evaluated for current rent,,,,,,,,,,,,,,,,,,,,,,,,,
6667,offplan,Al Furjan,valores residences,1.0,692.0,880000.0,DLD_NO_EVIDENCE,OFFPLAN_RENTAL_NOT_EVALUATED,,,0.0,,NONE,False,NONE,OFFPLAN_RENTAL_NOT_EVALUATED,,Offplan properties not evaluated for current rent,,,,,,,,,,,,,,,,,,,,,,,,,
409,ready,Dubai Creek Harbour,harbour views 1,3.0,1526.0,2700000.0,DLD_MISSING,R4,175955.72221292488,6.5168786004787,1721.0,median_psf_times_size,AREA_LEVEL,False,NONE,SHADOW_RESEARCH,Al Khairan First,,141.8,0.0,,,insufficient_data,0.0,True,0.0,,,insufficient_data,0.0,True,0.0,,,insufficient_data,0.0,True,1721.0,180000.0,175955.72221292488,median_psf_times_size,0.4,False
2452,offplan,Dubai International City,listone residence,2.0,1010.0,1281888.0,DLD_MISSING,OFFPLAN_RENTAL_NOT_EVALUATED,,,0.0,,NONE,False,NONE,OFFPLAN_RENTAL_NOT_EVALUATED,,Offplan properties not evaluated for current rent,,,,,,,,,,,,,,,,,,,,,,,,,
1330,ready,Arjan,oxford gardens,0.0,413.0,560000.0,DLD_MATCH,R2,60582.56134742315,10.818314526325562,72.0,median_psf_times_size,PROJECT_LEVEL,False,NONE,SHADOW_RESEARCH,Al Barshaa South Third,,38.4,0.0,,,insufficient_data,0.0,True,72.0,60000.0,60582.56134742315,median_psf_times_size,0.8,False,69.0,48500.0,48921.988260670594,median_psf_times_size,0.6,False,2201.0,47000.0,46275.106734452886,median_psf_times_size,0.4,False
4723,offplan,Jumeirah village circle,the portman,1.0,682.0,717000.0,DLD_MATCH,OFFPLAN_RENTAL_NOT_EVALUATED,,,0.0,,NONE,False,NONE,OFFPLAN_RENTAL_NOT_EVALUATED,,Offplan properties not evaluated for current rent,,,,,,,,,,,,,,,,,,,,,,,,,
1031,offplan,Wasl Gate,bellagio by sunrise capital,2.0,1086.0,1356000.0,DLD_MISSING,OFFPLAN_RENTAL_NOT_EVALUATED,,,0.0,,NONE,False,NONE,OFFPLAN_RENTAL_NOT_EVALUATED,,Offplan properties not evaluated for current rent,,,,,,,,,,,,,,,,,,,,,,,,,
4706,offplan,Al Furjan,trussardi residences,1.0,871.0,1400000.0,DLD_MATCH,OFFPLAN_RENTAL_NOT_EVALUATED,,,0.0,,NONE,False,NONE,OFFPLAN_RENTAL_NOT_EVALUATED,,Offplan properties not evaluated for current rent,,,,,,,,,,,,,,,,,,,,,,,,,
7985,offplan,Dubai International City,listone residence,1.0,628.0,881888.0,DLD_MISSING,OFFPLAN_RENTAL_NOT_EVALUATED,,,0.0,,NONE,False,NONE,OFFPLAN_RENTAL_NOT_EVALUATED,,Offplan properties not evaluated for current rent,,,,,,,,,,,,,,,,,,,,,,,,,
7318,offplan,Jumeirah Village Triangle,sol levante,1.0,578.0,1000000.0,DLD_MATCH,OFFPLAN_RENTAL_NOT_EVALUATED,,,0.0,,NONE,False,NONE,OFFPLAN_RENTAL_NOT_EVALUATED,,Offplan properties not evaluated for current rent,,,,,,,,,,,,,,,,,,,,,,,,,
6834,offplan,Al Furjan,equiti home,2.0,1100.0,1200000.0,DLD_MATCH,OFFPLAN_RENTAL_NOT_EVALUATED,,,0.0,,NONE,False,NONE,OFFPLAN_RENTAL_NOT_EVALUATED,,Offplan properties not evaluated for current rent,,,,,,,,,,,,,,,,,,,,,,,,,
1003,offplan,Business Bay,onda by kasco,2.0,813.0,1609780.0,DLD_MATCH,OFFPLAN_RENTAL_NOT_EVALUATED,,,0.0,,NONE,False,NONE,OFFPLAN_RENTAL_NOT_EVALUATED,,Offplan properties not evaluated for current rent,,,,,,,,,,,,,,,,,,,,,,,,,
4629,offplan,Nad Al Sheba,one by nine,0.0,564.0,1048000.0,DLD_MISSING,OFFPLAN_RENTAL_NOT_EVALUATED,,,0.0,,NONE,False,NONE,OFFPLAN_RENTAL_NOT_EVALUATED,,Offplan properties not evaluated for current rent,,,,,,,,,,,,,,,,,,,,,,,,,
7773,offplan,Dubai South,astra south,2.0,1018.0,1935842.0,DLD_MISSING,OFFPLAN_RENTAL_NOT_EVALUATED,,,0.0,,NONE,False,NONE,OFFPLAN_RENTAL_NOT_EVALUATED,,Offplan properties not evaluated for current rent,,,,,,,,,,,,,,,,,,,,,,,,,
2899,ready,Jumeirah village circle,q gardens loft,2.0,1827.0,2068970.0,DLD_MISSING,R4,123746.08134535793,5.981047639422415,447.0,median_psf_times_size,AREA_LEVEL,False,NONE,SHADOW_RESEARCH,Al Barsha South Fourth,,169.7,0.0,,,insufficient_data,0.0,True,0.0,,,insufficient_data,0.0,True,0.0,,,insufficient_data,0.0,True,447.0,112496.0,123746.08134535793,median_psf_times_size,0.4,False
2227,offplan,The Valley,elva,3.0,2416.0,2880000.0,DLD_MISSING,OFFPLAN_RENTAL_NOT_EVALUATED,,,0.0,,NONE,False,NONE,OFFPLAN_RENTAL_NOT_EVALUATED,,Offplan properties not evaluated for current rent,,,,,,,,,,,,,,,,,,,,,,,,,
2210,offplan,Business Bay,bugatti residences,2.0,2018.0,19090000.0,DLD_MISSING,OFFPLAN_RENTAL_NOT_EVALUATED,,,0.0,,NONE,False,NONE,OFFPLAN_RENTAL_NOT_EVALUATED,,Offplan properties not evaluated for current rent,,,,,,,,,,,,,,,,,,,,,,,,,
2847,offplan,Al Reem island,the district,2.0,918.0,1515000.0,DLD_MISSING,OFFPLAN_RENTAL_NOT_EVALUATED,,,0.0,,NONE,False,NONE,OFFPLAN_RENTAL_NOT_EVALUATED,,Offplan properties not evaluated for current rent,,,,,,,,,,,,,,,,,,,,,,,,,
3059,offplan,Business Bay,urban life,1.0,764.0,1511000.0,DLD_MATCH,OFFPLAN_RENTAL_NOT_EVALUATED,,,0.0,,NONE,False,NONE,OFFPLAN_RENTAL_NOT_EVALUATED,,Offplan properties not evaluated for current rent,,,,,,,,,,,,,,,,,,,,,,,,,
50,offplan,Jumeirah village circle,aurora by binghatti,1.0,1000.0,1737500.0,DLD_MISSING,OFFPLAN_RENTAL_NOT_EVALUATED,,,0.0,,NONE,False,NONE,OFFPLAN_RENTAL_NOT_EVALUATED,,Offplan properties not evaluated for current rent,,,,,,,,,,,,,,,,,,,,,,,,,
5667,offplan,Meydan City,vista meydan,1.0,722.0,1626000.0,DLD_MISSING,OFFPLAN_RENTAL_NOT_EVALUATED,,,0.0,,NONE,False,NONE,OFFPLAN_RENTAL_NOT_EVALUATED,,Offplan properties not evaluated for current rent,,,,,,,,,,,,,,,,,,,,,,,,,
63,offplan,Arjan,urban horizon,1.0,675.0,1164333.0,DLD_MISSING,OFFPLAN_RENTAL_NOT_EVALUATED,,,0.0,,NONE,False,NONE,OFFPLAN_RENTAL_NOT_EVALUATED,,Offplan properties not evaluated for current rent,,,,,,,,,,,,,,,,,,,,,,,,,
6843,offplan,Dubai Production City,vista verde,1.0,571.0,950000.0,DLD_MISSING,OFFPLAN_RENTAL_NOT_EVALUATED,,,0.0,,NONE,False,NONE,OFFPLAN_RENTAL_NOT_EVALUATED,,Offplan properties not evaluated for current rent,,,,,,,,,,,,,,,,,,,,,,,,,
8118,offplan,Dubai Hills Estate,elvira,1.0,693.0,1300000.0,DLD_MATCH,OFFPLAN_RENTAL_NOT_EVALUATED,,,0.0,,NONE,False,NONE,OFFPLAN_RENTAL_NOT_EVALUATED,,Offplan properties not evaluated for current rent,,,,,,,,,,,,,,,,,,,,,,,,,
5356,ready,Business Bay,terraces marasi drive,2.0,,3600000.0,DLD_MATCH,R2,140000.0,3.888888888888889,31.0,median_annual,PROJECT_LEVEL,False,NONE,SHADOW_RESEARCH,Business Bay,,,0.0,,,insufficient_data,0.0,True,31.0,140000.0,140000.0,median_annual,0.8,False,2.0,,,insufficient_data,0.0,True,10000.0,94500.0,94500.0,median_annual,0.4,False
6394,offplan,Nad Al Sheba,one by nine,1.0,1146.0,2037000.0,DLD_MISSING,OFFPLAN_RENTAL_NOT_EVALUATED,,,0.0,,NONE,False,NONE,OFFPLAN_RENTAL_NOT_EVALUATED,,Offplan properties not evaluated for current rent,,,,,,,,,,,,,,,,,,,,,,,,,
5894,offplan,Meydan City,tonino lamborghini residences,3.0,1538.0,4153390.0,DLD_MATCH,OFFPLAN_RENTAL_NOT_EVALUATED,,,0.0,,NONE,False,NONE,OFFPLAN_RENTAL_NOT_EVALUATED,,Offplan properties not evaluated for current rent,,,,,,,,,,,,,,,,,,,,,,,,,
2155,ready,Arjan,divine living,2.0,1236.0,1200000.0,DLD_MATCH,R2,103659.40145493588,8.63828345457799,20.0,median_psf_times_size,PROJECT_LEVEL,False,NONE,SHADOW_RESEARCH,Al Barshaa South Third,,114.8,0.0,,,insufficient_data,0.0,True,20.0,110000.0,103659.40145493588,median_psf_times_size,0.8,False,0.0,,,insufficient_data,0.0,True,1917.0,86000.0,86426.53515921185,median_psf_times_size,0.4,False
3308,offplan,Dubai Islands,rixos hotel and residences phase 2,3.0,5487.0,8608800.0,DLD_MISSING,OFFPLAN_RENTAL_NOT_EVALUATED,,,0.0,,NONE,False,NONE,OFFPLAN_RENTAL_NOT_EVALUATED,,Offplan properties not evaluated for current rent,,,,,,,,,,,,,,,,,,,,,,,,,
607,offplan,Dubai Motor City,sierra by iman,2.0,870.0,1350000.0,DLD_MATCH,OFFPLAN_RENTAL_NOT_EVALUATED,,,0.0,,NONE,False,NONE,OFFPLAN_RENTAL_NOT_EVALUATED,,Offplan properties not evaluated for current rent,,,,,,,,,,,,,,,,,,,,,,,,,
1552,offplan,Business Bay,vento tower,0.0,477.0,1283500.0,DLD_MATCH,OFFPLAN_RENTAL_NOT_EVALUATED,,,0.0,,NONE,False,NONE,OFFPLAN_RENTAL_NOT_EVALUATED,,Offplan properties not evaluated for current rent,,,,,,,,,,,,,,,,,,,,,,,,,
4597,offplan,Dubai Islands,241 waterside,2.0,953.0,2189000.0,DLD_MATCH,OFFPLAN_RENTAL_NOT_EVALUATED,,,0.0,,NONE,False,NONE,OFFPLAN_RENTAL_NOT_EVALUATED,,Offplan properties not evaluated for current rent,,,,,,,,,,,,,,,,,,,,,,,,,
3252,offplan,Dubai Islands,arya residences,1.0,,1900000.0,DLD_MISSING,OFFPLAN_RENTAL_NOT_EVALUATED,,,0.0,,NONE,False,NONE,OFFPLAN_RENTAL_NOT_EVALUATED,,Offplan properties not evaluated for current rent,,,,,,,,,,,,,,,,,,,,,,,,,
6836,ready,Jumeirah village circle,serenity lakes 5,1.0,692.0,910000.0,DLD_MATCH,R4,61798.47889692482,6.791041637024706,3354.0,median_psf_times_size,AREA_LEVEL,False,NONE,SHADOW_RESEARCH,Al Barsha South Fourth,,64.3,0.0,,,insufficient_data,0.0,True,2.0,,,insufficient_data,0.0,True,0.0,,,insufficient_data,0.0,True,3354.0,65000.0,61798.47889692482,median_psf_times_size,0.4,False
4692,offplan,Arjan,urban horizon,2.0,1165.0,1949333.0,DLD_MISSING,OFFPLAN_RENTAL_NOT_EVALUATED,,,0.0,,NONE,False,NONE,OFFPLAN_RENTAL_NOT_EVALUATED,,Offplan properties not evaluated for current rent,,,,,,,,,,,,,,,,,,,,,,,,,
701,offplan,Dubai Hills Estate,elvira,3.0,1501.0,3000000.0,DLD_MATCH,OFFPLAN_RENTAL_NOT_EVALUATED,,,0.0,,NONE,False,NONE,OFFPLAN_RENTAL_NOT_EVALUATED,,Offplan properties not evaluated for current rent,,,,,,,,,,,,,,,,,,,,,,,,,
3700,offplan,Dubai Hills Estate,elvira,3.0,1501.0,3000000.0,DLD_MATCH,OFFPLAN_RENTAL_NOT_EVALUATED,,,0.0,,NONE,False,NONE,OFFPLAN_RENTAL_NOT_EVALUATED,,Offplan properties not evaluated for current rent,,,,,,,,,,,,,,,,,,,,,,,,,
5283,offplan,Dubai Hills Estate,elvira,3.0,1501.0,3000000.0,DLD_MATCH,OFFPLAN_RENTAL_NOT_EVALUATED,,,0.0,,NONE,False,NONE,OFFPLAN_RENTAL_NOT_EVALUATED,,Offplan properties not evaluated for current rent,,,,,,,,,,,,,,,,,,,,,,,,,
4753,ready,Jumeirah village circle,mayas geneva,1.0,1055.0,961000.0,DLD_MATCH,R4,81677.25600007379,8.49919417274441,2767.0,median_psf_times_size,AREA_LEVEL,False,NONE,SHADOW_RESEARCH,Al Barsha South Fourth,,98.0,0.0,,,insufficient_data,0.0,True,10.0,83000.0,93990.6792409514,median_psf_times_size,0.5,False,0.0,,,insufficient_data,0.0,True,2767.0,75000.0,81677.25600007379,median_psf_times_size,0.4,False
418,offplan,Jumeirah Village Triangle,volga tower,1.0,836.0,1672500.0,DLD_NO_EVIDENCE,OFFPLAN_RENTAL_NOT_EVALUATED,,,0.0,,NONE,False,NONE,OFFPLAN_RENTAL_NOT_EVALUATED,,Offplan properties not evaluated for current rent,,,,,,,,,,,,,,,,,,,,,,,,,
8004,offplan,Dubai Motor City,takaya,2.0,1130.0,1764780.0,DLD_MATCH,OFFPLAN_RENTAL_NOT_EVALUATED,,,0.0,,NONE,False,NONE,OFFPLAN_RENTAL_NOT_EVALUATED,,Offplan properties not evaluated for current rent,,,,,,,,,,,,,,,,,,,,,,,,,
1831,offplan,Dubai Motor City,takaya,1.0,829.0,1264780.0,DLD_MATCH,OFFPLAN_RENTAL_NOT_EVALUATED,,,0.0,,NONE,False,NONE,OFFPLAN_RENTAL_NOT_EVALUATED,,Offplan properties not evaluated for current rent,,,,,,,,,,,,,,,,,,,,,,,,,
2459,ready,Business Bay,upside living,0.0,399.0,1288890.0,DLD_MATCH,R2,80033.85752734501,6.20951807581291,83.0,median_psf_times_size,PROJECT_LEVEL,False,NONE,SHADOW_RESEARCH,Business Bay,,37.1,0.0,,,insufficient_data,0.0,True,83.0,90000.0,80033.85752734501,median_psf_times_size,0.8,False,32.0,61000.0,56910.92035095418,median_psf_times_size,0.6,False,1715.0,64615.38,58665.65469596074,median_psf_times_size,0.4,False
3693,offplan,Dubai Hills Estate,elvira,2.0,1062.0,1900000.0,DLD_MATCH,OFFPLAN_RENTAL_NOT_EVALUATED,,,0.0,,NONE,False,NONE,OFFPLAN_RENTAL_NOT_EVALUATED,,Offplan properties not evaluated for current rent,,,,,,,,,,,,,,,,,,,,,,,,,
1613,offplan,Dubai Marina,marina cove,2.0,1404.0,3108890.0,DLD_NO_EVIDENCE,OFFPLAN_RENTAL_NOT_EVALUATED,,,0.0,,NONE,False,NONE,OFFPLAN_RENTAL_NOT_EVALUATED,,Offplan properties not evaluated for current rent,,,,,,,,,,,,,,,,,,,,,,,,,
7630,offplan,Dubai Creek Harbour,creek waters,2.0,1286.0,2200000.0,DLD_MATCH,OFFPLAN_RENTAL_NOT_EVALUATED,,,0.0,,NONE,False,NONE,OFFPLAN_RENTAL_NOT_EVALUATED,,Offplan properties not evaluated for current rent,,,,,,,,,,,,,,,,,,,,,,,,,
2729,offplan,Dubai Marina,marina shores,2.0,1112.0,2600000.0,DLD_MATCH,OFFPLAN_RENTAL_NOT_EVALUATED,,,0.0,,NONE,False,NONE,OFFPLAN_RENTAL_NOT_EVALUATED,,Offplan properties not evaluated for current rent,,,,,,,,,,,,,,,,,,,,,,,,,
1125,offplan,Dubai Islands,beach walk 4,1.0,776.0,1942000.0,DLD_MISSING,OFFPLAN_RENTAL_NOT_EVALUATED,,,0.0,,NONE,False,NONE,OFFPLAN_RENTAL_NOT_EVALUATED,,Offplan properties not evaluated for current rent,,,,,,,,,,,,,,,,,,,,,,,,,
1963,offplan,Dubai Marina,franck muller vanguard,2.0,1050.0,2360890.0,DLD_NO_EVIDENCE,OFFPLAN_RENTAL_NOT_EVALUATED,,,0.0,,NONE,False,NONE,OFFPLAN_RENTAL_NOT_EVALUATED,,Offplan properties not evaluated for current rent,,,,,,,,,,,,,,,,,,,,,,,,,
4992,offplan,International City Phase 2,elevia residences,2.0,1206.0,1447057.0,DLD_NO_EVIDENCE,OFFPLAN_RENTAL_NOT_EVALUATED,,,0.0,,NONE,False,NONE,OFFPLAN_RENTAL_NOT_EVALUATED,,Offplan properties not evaluated for current rent,,,,,,,,,,,,,,,,,,,,,,,,,
1132,offplan,Dubai Production City,sera gardens,1.0,630.0,891000.0,DLD_MISSING,OFFPLAN_RENTAL_NOT_EVALUATED,,,0.0,,NONE,False,NONE,OFFPLAN_RENTAL_NOT_EVALUATED,,Offplan properties not evaluated for current rent,,,,,,,,,,,,,,,,,,,,,,,,,
2325,offplan,Damac Hills 2,evergreens,1.0,540.0,849999.0,DLD_MISSING,OFFPLAN_RENTAL_NOT_EVALUATED,,,0.0,,NONE,False,NONE,OFFPLAN_RENTAL_NOT_EVALUATED,,Offplan properties not evaluated for current rent,,,,,,,,,,,,,,,,,,,,,,,,,
443,offplan,Jumeirah village circle,gharbi 2 residences,1.0,722.0,985000.0,DLD_MISSING,OFFPLAN_RENTAL_NOT_EVALUATED,,,0.0,,NONE,False,NONE,OFFPLAN_RENTAL_NOT_EVALUATED,,Offplan properties not evaluated for current rent,,,,,,,,,,,,,,,,,,,,,,,,,
6956,offplan,Jumeirah village circle,cubix residences,2.0,1110.0,1825480.0,DLD_MATCH,OFFPLAN_RENTAL_NOT_EVALUATED,,,0.0,,NONE,False,NONE,OFFPLAN_RENTAL_NOT_EVALUATED,,Offplan properties not evaluated for current rent,,,,,,,,,,,,,,,,,,,,,,,,,
5735,offplan,Jumeirah village circle,sapphire 32,2.0,1155.0,1521920.0,DLD_MISSING,OFFPLAN_RENTAL_NOT_EVALUATED,,,0.0,,NONE,False,NONE,OFFPLAN_RENTAL_NOT_EVALUATED,,Offplan properties not evaluated for current rent,,,,,,,,,,,,,,,,,,,,,,,,,
2578,ready,Jumeirah village circle,la residenza,1.0,642.0,900000.0,DLD_NO_EVIDENCE,R4,57914.94728353057,6.434994142614508,2669.0,median_psf_times_size,AREA_LEVEL,False,NONE,SHADOW_RESEARCH,Al Barsha South Fourth,,59.6,0.0,,,insufficient_data,0.0,True,1.0,,,insufficient_data,0.0,True,0.0,,,insufficient_data,0.0,True,2669.0,60000.0,57914.94728353057,median_psf_times_size,0.4,False
7270,offplan,Dubai Marina,marina shores,1.0,745.0,1500000.0,DLD_MATCH,OFFPLAN_RENTAL_NOT_EVALUATED,,,0.0,,NONE,False,NONE,OFFPLAN_RENTAL_NOT_EVALUATED,,Offplan properties not evaluated for current rent,,,,,,,,,,,,,,,,,,,,,,,,,
2746,offplan,International City Phase 2,aizel tower,0.0,403.0,497705.0,DLD_MISSING,OFFPLAN_RENTAL_NOT_EVALUATED,,,0.0,,NONE,False,NONE,OFFPLAN_RENTAL_NOT_EVALUATED,,Offplan properties not evaluated for current rent,,,,,,,,,,,,,,,,,,,,,,,,,
604,offplan,Al Marjan Island,arthouse residences by cledor,2.0,,1800000.0,DLD_MISSING,OFFPLAN_RENTAL_NOT_EVALUATED,,,0.0,,NONE,False,NONE,OFFPLAN_RENTAL_NOT_EVALUATED,,Offplan properties not evaluated for current rent,,,,,,,,,,,,,,,,,,,,,,,,,
4313,offplan,Dubai Islands,sunset bay 3,2.0,1348.0,2620790.0,DLD_MISSING,OFFPLAN_RENTAL_NOT_EVALUATED,,,0.0,,NONE,False,NONE,OFFPLAN_RENTAL_NOT_EVALUATED,,Offplan properties not evaluated for current rent,,,,,,,,,,,,,,,,,,,,,,,,,
98,offplan,Dubai Sports City,verde by vision,1.0,744.0,883000.0,DLD_MATCH,OFFPLAN_RENTAL_NOT_EVALUATED,,,0.0,,NONE,False,NONE,OFFPLAN_RENTAL_NOT_EVALUATED,,Offplan properties not evaluated for current rent,,,,,,,,,,,,,,,,,,,,,,,,,
1467,ready,Business Bay,marriott residences,2.0,1167.0,3016780.0,DLD_MISSING,R4,112156.39415182544,3.7177518463999846,2402.0,median_psf_times_size,AREA_LEVEL,False,NONE,SHADOW_RESEARCH,Business Bay,,108.4,0.0,,,insufficient_data,0.0,True,0.0,,,insufficient_data,0.0,True,0.0,,,insufficient_data,0.0,True,2402.0,110000.0,112156.39415182544,median_psf_times_size,0.4,False
8421,offplan,Dubai Islands,sunset bay 2,2.0,1421.0,2625850.0,DLD_MISSING,OFFPLAN_RENTAL_NOT_EVALUATED,,,0.0,,NONE,False,NONE,OFFPLAN_RENTAL_NOT_EVALUATED,,Offplan properties not evaluated for current rent,,,,,,,,,,,,,,,,,,,,,,,,,
6720,ready,Arjan,beverly boulevard,0.0,403.0,537000.0,DLD_MATCH,R2,50635.549256199374,9.429338781415153,54.0,median_psf_times_size,PROJECT_LEVEL,False,NONE,SHADOW_RESEARCH,Al Barshaa South Third,,37.4,1.0,,,insufficient_data,0.0,True,54.0,50000.0,50635.549256199374,median_psf_times_size,0.8,False,58.0,50000.0,50281.93005645154,median_psf_times_size,0.6,False,2027.0,47000.0,46079.90784004162,median_psf_times_size,0.4,False
7500,offplan,Dubai Islands,sunset bay 4,2.0,1356.0,2629240.0,DLD_MISSING,OFFPLAN_RENTAL_NOT_EVALUATED,,,0.0,,NONE,False,NONE,OFFPLAN_RENTAL_NOT_EVALUATED,,Offplan properties not evaluated for current rent,,,,,,,,,,,,,,,,,,,,,,,,,
7821,offplan,Jumeirah village circle,hadley heights,1.0,840.0,974000.0,DLD_MATCH,OFFPLAN_RENTAL_NOT_EVALUATED,,,0.0,,NONE,False,NONE,OFFPLAN_RENTAL_NOT_EVALUATED,,Offplan properties not evaluated for current rent,,,,,,,,,,,,,,,,,,,,,,,,,
2473,ready,Jumeirah Lake Towers,mbl royal,1.0,848.0,1500000.0,DLD_MATCH,R2,115756.25505581657,7.717083670387772,78.0,median_psf_times_size,PROJECT_LEVEL,False,NONE,SHADOW_RESEARCH,Al Thanyah Fifth,,78.8,0.0,,,insufficient_data,0.0,True,78.0,120000.0,115756.25505581657,median_psf_times_size,0.8,False,0.0,,,insufficient_data,0.0,True,2226.0,85000.0,84876.24736344739,median_psf_times_size,0.4,False
4117,offplan,Arjan,bond enclave,1.0,696.0,1022780.0,DLD_MATCH,OFFPLAN_RENTAL_NOT_EVALUATED,,,0.0,,NONE,False,NONE,OFFPLAN_RENTAL_NOT_EVALUATED,,Offplan properties not evaluated for current rent,,,,,,,,,,,,,,,,,,,,,,,,,
1454,offplan,Dubai Islands,aquora,1.0,770.0,1900000.0,DLD_MISSING,OFFPLAN_RENTAL_NOT_EVALUATED,,,0.0,,NONE,False,NONE,OFFPLAN_RENTAL_NOT_EVALUATED,,Offplan properties not evaluated for current rent,,,,,,,,,,,,,,,,,,,,,,,,,
2074,offplan,Dubai Maritime City,liv maritime,2.0,1160.0,3249550.0,DLD_NO_EVIDENCE,OFFPLAN_RENTAL_NOT_EVALUATED,,,0.0,,NONE,False,NONE,OFFPLAN_RENTAL_NOT_EVALUATED,,Offplan properties not evaluated for current rent,,,,,,,,,,,,,,,,,,,,,,,,,
2902,offplan,Business Bay,onda by kasco,2.0,876.0,1800000.0,DLD_MATCH,OFFPLAN_RENTAL_NOT_EVALUATED,,,0.0,,NONE,False,NONE,OFFPLAN_RENTAL_NOT_EVALUATED,,Offplan properties not evaluated for current rent,,,,,,,,,,,,,,,,,,,,,,,,,
4434,offplan,Dubai Hills Estate,lime gardens,2.0,1320.0,2100000.0,DLD_MATCH,OFFPLAN_RENTAL_NOT_EVALUATED,,,0.0,,NONE,False,NONE,OFFPLAN_RENTAL_NOT_EVALUATED,,Offplan properties not evaluated for current rent,,,,,,,,,,,,,,,,,,,,,,,,,
8393,ready,Dubai Water Canal,canal front residences,2.0,1326.0,3900000.0,DLD_MISSING,R4,201775.79222087192,5.173738262073639,4073.0,median_psf_times_size,AREA_LEVEL,False,NONE,SHADOW_RESEARCH,Burj Khalifa,,123.2,0.0,,,insufficient_data,0.0,True,0.0,,,insufficient_data,0.0,True,0.0,,,insufficient_data,0.0,True,4073.0,185000.0,201775.79222087192,median_psf_times_size,0.4,False
2641,offplan,Dubai Investments Park,verdana vi,2.0,980.0,1130000.0,DLD_MISSING,OFFPLAN_RENTAL_NOT_EVALUATED,,,0.0,,NONE,False,NONE,OFFPLAN_RENTAL_NOT_EVALUATED,,Offplan properties not evaluated for current rent,,,,,,,,,,,,,,,,,,,,,,,,,
849,offplan,Wasl Gate,bellagio by sunrise capital,1.0,581.0,865000.0,DLD_MISSING,OFFPLAN_RENTAL_NOT_EVALUATED,,,0.0,,NONE,False,NONE,OFFPLAN_RENTAL_NOT_EVALUATED,,Offplan properties not evaluated for current rent,,,,,,,,,,,,,,,,,,,,,,,,,
6171,offplan,Dubai Islands,nuvana by wadan,2.0,1228.0,2400000.0,DLD_MATCH,OFFPLAN_RENTAL_NOT_EVALUATED,,,0.0,,NONE,False,NONE,OFFPLAN_RENTAL_NOT_EVALUATED,,Offplan properties not evaluated for current rent,,,,,,,,,,,,,,,,,,,,,,,,,
3414,offplan,Jumeirah Village Triangle,sol levante,2.0,1253.0,1776000.0,DLD_MATCH,OFFPLAN_RENTAL_NOT_EVALUATED,,,0.0,,NONE,False,NONE,OFFPLAN_RENTAL_NOT_EVALUATED,,Offplan properties not evaluated for current rent,,,,,,,,,,,,,,,,,,,,,,,,,
4805,offplan,Dubai Marina,pelagos by igo,0.0,380.0,1200000.0,DLD_MATCH,OFFPLAN_RENTAL_NOT_EVALUATED,,,0.0,,NONE,False,NONE,OFFPLAN_RENTAL_NOT_EVALUATED,,Offplan properties not evaluated for current rent,,,,,,,,,,,,,,,,,,,,,,,,,
2863,offplan,Dubai Production City,golf terrace residences,1.0,640.0,1000000.0,DLD_MISSING,OFFPLAN_RENTAL_NOT_EVALUATED,,,0.0,,NONE,False,NONE,OFFPLAN_RENTAL_NOT_EVALUATED,,Offplan properties not evaluated for current rent,,,,,,,,,,,,,,,,,,,,,,,,,
7324,offplan,Dubai Islands,the meriva collection by ellington at dubai islands,2.0,1200.0,3800000.0,DLD_MISSING,OFFPLAN_RENTAL_NOT_EVALUATED,,,0.0,,NONE,False,NONE,OFFPLAN_RENTAL_NOT_EVALUATED,,Offplan properties not evaluated for current rent,,,,,,,,,,,,,,,,,,,,,,,,,
2552,offplan,Rashid Yachts & Marina,baystar by vida,3.0,1700.0,5465888.0,DLD_MATCH,OFFPLAN_RENTAL_NOT_EVALUATED,,,0.0,,NONE,False,NONE,OFFPLAN_RENTAL_NOT_EVALUATED,,Offplan properties not evaluated for current rent,,,,,,,,,,,,,,,,,,,,,,,,,
4499,offplan,Dubai Hills Estate,hills park,2.0,994.0,1800000.0,DLD_MATCH,OFFPLAN_RENTAL_NOT_EVALUATED,,,0.0,,NONE,False,NONE,OFFPLAN_RENTAL_NOT_EVALUATED,,Offplan properties not evaluated for current rent,,,,,,,,,,,,,,,,,,,,,,,,,
5137,offplan,Meydan City,gate eleven by amwaj development,2.0,890.0,1531910.0,DLD_MISSING,OFFPLAN_RENTAL_NOT_EVALUATED,,,0.0,,NONE,False,NONE,OFFPLAN_RENTAL_NOT_EVALUATED,,Offplan properties not evaluated for current rent,,,,,,,,,,,,,,,,,,,,,,,,,
6970,offplan,Jumeirah village circle,havelock heights,1.0,778.0,1000000.0,DLD_MATCH,OFFPLAN_RENTAL_NOT_EVALUATED,,,0.0,,NONE,False,NONE,OFFPLAN_RENTAL_NOT_EVALUATED,,Offplan properties not evaluated for current rent,,,,,,,,,,,,,,,,,,,,,,,,,
6027,offplan,Arjan,parkside boulevard,1.0,779.0,1130000.0,DLD_MATCH,OFFPLAN_RENTAL_NOT_EVALUATED,,,0.0,,NONE,False,NONE,OFFPLAN_RENTAL_NOT_EVALUATED,,Offplan properties not evaluated for current rent,,,,,,,,,,,,,,,,,,,,,,,,,
8361,offplan,Dubai Hills Estate,park horizon,2.0,992.0,2100000.0,DLD_MATCH,OFFPLAN_RENTAL_NOT_EVALUATED,,,0.0,,NONE,False,NONE,OFFPLAN_RENTAL_NOT_EVALUATED,,Offplan properties not evaluated for current rent,,,,,,,,,,,,,,,,,,,,,,,,,
4607,offplan,Jumeirah village circle,isola bella,1.0,729.0,1030100.0,DLD_MISSING,OFFPLAN_RENTAL_NOT_EVALUATED,,,0.0,,NONE,False,NONE,OFFPLAN_RENTAL_NOT_EVALUATED,,Offplan properties not evaluated for current rent,,,,,,,,,,,,,,,,,,,,,,,,,
7076,offplan,Jumeirah village circle,alef noon residence,2.0,1257.0,1200000.0,DLD_NO_EVIDENCE,OFFPLAN_RENTAL_NOT_EVALUATED,,,0.0,,NONE,False,NONE,OFFPLAN_RENTAL_NOT_EVALUATED,,Offplan properties not evaluated for current rent,,,,,,,,,,,,,,,,,,,,,,,,,
6298,ready,Jumeirah village circle,binghatti emerald,1.0,623.0,749000.0,DLD_MATCH,R2,68171.53853460627,9.101674036663052,59.0,median_psf_times_size,PROJECT_LEVEL,False,NONE,SHADOW_RESEARCH,Al Barsha South Fourth,,57.9,0.0,,,insufficient_data,0.0,True,59.0,68000.0,68171.53853460627,median_psf_times_size,0.8,False,0.0,,,insufficient_data,0.0,True,2476.0,60000.0,56929.76451152683,median_psf_times_size,0.4,False
3118,offplan,Dubai Hills Estate,park horizon,1.0,654.0,1300000.0,DLD_MATCH,OFFPLAN_RENTAL_NOT_EVALUATED,,,0.0,,NONE,False,NONE,OFFPLAN_RENTAL_NOT_EVALUATED,,Offplan properties not evaluated for current rent,,,,,,,,,,,,,,,,,,,,,,,,,
6115,offplan,Dubai Hills Estate,lime gardens,1.0,937.0,1300000.0,DLD_MATCH,OFFPLAN_RENTAL_NOT_EVALUATED,,,0.0,,NONE,False,NONE,OFFPLAN_RENTAL_NOT_EVALUATED,,Offplan properties not evaluated for current rent,,,,,,,,,,,,,,,,,,,,,,,,,
4238,offplan,Jumeirah village circle,the autograph residences,0.0,403.0,715000.0,DLD_MISSING,OFFPLAN_RENTAL_NOT_EVALUATED,,,0.0,,NONE,False,NONE,OFFPLAN_RENTAL_NOT_EVALUATED,,Offplan properties not evaluated for current rent,,,,,,,,,,,,,,,,,,,,,,,,,
5310,offplan,City Walk,muraba veil,3.0,4940.0,15217200.0,DLD_MATCH,OFFPLAN_RENTAL_NOT_EVALUATED,,,0.0,,NONE,False,NONE,OFFPLAN_RENTAL_NOT_EVALUATED,,Offplan properties not evaluated for current rent,,,,,,,,,,,,,,,,,,,,,,,,,
2097,offplan,Al Reem island,renad tower,1.0,615.0,1527400.0,DLD_MISSING,OFFPLAN_RENTAL_NOT_EVALUATED,,,0.0,,NONE,False,NONE,OFFPLAN_RENTAL_NOT_EVALUATED,,Offplan properties not evaluated for current rent,,,,,,,,,,,,,,,,,,,,,,,,,
2766,ready,Jumeirah village circle,binghatti emerald,2.0,1024.0,1100000.0,DLD_MATCH,R4,80449.06795231826,7.3135516320289335,3063.0,median_psf_times_size,AREA_LEVEL,False,NONE,SHADOW_RESEARCH,Al Barsha South Fourth,,95.1,0.0,,,insufficient_data,0.0,True,13.0,105000.0,100862.77874340955,median_psf_times_size,0.65,False,0.0,,,insufficient_data,0.0,True,3063.0,75000.0,80449.06795231826,median_psf_times_size,0.4,False
5270,offplan,Dubai Islands,edgewater residences,1.0,840.0,1820740.0,DLD_NO_EVIDENCE,OFFPLAN_RENTAL_NOT_EVALUATED,,,0.0,,NONE,False,NONE,OFFPLAN_RENTAL_NOT_EVALUATED,,Offplan properties not evaluated for current rent,,,,,,,,,,,,,,,,,,,,,,,,,
3976,offplan,Dubai Production City,samana resorts,2.0,860.0,1243330.0,DLD_MATCH,OFFPLAN_RENTAL_NOT_EVALUATED,,,0.0,,NONE,False,NONE,OFFPLAN_RENTAL_NOT_EVALUATED,,Offplan properties not evaluated for current rent,,,,,,,,,,,,,,,,,,,,,,,,,
6516,offplan,Downtown Dubai,inaura hotels  residences downtown,2.0,1279.0,6455000.0,DLD_MISSING,OFFPLAN_RENTAL_NOT_EVALUATED,,,0.0,,NONE,False,NONE,OFFPLAN_RENTAL_NOT_EVALUATED,,Offplan properties not evaluated for current rent,,,,,,,,,,,,,,,,,,,,,,,,,
1699,offplan,Jumeirah village circle,vue by crystal bay,0.0,429.0,615000.0,DLD_MATCH,OFFPLAN_RENTAL_NOT_EVALUATED,,,0.0,,NONE,False,NONE,OFFPLAN_RENTAL_NOT_EVALUATED,,Offplan properties not evaluated for current rent,,,,,,,,,,,,,,,,,,,,,,,,,
7655,offplan,Dubai Studio City,arisha terraces,2.0,1063.0,1546000.0,DLD_MATCH,OFFPLAN_RENTAL_NOT_EVALUATED,,,0.0,,NONE,False,NONE,OFFPLAN_RENTAL_NOT_EVALUATED,,Offplan properties not evaluated for current rent,,,,,,,,,,,,,,,,,,,,,,,,,
2735,offplan,Meydan City,parkway by prestige one,2.0,1104.0,2099000.0,DLD_MATCH,OFFPLAN_RENTAL_NOT_EVALUATED,,,0.0,,NONE,False,NONE,OFFPLAN_RENTAL_NOT_EVALUATED,,Offplan properties not evaluated for current rent,,,,,,,,,,,,,,,,,,,,,,,,,
5012,offplan,Dubai Islands,lia by avenew development,2.0,1319.0,3635000.0,DLD_MISSING,OFFPLAN_RENTAL_NOT_EVALUATED,,,0.0,,NONE,False,NONE,OFFPLAN_RENTAL_NOT_EVALUATED,,Offplan properties not evaluated for current rent,,,,,,,,,,,,,,,,,,,,,,,,,
6422,offplan,Dubai Investments Park,verdana iii,2.0,967.0,1170000.0,DLD_MISSING,OFFPLAN_RENTAL_NOT_EVALUATED,,,0.0,,NONE,False,NONE,OFFPLAN_RENTAL_NOT_EVALUATED,,Offplan properties not evaluated for current rent,,,,,,,,,,,,,,,,,,,,,,,,,
1170,offplan,Dubai Marina,habtoor grand residences,3.0,2844.0,13937900.0,DLD_MISSING,OFFPLAN_RENTAL_NOT_EVALUATED,,,0.0,,NONE,False,NONE,OFFPLAN_RENTAL_NOT_EVALUATED,,Offplan properties not evaluated for current rent,,,,,,,,,,,,,,,,,,,,,,,,,
3364,offplan,Dubai Investments Park,verdana v,2.0,1308.0,1178000.0,DLD_MISSING,OFFPLAN_RENTAL_NOT_EVALUATED,,,0.0,,NONE,False,NONE,OFFPLAN_RENTAL_NOT_EVALUATED,,Offplan properties not evaluated for current rent,,,,,,,,,,,,,,,,,,,,,,,,,
4909,offplan,مجمع دبي للإستثمار,"verdana v  
فيردانا v",2.0,1308.0,1178000.0,DLD_MISSING,OFFPLAN_RENTAL_NOT_EVALUATED,,,0.0,,NONE,False,NONE,OFFPLAN_RENTAL_NOT_EVALUATED,,Offplan properties not evaluated for current rent,,,,,,,,,,,,,,,,,,,,,,,,,
7787,offplan,Jumeirah village circle,luma park views,3.0,1294.0,1911770.0,DLD_MATCH,OFFPLAN_RENTAL_NOT_EVALUATED,,,0.0,,NONE,False,NONE,OFFPLAN_RENTAL_NOT_EVALUATED,,Offplan properties not evaluated for current rent,,,,,,,,,,,,,,,,,,,,,,,,,
2927,offplan,Liwan Square,empire lake views,1.0,754.0,1024780.0,DLD_MISSING,OFFPLAN_RENTAL_NOT_EVALUATED,,,0.0,,NONE,False,NONE,OFFPLAN_RENTAL_NOT_EVALUATED,,Offplan properties not evaluated for current rent,,,,,,,,,,,,,,,,,,,,,,,,,
2678,offplan,Dubai South,timber terrace,2.0,1157.0,1389000.0,DLD_MATCH,OFFPLAN_RENTAL_NOT_EVALUATED,,,0.0,,NONE,False,NONE,OFFPLAN_RENTAL_NOT_EVALUATED,,Offplan properties not evaluated for current rent,,,,,,,,,,,,,,,,,,,,,,,,,
2358,offplan,Dubai Islands,sunset bay 5,2.0,1400.0,2800000.0,DLD_MISSING,OFFPLAN_RENTAL_NOT_EVALUATED,,,0.0,,NONE,False,NONE,OFFPLAN_RENTAL_NOT_EVALUATED,,Offplan properties not evaluated for current rent,,,,,,,,,,,,,,,,,,,,,,,,,
8177,offplan,Arjan,one beverly,1.0,800.0,866000.0,DLD_MATCH,OFFPLAN_RENTAL_NOT_EVALUATED,,,0.0,,NONE,False,NONE,OFFPLAN_RENTAL_NOT_EVALUATED,,Offplan properties not evaluated for current rent,,,,,,,,,,,,,,,,,,,,,,,,,
4330,offplan,Al Jadaf Waterfront,binghatti starlight at al jaddaf,2.0,1190.0,1833000.0,DLD_MISSING,OFFPLAN_RENTAL_NOT_EVALUATED,,,0.0,,NONE,False,NONE,OFFPLAN_RENTAL_NOT_EVALUATED,,Offplan properties not evaluated for current rent,,,,,,,,,,,,,,,,,,,,,,,,,
829,offplan,Dubai Hills Estate,vida residences hillside,2.0,1162.0,2710000.0,DLD_MATCH,OFFPLAN_RENTAL_NOT_EVALUATED,,,0.0,,NONE,False,NONE,OFFPLAN_RENTAL_NOT_EVALUATED,,Offplan properties not evaluated for current rent,,,,,,,,,,,,,,,,,,,,,,,,,
2598,offplan,The Valley,alana,3.0,3720.0,3500000.0,DLD_MISSING,OFFPLAN_RENTAL_NOT_EVALUATED,,,0.0,,NONE,False,NONE,OFFPLAN_RENTAL_NOT_EVALUATED,,Offplan properties not evaluated for current rent,,,,,,,,,,,,,,,,,,,,,,,,,
3134,offplan,Dubai Land Residence Complex,arlington park,0.0,413.0,581286.0,DLD_MISSING,OFFPLAN_RENTAL_NOT_EVALUATED,,,0.0,,NONE,False,NONE,OFFPLAN_RENTAL_NOT_EVALUATED,,Offplan properties not evaluated for current rent,,,,,,,,,,,,,,,,,,,,,,,,,
7928,offplan,Dubai Studio City,azizi vista,2.0,1034.0,1390000.0,DLD_NO_EVIDENCE,OFFPLAN_RENTAL_NOT_EVALUATED,,,0.0,,NONE,False,NONE,OFFPLAN_RENTAL_NOT_EVALUATED,,Offplan properties not evaluated for current rent,,,,,,,,,,,,,,,,,,,,,,,,,
350,offplan,Dubai Hills Estate,greenside residence,1.0,724.0,1400000.0,DLD_MATCH,OFFPLAN_RENTAL_NOT_EVALUATED,,,0.0,,NONE,False,NONE,OFFPLAN_RENTAL_NOT_EVALUATED,,Offplan properties not evaluated for current rent,,,,,,,,,,,,,,,,,,,,,,,,,
3560,offplan,Dubai Motor City,takaya,3.0,1629.0,2443780.0,DLD_MATCH,OFFPLAN_RENTAL_NOT_EVALUATED,,,0.0,,NONE,False,NONE,OFFPLAN_RENTAL_NOT_EVALUATED,,Offplan properties not evaluated for current rent,,,,,,,,,,,,,,,,,,,,,,,,,
8145,offplan,Arjan,arbor view,2.0,1204.0,1900000.0,DLD_MATCH,OFFPLAN_RENTAL_NOT_EVALUATED,,,0.0,,NONE,False,NONE,OFFPLAN_RENTAL_NOT_EVALUATED,,Offplan properties not evaluated for current rent,,,,,,,,,,,,,,,,,,,,,,,,,
4883,offplan,Dubai Hills Estate,parkwood emaar,2.0,1071.0,2770000.0,DLD_MISSING,OFFPLAN_RENTAL_NOT_EVALUATED,,,0.0,,NONE,False,NONE,OFFPLAN_RENTAL_NOT_EVALUATED,,Offplan properties not evaluated for current rent,,,,,,,,,,,,,,,,,,,,,,,,,
5352,offplan,Solaya By Meraas at La Mer,solaya,4.0,4340.0,31000000.0,DLD_MISSING,OFFPLAN_RENTAL_NOT_EVALUATED,,,0.0,,NONE,False,NONE,OFFPLAN_RENTAL_NOT_EVALUATED,,Offplan properties not evaluated for current rent,,,,,,,,,,,,,,,,,,,,,,,,,
6632,ready,Jumeirah village circle,oakley square residences,2.0,1189.0,1850000.0,DLD_MATCH,R4,89040.27980287357,4.812988097452625,1829.0,median_psf_times_size,AREA_LEVEL,False,NONE,SHADOW_RESEARCH,Al Barsha South Fourth,,110.5,0.0,,,insufficient_data,0.0,True,15.0,144000.0,143806.00011528653,median_psf_times_size,0.75,False,0.0,,,insufficient_data,0.0,True,1829.0,84512.5,89040.27980287357,median_psf_times_size,0.4,False
6162,offplan,Jumeirah village circle,rise residences,0.0,418.0,542000.0,DLD_MATCH,OFFPLAN_RENTAL_NOT_EVALUATED,,,0.0,,NONE,False,NONE,OFFPLAN_RENTAL_NOT_EVALUATED,,Offplan properties not evaluated for current rent,,,,,,,,,,,,,,,,,,,,,,,,,
4031,offplan,Jumeirah village circle,pearl house ii,1.0,839.0,1000000.0,DLD_MISSING,OFFPLAN_RENTAL_NOT_EVALUATED,,,0.0,,NONE,False,NONE,OFFPLAN_RENTAL_NOT_EVALUATED,,Offplan properties not evaluated for current rent,,,,,,,,,,,,,,,,,,,,,,,,,
507,ready,Business Bay,the paragon by igo,1.0,596.0,1200000.0,DLD_MATCH,R2,85347.66606909626,7.112305505758022,32.0,median_psf_times_size,PROJECT_LEVEL,False,NONE,SHADOW_RESEARCH,Business Bay,,55.4,0.0,,,insufficient_data,0.0,True,32.0,92500.0,85347.66606909626,median_psf_times_size,0.8,False,0.0,,,insufficient_data,0.0,True,1976.0,75000.0,74705.84137149605,median_psf_times_size,0.4,False
6011,offplan,Wasl Gate,taiyo residences,1.0,601.0,895000.0,DLD_MATCH,OFFPLAN_RENTAL_NOT_EVALUATED,,,0.0,,NONE,False,NONE,OFFPLAN_RENTAL_NOT_EVALUATED,,Offplan properties not evaluated for current rent,,,,,,,,,,,,,,,,,,,,,,,,,
366,offplan,Dubai Creek Harbour,albero,2.0,1236.0,2800000.0,DLD_MATCH,OFFPLAN_RENTAL_NOT_EVALUATED,,,0.0,,NONE,False,NONE,OFFPLAN_RENTAL_NOT_EVALUATED,,Offplan properties not evaluated for current rent,,,,,,,,,,,,,,,,,,,,,,,,,
7069,unknown,Dubai Production City,floarea lakes,0.0,,640000.0,DLD_MISSING,STATUS_NOT_ELIGIBLE_FOR_CURRENT_RENT,,,0.0,,NONE,False,NONE,STATUS_NOT_ELIGIBLE_FOR_CURRENT_RENT,,Unknown status properties not evaluated for current rent,,,,,,,,,,,,,,,,,,,,,,,,,
5917,offplan,Dubai Maritime City,chelsea residences,3.0,1652.0,4944000.0,DLD_MISSING,OFFPLAN_RENTAL_NOT_EVALUATED,,,0.0,,NONE,False,NONE,OFFPLAN_RENTAL_NOT_EVALUATED,,Offplan properties not evaluated for current rent,,,,,,,,,,,,,,,,,,,,,,,,,
3948,offplan,Waada by Bahria Town at Dubai South,waada phase 1,2.0,1109.0,1244000.0,DLD_MISSING,OFFPLAN_RENTAL_NOT_EVALUATED,,,0.0,,NONE,False,NONE,OFFPLAN_RENTAL_NOT_EVALUATED,,Offplan properties not evaluated for current rent,,,,,,,,,,,,,,,,,,,,,,,,,
7890,offplan,Meydan City,woodland terraces,3.0,1631.0,3097875.0,DLD_NO_EVIDENCE,OFFPLAN_RENTAL_NOT_EVALUATED,,,0.0,,NONE,False,NONE,OFFPLAN_RENTAL_NOT_EVALUATED,,Offplan properties not evaluated for current rent,,,,,,,,,,,,,,,,,,,,,,,,,
628,offplan,Meydan City,tonino lamborghini residences,2.0,1419.0,3477580.0,DLD_MATCH,OFFPLAN_RENTAL_NOT_EVALUATED,,,0.0,,NONE,False,NONE,OFFPLAN_RENTAL_NOT_EVALUATED,,Offplan properties not evaluated for current rent,,,,,,,,,,,,,,,,,,,,,,,,,
2513,offplan,Liwan Square,empire lake views,0.0,411.0,719777.0,DLD_MISSING,OFFPLAN_RENTAL_NOT_EVALUATED,,,0.0,,NONE,False,NONE,OFFPLAN_RENTAL_NOT_EVALUATED,,Offplan properties not evaluated for current rent,,,,,,,,,,,,,,,,,,,,,,,,,
5861,offplan,Business Bay,bayz 102,2.0,1126.0,2980000.0,DLD_MISSING,OFFPLAN_RENTAL_NOT_EVALUATED,,,0.0,,NONE,False,NONE,OFFPLAN_RENTAL_NOT_EVALUATED,,Offplan properties not evaluated for current rent,,,,,,,,,,,,,,,,,,,,,,,,,
5685,offplan,Dubai Motor City,beverly grande,1.0,685.0,1100000.0,DLD_MATCH,OFFPLAN_RENTAL_NOT_EVALUATED,,,0.0,,NONE,False,NONE,OFFPLAN_RENTAL_NOT_EVALUATED,,Offplan properties not evaluated for current rent,,,,,,,,,,,,,,,,,,,,,,,,,
1766,offplan,Dubai South,the eighty three,2.0,902.0,1111080.0,DLD_MATCH,OFFPLAN_RENTAL_NOT_EVALUATED,,,0.0,,NONE,False,NONE,OFFPLAN_RENTAL_NOT_EVALUATED,,Offplan properties not evaluated for current rent,,,,,,,,,,,,,,,,,,,,,,,,,
6908,offplan,Dubai Hills Estate,hills park,1.0,675.0,1300000.0,DLD_MATCH,OFFPLAN_RENTAL_NOT_EVALUATED,,,0.0,,NONE,False,NONE,OFFPLAN_RENTAL_NOT_EVALUATED,,Offplan properties not evaluated for current rent,,,,,,,,,,,,,,,,,,,,,,,,,
7546,offplan,Jumeirah village circle,helvetia residences,2.0,1383.0,1647640.0,DLD_MATCH,OFFPLAN_RENTAL_NOT_EVALUATED,,,0.0,,NONE,False,NONE,OFFPLAN_RENTAL_NOT_EVALUATED,,Offplan properties not evaluated for current rent,,,,,,,,,,,,,,,,,,,,,,,,,
673,ready,Dubai Motor City,the community motor city,0.0,441.0,529000.0,DLD_MATCH,R4,39922.280769829,7.546744947037618,1676.0,median_psf_times_size,AREA_LEVEL,False,NONE,SHADOW_RESEARCH,Al Hebiah Fourth,,41.0,0.0,,,insufficient_data,0.0,True,0.0,,,insufficient_data,0.0,True,30.0,42000.0,39608.10814056868,median_psf_times_size,0.6,False,1676.0,40000.0,39922.280769829,median_psf_times_size,0.4,False
3777,offplan,Dubai Hills Estate,greenside residence,2.0,1068.0,2200000.0,DLD_MATCH,OFFPLAN_RENTAL_NOT_EVALUATED,,,0.0,,NONE,False,NONE,OFFPLAN_RENTAL_NOT_EVALUATED,,Offplan properties not evaluated for current rent,,,,,,,,,,,,,,,,,,,,,,,,,
1597,ready,Dubai Motor City,the community motor city,1.0,673.0,797000.0,DLD_MATCH,R4,50435.10145981167,6.328118125446884,1227.0,median_psf_times_size,AREA_LEVEL,False,NONE,SHADOW_RESEARCH,Al Hebiah Fourth,,62.5,0.0,,,insufficient_data,0.0,True,0.0,,,insufficient_data,0.0,True,0.0,,,insufficient_data,0.0,True,1227.0,52000.0,50435.10145981167,median_psf_times_size,0.4,False
1601,offplan,Jumeirah village circle,al serh residences 11,2.0,903.0,1458000.0,DLD_MISSING,OFFPLAN_RENTAL_NOT_EVALUATED,,,0.0,,NONE,False,NONE,OFFPLAN_RENTAL_NOT_EVALUATED,,Offplan properties not evaluated for current rent,,,,,,,,,,,,,,,,,,,,,,,,,
4071,offplan,Jumeirah village circle,cubix residences,1.0,796.0,1261150.0,DLD_MATCH,OFFPLAN_RENTAL_NOT_EVALUATED,,,0.0,,NONE,False,NONE,OFFPLAN_RENTAL_NOT_EVALUATED,,Offplan properties not evaluated for current rent,,,,,,,,,,,,,,,,,,,,,,,,,
1446,offplan,Dubai Creek Harbour,silva,2.0,1154.0,2650000.0,DLD_MATCH,OFFPLAN_RENTAL_NOT_EVALUATED,,,0.0,,NONE,False,NONE,OFFPLAN_RENTAL_NOT_EVALUATED,,Offplan properties not evaluated for current rent,,,,,,,,,,,,,,,,,,,,,,,,,
4425,offplan,Dubai Sports City,verde by vision,0.0,441.0,602000.0,DLD_MATCH,OFFPLAN_RENTAL_NOT_EVALUATED,,,0.0,,NONE,False,NONE,OFFPLAN_RENTAL_NOT_EVALUATED,,Offplan properties not evaluated for current rent,,,,,,,,,,,,,,,,,,,,,,,,,
3646,unknown,Jumeirah Village Triangle,binghatti flare,1.0,,1200000.0,DLD_MISSING,STATUS_NOT_ELIGIBLE_FOR_CURRENT_RENT,,,0.0,,NONE,False,NONE,STATUS_NOT_ELIGIBLE_FOR_CURRENT_RENT,,Unknown status properties not evaluated for current rent,,,,,,,,,,,,,,,,,,,,,,,,,
2134,offplan,Dubai Motor City,binghatti sky terraces at motor city,2.0,1055.0,1889999.0,DLD_MISSING,OFFPLAN_RENTAL_NOT_EVALUATED,,,0.0,,NONE,False,NONE,OFFPLAN_RENTAL_NOT_EVALUATED,,Offplan properties not evaluated for current rent,,,,,,,,,,,,,,,,,,,,,,,,,
727,offplan,Jumeirah village circle,rise residences,1.0,710.0,760000.0,DLD_MATCH,OFFPLAN_RENTAL_NOT_EVALUATED,,,0.0,,NONE,False,NONE,OFFPLAN_RENTAL_NOT_EVALUATED,,Offplan properties not evaluated for current rent,,,,,,,,,,,,,,,,,,,,,,,,,
6134,offplan,Dubai Design District,the edit at d3,2.0,1266.0,4000000.0,DLD_MATCH,OFFPLAN_RENTAL_NOT_EVALUATED,,,0.0,,NONE,False,NONE,OFFPLAN_RENTAL_NOT_EVALUATED,,Offplan properties not evaluated for current rent,,,,,,,,,,,,,,,,,,,,,,,,,
6563,offplan,Dubai Land Residence Complex,floarea oasis,2.0,1237.0,1390000.0,DLD_MATCH,OFFPLAN_RENTAL_NOT_EVALUATED,,,0.0,,NONE,False,NONE,OFFPLAN_RENTAL_NOT_EVALUATED,,Offplan properties not evaluated for current rent,,,,,,,,,,,,,,,,,,,,,,,,,
3464,unknown,Meydan City,zen lagoons by sanzen,2.0,1056.0,2300000.0,DLD_MISSING,STATUS_NOT_ELIGIBLE_FOR_CURRENT_RENT,,,0.0,,NONE,False,NONE,STATUS_NOT_ELIGIBLE_FOR_CURRENT_RENT,,Unknown status properties not evaluated for current rent,,,,,,,,,,,,,,,,,,,,,,,,,
1693,offplan,Jumeirah village circle,luma park views,2.0,1234.0,1752390.0,DLD_MATCH,OFFPLAN_RENTAL_NOT_EVALUATED,,,0.0,,NONE,False,NONE,OFFPLAN_RENTAL_NOT_EVALUATED,,Offplan properties not evaluated for current rent,,,,,,,,,,,,,,,,,,,,,,,,,
2318,offplan,Dubai Production City,sera gardens,2.0,1159.0,1440000.0,DLD_MISSING,OFFPLAN_RENTAL_NOT_EVALUATED,,,0.0,,NONE,False,NONE,OFFPLAN_RENTAL_NOT_EVALUATED,,Offplan properties not evaluated for current rent,,,,,,,,,,,,,,,,,,,,,,,,,
4052,offplan,Business Bay,burj binghatti jacob and co residences,3.0,3286.0,14000000.0,DLD_MISSING,OFFPLAN_RENTAL_NOT_EVALUATED,,,0.0,,NONE,False,NONE,OFFPLAN_RENTAL_NOT_EVALUATED,,Offplan properties not evaluated for current rent,,,,,,,,,,,,,,,,,,,,,,,,,
3413,offplan,Jumeirah village circle,exotica by al marina,2.0,1141.0,1512080.0,DLD_MATCH,OFFPLAN_RENTAL_NOT_EVALUATED,,,0.0,,NONE,False,NONE,OFFPLAN_RENTAL_NOT_EVALUATED,,Offplan properties not evaluated for current rent,,,,,,,,,,,,,,,,,,,,,,,,,
5175,offplan,Al Furjan,trussardi residences phase two,1.0,833.0,1741500.0,DLD_MISSING,OFFPLAN_RENTAL_NOT_EVALUATED,,,0.0,,NONE,False,NONE,OFFPLAN_RENTAL_NOT_EVALUATED,,Offplan properties not evaluated for current rent,,,,,,,,,,,,,,,,,,,,,,,,,
4557,offplan,Dubai Land Residence Complex,floarea oasis,1.0,825.0,950000.0,DLD_MATCH,OFFPLAN_RENTAL_NOT_EVALUATED,,,0.0,,NONE,False,NONE,OFFPLAN_RENTAL_NOT_EVALUATED,,Offplan properties not evaluated for current rent,,,,,,,,,,,,,,,,,,,,,,,,,
2273,offplan,Jumeirah Village Triangle,sol levante,0.0,420.0,735000.0,DLD_MATCH,OFFPLAN_RENTAL_NOT_EVALUATED,,,0.0,,NONE,False,NONE,OFFPLAN_RENTAL_NOT_EVALUATED,,Offplan properties not evaluated for current rent,,,,,,,,,,,,,,,,,,,,,,,,,
4521,offplan,Dubai Islands,whitecliffs residences,2.0,965.0,2027370.0,DLD_MATCH,OFFPLAN_RENTAL_NOT_EVALUATED,,,0.0,,NONE,False,NONE,OFFPLAN_RENTAL_NOT_EVALUATED,,Offplan properties not evaluated for current rent,,,,,,,,,,,,,,,,,,,,,,,,,
7078,offplan,Dubai Sports City,hadley heights 2,1.0,851.0,1046970.0,DLD_MATCH,OFFPLAN_RENTAL_NOT_EVALUATED,,,0.0,,NONE,False,NONE,OFFPLAN_RENTAL_NOT_EVALUATED,,Offplan properties not evaluated for current rent,,,,,,,,,,,,,,,,,,,,,,,,,
7348,offplan,Arjan,trinity,2.0,1876.0,1716860.0,DLD_MISSING,OFFPLAN_RENTAL_NOT_EVALUATED,,,0.0,,NONE,False,NONE,OFFPLAN_RENTAL_NOT_EVALUATED,,Offplan properties not evaluated for current rent,,,,,,,,,,,,,,,,,,,,,,,,,
4720,offplan,Dubai Islands,the meriva collection by ellington at dubai islands,3.0,1700.0,5900000.0,DLD_MISSING,OFFPLAN_RENTAL_NOT_EVALUATED,,,0.0,,NONE,False,NONE,OFFPLAN_RENTAL_NOT_EVALUATED,,Offplan properties not evaluated for current rent,,,,,,,,,,,,,,,,,,,,,,,,,
4543,offplan,Dubai Creek Harbour,the cove ii,2.0,1312.0,2650000.0,DLD_MISSING,OFFPLAN_RENTAL_NOT_EVALUATED,,,0.0,,NONE,False,NONE,OFFPLAN_RENTAL_NOT_EVALUATED,,Offplan properties not evaluated for current rent,,,,,,,,,,,,,,,,,,,,,,,,,
4202,unknown,Dubai Land Residence Complex,arlington park 2,0.0,,610000.0,DLD_MISSING,STATUS_NOT_ELIGIBLE_FOR_CURRENT_RENT,,,0.0,,NONE,False,NONE,STATUS_NOT_ELIGIBLE_FOR_CURRENT_RENT,,Unknown status properties not evaluated for current rent,,,,,,,,,,,,,,,,,,,,,,,,,
933,offplan,Al Furjan,avenue residence 7,3.0,2018.0,2780160.0,DLD_MISSING,OFFPLAN_RENTAL_NOT_EVALUATED,,,0.0,,NONE,False,NONE,OFFPLAN_RENTAL_NOT_EVALUATED,,Offplan properties not evaluated for current rent,,,,,,,,,,,,,,,,,,,,,,,,,
847,offplan,Dubai Islands,vestoria bay,1.0,750.0,1400000.0,DLD_MATCH,OFFPLAN_RENTAL_NOT_EVALUATED,,,0.0,,NONE,False,NONE,OFFPLAN_RENTAL_NOT_EVALUATED,,Offplan properties not evaluated for current rent,,,,,,,,,,,,,,,,,,,,,,,,,
4363,offplan,Dubai Production City,soul by vision,1.0,759.0,834700.0,DLD_MATCH,OFFPLAN_RENTAL_NOT_EVALUATED,,,0.0,,NONE,False,NONE,OFFPLAN_RENTAL_NOT_EVALUATED,,Offplan properties not evaluated for current rent,,,,,,,,,,,,,,,,,,,,,,,,,
7085,offplan,Jumeirah village circle,helvetia residences,1.0,814.0,1165430.0,DLD_MATCH,OFFPLAN_RENTAL_NOT_EVALUATED,,,0.0,,NONE,False,NONE,OFFPLAN_RENTAL_NOT_EVALUATED,,Offplan properties not evaluated for current rent,,,,,,,,,,,,,,,,,,,,,,,,,
5071,offplan,Jumeirah village circle,binghatti ruby,1.0,623.0,1243750.0,DLD_MATCH,OFFPLAN_RENTAL_NOT_EVALUATED,,,0.0,,NONE,False,NONE,OFFPLAN_RENTAL_NOT_EVALUATED,,Offplan properties not evaluated for current rent,,,,,,,,,,,,,,,,,,,,,,,,,
6649,ready,Jumeirah village circle,park lane by heilbronn,1.0,947.0,1288890.0,DLD_NO_EVIDENCE,R4,76826.88859950601,5.960701735563625,3719.0,median_psf_times_size,AREA_LEVEL,False,NONE,SHADOW_RESEARCH,Al Barsha South Fourth,,88.0,0.0,,,insufficient_data,0.0,True,12.0,85000.0,100010.43410262528,median_psf_times_size,0.6000000000000001,False,0.0,,,insufficient_data,0.0,True,3719.0,70188.68,76826.88859950601,median_psf_times_size,0.4,False
4694,ready,Dubai Creek Harbour,creek gate tower 2,2.0,1114.0,2550000.0,DLD_MISSING,R4,134992.15638273064,5.293810054224731,3769.0,median_psf_times_size,AREA_LEVEL,False,NONE,SHADOW_RESEARCH,Al Khairan First,,103.5,0.0,,,insufficient_data,0.0,True,0.0,,,insufficient_data,0.0,True,0.0,,,insufficient_data,0.0,True,3769.0,130000.0,134992.15638273064,median_psf_times_size,0.4,False
5342,offplan,Business Bay,rove home marasi drive,2.0,619.0,2196840.0,DLD_MATCH,OFFPLAN_RENTAL_NOT_EVALUATED,,,0.0,,NONE,False,NONE,OFFPLAN_RENTAL_NOT_EVALUATED,,Offplan properties not evaluated for current rent,,,,,,,,,,,,,,,,,,,,,,,,,
5592,offplan,Dubai Science Park,11 hills park,1.0,824.0,1338600.0,DLD_MATCH,OFFPLAN_RENTAL_NOT_EVALUATED,,,0.0,,NONE,False,NONE,OFFPLAN_RENTAL_NOT_EVALUATED,,Offplan properties not evaluated for current rent,,,,,,,,,,,,,,,,,,,,,,,,,
4204,offplan,Al Furjan,equiti home,2.0,1100.0,1200000.0,DLD_MATCH,OFFPLAN_RENTAL_NOT_EVALUATED,,,0.0,,NONE,False,NONE,OFFPLAN_RENTAL_NOT_EVALUATED,,Offplan properties not evaluated for current rent,,,,,,,,,,,,,,,,,,,,,,,,,
7357,offplan,Dubai Hills Estate,golf grand,2.0,1065.0,2100000.0,DLD_MATCH,OFFPLAN_RENTAL_NOT_EVALUATED,,,0.0,,NONE,False,NONE,OFFPLAN_RENTAL_NOT_EVALUATED,,Offplan properties not evaluated for current rent,,,,,,,,,,,,,,,,,,,,,,,,,
6872,offplan,Jumeirah village circle,berkeley square,0.0,346.0,690000.0,DLD_MISSING,OFFPLAN_RENTAL_NOT_EVALUATED,,,0.0,,NONE,False,NONE,OFFPLAN_RENTAL_NOT_EVALUATED,,Offplan properties not evaluated for current rent,,,,,,,,,,,,,,,,,,,,,,,,,
1067,offplan,Dubai Studio City,arisha terraces,1.0,696.0,1027000.0,DLD_MATCH,OFFPLAN_RENTAL_NOT_EVALUATED,,,0.0,,NONE,False,NONE,OFFPLAN_RENTAL_NOT_EVALUATED,,Offplan properties not evaluated for current rent,,,,,,,,,,,,,,,,,,,,,,,,,
378,offplan,Dubai Maritime City,chelsea residences,1.0,773.0,2170000.0,DLD_MISSING,OFFPLAN_RENTAL_NOT_EVALUATED,,,0.0,,NONE,False,NONE,OFFPLAN_RENTAL_NOT_EVALUATED,,Offplan properties not evaluated for current rent,,,,,,,,,,,,,,,,,,,,,,,,,
2329,offplan,Dubai Hills Estate,parkwood emaar,1.0,727.0,1720000.0,DLD_MISSING,OFFPLAN_RENTAL_NOT_EVALUATED,,,0.0,,NONE,False,NONE,OFFPLAN_RENTAL_NOT_EVALUATED,,Offplan properties not evaluated for current rent,,,,,,,,,,,,,,,,,,,,,,,,,
6886,offplan,Dubai Production City,viera residences,1.0,773.0,1060970.0,DLD_MATCH,OFFPLAN_RENTAL_NOT_EVALUATED,,,0.0,,NONE,False,NONE,OFFPLAN_RENTAL_NOT_EVALUATED,,Offplan properties not evaluated for current rent,,,,,,,,,,,,,,,,,,,,,,,,,
7509,offplan,Dubai Islands,wellington ocean,1.0,866.0,1904870.0,DLD_MISSING,OFFPLAN_RENTAL_NOT_EVALUATED,,,0.0,,NONE,False,NONE,OFFPLAN_RENTAL_NOT_EVALUATED,,Offplan properties not evaluated for current rent,,,,,,,,,,,,,,,,,,,,,,,,,
4368,offplan,Jumeirah village circle,binghatti amberhall,2.0,1266.0,1700000.0,DLD_MATCH,OFFPLAN_RENTAL_NOT_EVALUATED,,,0.0,,NONE,False,NONE,OFFPLAN_RENTAL_NOT_EVALUATED,,Offplan properties not evaluated for current rent,,,,,,,,,,,,,,,,,,,,,,,,,
1648,unknown,City of Arabia,azizi milan,0.0,320.0,540000.0,DLD_MISSING,STATUS_NOT_ELIGIBLE_FOR_CURRENT_RENT,,,0.0,,NONE,False,NONE,STATUS_NOT_ELIGIBLE_FOR_CURRENT_RENT,,Unknown status properties not evaluated for current rent,,,,,,,,,,,,,,,,,,,,,,,,,
8320,ready,Jumeirah village circle,eleganz,2.0,1274.0,2200000.0,DLD_MISSING,R4,95411.42208008618,4.3368828218220985,1592.0,median_psf_times_size,AREA_LEVEL,False,NONE,SHADOW_RESEARCH,Al Barsha South Fourth,,118.4,0.0,,,insufficient_data,0.0,True,0.0,,,insufficient_data,0.0,True,0.0,,,insufficient_data,0.0,True,1592.0,90000.0,95411.42208008618,median_psf_times_size,0.4,False
8049,offplan,Dubai Land Residence Complex,weybridge gardens 5,1.0,851.0,970099.0,DLD_MATCH,OFFPLAN_RENTAL_NOT_EVALUATED,,,0.0,,NONE,False,NONE,OFFPLAN_RENTAL_NOT_EVALUATED,,Offplan properties not evaluated for current rent,,,,,,,,,,,,,,,,,,,,,,,,,
8296,offplan,Jumeirah village circle,avana residences,0.0,373.0,680000.0,DLD_MISSING,OFFPLAN_RENTAL_NOT_EVALUATED,,,0.0,,NONE,False,NONE,OFFPLAN_RENTAL_NOT_EVALUATED,,Offplan properties not evaluated for current rent,,,,,,,,,,,,,,,,,,,,,,,,,
2585,offplan,Jumeirah village circle,binghatti circle,1.0,762.0,1050000.0,DLD_MATCH,OFFPLAN_RENTAL_NOT_EVALUATED,,,0.0,,NONE,False,NONE,OFFPLAN_RENTAL_NOT_EVALUATED,,Offplan properties not evaluated for current rent,,,,,,,,,,,,,,,,,,,,,,,,,
1583,offplan,Emaar South,golf point,1.0,675.0,850000.0,DLD_MATCH,OFFPLAN_RENTAL_NOT_EVALUATED,,,0.0,,NONE,False,NONE,OFFPLAN_RENTAL_NOT_EVALUATED,,Offplan properties not evaluated for current rent,,,,,,,,,,,,,,,,,,,,,,,,,
7740,offplan,Dubai Land Residence Complex,reef 1000,2.0,1092.0,1629850.0,DLD_MATCH,OFFPLAN_RENTAL_NOT_EVALUATED,,,0.0,,NONE,False,NONE,OFFPLAN_RENTAL_NOT_EVALUATED,,Offplan properties not evaluated for current rent,,,,,,,,,,,,,,,,,,,,,,,,,
1987,offplan,Dubai Land Residence Complex,floarea oasis,0.0,425.0,620000.0,DLD_MATCH,OFFPLAN_RENTAL_NOT_EVALUATED,,,0.0,,NONE,False,NONE,OFFPLAN_RENTAL_NOT_EVALUATED,,Offplan properties not evaluated for current rent,,,,,,,,,,,,,,,,,,,,,,,,,
6692,offplan,Jumeirah village circle,park lane 2,2.0,1192.0,1910888.0,DLD_MISSING,OFFPLAN_RENTAL_NOT_EVALUATED,,,0.0,,NONE,False,NONE,OFFPLAN_RENTAL_NOT_EVALUATED,,Offplan properties not evaluated for current rent,,,,,,,,,,,,,,,,,,,,,,,,,
2607,offplan,Dubai Land Residence Complex,marquis vista,0.0,450.0,680000.0,DLD_MATCH,OFFPLAN_RENTAL_NOT_EVALUATED,,,0.0,,NONE,False,NONE,OFFPLAN_RENTAL_NOT_EVALUATED,,Offplan properties not evaluated for current rent,,,,,,,,,,,,,,,,,,,,,,,,,
4771,offplan,Jumeirah village circle,exotica by al marina,1.0,590.0,894138.0,DLD_MATCH,OFFPLAN_RENTAL_NOT_EVALUATED,,,0.0,,NONE,False,NONE,OFFPLAN_RENTAL_NOT_EVALUATED,,Offplan properties not evaluated for current rent,,,,,,,,,,,,,,,,,,,,,,,,,
5092,ready,Dubai Land Residence Complex,4direction residence 1,0.0,517.0,613773.0,DLD_MISSING,R4,39852.5824386186,6.49304913031668,850.0,median_psf_times_size,AREA_LEVEL,False,NONE,SHADOW_RESEARCH,Wadi Al Safa 5,,48.0,0.0,,,insufficient_data,0.0,True,0.0,,,insufficient_data,0.0,True,15.0,36000.0,39102.055790804545,median_psf_times_size,0.44999999999999996,False,850.0,37000.0,39852.5824386186,median_psf_times_size,0.4,False
7772,offplan,Al Marjan Island,unoluxe,1.0,830.0,2376840.0,DLD_MISSING,OFFPLAN_RENTAL_NOT_EVALUATED,,,0.0,,NONE,False,NONE,OFFPLAN_RENTAL_NOT_EVALUATED,,Offplan properties not evaluated for current rent,,,,,,,,,,,,,,,,,,,,,,,,,
8307,offplan,Jumeirah village circle,midora residences,0.0,394.0,619000.0,DLD_MATCH,OFFPLAN_RENTAL_NOT_EVALUATED,,,0.0,,NONE,False,NONE,OFFPLAN_RENTAL_NOT_EVALUATED,,Offplan properties not evaluated for current rent,,,,,,,,,,,,,,,,,,,,,,,,,
4124,offplan,Jumeirah Islands,the west residence at serenia district,1.0,825.0,1900000.0,DLD_MISSING,OFFPLAN_RENTAL_NOT_EVALUATED,,,0.0,,NONE,False,NONE,OFFPLAN_RENTAL_NOT_EVALUATED,,Offplan properties not evaluated for current rent,,,,,,,,,,,,,,,,,,,,,,,,,
165,offplan,Dubai Creek Harbour,creek waters,1.0,753.0,1600000.0,DLD_MATCH,OFFPLAN_RENTAL_NOT_EVALUATED,,,0.0,,NONE,False,NONE,OFFPLAN_RENTAL_NOT_EVALUATED,,Offplan properties not evaluated for current rent,,,,,,,,,,,,,,,,,,,,,,,,,
1919,offplan,Dubai South,south square,2.0,1112.0,1750000.0,DLD_MATCH,OFFPLAN_RENTAL_NOT_EVALUATED,,,0.0,,NONE,False,NONE,OFFPLAN_RENTAL_NOT_EVALUATED,,Offplan properties not evaluated for current rent,,,,,,,,,,,,,,,,,,,,,,,,,
7608,ready,Business Bay,vera residences,1.0,474.0,1070000.0,DLD_MISSING,R4,65053.242327331485,6.079742273582381,2389.0,median_psf_times_size,AREA_LEVEL,False,NONE,SHADOW_RESEARCH,Business Bay,,44.0,0.0,,,insufficient_data,0.0,True,0.0,,,insufficient_data,0.0,True,0.0,,,insufficient_data,0.0,True,2389.0,65000.0,65053.242327331485,median_psf_times_size,0.4,False
4939,offplan,Jumeirah village circle,greygate residences,0.0,396.0,623000.0,DLD_MISSING,OFFPLAN_RENTAL_NOT_EVALUATED,,,0.0,,NONE,False,NONE,OFFPLAN_RENTAL_NOT_EVALUATED,,Offplan properties not evaluated for current rent,,,,,,,,,,,,,,,,,,,,,,,,,
8158,offplan,Dubai Land Residence Complex,the boulevard,0.0,438.0,639000.0,DLD_MISSING,OFFPLAN_RENTAL_NOT_EVALUATED,,,0.0,,NONE,False,NONE,OFFPLAN_RENTAL_NOT_EVALUATED,,Offplan properties not evaluated for current rent,,,,,,,,,,,,,,,,,,,,,,,,,
3554,offplan,Jumeirah village circle,sereno residences,1.0,734.0,1042200.0,DLD_MATCH,OFFPLAN_RENTAL_NOT_EVALUATED,,,0.0,,NONE,False,NONE,OFFPLAN_RENTAL_NOT_EVALUATED,,Offplan properties not evaluated for current rent,,,,,,,,,,,,,,,,,,,,,,,,,
2751,offplan,Business Bay,one by binghatti,1.0,781.0,2500000.0,DLD_MATCH,OFFPLAN_RENTAL_NOT_EVALUATED,,,0.0,,NONE,False,NONE,OFFPLAN_RENTAL_NOT_EVALUATED,,Offplan properties not evaluated for current rent,,,,,,,,,,,,,,,,,,,,,,,,,
622,offplan,Dubai Islands,hado by beyond,2.0,1307.0,3957000.0,DLD_MATCH,OFFPLAN_RENTAL_NOT_EVALUATED,,,0.0,,NONE,False,NONE,OFFPLAN_RENTAL_NOT_EVALUATED,,Offplan properties not evaluated for current rent,,,,,,,,,,,,,,,,,,,,,,,,,
7867,offplan,Dubai Islands,beach walk grand 2,1.0,831.0,2300000.0,DLD_MISSING,OFFPLAN_RENTAL_NOT_EVALUATED,,,0.0,,NONE,False,NONE,OFFPLAN_RENTAL_NOT_EVALUATED,,Offplan properties not evaluated for current rent,,,,,,,,,,,,,,,,,,,,,,,,,
1680,offplan,Jumeirah village circle,greygate residences,1.0,719.0,1010000.0,DLD_MISSING,OFFPLAN_RENTAL_NOT_EVALUATED,,,0.0,,NONE,False,NONE,OFFPLAN_RENTAL_NOT_EVALUATED,,Offplan properties not evaluated for current rent,,,,,,,,,,,,,,,,,,,,,,,,,
574,offplan,Dubai South,south square,1.0,755.0,1100000.0,DLD_MATCH,OFFPLAN_RENTAL_NOT_EVALUATED,,,0.0,,NONE,False,NONE,OFFPLAN_RENTAL_NOT_EVALUATED,,Offplan properties not evaluated for current rent,,,,,,,,,,,,,,,,,,,,,,,,,
6987,offplan,Dubai Land Residence Complex,cove edition 6,1.0,,997000.0,DLD_MISSING,OFFPLAN_RENTAL_NOT_EVALUATED,,,0.0,,NONE,False,NONE,OFFPLAN_RENTAL_NOT_EVALUATED,,Offplan properties not evaluated for current rent,,,,,,,,,,,,,,,,,,,,,,,,,
692,offplan,Dubai Harbour,dubai harbour residence,2.0,2120.0,7100000.0,DLD_MISSING,OFFPLAN_RENTAL_NOT_EVALUATED,,,0.0,,NONE,False,NONE,OFFPLAN_RENTAL_NOT_EVALUATED,,Offplan properties not evaluated for current rent,,,,,,,,,,,,,,,,,,,,,,,,,
3479,offplan,Business Bay,chic tower,0.0,491.0,989000.0,DLD_MATCH,OFFPLAN_RENTAL_NOT_EVALUATED,,,0.0,,NONE,False,NONE,OFFPLAN_RENTAL_NOT_EVALUATED,,Offplan properties not evaluated for current rent,,,,,,,,,,,,,,,,,,,,,,,,,
5400,offplan,Dubai Hills Estate,golf hillside,2.0,1189.0,2700000.0,DLD_MATCH,OFFPLAN_RENTAL_NOT_EVALUATED,,,0.0,,NONE,False,NONE,OFFPLAN_RENTAL_NOT_EVALUATED,,Offplan properties not evaluated for current rent,,,,,,,,,,,,,,,,,,,,,,,,,
4670,offplan,Dubai Production City,sera gardens,0.0,417.0,594000.0,DLD_MISSING,OFFPLAN_RENTAL_NOT_EVALUATED,,,0.0,,NONE,False,NONE,OFFPLAN_RENTAL_NOT_EVALUATED,,Offplan properties not evaluated for current rent,,,,,,,,,,,,,,,,,,,,,,,,,
1978,offplan,Solaya By Meraas at La Mer,solaya,2.0,1987.0,14200000.0,DLD_MISSING,OFFPLAN_RENTAL_NOT_EVALUATED,,,0.0,,NONE,False,NONE,OFFPLAN_RENTAL_NOT_EVALUATED,,Offplan properties not evaluated for current rent,,,,,,,,,,,,,,,,,,,,,,,,,
7778,offplan,Dubai South,south living,1.0,848.0,1139790.0,DLD_MATCH,OFFPLAN_RENTAL_NOT_EVALUATED,,,0.0,,NONE,False,NONE,OFFPLAN_RENTAL_NOT_EVALUATED,,Offplan properties not evaluated for current rent,,,,,,,,,,,,,,,,,,,,,,,,,
5164,offplan,Jumeirah Village Triangle,interstellar tower,2.0,767.0,1611000.0,DLD_MATCH,OFFPLAN_RENTAL_NOT_EVALUATED,,,0.0,,NONE,False,NONE,OFFPLAN_RENTAL_NOT_EVALUATED,,Offplan properties not evaluated for current rent,,,,,,,,,,,,,,,,,,,,,,,,,
3407,ready,Meydan City,emerge residences,1.0,684.0,1590000.0,DLD_MATCH,R4,66890.18880006042,4.206930113211348,281.0,median_psf_times_size,AREA_LEVEL,False,NONE,SHADOW_RESEARCH,Nad Al Shiba First,,63.5,0.0,,,insufficient_data,0.0,True,0.0,,,insufficient_data,0.0,True,0.0,,,insufficient_data,0.0,True,281.0,75000.0,66890.18880006042,median_psf_times_size,0.4,False
3375,ready,Jumeirah village circle,mayas geneva,2.0,1712.0,1900000.0,DLD_MATCH,R4,118404.84903096783,6.231834159524623,583.0,median_psf_times_size,AREA_LEVEL,False,NONE,SHADOW_RESEARCH,Al Barsha South Fourth,,159.1,0.0,,,insufficient_data,0.0,True,6.0,,,insufficient_data,0.0,True,0.0,,,insufficient_data,0.0,True,583.0,110000.0,118404.84903096783,median_psf_times_size,0.4,False
3842,offplan,Arjan,gharbi 1 residences,1.0,878.0,1150980.0,DLD_MISSING,OFFPLAN_RENTAL_NOT_EVALUATED,,,0.0,,NONE,False,NONE,OFFPLAN_RENTAL_NOT_EVALUATED,,Offplan properties not evaluated for current rent,,,,,,,,,,,,,,,,,,,,,,,,,
7390,offplan,Dubai Hills Estate,rosehill,3.0,1744.0,3925888.0,DLD_MATCH,OFFPLAN_RENTAL_NOT_EVALUATED,,,0.0,,NONE,False,NONE,OFFPLAN_RENTAL_NOT_EVALUATED,,Offplan properties not evaluated for current rent,,,,,,,,,,,,,,,,,,,,,,,,,
6440,offplan,Business Bay,binghatti aquarise,1.0,812.0,2000000.0,DLD_MATCH,OFFPLAN_RENTAL_NOT_EVALUATED,,,0.0,,NONE,False,NONE,OFFPLAN_RENTAL_NOT_EVALUATED,,Offplan properties not evaluated for current rent,,,,,,,,,,,,,,,,,,,,,,,,,
6350,ready,Arjan,q gardens boutique residences,2.0,1629.0,1500000.0,DLD_NO_EVIDENCE,R4,117835.97634375154,7.855731756250102,881.0,median_psf_times_size,AREA_LEVEL,False,NONE,SHADOW_RESEARCH,Al Barshaa South Third,,151.3,0.0,,,insufficient_data,0.0,True,8.0,137500.0,130380.89198190306,median_psf_times_size,0.4,False,0.0,,,insufficient_data,0.0,True,881.0,100000.0,117835.97634375154,median_psf_times_size,0.4,False
2242,offplan,Jumeirah village circle,77 boulevard,2.0,1851.0,2629000.0,DLD_MISSING,OFFPLAN_RENTAL_NOT_EVALUATED,,,0.0,,NONE,False,NONE,OFFPLAN_RENTAL_NOT_EVALUATED,,Offplan properties not evaluated for current rent,,,,,,,,,,,,,,,,,,,,,,,,,
6518,offplan,Jumeirah village circle,luma park views,1.0,797.0,1167460.0,DLD_MATCH,OFFPLAN_RENTAL_NOT_EVALUATED,,,0.0,,NONE,False,NONE,OFFPLAN_RENTAL_NOT_EVALUATED,,Offplan properties not evaluated for current rent,,,,,,,,,,,,,,,,,,,,,,,,,
2276,ready,Jumeirah village circle,park lane by heilbronn,2.0,1163.0,2200000.0,DLD_MATCH,R4,86963.7402139454,3.952897282452064,1944.0,median_psf_times_size,AREA_LEVEL,False,NONE,SHADOW_RESEARCH,Al Barsha South Fourth,,108.0,0.0,,,insufficient_data,0.0,True,5.0,,,insufficient_data,0.0,True,0.0,,,insufficient_data,0.0,True,1944.0,80461.5,86963.7402139454,median_psf_times_size,0.4,False
4376,offplan,Jumeirah village circle,tetr1s tower,1.0,701.0,1100000.0,DLD_MISSING,OFFPLAN_RENTAL_NOT_EVALUATED,,,0.0,,NONE,False,NONE,OFFPLAN_RENTAL_NOT_EVALUATED,,Offplan properties not evaluated for current rent,,,,,,,,,,,,,,,,,,,,,,,,,
1351,offplan,Madinat Jumeirah Living,nourelle,1.0,742.0,3680000.0,DLD_MATCH,OFFPLAN_RENTAL_NOT_EVALUATED,,,0.0,,NONE,False,NONE,OFFPLAN_RENTAL_NOT_EVALUATED,,Offplan properties not evaluated for current rent,,,,,,,,,,,,,,,,,,,,,,,,,
3838,offplan,Dubai South,the harmony by al mizan,1.0,618.0,833186.0,DLD_MISSING,OFFPLAN_RENTAL_NOT_EVALUATED,,,0.0,,NONE,False,NONE,OFFPLAN_RENTAL_NOT_EVALUATED,,Offplan properties not evaluated for current rent,,,,,,,,,,,,,,,,,,,,,,,,,
1445,offplan,Jumeirah Heights,altiera heights,1.0,,1900000.0,DLD_MISSING,OFFPLAN_RENTAL_NOT_EVALUATED,,,0.0,,NONE,False,NONE,OFFPLAN_RENTAL_NOT_EVALUATED,,Offplan properties not evaluated for current rent,,,,,,,,,,,,,,,,,,,,,,,,,
4280,offplan,Jumeirah village circle,legado by prescott,0.0,358.0,650000.0,DLD_MATCH,OFFPLAN_RENTAL_NOT_EVALUATED,,,0.0,,NONE,False,NONE,OFFPLAN_RENTAL_NOT_EVALUATED,,Offplan properties not evaluated for current rent,,,,,,,,,,,,,,,,,,,,,,,,,
7311,offplan,Dubailand,verdes by haven,3.0,1779.0,2549800.0,DLD_MISSING,OFFPLAN_RENTAL_NOT_EVALUATED,,,0.0,,NONE,False,NONE,OFFPLAN_RENTAL_NOT_EVALUATED,,Offplan properties not evaluated for current rent,,,,,,,,,,,,,,,,,,,,,,,,,
944,offplan,Sobha Hartland 2,340 riverside crescent,1.0,811.0,1784330.0,DLD_MATCH,OFFPLAN_RENTAL_NOT_EVALUATED,,,0.0,,NONE,False,NONE,OFFPLAN_RENTAL_NOT_EVALUATED,,Offplan properties not evaluated for current rent,,,,,,,,,,,,,,,,,,,,,,,,,
3130,offplan,Jumeirah village circle,lume residences,1.0,562.0,946777.0,DLD_MATCH,OFFPLAN_RENTAL_NOT_EVALUATED,,,0.0,,NONE,False,NONE,OFFPLAN_RENTAL_NOT_EVALUATED,,Offplan properties not evaluated for current rent,,,,,,,,,,,,,,,,,,,,,,,,,
2115,offplan,Jumeirah village circle,serenz by danube at jvc,2.0,852.0,1725000.0,DLD_MISSING,OFFPLAN_RENTAL_NOT_EVALUATED,,,0.0,,NONE,False,NONE,OFFPLAN_RENTAL_NOT_EVALUATED,,Offplan properties not evaluated for current rent,,,,,,,,,,,,,,,,,,,,,,,,,
4746,offplan,Dubai Maritime City,breez,2.0,,3750000.0,DLD_MISSING,OFFPLAN_RENTAL_NOT_EVALUATED,,,0.0,,NONE,False,NONE,OFFPLAN_RENTAL_NOT_EVALUATED,,Offplan properties not evaluated for current rent,,,,,,,,,,,,,,,,,,,,,,,,,
4448,offplan,Dubai Islands,octa isle interiors by missoni,2.0,1000.0,2325890.0,DLD_MATCH,OFFPLAN_RENTAL_NOT_EVALUATED,,,0.0,,NONE,False,NONE,OFFPLAN_RENTAL_NOT_EVALUATED,,Offplan properties not evaluated for current rent,,,,,,,,,,,,,,,,,,,,,,,,,
2152,offplan,Jumeirah village circle,pearl house iv,2.0,1205.0,1607950.0,DLD_MISSING,OFFPLAN_RENTAL_NOT_EVALUATED,,,0.0,,NONE,False,NONE,OFFPLAN_RENTAL_NOT_EVALUATED,,Offplan properties not evaluated for current rent,,,,,,,,,,,,,,,,,,,,,,,,,
8241,offplan,Dubai Production City,park five,0.0,424.0,681180.0,DLD_MISSING,OFFPLAN_RENTAL_NOT_EVALUATED,,,0.0,,NONE,False,NONE,OFFPLAN_RENTAL_NOT_EVALUATED,,Offplan properties not evaluated for current rent,,,,,,,,,,,,,,,,,,,,,,,,,
5054,offplan,Jumeirah village circle,pearl house iii,2.0,1105.0,1610630.0,DLD_MISSING,OFFPLAN_RENTAL_NOT_EVALUATED,,,0.0,,NONE,False,NONE,OFFPLAN_RENTAL_NOT_EVALUATED,,Offplan properties not evaluated for current rent,,,,,,,,,,,,,,,,,,,,,,,,,
6378,offplan,Majan,binghatti titania,1.0,673.0,1057999.0,DLD_MATCH,OFFPLAN_RENTAL_NOT_EVALUATED,,,0.0,,NONE,False,NONE,OFFPLAN_RENTAL_NOT_EVALUATED,,Offplan properties not evaluated for current rent,,,,,,,,,,,,,,,,,,,,,,,,,
3772,offplan,Dubai South,south square,3.0,1570.0,2300000.0,DLD_MATCH,OFFPLAN_RENTAL_NOT_EVALUATED,,,0.0,,NONE,False,NONE,OFFPLAN_RENTAL_NOT_EVALUATED,,Offplan properties not evaluated for current rent,,,,,,,,,,,,,,,,,,,,,,,,,
4964,offplan,Business Bay,vyb,1.0,648.0,1349000.0,DLD_MATCH,OFFPLAN_RENTAL_NOT_EVALUATED,,,0.0,,NONE,False,NONE,OFFPLAN_RENTAL_NOT_EVALUATED,,Offplan properties not evaluated for current rent,,,,,,,,,,,,,,,,,,,,,,,,,
4281,offplan,Al Jadaf Waterfront,binghatti cullinan,1.0,676.0,1402999.0,DLD_MATCH,OFFPLAN_RENTAL_NOT_EVALUATED,,,0.0,,NONE,False,NONE,OFFPLAN_RENTAL_NOT_EVALUATED,,Offplan properties not evaluated for current rent,,,,,,,,,,,,,,,,,,,,,,,,,
2943,offplan,Business Bay,binghatti skyhall,0.0,399.0,1039000.0,DLD_MATCH,OFFPLAN_RENTAL_NOT_EVALUATED,,,0.0,,NONE,False,NONE,OFFPLAN_RENTAL_NOT_EVALUATED,,Offplan properties not evaluated for current rent,,,,,,,,,,,,,,,,,,,,,,,,,
5249,offplan,Majan,binghatti skyflame at majan,1.0,691.0,1033999.0,DLD_MISSING,OFFPLAN_RENTAL_NOT_EVALUATED,,,0.0,,NONE,False,NONE,OFFPLAN_RENTAL_NOT_EVALUATED,,Offplan properties not evaluated for current rent,,,,,,,,,,,,,,,,,,,,,,,,,
7868,offplan,Dubai Islands,the meriva collection by ellington at dubai islands,1.0,800.0,2700000.0,DLD_MISSING,OFFPLAN_RENTAL_NOT_EVALUATED,,,0.0,,NONE,False,NONE,OFFPLAN_RENTAL_NOT_EVALUATED,,Offplan properties not evaluated for current rent,,,,,,,,,,,,,,,,,,,,,,,,,
7678,offplan,Dubai Sports City,hadley heights 2,0.0,419.0,727328.0,DLD_MATCH,OFFPLAN_RENTAL_NOT_EVALUATED,,,0.0,,NONE,False,NONE,OFFPLAN_RENTAL_NOT_EVALUATED,,Offplan properties not evaluated for current rent,,,,,,,,,,,,,,,,,,,,,,,,,
7225,offplan,Al Furjan,trussardi residences phase two,0.0,389.0,883000.0,DLD_MISSING,OFFPLAN_RENTAL_NOT_EVALUATED,,,0.0,,NONE,False,NONE,OFFPLAN_RENTAL_NOT_EVALUATED,,Offplan properties not evaluated for current rent,,,,,,,,,,,,,,,,,,,,,,,,,
1284,offplan,Dubai Land Residence Complex,cove edition 6,0.0,404.0,696000.0,DLD_MISSING,OFFPLAN_RENTAL_NOT_EVALUATED,,,0.0,,NONE,False,NONE,OFFPLAN_RENTAL_NOT_EVALUATED,,Offplan properties not evaluated for current rent,,,,,,,,,,,,,,,,,,,,,,,,,
7943,offplan,Dubai Motor City,velos residence,1.0,669.0,1208780.0,DLD_MATCH,OFFPLAN_RENTAL_NOT_EVALUATED,,,0.0,,NONE,False,NONE,OFFPLAN_RENTAL_NOT_EVALUATED,,Offplan properties not evaluated for current rent,,,,,,,,,,,,,,,,,,,,,,,,,
7114,unknown,Jumeirah Village Triangle,binghatti flare,0.0,,800000.0,DLD_MISSING,STATUS_NOT_ELIGIBLE_FOR_CURRENT_RENT,,,0.0,,NONE,False,NONE,STATUS_NOT_ELIGIBLE_FOR_CURRENT_RENT,,Unknown status properties not evaluated for current rent,,,,,,,,,,,,,,,,,,,,,,,,,
6209,ready,Jumeirah village circle,concept 7 residences,1.0,619.0,1000000.0,DLD_MATCH,R2,63408.16865633485,6.340816865633485,25.0,median_psf_times_size,PROJECT_LEVEL,False,NONE,SHADOW_RESEARCH,Al Barsha South Fourth,,57.5,0.0,,,insufficient_data,0.0,True,25.0,73000.0,63408.16865633485,median_psf_times_size,0.8,False,0.0,,,insufficient_data,0.0,True,2457.0,60000.0,56608.435170051125,median_psf_times_size,0.4,False
1743,offplan,DIFC,address residences zabeel,2.0,1163.0,3600000.0,DLD_MATCH,OFFPLAN_RENTAL_NOT_EVALUATED,,,0.0,,NONE,False,NONE,OFFPLAN_RENTAL_NOT_EVALUATED,,Offplan properties not evaluated for current rent,,,,,,,,,,,,,,,,,,,,,,,,,
5073,ready,Jumeirah village circle,luma22,0.0,577.0,700000.0,DLD_MATCH,R2,68157.7538514182,9.736821978774028,44.0,median_psf_times_size,PROJECT_LEVEL,False,NONE,SHADOW_RESEARCH,Al Barsha South Fourth,,53.6,1.0,,,insufficient_data,0.0,True,44.0,60000.0,68157.7538514182,median_psf_times_size,0.8,False,138.0,45000.0,47187.51911316812,median_psf_times_size,0.6,False,2112.0,55000.0,54442.633050049175,median_psf_times_size,0.4,False
3981,offplan,Dubai Maritime City,soulever by beyond,2.0,1469.0,5118000.0,DLD_MATCH,OFFPLAN_RENTAL_NOT_EVALUATED,,,0.0,,NONE,False,NONE,OFFPLAN_RENTAL_NOT_EVALUATED,,Offplan properties not evaluated for current rent,,,,,,,,,,,,,,,,,,,,,,,,,
760,offplan,Jumeirah village circle,casa vista residence,1.0,715.0,1024000.0,DLD_MISSING,OFFPLAN_RENTAL_NOT_EVALUATED,,,0.0,,NONE,False,NONE,OFFPLAN_RENTAL_NOT_EVALUATED,,Offplan properties not evaluated for current rent,,,,,,,,,,,,,,,,,,,,,,,,,
1487,offplan,Damac Lagoons,damac valencia at damac lagoons,1.0,701.0,1175000.0,DLD_MISSING,OFFPLAN_RENTAL_NOT_EVALUATED,,,0.0,,NONE,False,NONE,OFFPLAN_RENTAL_NOT_EVALUATED,,Offplan properties not evaluated for current rent,,,,,,,,,,,,,,,,,,,,,,,,,
8010,offplan,Dubai South,south living,2.0,1306.0,1598700.0,DLD_MATCH,OFFPLAN_RENTAL_NOT_EVALUATED,,,0.0,,NONE,False,NONE,OFFPLAN_RENTAL_NOT_EVALUATED,,Offplan properties not evaluated for current rent,,,,,,,,,,,,,,,,,,,,,,,,,
3928,offplan,Business Bay,binghatti aquarise,2.0,1048.0,2960000.0,DLD_MATCH,OFFPLAN_RENTAL_NOT_EVALUATED,,,0.0,,NONE,False,NONE,OFFPLAN_RENTAL_NOT_EVALUATED,,Offplan properties not evaluated for current rent,,,,,,,,,,,,,,,,,,,,,,,,,
3940,offplan,Jumeirah village circle,mass residences,2.0,1312.0,1873850.0,DLD_MISSING,OFFPLAN_RENTAL_NOT_EVALUATED,,,0.0,,NONE,False,NONE,OFFPLAN_RENTAL_NOT_EVALUATED,,Offplan properties not evaluated for current rent,,,,,,,,,,,,,,,,,,,,,,,,,
6144,offplan,Dubailand,verdes by haven,2.0,1383.0,1913750.0,DLD_MISSING,OFFPLAN_RENTAL_NOT_EVALUATED,,,0.0,,NONE,False,NONE,OFFPLAN_RENTAL_NOT_EVALUATED,,Offplan properties not evaluated for current rent,,,,,,,,,,,,,,,,,,,,,,,,,
2472,offplan,Dubai Creek Harbour,montiva by vida,1.0,755.0,1916888.0,DLD_MISSING,OFFPLAN_RENTAL_NOT_EVALUATED,,,0.0,,NONE,False,NONE,OFFPLAN_RENTAL_NOT_EVALUATED,,Offplan properties not evaluated for current rent,,,,,,,,,,,,,,,,,,,,,,,,,
1164,offplan,Jumeirah village circle,binghatti ruby,2.0,1161.0,2200000.0,DLD_MATCH,OFFPLAN_RENTAL_NOT_EVALUATED,,,0.0,,NONE,False,NONE,OFFPLAN_RENTAL_NOT_EVALUATED,,Offplan properties not evaluated for current rent,,,,,,,,,,,,,,,,,,,,,,,,,
6695,ready,Jumeirah village circle,binghatti amber,0.0,455.0,720000.0,DLD_NO_EVIDENCE,R2,54962.141276645394,7.633630732867417,37.0,median_psf_times_size,PROJECT_LEVEL,False,NONE,SHADOW_RESEARCH,Al Barsha South Fourth,,42.3,0.0,,,insufficient_data,0.0,True,37.0,55000.0,54962.141276645394,median_psf_times_size,0.8,False,153.0,45000.0,45165.13904932122,median_psf_times_size,0.6,False,2371.0,45000.0,47455.383890023215,median_psf_times_size,0.4,False
2460,ready,Dubai Creek Harbour,creek gate tower 2,1.0,721.0,1700000.0,DLD_MISSING,R4,92745.81947085299,5.455636439461941,4324.0,median_psf_times_size,AREA_LEVEL,False,NONE,SHADOW_RESEARCH,Al Khairan First,,67.0,0.0,,,insufficient_data,0.0,True,0.0,,,insufficient_data,0.0,True,0.0,,,insufficient_data,0.0,True,4324.0,90000.0,92745.81947085299,median_psf_times_size,0.4,False
7272,offplan,Business Bay,one river point,2.0,1480.0,4022830.0,DLD_MATCH,OFFPLAN_RENTAL_NOT_EVALUATED,,,0.0,,NONE,False,NONE,OFFPLAN_RENTAL_NOT_EVALUATED,,Offplan properties not evaluated for current rent,,,,,,,,,,,,,,,,,,,,,,,,,
108,offplan,DIFC,address residences zabeel,1.0,760.0,2132370.0,DLD_MATCH,OFFPLAN_RENTAL_NOT_EVALUATED,,,0.0,,NONE,False,NONE,OFFPLAN_RENTAL_NOT_EVALUATED,,Offplan properties not evaluated for current rent,,,,,,,,,,,,,,,,,,,,,,,,,
4825,offplan,Dubai Maritime City,breez,0.0,368.0,1308000.0,DLD_MISSING,OFFPLAN_RENTAL_NOT_EVALUATED,,,0.0,,NONE,False,NONE,OFFPLAN_RENTAL_NOT_EVALUATED,,Offplan properties not evaluated for current rent,,,,,,,,,,,,,,,,,,,,,,,,,
313,offplan,Dubai Motor City,binghatti sky terraces at motor city,1.0,524.0,1199999.0,DLD_MISSING,OFFPLAN_RENTAL_NOT_EVALUATED,,,0.0,,NONE,False,NONE,OFFPLAN_RENTAL_NOT_EVALUATED,,Offplan properties not evaluated for current rent,,,,,,,,,,,,,,,,,,,,,,,,,
2489,unknown,Dubai International City,greenfield,1.0,,850000.0,DLD_MISSING,STATUS_NOT_ELIGIBLE_FOR_CURRENT_RENT,,,0.0,,NONE,False,NONE,STATUS_NOT_ELIGIBLE_FOR_CURRENT_RENT,,Unknown status properties not evaluated for current rent,,,,,,,,,,,,,,,,,,,,,,,,,
2608,offplan,Town Square Dubai,camden,2.0,955.0,1575890.0,DLD_MATCH,OFFPLAN_RENTAL_NOT_EVALUATED,,,0.0,,NONE,False,NONE,OFFPLAN_RENTAL_NOT_EVALUATED,,Offplan properties not evaluated for current rent,,,,,,,,,,,,,,,,,,,,,,,,,
4915,offplan,Jumeirah Heights,eltiera heights,2.0,1237.0,3063828.0,DLD_MATCH,OFFPLAN_RENTAL_NOT_EVALUATED,,,0.0,,NONE,False,NONE,OFFPLAN_RENTAL_NOT_EVALUATED,,Offplan properties not evaluated for current rent,,,,,,,,,,,,,,,,,,,,,,,,,
5960,offplan,Town Square Dubai,camden,1.0,662.0,1140890.0,DLD_MATCH,OFFPLAN_RENTAL_NOT_EVALUATED,,,0.0,,NONE,False,NONE,OFFPLAN_RENTAL_NOT_EVALUATED,,Offplan properties not evaluated for current rent,,,,,,,,,,,,,,,,,,,,,,,,,
3898,offplan,Al Jadaf Waterfront,azizi leily,0.0,330.0,828000.0,DLD_MATCH,OFFPLAN_RENTAL_NOT_EVALUATED,,,0.0,,NONE,False,NONE,OFFPLAN_RENTAL_NOT_EVALUATED,,Offplan properties not evaluated for current rent,,,,,,,,,,,,,,,,,,,,,,,,,
7033,offplan,Dubai Motor City,binghatti sky terraces at motor city,0.0,311.0,774999.0,DLD_MISSING,OFFPLAN_RENTAL_NOT_EVALUATED,,,0.0,,NONE,False,NONE,OFFPLAN_RENTAL_NOT_EVALUATED,,Offplan properties not evaluated for current rent,,,,,,,,,,,,,,,,,,,,,,,,,
3527,offplan,Dubai Land Residence Complex,weybridge gardens 5,0.0,459.0,723935.0,DLD_MATCH,OFFPLAN_RENTAL_NOT_EVALUATED,,,0.0,,NONE,False,NONE,OFFPLAN_RENTAL_NOT_EVALUATED,,Offplan properties not evaluated for current rent,,,,,,,,,,,,,,,,,,,,,,,,,
7792,ready,Jumeirah village circle,luma21,0.0,422.0,660000.0,DLD_MATCH,R2,49968.24226361893,7.57094579751802,61.0,median_psf_times_size,PROJECT_LEVEL,False,NONE,SHADOW_RESEARCH,Al Barsha South Fourth,,39.2,1.0,,,insufficient_data,0.0,True,61.0,52750.0,49968.24226361893,median_psf_times_size,0.8,False,124.0,45000.0,43647.76119876679,median_psf_times_size,0.6,False,2131.0,45000.0,44775.63397847087,median_psf_times_size,0.4,False
744,offplan,Dubai Design District,artistry one residences,3.0,1964.0,6000000.0,DLD_MATCH,OFFPLAN_RENTAL_NOT_EVALUATED,,,0.0,,NONE,False,NONE,OFFPLAN_RENTAL_NOT_EVALUATED,,Offplan properties not evaluated for current rent,,,,,,,,,,,,,,,,,,,,,,,,,
6769,offplan,Dubai Maritime City,soulever by beyond,1.0,828.0,2937000.0,DLD_MATCH,OFFPLAN_RENTAL_NOT_EVALUATED,,,0.0,,NONE,False,NONE,OFFPLAN_RENTAL_NOT_EVALUATED,,Offplan properties not evaluated for current rent,,,,,,,,,,,,,,,,,,,,,,,,,
869,offplan,Dubai Sports City,hadley heights 2,2.0,1222.0,1577580.0,DLD_MATCH,OFFPLAN_RENTAL_NOT_EVALUATED,,,0.0,,NONE,False,NONE,OFFPLAN_RENTAL_NOT_EVALUATED,,Offplan properties not evaluated for current rent,,,,,,,,,,,,,,,,,,,,,,,,,
2410,offplan,Palm Jumeirah,serenia living,3.0,2529.0,12000000.0,DLD_MATCH,OFFPLAN_RENTAL_NOT_EVALUATED,,,0.0,,NONE,False,NONE,OFFPLAN_RENTAL_NOT_EVALUATED,,Offplan properties not evaluated for current rent,,,,,,,,,,,,,,,,,,,,,,,,,
7663,ready,Arjan,48 parkside,3.0,1443.0,1922960.0,DLD_MATCH,R4,101263.51614910435,5.266023013952674,1361.0,median_psf_times_size,AREA_LEVEL,False,NONE,SHADOW_RESEARCH,Al Barshaa South Third,,134.1,0.0,,,insufficient_data,0.0,True,4.0,,,insufficient_data,0.0,True,0.0,,,insufficient_data,0.0,True,1361.0,93500.0,101263.51614910435,median_psf_times_size,0.4,False
5951,offplan,Palm Jumeirah,serenia living,2.0,1720.0,8000000.0,DLD_MATCH,OFFPLAN_RENTAL_NOT_EVALUATED,,,0.0,,NONE,False,NONE,OFFPLAN_RENTAL_NOT_EVALUATED,,Offplan properties not evaluated for current rent,,,,,,,,,,,,,,,,,,,,,,,,,
3318,offplan,Arjan,arbor view,1.0,893.0,1500000.0,DLD_MATCH,OFFPLAN_RENTAL_NOT_EVALUATED,,,0.0,,NONE,False,NONE,OFFPLAN_RENTAL_NOT_EVALUATED,,Offplan properties not evaluated for current rent,,,,,,,,,,,,,,,,,,,,,,,,,
7709,offplan,Damac Hills,golf greens,1.0,978.0,1628000.0,DLD_MISSING,OFFPLAN_RENTAL_NOT_EVALUATED,,,0.0,,NONE,False,NONE,OFFPLAN_RENTAL_NOT_EVALUATED,,Offplan properties not evaluated for current rent,,,,,,,,,,,,,,,,,,,,,,,,,
3262,offplan,Jumeirah village circle,cubix residences,2.0,2126.0,2475000.0,DLD_MATCH,OFFPLAN_RENTAL_NOT_EVALUATED,,,0.0,,NONE,False,NONE,OFFPLAN_RENTAL_NOT_EVALUATED,,Offplan properties not evaluated for current rent,,,,,,,,,,,,,,,,,,,,,,,,,
2725,ready,Jumeirah Lake Towers,saba 2,1.0,950.0,90000.0,DLD_MISSING,R4,91982.23346349502,102.2024816261056,1952.0,median_psf_times_size,AREA_LEVEL,False,NONE,SHADOW_RESEARCH,Al Thanyah Fifth,,88.3,0.0,,,insufficient_data,0.0,True,0.0,,,insufficient_data,0.0,True,0.0,,,insufficient_data,0.0,True,1952.0,88000.0,91982.23346349502,median_psf_times_size,0.4,False
1545,offplan,The Valley,elva,4.0,2706.0,3380000.0,DLD_MISSING,OFFPLAN_RENTAL_NOT_EVALUATED,,,0.0,,NONE,False,NONE,OFFPLAN_RENTAL_NOT_EVALUATED,,Offplan properties not evaluated for current rent,,,,,,,,,,,,,,,,,,,,,,,,,
617,offplan,The Valley,elea,4.0,2681.0,3540000.0,DLD_MISSING,OFFPLAN_RENTAL_NOT_EVALUATED,,,0.0,,NONE,False,NONE,OFFPLAN_RENTAL_NOT_EVALUATED,,Offplan properties not evaluated for current rent,,,,,,,,,,,,,,,,,,,,,,,,,
6233,offplan,Damac Hills 2,camelia villas,4.0,2261.0,2200000.0,DLD_MISSING,OFFPLAN_RENTAL_NOT_EVALUATED,,,0.0,,NONE,False,NONE,OFFPLAN_RENTAL_NOT_EVALUATED,,Offplan properties not evaluated for current rent,,,,,,,,,,,,,,,,,,,,,,,,,
5068,offplan,Yas Island,the bay residence 2,4.0,2675.0,5165080.0,DLD_MISSING,OFFPLAN_RENTAL_NOT_EVALUATED,,,0.0,,NONE,False,NONE,OFFPLAN_RENTAL_NOT_EVALUATED,,Offplan properties not evaluated for current rent,,,,,,,,,,,,,,,,,,,,,,,,,
6502,offplan,Damac Hills 2,camelia villas,3.0,2016.0,1750000.0,DLD_MISSING,OFFPLAN_RENTAL_NOT_EVALUATED,,,0.0,,NONE,False,NONE,OFFPLAN_RENTAL_NOT_EVALUATED,,Offplan properties not evaluated for current rent,,,,,,,,,,,,,,,,,,,,,,,,,
6029,offplan,Al Marjan Island,rosso bay residences,3.0,1590.0,3927400.0,DLD_MISSING,OFFPLAN_RENTAL_NOT_EVALUATED,,,0.0,,NONE,False,NONE,OFFPLAN_RENTAL_NOT_EVALUATED,,Offplan properties not evaluated for current rent,,,,,,,,,,,,,,,,,,,,,,,,,
7549,offplan,Yas Island,the bay residence 2,4.0,3404.0,6646320.0,DLD_MISSING,OFFPLAN_RENTAL_NOT_EVALUATED,,,0.0,,NONE,False,NONE,OFFPLAN_RENTAL_NOT_EVALUATED,,Offplan properties not evaluated for current rent,,,,,,,,,,,,,,,,,,,,,,,,,
6756,offplan,The Valley,elea,3.0,2444.0,2990000.0,DLD_MISSING,OFFPLAN_RENTAL_NOT_EVALUATED,,,0.0,,NONE,False,NONE,OFFPLAN_RENTAL_NOT_EVALUATED,,Offplan properties not evaluated for current rent,,,,,,,,,,,,,,,,,,,,,,,,,
8099,offplan,Al Marjan Island,the beach residences,5.0,6600.0,7500000.0,DLD_MISSING,OFFPLAN_RENTAL_NOT_EVALUATED,,,0.0,,NONE,False,NONE,OFFPLAN_RENTAL_NOT_EVALUATED,,Offplan properties not evaluated for current rent,,,,,,,,,,,,,,,,,,,,,,,,,
38,offplan,Yas Island,the bay residence 2,3.0,1749.0,3396400.0,DLD_MISSING,OFFPLAN_RENTAL_NOT_EVALUATED,,,0.0,,NONE,False,NONE,OFFPLAN_RENTAL_NOT_EVALUATED,,Offplan properties not evaluated for current rent,,,,,,,,,,,,,,,,,,,,,,,,,
6540,ready,Jumeirah village circle,the autograph residences,2.0,1401.0,1900000.0,DLD_MISSING,R4,103393.65263413284,5.44177119127015,1316.0,median_psf_times_size,AREA_LEVEL,False,NONE,SHADOW_RESEARCH,Al Barsha South Fourth,,130.2,0.0,,,insufficient_data,0.0,True,0.0,,,insufficient_data,0.0,True,0.0,,,insufficient_data,0.0,True,1316.0,95000.0,103393.65263413284,median_psf_times_size,0.4,False
3703,offplan,The Valley,avelia,4.0,6300.0,7000000.0,DLD_MISSING,OFFPLAN_RENTAL_NOT_EVALUATED,,,0.0,,NONE,False,NONE,OFFPLAN_RENTAL_NOT_EVALUATED,,Offplan properties not evaluated for current rent,,,,,,,,,,,,,,,,,,,,,,,,,
4810,offplan,Yas Island,the bay residence,3.0,1851.0,3832840.0,DLD_MISSING,OFFPLAN_RENTAL_NOT_EVALUATED,,,0.0,,NONE,False,NONE,OFFPLAN_RENTAL_NOT_EVALUATED,,Offplan properties not evaluated for current rent,,,,,,,,,,,,,,,,,,,,,,,,,
93,ready,Dubai Marina,marina star,2.0,2463.0,807000.0,DLD_MATCH,R4,215347.77846708387,26.684978744372227,739.0,median_psf_times_size,AREA_LEVEL,False,NONE,SHADOW_RESEARCH,Marsa Dubai,,228.8,0.0,,,insufficient_data,0.0,True,0.0,,,insufficient_data,0.0,True,0.0,,,insufficient_data,0.0,True,739.0,208500.0,215347.77846708387,median_psf_times_size,0.4,False
4875,offplan,Yas Island,the bay residence 2,3.0,2861.0,4635590.0,DLD_MISSING,OFFPLAN_RENTAL_NOT_EVALUATED,,,0.0,,NONE,False,NONE,OFFPLAN_RENTAL_NOT_EVALUATED,,Offplan properties not evaluated for current rent,,,,,,,,,,,,,,,,,,,,,,,,,
3644,offplan,Al Furjan,symbolic zen residences,4.0,1792.0,3301000.0,DLD_NO_EVIDENCE,OFFPLAN_RENTAL_NOT_EVALUATED,,,0.0,,NONE,False,NONE,OFFPLAN_RENTAL_NOT_EVALUATED,,Offplan properties not evaluated for current rent,,,,,,,,,,,,,,,,,,,,,,,,,
1395,offplan,Al Marjan Island,the beach residences,3.0,3300.0,5500000.0,DLD_MISSING,OFFPLAN_RENTAL_NOT_EVALUATED,,,0.0,,NONE,False,NONE,OFFPLAN_RENTAL_NOT_EVALUATED,,Offplan properties not evaluated for current rent,,,,,,,,,,,,,,,,,,,,,,,,,
6477,offplan,Al Marjan Island,the beach residences,3.0,3300.0,5500000.0,DLD_MISSING,OFFPLAN_RENTAL_NOT_EVALUATED,,,0.0,,NONE,False,NONE,OFFPLAN_RENTAL_NOT_EVALUATED,,Offplan properties not evaluated for current rent,,,,,,,,,,,,,,,,,,,,,,,,,
8362,offplan,Dubai South,oasis residences,3.0,1332.0,1737229.0,DLD_NO_EVIDENCE,OFFPLAN_RENTAL_NOT_EVALUATED,,,0.0,,NONE,False,NONE,OFFPLAN_RENTAL_NOT_EVALUATED,,Offplan properties not evaluated for current rent,,,,,,,,,,,,,,,,,,,,,,,,,
1202,offplan,Rashid Yachts & Marina,ocean cove,2.0,1248.0,3040000.0,DLD_NO_EVIDENCE,OFFPLAN_RENTAL_NOT_EVALUATED,,,0.0,,NONE,False,NONE,OFFPLAN_RENTAL_NOT_EVALUATED,,Offplan properties not evaluated for current rent,,,,,,,,,,,,,,,,,,,,,,,,,
3290,offplan,International City Phase 2,tavora residences,2.0,1310.0,1260777.0,DLD_MISSING,OFFPLAN_RENTAL_NOT_EVALUATED,,,0.0,,NONE,False,NONE,OFFPLAN_RENTAL_NOT_EVALUATED,,Offplan properties not evaluated for current rent,,,,,,,,,,,,,,,,,,,,,,,,,
4970,offplan,Mercedes Benz Places by Binghatti,mercede benz places by binghatti,3.0,,4950000.0,DLD_MISSING,OFFPLAN_RENTAL_NOT_EVALUATED,,,0.0,,NONE,False,NONE,OFFPLAN_RENTAL_NOT_EVALUATED,,Offplan properties not evaluated for current rent,,,,,,,,,,,,,,,,,,,,,,,,,
1261,offplan,sharjah waterfront city,the blue beach residence,3.0,1999.0,1658000.0,DLD_MISSING,OFFPLAN_RENTAL_NOT_EVALUATED,,,0.0,,NONE,False,NONE,OFFPLAN_RENTAL_NOT_EVALUATED,,Offplan properties not evaluated for current rent,,,,,,,,,,,,,,,,,,,,,,,,,
6156,offplan,Mercedes Benz Places by Binghatti,mercede benz places by binghatti,2.0,,3200000.0,DLD_MISSING,OFFPLAN_RENTAL_NOT_EVALUATED,,,0.0,,NONE,False,NONE,OFFPLAN_RENTAL_NOT_EVALUATED,,Offplan properties not evaluated for current rent,,,,,,,,,,,,,,,,,,,,,,,,,
4190,offplan,Al Furjan,primero residences,3.0,1595.0,1800000.0,DLD_MISSING,OFFPLAN_RENTAL_NOT_EVALUATED,,,0.0,,NONE,False,NONE,OFFPLAN_RENTAL_NOT_EVALUATED,,Offplan properties not evaluated for current rent,,,,,,,,,,,,,,,,,,,,,,,,,
2168,offplan,Maryam Island,citrine residence,3.0,1657.0,2500000.0,DLD_MISSING,OFFPLAN_RENTAL_NOT_EVALUATED,,,0.0,,NONE,False,NONE,OFFPLAN_RENTAL_NOT_EVALUATED,,Offplan properties not evaluated for current rent,,,,,,,,,,,,,,,,,,,,,,,,,
4344,offplan,Dubai Islands,blue marina residence,4.0,3183.0,4500000.0,DLD_MISSING,OFFPLAN_RENTAL_NOT_EVALUATED,,,0.0,,NONE,False,NONE,OFFPLAN_RENTAL_NOT_EVALUATED,,Offplan properties not evaluated for current rent,,,,,,,,,,,,,,,,,,,,,,,,,
4961,offplan,sharjah waterfront city,the blue beach residence,2.0,1320.0,1227000.0,DLD_MISSING,OFFPLAN_RENTAL_NOT_EVALUATED,,,0.0,,NONE,False,NONE,OFFPLAN_RENTAL_NOT_EVALUATED,,Offplan properties not evaluated for current rent,,,,,,,,,,,,,,,,,,,,,,,,,
3085,offplan,Mohammed Bin Rashid City,binghatti vision iconic at mercedesbenz places,3.0,1203.0,6250000.0,DLD_MISSING,OFFPLAN_RENTAL_NOT_EVALUATED,,,0.0,,NONE,False,NONE,OFFPLAN_RENTAL_NOT_EVALUATED,,Offplan properties not evaluated for current rent,,,,,,,,,,,,,,,,,,,,,,,,,
1009,offplan,Mohammed Bin Rashid City,binghatti vision iconic at mercedesbenz places,2.0,978.0,3900000.0,DLD_MISSING,OFFPLAN_RENTAL_NOT_EVALUATED,,,0.0,,NONE,False,NONE,OFFPLAN_RENTAL_NOT_EVALUATED,,Offplan properties not evaluated for current rent,,,,,,,,,,,,,,,,,,,,,,,,,
485,offplan,DAMAC Riverside,marine,2.0,1022.0,1198000.0,DLD_MISSING,OFFPLAN_RENTAL_NOT_EVALUATED,,,0.0,,NONE,False,NONE,OFFPLAN_RENTAL_NOT_EVALUATED,,Offplan properties not evaluated for current rent,,,,,,,,,,,,,,,,,,,,,,,,,
4068,offplan,Expo City,sidr residences,3.0,1923.0,3655000.0,DLD_MISSING,OFFPLAN_RENTAL_NOT_EVALUATED,,,0.0,,NONE,False,NONE,OFFPLAN_RENTAL_NOT_EVALUATED,,Offplan properties not evaluated for current rent,,,,,,,,,,,,,,,,,,,,,,,,,
3975,offplan,Palm Jumeirah,palm beach towers,2.0,1431.0,3900000.0,DLD_MISSING,OFFPLAN_RENTAL_NOT_EVALUATED,,,0.0,,NONE,False,NONE,OFFPLAN_RENTAL_NOT_EVALUATED,,Offplan properties not evaluated for current rent,,,,,,,,,,,,,,,,,,,,,,,,,
6439,offplan,Al Furjan,primero residences,3.0,2304.0,2400000.0,DLD_MISSING,OFFPLAN_RENTAL_NOT_EVALUATED,,,0.0,,NONE,False,NONE,OFFPLAN_RENTAL_NOT_EVALUATED,,Offplan properties not evaluated for current rent,,,,,,,,,,,,,,,,,,,,,,,,,
4143,offplan,Al Reem island,marlin 2,4.0,1708.0,2780000.0,DLD_MISSING,OFFPLAN_RENTAL_NOT_EVALUATED,,,0.0,,NONE,False,NONE,OFFPLAN_RENTAL_NOT_EVALUATED,,Offplan properties not evaluated for current rent,,,,,,,,,,,,,,,,,,,,,,,,,
848,offplan,Rashid Yachts & Marina,bayline,3.0,1690.0,4000000.0,DLD_NO_EVIDENCE,OFFPLAN_RENTAL_NOT_EVALUATED,,,0.0,,NONE,False,NONE,OFFPLAN_RENTAL_NOT_EVALUATED,,Offplan properties not evaluated for current rent,,,,,,,,,,,,,,,,,,,,,,,,,
7398,offplan,Dubai South,crown palace,2.0,897.0,1255438.0,DLD_MISSING,OFFPLAN_RENTAL_NOT_EVALUATED,,,0.0,,NONE,False,NONE,OFFPLAN_RENTAL_NOT_EVALUATED,,Offplan properties not evaluated for current rent,,,,,,,,,,,,,,,,,,,,,,,,,
3107,offplan,Maryam Island,layla residences,2.0,1084.0,1503888.0,DLD_MISSING,OFFPLAN_RENTAL_NOT_EVALUATED,,,0.0,,NONE,False,NONE,OFFPLAN_RENTAL_NOT_EVALUATED,,Offplan properties not evaluated for current rent,,,,,,,,,,,,,,,,,,,,,,,,,
1707,offplan,EMAAR Beachfront,address residences the bay,4.0,5020.0,28867200.0,DLD_MISSING,OFFPLAN_RENTAL_NOT_EVALUATED,,,0.0,,NONE,False,NONE,OFFPLAN_RENTAL_NOT_EVALUATED,,Offplan properties not evaluated for current rent,,,,,,,,,,,,,,,,,,,,,,,,,
1651,offplan,Solaya By Meraas at La Mer,solaya,5.0,6987.0,47400000.0,DLD_MISSING,OFFPLAN_RENTAL_NOT_EVALUATED,,,0.0,,NONE,False,NONE,OFFPLAN_RENTAL_NOT_EVALUATED,,Offplan properties not evaluated for current rent,,,,,,,,,,,,,,,,,,,,,,,,,
2088,offplan,Nad Al Sheba,la vue by maaia,3.0,2168.0,4330000.0,DLD_MISSING,OFFPLAN_RENTAL_NOT_EVALUATED,,,0.0,,NONE,False,NONE,OFFPLAN_RENTAL_NOT_EVALUATED,,Offplan properties not evaluated for current rent,,,,,,,,,,,,,,,,,,,,,,,,,
6016,offplan,Dubai Marina,six senses residence,4.0,3318.0,8677000.0,DLD_MISSING,OFFPLAN_RENTAL_NOT_EVALUATED,,,0.0,,NONE,False,NONE,OFFPLAN_RENTAL_NOT_EVALUATED,,Offplan properties not evaluated for current rent,,,,,,,,,,,,,,,,,,,,,,,,,
4032,offplan,Downtown Jebel Ali,metropoint,1.0,537.0,712500.0,DLD_MISSING,OFFPLAN_RENTAL_NOT_EVALUATED,,,0.0,,NONE,False,NONE,OFFPLAN_RENTAL_NOT_EVALUATED,,Offplan properties not evaluated for current rent,,,,,,,,,,,,,,,,,,,,,,,,,
120,offplan,Dubai Land Residence Complex,solanki one,3.0,1947.0,1956000.0,DLD_NO_EVIDENCE,OFFPLAN_RENTAL_NOT_EVALUATED,,,0.0,,NONE,False,NONE,OFFPLAN_RENTAL_NOT_EVALUATED,,Offplan properties not evaluated for current rent,,,,,,,,,,,,,,,,,,,,,,,,,
4321,offplan,Al Marjan Island,ola residences,1.0,708.0,2100000.0,DLD_MISSING,OFFPLAN_RENTAL_NOT_EVALUATED,,,0.0,,NONE,False,NONE,OFFPLAN_RENTAL_NOT_EVALUATED,,Offplan properties not evaluated for current rent,,,,,,,,,,,,,,,,,,,,,,,,,
6277,ready,Jumeirah village circle,binghatti emerald,3.0,1378.0,1300000.0,DLD_NO_EVIDENCE,R4,101732.87272656163,7.825605594350894,1401.0,median_psf_times_size,AREA_LEVEL,False,NONE,SHADOW_RESEARCH,Al Barsha South Fourth,,128.0,0.0,,,insufficient_data,0.0,True,7.0,,,insufficient_data,0.0,True,0.0,,,insufficient_data,0.0,True,1401.0,95000.0,101732.87272656163,median_psf_times_size,0.4,False
1967,offplan,Dubai Islands,blue marina residence,4.0,3558.0,7200000.0,DLD_MISSING,OFFPLAN_RENTAL_NOT_EVALUATED,,,0.0,,NONE,False,NONE,OFFPLAN_RENTAL_NOT_EVALUATED,,Offplan properties not evaluated for current rent,,,,,,,,,,,,,,,,,,,,,,,,,
8040,offplan,Sobha Hartland 2,sobha one,1.0,733.0,2000000.0,DLD_MATCH,OFFPLAN_RENTAL_NOT_EVALUATED,,,0.0,,NONE,False,NONE,OFFPLAN_RENTAL_NOT_EVALUATED,,Offplan properties not evaluated for current rent,,,,,,,,,,,,,,,,,,,,,,,,,
6430,ready,Arjan,beverly boulevard,2.0,1299.0,1300000.0,DLD_NO_EVIDENCE,R4,90955.87914440327,6.996606088031021,1686.0,median_psf_times_size,AREA_LEVEL,False,NONE,SHADOW_RESEARCH,Al Barshaa South Third,,120.7,0.0,,,insufficient_data,0.0,True,3.0,,,insufficient_data,0.0,True,0.0,,,insufficient_data,0.0,True,1686.0,90000.0,90955.87914440327,median_psf_times_size,0.4,False
263,offplan,Al Marjan Island,danah bay,3.0,236.0,3800000.0,DLD_MISSING,OFFPLAN_RENTAL_NOT_EVALUATED,,,0.0,,NONE,False,NONE,OFFPLAN_RENTAL_NOT_EVALUATED,,Offplan properties not evaluated for current rent,,,,,,,,,,,,,,,,,,,,,,,,,
569,offplan,Jumeirah village circle,the portman,0.0,409.0,442000.0,DLD_NO_EVIDENCE,OFFPLAN_RENTAL_NOT_EVALUATED,,,0.0,,NONE,False,NONE,OFFPLAN_RENTAL_NOT_EVALUATED,,Offplan properties not evaluated for current rent,,,,,,,,,,,,,,,,,,,,,,,,,
1620,ready,Downtown Dubai,sls dubai hotels and residences,2.0,1864.0,7462760.0,DLD_MISSING,R4,276111.22185828566,3.6998539663379995,1984.0,median_psf_times_size,AREA_LEVEL,False,NONE,SHADOW_RESEARCH,Burj Khalifa,,173.2,0.0,,,insufficient_data,0.0,True,0.0,,,insufficient_data,0.0,True,0.0,,,insufficient_data,0.0,True,1984.0,260000.0,276111.22185828566,median_psf_times_size,0.4,False
7974,offplan,Al Marjan Island,danah bay,2.0,230.0,2700000.0,DLD_MISSING,OFFPLAN_RENTAL_NOT_EVALUATED,,,0.0,,NONE,False,NONE,OFFPLAN_RENTAL_NOT_EVALUATED,,Offplan properties not evaluated for current rent,,,,,,,,,,,,,,,,,,,,,,,,,
2476,offplan,Dubai Land Residence Complex,celesto 4,1.0,553.0,804902.0,DLD_MISSING,OFFPLAN_RENTAL_NOT_EVALUATED,,,0.0,,NONE,False,NONE,OFFPLAN_RENTAL_NOT_EVALUATED,,Offplan properties not evaluated for current rent,,,,,,,,,,,,,,,,,,,,,,,,,
6143,offplan,Nad Al Sheba,la vue by maaia,2.0,1340.0,2775000.0,DLD_MISSING,OFFPLAN_RENTAL_NOT_EVALUATED,,,0.0,,NONE,False,NONE,OFFPLAN_RENTAL_NOT_EVALUATED,,Offplan properties not evaluated for current rent,,,,,,,,,,,,,,,,,,,,,,,,,
94,offplan,Dubai Motor City,takaya,4.0,2329.0,3527780.0,DLD_MATCH,OFFPLAN_RENTAL_NOT_EVALUATED,,,0.0,,NONE,False,NONE,OFFPLAN_RENTAL_NOT_EVALUATED,,Offplan properties not evaluated for current rent,,,,,,,,,,,,,,,,,,,,,,,,,
6656,offplan,Jumeirah village circle,midora residences,1.0,888.0,1265000.0,DLD_NO_EVIDENCE,OFFPLAN_RENTAL_NOT_EVALUATED,,,0.0,,NONE,False,NONE,OFFPLAN_RENTAL_NOT_EVALUATED,,Offplan properties not evaluated for current rent,,,,,,,,,,,,,,,,,,,,,,,,,
5576,offplan,Meydan City,arthouse private residences,2.0,760.0,1390000.0,DLD_MISSING,OFFPLAN_RENTAL_NOT_EVALUATED,,,0.0,,NONE,False,NONE,OFFPLAN_RENTAL_NOT_EVALUATED,,Offplan properties not evaluated for current rent,,,,,,,,,,,,,,,,,,,,,,,,,
3618,offplan,Al Furjan,talia residences,2.0,1130.0,1442540.0,DLD_MATCH,OFFPLAN_RENTAL_NOT_EVALUATED,,,0.0,,NONE,False,NONE,OFFPLAN_RENTAL_NOT_EVALUATED,,Offplan properties not evaluated for current rent,,,,,,,,,,,,,,,,,,,,,,,,,
2873,offplan,Siniya Island,pearlside marina residences,1.0,510.0,1404555.0,DLD_MISSING,OFFPLAN_RENTAL_NOT_EVALUATED,,,0.0,,NONE,False,NONE,OFFPLAN_RENTAL_NOT_EVALUATED,,Offplan properties not evaluated for current rent,,,,,,,,,,,,,,,,,,,,,,,,,
1422,offplan,Dubai Sports City,the place,3.0,1720.0,1999000.0,DLD_MISSING,OFFPLAN_RENTAL_NOT_EVALUATED,,,0.0,,NONE,False,NONE,OFFPLAN_RENTAL_NOT_EVALUATED,,Offplan properties not evaluated for current rent,,,,,,,,,,,,,,,,,,,,,,,,,
6261,offplan,Mina Al Arab,bay residences central tower,1.0,818.0,1050000.0,DLD_MISSING,OFFPLAN_RENTAL_NOT_EVALUATED,,,0.0,,NONE,False,NONE,OFFPLAN_RENTAL_NOT_EVALUATED,,Offplan properties not evaluated for current rent,,,,,,,,,,,,,,,,,,,,,,,,,
6629,offplan,Siniya Island,pearlside marina residences,2.0,652.0,1761481.0,DLD_MISSING,OFFPLAN_RENTAL_NOT_EVALUATED,,,0.0,,NONE,False,NONE,OFFPLAN_RENTAL_NOT_EVALUATED,,Offplan properties not evaluated for current rent,,,,,,,,,,,,,,,,,,,,,,,,,
71,offplan,Jumeirah Village Triangle,skygate tower,1.0,804.0,1411491.0,DLD_MISSING,OFFPLAN_RENTAL_NOT_EVALUATED,,,0.0,,NONE,False,NONE,OFFPLAN_RENTAL_NOT_EVALUATED,,Offplan properties not evaluated for current rent,,,,,,,,,,,,,,,,,,,,,,,,,
5985,offplan,The Valley,ovelle,4.0,4345.0,7000000.0,DLD_MISSING,OFFPLAN_RENTAL_NOT_EVALUATED,,,0.0,,NONE,False,NONE,OFFPLAN_RENTAL_NOT_EVALUATED,,Offplan properties not evaluated for current rent,,,,,,,,,,,,,,,,,,,,,,,,,
2111,offplan,Siniya Island,amra residences,2.0,1387.0,1900000.0,DLD_MISSING,OFFPLAN_RENTAL_NOT_EVALUATED,,,0.0,,NONE,False,NONE,OFFPLAN_RENTAL_NOT_EVALUATED,,Offplan properties not evaluated for current rent,,,,,,,,,,,,,,,,,,,,,,,,,
6338,offplan,Dubai Water Canal,eden house the park,4.0,3437.0,14567400.0,DLD_MATCH,OFFPLAN_RENTAL_NOT_EVALUATED,,,0.0,,NONE,False,NONE,OFFPLAN_RENTAL_NOT_EVALUATED,,Offplan properties not evaluated for current rent,,,,,,,,,,,,,,,,,,,,,,,,,
1736,offplan,Dubai Islands,zephyra residences at dubai islands,3.0,2063.0,3507720.0,DLD_MISSING,OFFPLAN_RENTAL_NOT_EVALUATED,,,0.0,,NONE,False,NONE,OFFPLAN_RENTAL_NOT_EVALUATED,,Offplan properties not evaluated for current rent,,,,,,,,,,,,,,,,,,,,,,,,,
6097,offplan,Dubai Islands,iluka residences at dubai islands,3.0,1527.0,3511480.0,DLD_MISSING,OFFPLAN_RENTAL_NOT_EVALUATED,,,0.0,,NONE,False,NONE,OFFPLAN_RENTAL_NOT_EVALUATED,,Offplan properties not evaluated for current rent,,,,,,,,,,,,,,,,,,,,,,,,,
1695,offplan,Siniya Island,coastline beach residences,3.0,2021.0,4954439.0,DLD_MISSING,OFFPLAN_RENTAL_NOT_EVALUATED,,,0.0,,NONE,False,NONE,OFFPLAN_RENTAL_NOT_EVALUATED,,Offplan properties not evaluated for current rent,,,,,,,,,,,,,,,,,,,,,,,,,
1336,unknown,مدينة دبي للإنتاج,روح بواسطة vision,,,834700.0,DLD_MISSING,STATUS_NOT_ELIGIBLE_FOR_CURRENT_RENT,,,0.0,,NONE,False,NONE,STATUS_NOT_ELIGIBLE_FOR_CURRENT_RENT,,Unknown status properties not evaluated for current rent,,,,,,,,,,,,,,,,,,,,,,,,,
2004,offplan,Nad Al Sheba,la vue by maaia,1.0,760.0,1685000.0,DLD_MISSING,OFFPLAN_RENTAL_NOT_EVALUATED,,,0.0,,NONE,False,NONE,OFFPLAN_RENTAL_NOT_EVALUATED,,Offplan properties not evaluated for current rent,,,,,,,,,,,,,,,,,,,,,,,,,
1769,offplan,Siniya Island,sobha tranquil beach residences,2.0,652.0,1796469.0,DLD_MISSING,OFFPLAN_RENTAL_NOT_EVALUATED,,,0.0,,NONE,False,NONE,OFFPLAN_RENTAL_NOT_EVALUATED,,Offplan properties not evaluated for current rent,,,,,,,,,,,,,,,,,,,,,,,,,
7122,offplan,Dubai Islands,zephyra residences at dubai islands,2.0,1174.0,2387760.0,DLD_MISSING,OFFPLAN_RENTAL_NOT_EVALUATED,,,0.0,,NONE,False,NONE,OFFPLAN_RENTAL_NOT_EVALUATED,,Offplan properties not evaluated for current rent,,,,,,,,,,,,,,,,,,,,,,,,,
1994,offplan,Saadiyat Island,the arthouse,2.0,1635.0,6100000.0,DLD_MISSING,OFFPLAN_RENTAL_NOT_EVALUATED,,,0.0,,NONE,False,NONE,OFFPLAN_RENTAL_NOT_EVALUATED,,Offplan properties not evaluated for current rent,,,,,,,,,,,,,,,,,,,,,,,,,
7643,offplan,EMAAR Beachfront,the bristol,5.0,5828.0,34000000.0,DLD_MISSING,OFFPLAN_RENTAL_NOT_EVALUATED,,,0.0,,NONE,False,NONE,OFFPLAN_RENTAL_NOT_EVALUATED,,Offplan properties not evaluated for current rent,,,,,,,,,,,,,,,,,,,,,,,,,
5252,unknown,Al Marjan Island,karl lagerfeld beach residences,4.0,3114.0,12400000.0,DLD_MISSING,STATUS_NOT_ELIGIBLE_FOR_CURRENT_RENT,,,0.0,,NONE,False,NONE,STATUS_NOT_ELIGIBLE_FOR_CURRENT_RENT,,Unknown status properties not evaluated for current rent,,,,,,,,,,,,,,,,,,,,,,,,,
2480,offplan,Jumeirah Village Triangle,treppan tower,3.0,2640.0,4000000.0,DLD_NO_EVIDENCE,OFFPLAN_RENTAL_NOT_EVALUATED,,,0.0,,NONE,False,NONE,OFFPLAN_RENTAL_NOT_EVALUATED,,Offplan properties not evaluated for current rent,,,,,,,,,,,,,,,,,,,,,,,,,
3503,offplan,Dubai Islands,iluka residences at dubai islands,2.0,1112.0,2447040.0,DLD_MISSING,OFFPLAN_RENTAL_NOT_EVALUATED,,,0.0,,NONE,False,NONE,OFFPLAN_RENTAL_NOT_EVALUATED,,Offplan properties not evaluated for current rent,,,,,,,,,,,,,,,,,,,,,,,,,
30,offplan,Dubai Production City,park five,3.0,1637.0,2172090.0,DLD_MISSING,OFFPLAN_RENTAL_NOT_EVALUATED,,,0.0,,NONE,False,NONE,OFFPLAN_RENTAL_NOT_EVALUATED,,Offplan properties not evaluated for current rent,,,,,,,,,,,,,,,,,,,,,,,,,
706,offplan,Siniya Island,coastline beach residences,2.0,775.0,1864656.0,DLD_MISSING,OFFPLAN_RENTAL_NOT_EVALUATED,,,0.0,,NONE,False,NONE,OFFPLAN_RENTAL_NOT_EVALUATED,,Offplan properties not evaluated for current rent,,,,,,,,,,,,,,,,,,,,,,,,,
422,ready,Emaar South,golf edge,3.0,1641.0,2500000.0,DLD_MATCH,R4,106519.89937782328,4.260795975112932,403.0,median_psf_times_size,AREA_LEVEL,False,NONE,SHADOW_RESEARCH,Madinat Al Mataar,,152.5,0.0,,,insufficient_data,0.0,True,0.0,,,insufficient_data,0.0,True,0.0,,,insufficient_data,0.0,True,403.0,100000.0,106519.89937782328,median_psf_times_size,0.4,False
710,offplan,Emaar South,golf acres,3.0,1804.0,2500000.0,DLD_MISSING,OFFPLAN_RENTAL_NOT_EVALUATED,,,0.0,,NONE,False,NONE,OFFPLAN_RENTAL_NOT_EVALUATED,,Offplan properties not evaluated for current rent,,,,,,,,,,,,,,,,,,,,,,,,,
2838,ready,Jumeirah village circle,binghatti rose,3.0,1285.0,1550000.0,DLD_NO_EVIDENCE,R4,96272.32711298451,6.211117878257065,1589.0,median_psf_times_size,AREA_LEVEL,False,NONE,SHADOW_RESEARCH,Al Barsha South Fourth,,119.4,0.0,,,insufficient_data,0.0,True,5.0,,,insufficient_data,0.0,True,0.0,,,insufficient_data,0.0,True,1589.0,90000.0,96272.32711298451,median_psf_times_size,0.4,False
2110,offplan,Dubai Sports City,the community sports arena,3.0,958.0,1193890.0,DLD_MATCH,OFFPLAN_RENTAL_NOT_EVALUATED,,,0.0,,NONE,False,NONE,OFFPLAN_RENTAL_NOT_EVALUATED,,Offplan properties not evaluated for current rent,,,,,,,,,,,,,,,,,,,,,,,,,
1,offplan,Dubai Land Residence Complex,09 life residences,4.0,1570.0,2080000.0,DLD_NO_EVIDENCE,OFFPLAN_RENTAL_NOT_EVALUATED,,,0.0,,NONE,False,NONE,OFFPLAN_RENTAL_NOT_EVALUATED,,Offplan properties not evaluated for current rent,,,,,,,,,,,,,,,,,,,,,,,,,
5255,offplan,Dubai Marina,sobha seahaven,3.0,2440.0,9514170.0,DLD_MISSING,OFFPLAN_RENTAL_NOT_EVALUATED,,,0.0,,NONE,False,NONE,OFFPLAN_RENTAL_NOT_EVALUATED,,Offplan properties not evaluated for current rent,,,,,,,,,,,,,,,,,,,,,,,,,
8247,offplan,Dubai Islands,haven living,3.0,2407.0,2700000.0,DLD_MATCH,OFFPLAN_RENTAL_NOT_EVALUATED,,,0.0,,NONE,False,NONE,OFFPLAN_RENTAL_NOT_EVALUATED,,Offplan properties not evaluated for current rent,,,,,,,,,,,,,,,,,,,,,,,,,
3843,ready,Arjan,beverly boulevard,1.0,800.0,866000.0,DLD_MATCH,R2,93180.36250754684,10.759857102488088,25.0,median_psf_times_size,PROJECT_LEVEL,False,NONE,SHADOW_RESEARCH,Al Barshaa South Third,,74.3,0.0,,,insufficient_data,0.0,True,25.0,85000.0,93180.36250754684,median_psf_times_size,0.8,False,0.0,,,insufficient_data,0.0,True,2498.0,65000.0,64975.024382183256,median_psf_times_size,0.4,False
8420,offplan,Al Marjan Island,danah bay,2.0,1347.0,3165450.0,DLD_MISSING,OFFPLAN_RENTAL_NOT_EVALUATED,,,0.0,,NONE,False,NONE,OFFPLAN_RENTAL_NOT_EVALUATED,,Offplan properties not evaluated for current rent,,,,,,,,,,,,,,,,,,,,,,,,,
7684,offplan,Dubai Harbour,seapoint,4.0,2463.0,16000000.0,DLD_MATCH,OFFPLAN_RENTAL_NOT_EVALUATED,,,0.0,,NONE,False,NONE,OFFPLAN_RENTAL_NOT_EVALUATED,,Offplan properties not evaluated for current rent,,,,,,,,,,,,,,,,,,,,,,,,,
1165,offplan,Dubai Land Residence Complex,cove grand,1.0,710.0,988000.0,DLD_MISSING,OFFPLAN_RENTAL_NOT_EVALUATED,,,0.0,,NONE,False,NONE,OFFPLAN_RENTAL_NOT_EVALUATED,,Offplan properties not evaluated for current rent,,,,,,,,,,,,,,,,,,,,,,,,,
8408,offplan,Al Marjan Island,the residences at sheraton,2.0,1141.0,3668521.0,DLD_MISSING,OFFPLAN_RENTAL_NOT_EVALUATED,,,0.0,,NONE,False,NONE,OFFPLAN_RENTAL_NOT_EVALUATED,,Offplan properties not evaluated for current rent,,,,,,,,,,,,,,,,,,,,,,,,,
7065,offplan,Dubai Media City,damac casa,3.0,2011.0,5129000.0,DLD_MATCH,OFFPLAN_RENTAL_NOT_EVALUATED,,,0.0,,NONE,False,NONE,OFFPLAN_RENTAL_NOT_EVALUATED,,Offplan properties not evaluated for current rent,,,,,,,,,,,,,,,,,,,,,,,,,
6819,offplan,Jumeirah Village Triangle,red square tower,1.0,629.0,1085920.0,DLD_MISSING,OFFPLAN_RENTAL_NOT_EVALUATED,,,0.0,,NONE,False,NONE,OFFPLAN_RENTAL_NOT_EVALUATED,,Offplan properties not evaluated for current rent,,,,,,,,,,,,,,,,,,,,,,,,,
6888,offplan,DAMAC Riverside,royale,1.0,714.0,1100000.0,DLD_MISSING,OFFPLAN_RENTAL_NOT_EVALUATED,,,0.0,,NONE,False,NONE,OFFPLAN_RENTAL_NOT_EVALUATED,,Offplan properties not evaluated for current rent,,,,,,,,,,,,,,,,,,,,,,,,,
5226,offplan,Siniya Island,starline beach residences,2.0,775.0,1959053.0,DLD_MISSING,OFFPLAN_RENTAL_NOT_EVALUATED,,,0.0,,NONE,False,NONE,OFFPLAN_RENTAL_NOT_EVALUATED,,Offplan properties not evaluated for current rent,,,,,,,,,,,,,,,,,,,,,,,,,
2587,offplan,Jumeirah village circle,mi casa,2.0,870.0,1350000.0,DLD_MISSING,OFFPLAN_RENTAL_NOT_EVALUATED,,,0.0,,NONE,False,NONE,OFFPLAN_RENTAL_NOT_EVALUATED,,Offplan properties not evaluated for current rent,,,,,,,,,,,,,,,,,,,,,,,,,
2367,offplan,Jumeirah Garden City,stamn yuni,1.0,317.0,854129.0,DLD_MATCH,OFFPLAN_RENTAL_NOT_EVALUATED,,,0.0,,NONE,False,NONE,OFFPLAN_RENTAL_NOT_EVALUATED,,Offplan properties not evaluated for current rent,,,,,,,,,,,,,,,,,,,,,,,,,
8282,offplan,Dubai Hills Estate,vida residences club point,3.0,1557.0,3400000.0,DLD_NO_EVIDENCE,OFFPLAN_RENTAL_NOT_EVALUATED,,,0.0,,NONE,False,NONE,OFFPLAN_RENTAL_NOT_EVALUATED,,Offplan properties not evaluated for current rent,,,,,,,,,,,,,,,,,,,,,,,,,
132,offplan,Dubai Islands,beach walk 4,3.0,1933.0,4104000.0,DLD_MISSING,OFFPLAN_RENTAL_NOT_EVALUATED,,,0.0,,NONE,False,NONE,OFFPLAN_RENTAL_NOT_EVALUATED,,Offplan properties not evaluated for current rent,,,,,,,,,,,,,,,,,,,,,,,,,
7646,offplan,Downtown Dubai,dwtn residences,3.0,1641.0,4450000.0,DLD_MISSING,OFFPLAN_RENTAL_NOT_EVALUATED,,,0.0,,NONE,False,NONE,OFFPLAN_RENTAL_NOT_EVALUATED,,Offplan properties not evaluated for current rent,,,,,,,,,,,,,,,,,,,,,,,,,
8358,offplan,Siniya Island,amra residences,3.0,1915.0,2200000.0,DLD_MISSING,OFFPLAN_RENTAL_NOT_EVALUATED,,,0.0,,NONE,False,NONE,OFFPLAN_RENTAL_NOT_EVALUATED,,Offplan properties not evaluated for current rent,,,,,,,,,,,,,,,,,,,,,,,,,
6068,offplan,Siniya Island,yachtside marina residences,1.0,545.0,1417779.0,DLD_MISSING,OFFPLAN_RENTAL_NOT_EVALUATED,,,0.0,,NONE,False,NONE,OFFPLAN_RENTAL_NOT_EVALUATED,,Offplan properties not evaluated for current rent,,,,,,,,,,,,,,,,,,,,,,,,,
1420,unknown,مدينة دبي للإنتاج,روح بواسطة vision,,,1419500.0,DLD_MISSING,STATUS_NOT_ELIGIBLE_FOR_CURRENT_RENT,,,0.0,,NONE,False,NONE,STATUS_NOT_ELIGIBLE_FOR_CURRENT_RENT,,Unknown status properties not evaluated for current rent,,,,,,,,,,,,,,,,,,,,,,,,,
453,ready,Business Bay,aykon city tower,3.0,1301.0,2600000.0,DLD_MISSING,R4,120866.85504010916,4.648725193850352,2433.0,median_psf_times_size,AREA_LEVEL,False,NONE,SHADOW_RESEARCH,Business Bay,,120.9,0.0,,,insufficient_data,0.0,True,0.0,,,insufficient_data,0.0,True,0.0,,,insufficient_data,0.0,True,2433.0,125000.0,120866.85504010916,median_psf_times_size,0.4,False
7302,offplan,Jumeirah village circle,casa vista residence,3.0,936.0,1309000.0,DLD_MISSING,OFFPLAN_RENTAL_NOT_EVALUATED,,,0.0,,NONE,False,NONE,OFFPLAN_RENTAL_NOT_EVALUATED,,Offplan properties not evaluated for current rent,,,,,,,,,,,,,,,,,,,,,,,,,
7986,offplan,Jumeirah village circle,nexara by 7th key,2.0,1126.0,2062000.0,DLD_MISSING,OFFPLAN_RENTAL_NOT_EVALUATED,,,0.0,,NONE,False,NONE,OFFPLAN_RENTAL_NOT_EVALUATED,,Offplan properties not evaluated for current rent,,,,,,,,,,,,,,,,,,,,,,,,,
6470,offplan,Al Hamra,soto grande,3.0,1744.0,4084828.0,DLD_MISSING,OFFPLAN_RENTAL_NOT_EVALUATED,,,0.0,,NONE,False,NONE,OFFPLAN_RENTAL_NOT_EVALUATED,,Offplan properties not evaluated for current rent,,,,,,,,,,,,,,,,,,,,,,,,,
2397,offplan,Business Bay,peninsula jumeirah living,4.0,4280.0,1200000.0,DLD_MISSING,OFFPLAN_RENTAL_NOT_EVALUATED,,,0.0,,NONE,False,NONE,OFFPLAN_RENTAL_NOT_EVALUATED,,Offplan properties not evaluated for current rent,,,,,,,,,,,,,,,,,,,,,,,,,
4824,offplan,Jumeirah village circle,levanto by oro24,2.0,1998.0,1600000.0,DLD_MATCH,OFFPLAN_RENTAL_NOT_EVALUATED,,,0.0,,NONE,False,NONE,OFFPLAN_RENTAL_NOT_EVALUATED,,Offplan properties not evaluated for current rent,,,,,,,,,,,,,,,,,,,,,,,,,
6681,offplan,Dubai Silicon Oasis,belle vie,2.0,851.0,1095000.0,DLD_MISSING,OFFPLAN_RENTAL_NOT_EVALUATED,,,0.0,,NONE,False,NONE,OFFPLAN_RENTAL_NOT_EVALUATED,,Offplan properties not evaluated for current rent,,,,,,,,,,,,,,,,,,,,,,,,,
6517,offplan,Downtown Jebel Ali,metropoint,2.0,920.0,1377500.0,DLD_MISSING,OFFPLAN_RENTAL_NOT_EVALUATED,,,0.0,,NONE,False,NONE,OFFPLAN_RENTAL_NOT_EVALUATED,,Offplan properties not evaluated for current rent,,,,,,,,,,,,,,,,,,,,,,,,,
2347,offplan,Al Marjan Island,nikki beach residences,3.0,2194.0,5877200.0,DLD_MISSING,OFFPLAN_RENTAL_NOT_EVALUATED,,,0.0,,NONE,False,NONE,OFFPLAN_RENTAL_NOT_EVALUATED,,Offplan properties not evaluated for current rent,,,,,,,,,,,,,,,,,,,,,,,,,
2443,offplan,Al Reem island,marlin 2,3.0,1211.0,2050000.0,DLD_MISSING,OFFPLAN_RENTAL_NOT_EVALUATED,,,0.0,,NONE,False,NONE,OFFPLAN_RENTAL_NOT_EVALUATED,,Offplan properties not evaluated for current rent,,,,,,,,,,,,,,,,,,,,,,,,,
449,offplan,Jumeirah village circle,lucky oasis residence,3.0,1880.0,2275000.0,DLD_NO_EVIDENCE,OFFPLAN_RENTAL_NOT_EVALUATED,,,0.0,,NONE,False,NONE,OFFPLAN_RENTAL_NOT_EVALUATED,,Offplan properties not evaluated for current rent,,,,,,,,,,,,,,,,,,,,,,,,,
2564,offplan,Al Marjan Island,danah bay,3.0,2388.0,5014280.0,DLD_MISSING,OFFPLAN_RENTAL_NOT_EVALUATED,,,0.0,,NONE,False,NONE,OFFPLAN_RENTAL_NOT_EVALUATED,,Offplan properties not evaluated for current rent,,,,,,,,,,,,,,,,,,,,,,,,,
910,offplan,Al Furjan,manam pearl,4.0,1697.0,2418430.0,DLD_NO_EVIDENCE,OFFPLAN_RENTAL_NOT_EVALUATED,,,0.0,,NONE,False,NONE,OFFPLAN_RENTAL_NOT_EVALUATED,,Offplan properties not evaluated for current rent,,,,,,,,,,,,,,,,,,,,,,,,,
8066,ready,Meydan City,the 100,4.0,4292.0,14580000.0,DLD_MISSING,NO_TIER_MET_MINIMUM,,,,,NONE,False,NONE,SHADOW_RESEARCH,,No tier met minimum comparables requirement,398.7,,,,,,,,,,,,,,,,,,,,,,,,
1348,offplan,Al Furjan,orvessa residences,1.0,721.0,1280000.0,DLD_MISSING,OFFPLAN_RENTAL_NOT_EVALUATED,,,0.0,,NONE,False,NONE,OFFPLAN_RENTAL_NOT_EVALUATED,,Offplan properties not evaluated for current rent,,,,,,,,,,,,,,,,,,,,,,,,,
5721,offplan,Jumeirah village circle,maas azur residence,2.0,1018.0,1758823.0,DLD_MISSING,OFFPLAN_RENTAL_NOT_EVALUATED,,,0.0,,NONE,False,NONE,OFFPLAN_RENTAL_NOT_EVALUATED,,Offplan properties not evaluated for current rent,,,,,,,,,,,,,,,,,,,,,,,,,
1518,offplan,Meydan City,arthouse private residences,2.0,1170.0,1750000.0,DLD_MISSING,OFFPLAN_RENTAL_NOT_EVALUATED,,,0.0,,NONE,False,NONE,OFFPLAN_RENTAL_NOT_EVALUATED,,Offplan properties not evaluated for current rent,,,,,,,,,,,,,,,,,,,,,,,,,
6835,ready,Dubai Marina,liv residence,3.0,1764.0,5500000.0,DLD_NO_EVIDENCE,R4,163026.4789463602,2.9641177990247307,2209.0,median_psf_times_size,AREA_LEVEL,False,NONE,SHADOW_RESEARCH,Marsa Dubai,,163.9,0.0,,,insufficient_data,0.0,True,5.0,,,insufficient_data,0.0,True,0.0,,,insufficient_data,0.0,True,2209.0,155000.0,163026.4789463602,median_psf_times_size,0.4,False
8201,ready,Business Bay,marquise square,3.0,2326.0,4300000.0,DLD_MISSING,R4,196980.65062287953,4.58094536332278,727.0,median_psf_times_size,AREA_LEVEL,False,NONE,SHADOW_RESEARCH,Business Bay,,216.1,0.0,,,insufficient_data,0.0,True,0.0,,,insufficient_data,0.0,True,0.0,,,insufficient_data,0.0,True,727.0,170500.0,196980.65062287953,median_psf_times_size,0.4,False
5625,offplan,Siniya Island,pristine beach residences,2.0,775.0,2153914.0,DLD_MISSING,OFFPLAN_RENTAL_NOT_EVALUATED,,,0.0,,NONE,False,NONE,OFFPLAN_RENTAL_NOT_EVALUATED,,Offplan properties not evaluated for current rent,,,,,,,,,,,,,,,,,,,,,,,,,
4472,unknown,مدينة دبي للإنتاج,روح بواسطة vision,,,591300.0,DLD_MISSING,STATUS_NOT_ELIGIBLE_FOR_CURRENT_RENT,,,0.0,,NONE,False,NONE,STATUS_NOT_ELIGIBLE_FOR_CURRENT_RENT,,Unknown status properties not evaluated for current rent,,,,,,,,,,,,,,,,,,,,,,,,,
1710,unknown,Jumeirah Village Triangle,essenl1fe residence,4.0,1625.0,2425260.0,DLD_MISSING,STATUS_NOT_ELIGIBLE_FOR_CURRENT_RENT,,,0.0,,NONE,False,NONE,STATUS_NOT_ELIGIBLE_FOR_CURRENT_RENT,,Unknown status properties not evaluated for current rent,,,,,,,,,,,,,,,,,,,,,,,,,
2974,offplan,Jumeirah village circle,tetr1s tower,2.0,721.0,1200000.0,DLD_MISSING,OFFPLAN_RENTAL_NOT_EVALUATED,,,0.0,,NONE,False,NONE,OFFPLAN_RENTAL_NOT_EVALUATED,,Offplan properties not evaluated for current rent,,,,,,,,,,,,,,,,,,,,,,,,,
4197,offplan,Palm Jumeirah,passo by beyond,4.0,2881.0,25000000.0,DLD_MATCH,OFFPLAN_RENTAL_NOT_EVALUATED,,,0.0,,NONE,False,NONE,OFFPLAN_RENTAL_NOT_EVALUATED,,Offplan properties not evaluated for current rent,,,,,,,,,,,,,,,,,,,,,,,,,
2700,offplan,Jumeirah village circle,berkeley square,2.0,1500.0,2016000.0,DLD_MISSING,OFFPLAN_RENTAL_NOT_EVALUATED,,,0.0,,NONE,False,NONE,OFFPLAN_RENTAL_NOT_EVALUATED,,Offplan properties not evaluated for current rent,,,,,,,,,,,,,,,,,,,,,,,,,
1609,offplan,Arjan,avelon boulevard,2.0,1564.0,1795000.0,DLD_MATCH,OFFPLAN_RENTAL_NOT_EVALUATED,,,0.0,,NONE,False,NONE,OFFPLAN_RENTAL_NOT_EVALUATED,,Offplan properties not evaluated for current rent,,,,,,,,,,,,,,,,,,,,,,,,,
1451,offplan,Al Reem island,marlin 2,2.0,868.0,1710000.0,DLD_MISSING,OFFPLAN_RENTAL_NOT_EVALUATED,,,0.0,,NONE,False,NONE,OFFPLAN_RENTAL_NOT_EVALUATED,,Offplan properties not evaluated for current rent,,,,,,,,,,,,,,,,,,,,,,,,,
8321,offplan,Dubai Investments Park,verdana empire,2.0,968.0,1096000.0,DLD_MISSING,OFFPLAN_RENTAL_NOT_EVALUATED,,,0.0,,NONE,False,NONE,OFFPLAN_RENTAL_NOT_EVALUATED,,Offplan properties not evaluated for current rent,,,,,,,,,,,,,,,,,,,,,,,,,
3386,offplan,Palm Jumeirah,como residence,3.0,6502.0,33632800.0,DLD_MISSING,OFFPLAN_RENTAL_NOT_EVALUATED,,,0.0,,NONE,False,NONE,OFFPLAN_RENTAL_NOT_EVALUATED,,Offplan properties not evaluated for current rent,,,,,,,,,,,,,,,,,,,,,,,,,
3002,offplan,Mina Al Arab,beach house at bay residences,3.0,2543.0,6230000.0,DLD_MISSING,OFFPLAN_RENTAL_NOT_EVALUATED,,,0.0,,NONE,False,NONE,OFFPLAN_RENTAL_NOT_EVALUATED,,Offplan properties not evaluated for current rent,,,,,,,,,,,,,,,,,,,,,,,,,
2264,offplan,Dubai Harbour,dubai harbour residence,3.0,2638.0,8500000.0,DLD_MISSING,OFFPLAN_RENTAL_NOT_EVALUATED,,,0.0,,NONE,False,NONE,OFFPLAN_RENTAL_NOT_EVALUATED,,Offplan properties not evaluated for current rent,,,,,,,,,,,,,,,,,,,,,,,,,
1834,offplan,Town Square Dubai,grove on the park,3.0,,1800000.0,DLD_MISSING,OFFPLAN_RENTAL_NOT_EVALUATED,,,0.0,,NONE,False,NONE,OFFPLAN_RENTAL_NOT_EVALUATED,,Offplan properties not evaluated for current rent,,,,,,,,,,,,,,,,,,,,,,,,,
4894,offplan,Meydan City,taraf karl lagerfeld villas,7.0,13006.0,26327000.0,DLD_MISSING,OFFPLAN_RENTAL_NOT_EVALUATED,,,0.0,,NONE,False,NONE,OFFPLAN_RENTAL_NOT_EVALUATED,,Offplan properties not evaluated for current rent,,,,,,,,,,,,,,,,,,,,,,,,,
6067,offplan,Jumeirah village circle,aurora by binghatti,2.0,2017.0,2500000.0,DLD_MISSING,OFFPLAN_RENTAL_NOT_EVALUATED,,,0.0,,NONE,False,NONE,OFFPLAN_RENTAL_NOT_EVALUATED,,Offplan properties not evaluated for current rent,,,,,,,,,,,,,,,,,,,,,,,,,
6744,offplan,Sobha One,sobha one,4.0,2231.0,4739130.0,DLD_MATCH,OFFPLAN_RENTAL_NOT_EVALUATED,,,0.0,,NONE,False,NONE,OFFPLAN_RENTAL_NOT_EVALUATED,,Offplan properties not evaluated for current rent,,,,,,,,,,,,,,,,,,,,,,,,,
8331,offplan,Emaar South,golf dale,3.0,1681.0,3006890.0,DLD_MATCH,OFFPLAN_RENTAL_NOT_EVALUATED,,,0.0,,NONE,False,NONE,OFFPLAN_RENTAL_NOT_EVALUATED,,Offplan properties not evaluated for current rent,,,,,,,,,,,,,,,,,,,,,,,,,
4082,offplan,Dubai Islands,zephyra residences at dubai islands,1.0,727.0,1627760.0,DLD_MISSING,OFFPLAN_RENTAL_NOT_EVALUATED,,,0.0,,NONE,False,NONE,OFFPLAN_RENTAL_NOT_EVALUATED,,Offplan properties not evaluated for current rent,,,,,,,,,,,,,,,,,,,,,,,,,
5572,offplan,Al Reem island,the district,3.0,1187.0,1935000.0,DLD_MISSING,OFFPLAN_RENTAL_NOT_EVALUATED,,,0.0,,NONE,False,NONE,OFFPLAN_RENTAL_NOT_EVALUATED,,Offplan properties not evaluated for current rent,,,,,,,,,,,,,,,,,,,,,,,,,
6025,offplan,Dubai Islands,lia by avenew development,3.0,2158.0,7119000.0,DLD_MISSING,OFFPLAN_RENTAL_NOT_EVALUATED,,,0.0,,NONE,False,NONE,OFFPLAN_RENTAL_NOT_EVALUATED,,Offplan properties not evaluated for current rent,,,,,,,,,,,,,,,,,,,,,,,,,
6689,offplan,Jumeirah Lake Towers,me do re 2,1.0,882.0,1800000.0,DLD_MATCH,OFFPLAN_RENTAL_NOT_EVALUATED,,,0.0,,NONE,False,NONE,OFFPLAN_RENTAL_NOT_EVALUATED,,Offplan properties not evaluated for current rent,,,,,,,,,,,,,,,,,,,,,,,,,
8372,offplan,Damac Hills 2,evergreens,2.0,885.0,1151000.0,DLD_MISSING,OFFPLAN_RENTAL_NOT_EVALUATED,,,0.0,,NONE,False,NONE,OFFPLAN_RENTAL_NOT_EVALUATED,,Offplan properties not evaluated for current rent,,,,,,,,,,,,,,,,,,,,,,,,,
6464,offplan,Jumeirah village circle,dusit princess,1.0,577.0,928398.0,DLD_MISSING,OFFPLAN_RENTAL_NOT_EVALUATED,,,0.0,,NONE,False,NONE,OFFPLAN_RENTAL_NOT_EVALUATED,,Offplan properties not evaluated for current rent,,,,,,,,,,,,,,,,,,,,,,,,,
5858,offplan,Business Bay,tiger sky tower,4.0,2651.0,8534630.0,DLD_NO_EVIDENCE,OFFPLAN_RENTAL_NOT_EVALUATED,,,0.0,,NONE,False,NONE,OFFPLAN_RENTAL_NOT_EVALUATED,,Offplan properties not evaluated for current rent,,,,,,,,,,,,,,,,,,,,,,,,,
775,offplan,Sheikh Zayed Road,the chedi private residences,3.0,5689.0,14457406.0,DLD_MISSING,OFFPLAN_RENTAL_NOT_EVALUATED,,,0.0,,NONE,False,NONE,OFFPLAN_RENTAL_NOT_EVALUATED,,Offplan properties not evaluated for current rent,,,,,,,,,,,,,,,,,,,,,,,,,
5098,offplan,Dubai Islands,kaia residences,2.0,800.0,1715638.0,DLD_MISSING,OFFPLAN_RENTAL_NOT_EVALUATED,,,0.0,,NONE,False,NONE,OFFPLAN_RENTAL_NOT_EVALUATED,,Offplan properties not evaluated for current rent,,,,,,,,,,,,,,,,,,,,,,,,,
3282,offplan,Dubai Islands,elle residences,1.0,711.0,2151777.0,DLD_MATCH,OFFPLAN_RENTAL_NOT_EVALUATED,,,0.0,,NONE,False,NONE,OFFPLAN_RENTAL_NOT_EVALUATED,,Offplan properties not evaluated for current rent,,,,,,,,,,,,,,,,,,,,,,,,,
494,offplan,Sheikh Zayed Road,the chedi private residences,4.0,7405.0,24000000.0,DLD_MISSING,OFFPLAN_RENTAL_NOT_EVALUATED,,,0.0,,NONE,False,NONE,OFFPLAN_RENTAL_NOT_EVALUATED,,Offplan properties not evaluated for current rent,,,,,,,,,,,,,,,,,,,,,,,,,
1895,offplan,Dubai Islands,beach walk grand 2,3.0,1899.0,4800000.0,DLD_MISSING,OFFPLAN_RENTAL_NOT_EVALUATED,,,0.0,,NONE,False,NONE,OFFPLAN_RENTAL_NOT_EVALUATED,,Offplan properties not evaluated for current rent,,,,,,,,,,,,,,,,,,,,,,,,,
1250,offplan,Dubai Islands,octa isle interiors by missoni,4.0,1297.0,2966890.0,DLD_MATCH,OFFPLAN_RENTAL_NOT_EVALUATED,,,0.0,,NONE,False,NONE,OFFPLAN_RENTAL_NOT_EVALUATED,,Offplan properties not evaluated for current rent,,,,,,,,,,,,,,,,,,,,,,,,,
2211,offplan,Dubai Islands,zephyra residences at dubai islands,2.0,1651.0,3079100.0,DLD_MISSING,OFFPLAN_RENTAL_NOT_EVALUATED,,,0.0,,NONE,False,NONE,OFFPLAN_RENTAL_NOT_EVALUATED,,Offplan properties not evaluated for current rent,,,,,,,,,,,,,,,,,,,,,,,,,
4403,offplan,Business Bay,binghatti skyrise,3.0,1838.0,3800000.0,DLD_MATCH,OFFPLAN_RENTAL_NOT_EVALUATED,,,0.0,,NONE,False,NONE,OFFPLAN_RENTAL_NOT_EVALUATED,,Offplan properties not evaluated for current rent,,,,,,,,,,,,,,,,,,,,,,,,,
8077,offplan,Arjan,floarea residence,1.0,750.0,872000.0,DLD_MATCH,OFFPLAN_RENTAL_NOT_EVALUATED,,,0.0,,NONE,False,NONE,OFFPLAN_RENTAL_NOT_EVALUATED,,Offplan properties not evaluated for current rent,,,,,,,,,,,,,,,,,,,,,,,,,
1913,ready,Dubai Creek Harbour,creek beach orchid,3.0,1514.0,2500000.0,DLD_MATCH,R2,174263.0828178565,6.970523312714261,136.0,median_psf_times_size,PROJECT_LEVEL,False,NONE,SHADOW_RESEARCH,Al Khairan First,,140.7,0.0,,,insufficient_data,0.0,True,136.0,175000.0,174263.0828178565,median_psf_times_size,0.8,False,0.0,,,insufficient_data,0.0,True,1821.0,176000.0,174589.25913277693,median_psf_times_size,0.4,False
601,ready,Jumeirah village circle,aura residences,2.0,1107.0,1950000.0,DLD_MISSING,R4,83803.60395518396,4.29762071565046,2260.0,median_psf_times_size,AREA_LEVEL,False,NONE,SHADOW_RESEARCH,Al Barsha South Fourth,,102.8,0.0,,,insufficient_data,0.0,True,0.0,,,insufficient_data,0.0,True,0.0,,,insufficient_data,0.0,True,2260.0,78000.0,83803.60395518396,median_psf_times_size,0.4,False
2567,offplan,Dubai Islands,sunset bay 3,3.0,2058.0,4301090.0,DLD_MISSING,OFFPLAN_RENTAL_NOT_EVALUATED,,,0.0,,NONE,False,NONE,OFFPLAN_RENTAL_NOT_EVALUATED,,Offplan properties not evaluated for current rent,,,,,,,,,,,,,,,,,,,,,,,,,
5361,offplan,Raha Island,skai mina,1.0,821.0,1610000.0,DLD_MISSING,OFFPLAN_RENTAL_NOT_EVALUATED,,,0.0,,NONE,False,NONE,OFFPLAN_RENTAL_NOT_EVALUATED,,Offplan properties not evaluated for current rent,,,,,,,,,,,,,,,,,,,,,,,,,
2842,offplan,DIFC,eden house zaabeel,3.0,2800.0,10828238.0,DLD_MISSING,OFFPLAN_RENTAL_NOT_EVALUATED,,,0.0,,NONE,False,NONE,OFFPLAN_RENTAL_NOT_EVALUATED,,Offplan properties not evaluated for current rent,,,,,,,,,,,,,,,,,,,,,,,,,
1111,ready,Arjan,oxford gardens,1.0,824.0,843000.0,DLD_MATCH,R2,104044.03154295112,12.342115248274155,44.0,median_psf_times_size,PROJECT_LEVEL,False,NONE,SHADOW_RESEARCH,Al Barshaa South Third,,76.6,0.0,,,insufficient_data,0.0,True,44.0,96000.0,104044.03154295112,median_psf_times_size,0.8,False,0.0,,,insufficient_data,0.0,True,2674.0,65265.38,65785.25204245416,median_psf_times_size,0.4,False
5817,offplan,Al Jadaf Waterfront,celeste by hre,1.0,671.0,1167600.0,DLD_MISSING,OFFPLAN_RENTAL_NOT_EVALUATED,,,0.0,,NONE,False,NONE,OFFPLAN_RENTAL_NOT_EVALUATED,,Offplan properties not evaluated for current rent,,,,,,,,,,,,,,,,,,,,,,,,,
5286,offplan,Dubai Islands,sunset bay 3,1.0,944.0,1899880.0,DLD_MISSING,OFFPLAN_RENTAL_NOT_EVALUATED,,,0.0,,NONE,False,NONE,OFFPLAN_RENTAL_NOT_EVALUATED,,Offplan properties not evaluated for current rent,,,,,,,,,,,,,,,,,,,,,,,,,
314,offplan,Meydan City,derby heights by amis,2.0,776.0,1500000.0,DLD_MISSING,OFFPLAN_RENTAL_NOT_EVALUATED,,,0.0,,NONE,False,NONE,OFFPLAN_RENTAL_NOT_EVALUATED,,Offplan properties not evaluated for current rent,,,,,,,,,,,,,,,,,,,,,,,,,
6815,offplan,Dubai Islands,sunset bay 5,1.0,965.0,1900000.0,DLD_MISSING,OFFPLAN_RENTAL_NOT_EVALUATED,,,0.0,,NONE,False,NONE,OFFPLAN_RENTAL_NOT_EVALUATED,,Offplan properties not evaluated for current rent,,,,,,,,,,,,,,,,,,,,,,,,,
169,offplan,Jumeirah Village Triangle,tranquil wellness residences,2.0,739.0,1667530.0,DLD_MISSING,OFFPLAN_RENTAL_NOT_EVALUATED,,,0.0,,NONE,False,NONE,OFFPLAN_RENTAL_NOT_EVALUATED,,Offplan properties not evaluated for current rent,,,,,,,,,,,,,,,,,,,,,,,,,
5113,ready,Downtown Dubai,sls dubai hotels and residences,1.0,1163.0,3465820.0,DLD_MISSING,R4,175274.15043771165,5.057220237568934,3852.0,median_psf_times_size,AREA_LEVEL,False,NONE,SHADOW_RESEARCH,Burj Khalifa,,108.0,0.0,,,insufficient_data,0.0,True,0.0,,,insufficient_data,0.0,True,0.0,,,insufficient_data,0.0,True,3852.0,177916.67,175274.15043771165,median_psf_times_size,0.4,False
573,offplan,Dubai Islands,sunset bay 2,1.0,940.0,1904110.0,DLD_MISSING,OFFPLAN_RENTAL_NOT_EVALUATED,,,0.0,,NONE,False,NONE,OFFPLAN_RENTAL_NOT_EVALUATED,,Offplan properties not evaluated for current rent,,,,,,,,,,,,,,,,,,,,,,,,,
1637,ready,Arjan,oxford gardens,2.0,413.0,1400000.0,DLD_MATCH,R2,60582.56134742315,4.327325810530224,72.0,median_psf_times_size,PROJECT_LEVEL,False,NONE,SHADOW_RESEARCH,Al Barshaa South Third,,38.4,0.0,,,insufficient_data,0.0,True,72.0,60000.0,60582.56134742315,median_psf_times_size,0.8,False,0.0,,,insufficient_data,0.0,True,2201.0,47000.0,46275.106734452886,median_psf_times_size,0.4,False
1652,unknown,Dubai Islands,sunset bay 4,1.0,942.0,1908480.0,DLD_MISSING,STATUS_NOT_ELIGIBLE_FOR_CURRENT_RENT,,,0.0,,NONE,False,NONE,STATUS_NOT_ELIGIBLE_FOR_CURRENT_RENT,,Unknown status properties not evaluated for current rent,,,,,,,,,,,,,,,,,,,,,,,,,
580,offplan,Dubai Islands,beach walk grand 2,3.0,3609.0,5000000.0,DLD_MISSING,OFFPLAN_RENTAL_NOT_EVALUATED,,,0.0,,NONE,False,NONE,OFFPLAN_RENTAL_NOT_EVALUATED,,Offplan properties not evaluated for current rent,,,,,,,,,,,,,,,,,,,,,,,,,
2837,offplan,Saadiyat Island,henge residences,3.0,2773.0,4600000.0,DLD_MISSING,OFFPLAN_RENTAL_NOT_EVALUATED,,,0.0,,NONE,False,NONE,OFFPLAN_RENTAL_NOT_EVALUATED,,Offplan properties not evaluated for current rent,,,,,,,,,,,,,,,,,,,,,,,,,
7759,offplan,Dubai Islands,sunset bay 5,3.0,2009.0,4380000.0,DLD_MISSING,OFFPLAN_RENTAL_NOT_EVALUATED,,,0.0,,NONE,False,NONE,OFFPLAN_RENTAL_NOT_EVALUATED,,Offplan properties not evaluated for current rent,,,,,,,,,,,,,,,,,,,,,,,,,
6525,offplan,Dubai Islands,vue dorée,3.0,1204.0,2955260.0,DLD_MISSING,OFFPLAN_RENTAL_NOT_EVALUATED,,,0.0,,NONE,False,NONE,OFFPLAN_RENTAL_NOT_EVALUATED,,Offplan properties not evaluated for current rent,,,,,,,,,,,,,,,,,,,,,,,,,
1533,offplan,Al Marjan Island,address residences,1.0,734.0,10390888.0,DLD_MISSING,OFFPLAN_RENTAL_NOT_EVALUATED,,,0.0,,NONE,False,NONE,OFFPLAN_RENTAL_NOT_EVALUATED,,Offplan properties not evaluated for current rent,,,,,,,,,,,,,,,,,,,,,,,,,
6594,ready,Dubai Creek Harbour,creek beach orchid,1.0,679.0,1700000.0,DLD_MATCH,R2,89886.26370954672,5.28742727703216,401.0,median_psf_times_size,PROJECT_LEVEL,False,NONE,SHADOW_RESEARCH,Al Khairan First,,63.1,0.0,,,insufficient_data,0.0,True,401.0,93600.0,89886.26370954672,median_psf_times_size,0.8,False,0.0,,,insufficient_data,0.0,True,4206.0,90000.0,87382.77333341226,median_psf_times_size,0.4,False
2500,offplan,Dubai Islands,sunset bay 4,3.0,2058.0,4430540.0,DLD_MISSING,OFFPLAN_RENTAL_NOT_EVALUATED,,,0.0,,NONE,False,NONE,OFFPLAN_RENTAL_NOT_EVALUATED,,Offplan properties not evaluated for current rent,,,,,,,,,,,,,,,,,,,,,,,,,
327,offplan,Jumeirah village circle,alfal residence,2.0,947.0,1223040.0,DLD_MISSING,OFFPLAN_RENTAL_NOT_EVALUATED,,,0.0,,NONE,False,NONE,OFFPLAN_RENTAL_NOT_EVALUATED,,Offplan properties not evaluated for current rent,,,,,,,,,,,,,,,,,,,,,,,,,
7161,offplan,Dubai South,manam prime,2.0,1125.0,1298916.0,DLD_MISSING,OFFPLAN_RENTAL_NOT_EVALUATED,,,0.0,,NONE,False,NONE,OFFPLAN_RENTAL_NOT_EVALUATED,,Offplan properties not evaluated for current rent,,,,,,,,,,,,,,,,,,,,,,,,,
2314,offplan,Dubai Islands,aquora,3.0,1669.0,4100000.0,DLD_MISSING,OFFPLAN_RENTAL_NOT_EVALUATED,,,0.0,,NONE,False,NONE,OFFPLAN_RENTAL_NOT_EVALUATED,,Offplan properties not evaluated for current rent,,,,,,,,,,,,,,,,,,,,,,,,,
5338,offplan,Al Reem island,the district,1.0,683.0,1135000.0,DLD_MISSING,OFFPLAN_RENTAL_NOT_EVALUATED,,,0.0,,NONE,False,NONE,OFFPLAN_RENTAL_NOT_EVALUATED,,Offplan properties not evaluated for current rent,,,,,,,,,,,,,,,,,,,,,,,,,
7916,ready,Arjan,divine living,3.0,2037.0,1700000.0,DLD_MATCH,R4,151566.84043780548,8.9156964963415,108.0,median_psf_times_size,AREA_LEVEL,False,NONE,SHADOW_RESEARCH,Al Barshaa South Third,,189.2,0.0,,,insufficient_data,0.0,True,0.0,,,insufficient_data,0.0,True,0.0,,,insufficient_data,0.0,True,108.0,140000.0,151566.84043780548,median_psf_times_size,0.4,False
1115,offplan,Dubai Creek Harbour,palace residences creek blue,1.0,681.0,1630000.0,DLD_MATCH,OFFPLAN_RENTAL_NOT_EVALUATED,,,0.0,,NONE,False,NONE,OFFPLAN_RENTAL_NOT_EVALUATED,,Offplan properties not evaluated for current rent,,,,,,,,,,,,,,,,,,,,,,,,,
6489,offplan,Sheikh Zayed Road,jumeirah residences emirates towers,2.0,1115.0,4780000.0,DLD_MATCH,OFFPLAN_RENTAL_NOT_EVALUATED,,,0.0,,NONE,False,NONE,OFFPLAN_RENTAL_NOT_EVALUATED,,Offplan properties not evaluated for current rent,,,,,,,,,,,,,,,,,,,,,,,,,
347,offplan,Dubai Creek Harbour,palace residences north,3.0,1643.0,3200000.0,DLD_MATCH,OFFPLAN_RENTAL_NOT_EVALUATED,,,0.0,,NONE,False,NONE,OFFPLAN_RENTAL_NOT_EVALUATED,,Offplan properties not evaluated for current rent,,,,,,,,,,,,,,,,,,,,,,,,,
6638,offplan,Dubai Islands,flora isle beachfront residences,3.0,2103.0,6930000.0,DLD_MISSING,OFFPLAN_RENTAL_NOT_EVALUATED,,,0.0,,NONE,False,NONE,OFFPLAN_RENTAL_NOT_EVALUATED,,Offplan properties not evaluated for current rent,,,,,,,,,,,,,,,,,,,,,,,,,
7020,ready,Dubai Water Canal,canal front residences,3.0,1762.0,5200000.0,DLD_MISSING,R4,252275.3326606016,4.8514487050115696,2268.0,median_psf_times_size,AREA_LEVEL,False,NONE,SHADOW_RESEARCH,Burj Khalifa,,163.7,0.0,,,insufficient_data,0.0,True,0.0,,,insufficient_data,0.0,True,0.0,,,insufficient_data,0.0,True,2268.0,240000.0,252275.3326606016,median_psf_times_size,0.4,False
3260,offplan,Jumeirah village circle,the portman,2.0,978.0,981000.0,DLD_MATCH,OFFPLAN_RENTAL_NOT_EVALUATED,,,0.0,,NONE,False,NONE,OFFPLAN_RENTAL_NOT_EVALUATED,,Offplan properties not evaluated for current rent,,,,,,,,,,,,,,,,,,,,,,,,,
8401,offplan,Dubai Islands,sunset bay grand,3.0,2565.0,4710000.0,DLD_MISSING,OFFPLAN_RENTAL_NOT_EVALUATED,,,0.0,,NONE,False,NONE,OFFPLAN_RENTAL_NOT_EVALUATED,,Offplan properties not evaluated for current rent,,,,,,,,,,,,,,,,,,,,,,,,,
6964,offplan,Emaar South,golf verge,2.0,1308.0,1950000.0,DLD_MATCH,OFFPLAN_RENTAL_NOT_EVALUATED,,,0.0,,NONE,False,NONE,OFFPLAN_RENTAL_NOT_EVALUATED,,Offplan properties not evaluated for current rent,,,,,,,,,,,,,,,,,,,,,,,,,
8031,offplan,Dubai South,astra south,0.0,395.0,711648.0,DLD_MISSING,OFFPLAN_RENTAL_NOT_EVALUATED,,,0.0,,NONE,False,NONE,OFFPLAN_RENTAL_NOT_EVALUATED,,Offplan properties not evaluated for current rent,,,,,,,,,,,,,,,,,,,,,,,,,
6121,offplan,Dubai Land Residence Complex,aark terraces,2.0,1114.0,1460890.0,DLD_MISSING,OFFPLAN_RENTAL_NOT_EVALUATED,,,0.0,,NONE,False,NONE,OFFPLAN_RENTAL_NOT_EVALUATED,,Offplan properties not evaluated for current rent,,,,,,,,,,,,,,,,,,,,,,,,,
8052,offplan,Jumeirah village circle,maimoon gardens,3.0,1275.0,2500000.0,DLD_NO_EVIDENCE,OFFPLAN_RENTAL_NOT_EVALUATED,,,0.0,,NONE,False,NONE,OFFPLAN_RENTAL_NOT_EVALUATED,,Offplan properties not evaluated for current rent,,,,,,,,,,,,,,,,,,,,,,,,,
897,ready,Dubai Creek Harbour,creek edge,3.0,1591.0,2800000.0,DLD_MATCH,R4,185952.92674081313,6.6411759550290395,1737.0,median_psf_times_size,AREA_LEVEL,False,NONE,SHADOW_RESEARCH,Al Khairan First,,147.8,0.0,,,insufficient_data,0.0,True,14.0,230000.0,218972.66060689255,median_psf_times_size,0.7000000000000001,False,0.0,,,insufficient_data,0.0,True,1737.0,180000.0,185952.92674081313,median_psf_times_size,0.4,False
7097,offplan,Dubai Creek Harbour,palace residences creek blue,3.0,1572.0,3450000.0,DLD_MATCH,OFFPLAN_RENTAL_NOT_EVALUATED,,,0.0,,NONE,False,NONE,OFFPLAN_RENTAL_NOT_EVALUATED,,Offplan properties not evaluated for current rent,,,,,,,,,,,,,,,,,,,,,,,,,
6598,offplan,Jumeirah Lake Towers,me do re 2,0.0,382.0,834000.0,DLD_MATCH,OFFPLAN_RENTAL_NOT_EVALUATED,,,0.0,,NONE,False,NONE,OFFPLAN_RENTAL_NOT_EVALUATED,,Offplan properties not evaluated for current rent,,,,,,,,,,,,,,,,,,,,,,,,,
764,offplan,Dubai Marina,sobha seahaven,4.0,4044.0,22240800.0,DLD_MISSING,OFFPLAN_RENTAL_NOT_EVALUATED,,,0.0,,NONE,False,NONE,OFFPLAN_RENTAL_NOT_EVALUATED,,Offplan properties not evaluated for current rent,,,,,,,,,,,,,,,,,,,,,,,,,
4166,unknown,Damac Lagoons,damac lagoons views,,,1821000.0,DLD_MISSING,STATUS_NOT_ELIGIBLE_FOR_CURRENT_RENT,,,0.0,,NONE,False,NONE,STATUS_NOT_ELIGIBLE_FOR_CURRENT_RENT,,Unknown status properties not evaluated for current rent,,,,,,,,,,,,,,,,,,,,,,,,,
7150,offplan,Al Furjan,trussardi residences,2.0,1292.0,2300000.0,DLD_MATCH,OFFPLAN_RENTAL_NOT_EVALUATED,,,0.0,,NONE,False,NONE,OFFPLAN_RENTAL_NOT_EVALUATED,,Offplan properties not evaluated for current rent,,,,,,,,,,,,,,,,,,,,,,,,,
2398,ready,Jumeirah village circle,binghatti gardenia,3.0,1109.0,1750000.0,DLD_NO_EVIDENCE,R4,83861.1976186804,4.7920684353531655,2246.0,median_psf_times_size,AREA_LEVEL,False,NONE,SHADOW_RESEARCH,Al Barsha South Fourth,,103.0,0.0,,,insufficient_data,0.0,True,14.0,110000.0,109373.11184723255,median_psf_times_size,0.7000000000000001,False,0.0,,,insufficient_data,0.0,True,2246.0,78875.0,83861.1976186804,median_psf_times_size,0.4,False
3340,offplan,Dubai Islands,iluka residences at dubai islands,1.0,804.0,1849940.0,DLD_MISSING,OFFPLAN_RENTAL_NOT_EVALUATED,,,0.0,,NONE,False,NONE,OFFPLAN_RENTAL_NOT_EVALUATED,,Offplan properties not evaluated for current rent,,,,,,,,,,,,,,,,,,,,,,,,,
4850,offplan,Meydan City,taraf karl lagerfeld villas,5.0,7769.0,17559000.0,DLD_MISSING,OFFPLAN_RENTAL_NOT_EVALUATED,,,0.0,,NONE,False,NONE,OFFPLAN_RENTAL_NOT_EVALUATED,,Offplan properties not evaluated for current rent,,,,,,,,,,,,,,,,,,,,,,,,,
2241,offplan,Dubai Science Park,vincitore aqua flora,2.0,806.0,1554000.0,DLD_MATCH,OFFPLAN_RENTAL_NOT_EVALUATED,,,0.0,,NONE,False,NONE,OFFPLAN_RENTAL_NOT_EVALUATED,,Offplan properties not evaluated for current rent,,,,,,,,,,,,,,,,,,,,,,,,,
2730,ready,Jumeirah village circle,luma21,2.0,1144.0,1200000.0,DLD_MATCH,R4,85675.56268415903,7.1396302236799185,2045.0,median_psf_times_size,AREA_LEVEL,False,NONE,SHADOW_RESEARCH,Al Barsha South Fourth,,106.3,0.0,,,insufficient_data,0.0,True,6.0,,,insufficient_data,0.0,True,0.0,,,insufficient_data,0.0,True,2045.0,80000.0,85675.56268415903,median_psf_times_size,0.4,False
917,offplan,Dubai Land Residence Complex,havencia,0.0,400.0,650000.0,DLD_MISSING,OFFPLAN_RENTAL_NOT_EVALUATED,,,0.0,,NONE,False,NONE,OFFPLAN_RENTAL_NOT_EVALUATED,,Offplan properties not evaluated for current rent,,,,,,,,,,,,,,,,,,,,,,,,,
8234,offplan,World Island,artist hotel,1.0,500.0,1300000.0,DLD_MISSING,OFFPLAN_RENTAL_NOT_EVALUATED,,,0.0,,NONE,False,NONE,OFFPLAN_RENTAL_NOT_EVALUATED,,Offplan properties not evaluated for current rent,,,,,,,,,,,,,,,,,,,,,,,,,
1483,offplan,Jumeirah village circle,samana waves phase ii,1.0,774.0,790000.0,DLD_MISSING,OFFPLAN_RENTAL_NOT_EVALUATED,,,0.0,,NONE,False,NONE,OFFPLAN_RENTAL_NOT_EVALUATED,,Offplan properties not evaluated for current rent,,,,,,,,,,,,,,,,,,,,,,,,,
955,offplan,Dubai Islands,sunset bay 2,3.0,2108.0,4732710.0,DLD_MISSING,OFFPLAN_RENTAL_NOT_EVALUATED,,,0.0,,NONE,False,NONE,OFFPLAN_RENTAL_NOT_EVALUATED,,Offplan properties not evaluated for current rent,,,,,,,,,,,,,,,,,,,,,,,,,
2301,offplan,Dubai Hills Estate,hills park,3.0,1682.0,2800000.0,DLD_MATCH,OFFPLAN_RENTAL_NOT_EVALUATED,,,0.0,,NONE,False,NONE,OFFPLAN_RENTAL_NOT_EVALUATED,,Offplan properties not evaluated for current rent,,,,,,,,,,,,,,,,,,,,,,,,,
4546,offplan,Jumeirah Lake Towers,me do re 2,2.0,992.0,2100000.0,DLD_MATCH,OFFPLAN_RENTAL_NOT_EVALUATED,,,0.0,,NONE,False,NONE,OFFPLAN_RENTAL_NOT_EVALUATED,,Offplan properties not evaluated for current rent,,,,,,,,,,,,,,,,,,,,,,,,,
3168,offplan,Jumeirah village circle,avana residences,2.0,1066.0,1500000.0,DLD_MISSING,OFFPLAN_RENTAL_NOT_EVALUATED,,,0.0,,NONE,False,NONE,OFFPLAN_RENTAL_NOT_EVALUATED,,Offplan properties not evaluated for current rent,,,,,,,,,,,,,,,,,,,,,,,,,
3983,offplan,Jumeirah village circle,sapphire 32,3.0,1515.0,2111140.0,DLD_MISSING,OFFPLAN_RENTAL_NOT_EVALUATED,,,0.0,,NONE,False,NONE,OFFPLAN_RENTAL_NOT_EVALUATED,,Offplan properties not evaluated for current rent,,,,,,,,,,,,,,,,,,,,,,,,,
37,offplan,Arjan,floarea residence,0.0,409.0,553000.0,DLD_MATCH,OFFPLAN_RENTAL_NOT_EVALUATED,,,0.0,,NONE,False,NONE,OFFPLAN_RENTAL_NOT_EVALUATED,,Offplan properties not evaluated for current rent,,,,,,,,,,,,,,,,,,,,,,,,,
7464,ready,Jumeirah village circle,plaza residences 1,2.0,1209.0,1020000.0,DLD_MISSING,R4,90231.57919321454,8.84623325423672,1768.0,median_psf_times_size,AREA_LEVEL,False,NONE,SHADOW_RESEARCH,Al Barsha South Fourth,,112.3,0.0,,,insufficient_data,0.0,True,0.0,,,insufficient_data,0.0,True,0.0,,,insufficient_data,0.0,True,1768.0,85000.0,90231.57919321454,median_psf_times_size,0.4,False
4547,ready,Jumeirah village circle,gardenia residency,1.0,1379.0,1050000.0,DLD_MISSING,R4,101806.69919443286,9.695876113755512,1401.0,median_psf_times_size,AREA_LEVEL,False,NONE,SHADOW_RESEARCH,Al Barsha South Fourth,,128.1,0.0,,,insufficient_data,0.0,True,0.0,,,insufficient_data,0.0,True,0.0,,,insufficient_data,0.0,True,1401.0,95000.0,101806.69919443286,median_psf_times_size,0.4,False
4118,offplan,Dubai Marina,franck muller vanguard,0.0,470.0,1300000.0,DLD_MATCH,OFFPLAN_RENTAL_NOT_EVALUATED,,,0.0,,NONE,False,NONE,OFFPLAN_RENTAL_NOT_EVALUATED,,Offplan properties not evaluated for current rent,,,,,,,,,,,,,,,,,,,,,,,,,
1662,offplan,Dubai Marina,sobha seahaven,2.0,1242.0,4719790.0,DLD_MISSING,OFFPLAN_RENTAL_NOT_EVALUATED,,,0.0,,NONE,False,NONE,OFFPLAN_RENTAL_NOT_EVALUATED,,Offplan properties not evaluated for current rent,,,,,,,,,,,,,,,,,,,,,,,,,
1580,offplan,Dubai Marina,marina shores,3.0,1541.0,3400000.0,DLD_MATCH,OFFPLAN_RENTAL_NOT_EVALUATED,,,0.0,,NONE,False,NONE,OFFPLAN_RENTAL_NOT_EVALUATED,,Offplan properties not evaluated for current rent,,,,,,,,,,,,,,,,,,,,,,,,,
2728,offplan,Aljada,the gate 6,3.0,1616.0,2070000.0,DLD_MISSING,OFFPLAN_RENTAL_NOT_EVALUATED,,,0.0,,NONE,False,NONE,OFFPLAN_RENTAL_NOT_EVALUATED,,Offplan properties not evaluated for current rent,,,,,,,,,,,,,,,,,,,,,,,,,
3751,offplan,Rashid Yachts & Marina,marina place,2.0,1164.0,3100000.0,DLD_MISSING,OFFPLAN_RENTAL_NOT_EVALUATED,,,0.0,,NONE,False,NONE,OFFPLAN_RENTAL_NOT_EVALUATED,,Offplan properties not evaluated for current rent,,,,,,,,,,,,,,,,,,,,,,,,,
3661,offplan,Emaar South,golf point,3.0,1677.0,2050000.0,DLD_MATCH,OFFPLAN_RENTAL_NOT_EVALUATED,,,0.0,,NONE,False,NONE,OFFPLAN_RENTAL_NOT_EVALUATED,,Offplan properties not evaluated for current rent,,,,,,,,,,,,,,,,,,,,,,,,,
3393,offplan,Dubai South,golden wood views vii,3.0,1768.0,2121700.0,DLD_MISSING,OFFPLAN_RENTAL_NOT_EVALUATED,,,0.0,,NONE,False,NONE,OFFPLAN_RENTAL_NOT_EVALUATED,,Offplan properties not evaluated for current rent,,,,,,,,,,,,,,,,,,,,,,,,,
4636,offplan,Jumeirah village circle,alfal residence,1.0,611.0,758400.0,DLD_MISSING,OFFPLAN_RENTAL_NOT_EVALUATED,,,0.0,,NONE,False,NONE,OFFPLAN_RENTAL_NOT_EVALUATED,,Offplan properties not evaluated for current rent,,,,,,,,,,,,,,,,,,,,,,,,,
4969,offplan,Umm Al Daman,greenwood royal,3.0,2407.0,3600000.0,DLD_MISSING,OFFPLAN_RENTAL_NOT_EVALUATED,,,0.0,,NONE,False,NONE,OFFPLAN_RENTAL_NOT_EVALUATED,,Offplan properties not evaluated for current rent,,,,,,,,,,,,,,,,,,,,,,,,,
5349,offplan,Damac Lagoons,damac lagoon views 2,2.0,1020.0,1895000.0,DLD_MISSING,OFFPLAN_RENTAL_NOT_EVALUATED,,,0.0,,NONE,False,NONE,OFFPLAN_RENTAL_NOT_EVALUATED,,Offplan properties not evaluated for current rent,,,,,,,,,,,,,,,,,,,,,,,,,
3080,offplan,Jumeirah village circle,coventry living,3.0,2657.0,3850000.0,DLD_MISSING,OFFPLAN_RENTAL_NOT_EVALUATED,,,0.0,,NONE,False,NONE,OFFPLAN_RENTAL_NOT_EVALUATED,,Offplan properties not evaluated for current rent,,,,,,,,,,,,,,,,,,,,,,,,,
7937,offplan,Dubai South,golden wood views vii,1.0,781.0,936719.0,DLD_MISSING,OFFPLAN_RENTAL_NOT_EVALUATED,,,0.0,,NONE,False,NONE,OFFPLAN_RENTAL_NOT_EVALUATED,,Offplan properties not evaluated for current rent,,,,,,,,,,,,,,,,,,,,,,,,,
4245,offplan,DIFC,eden house zaabeel,2.0,1683.0,6920486.0,DLD_MISSING,OFFPLAN_RENTAL_NOT_EVALUATED,,,0.0,,NONE,False,NONE,OFFPLAN_RENTAL_NOT_EVALUATED,,Offplan properties not evaluated for current rent,,,,,,,,,,,,,,,,,,,,,,,,,
1535,offplan,Dubai Land Residence Complex,terra tower,2.0,937.0,1592360.0,DLD_MATCH,OFFPLAN_RENTAL_NOT_EVALUATED,,,0.0,,NONE,False,NONE,OFFPLAN_RENTAL_NOT_EVALUATED,,Offplan properties not evaluated for current rent,,,,,,,,,,,,,,,,,,,,,,,,,
755,offplan,Jumeirah village circle,avana residences,1.0,635.0,1000000.0,DLD_MISSING,OFFPLAN_RENTAL_NOT_EVALUATED,,,0.0,,NONE,False,NONE,OFFPLAN_RENTAL_NOT_EVALUATED,,Offplan properties not evaluated for current rent,,,,,,,,,,,,,,,,,,,,,,,,,
2240,offplan,Dubai Design District,design quarter,3.0,2019.0,6614000.0,DLD_MATCH,OFFPLAN_RENTAL_NOT_EVALUATED,,,0.0,,NONE,False,NONE,OFFPLAN_RENTAL_NOT_EVALUATED,,Offplan properties not evaluated for current rent,,,,,,,,,,,,,,,,,,,,,,,,,
1999,offplan,Jumeirah village circle,samana manhattan 2,2.0,410.0,1700000.0,DLD_MISSING,OFFPLAN_RENTAL_NOT_EVALUATED,,,0.0,,NONE,False,NONE,OFFPLAN_RENTAL_NOT_EVALUATED,,Offplan properties not evaluated for current rent,,,,,,,,,,,,,,,,,,,,,,,,,
5009,ready,Arjan,divine living,1.0,739.0,796000.0,DLD_MATCH,R4,61215.912722284396,7.690441296769397,2193.0,median_psf_times_size,AREA_LEVEL,False,NONE,SHADOW_RESEARCH,Al Barshaa South Third,,68.7,0.0,,,insufficient_data,0.0,True,18.0,81000.0,73675.77671739558,median_psf_times_size,0.8,False,0.0,,,insufficient_data,0.0,True,2193.0,64576.0,61215.912722284396,median_psf_times_size,0.4,False
5118,offplan,Al Furjan,avenue residence 7,2.0,1229.0,1733700.0,DLD_MISSING,OFFPLAN_RENTAL_NOT_EVALUATED,,,0.0,,NONE,False,NONE,OFFPLAN_RENTAL_NOT_EVALUATED,,Offplan properties not evaluated for current rent,,,,,,,,,,,,,,,,,,,,,,,,,
4639,offplan,Business Bay,royal regency suites,0.0,556.0,1100000.0,DLD_NO_EVIDENCE,OFFPLAN_RENTAL_NOT_EVALUATED,,,0.0,,NONE,False,NONE,OFFPLAN_RENTAL_NOT_EVALUATED,,Offplan properties not evaluated for current rent,,,,,,,,,,,,,,,,,,,,,,,,,
1146,ready,Downtown Dubai,sls dubai hotels and residences,1.0,1084.0,3955410.0,DLD_MISSING,R4,161228.80626096117,4.0761591405432345,3995.0,median_psf_times_size,AREA_LEVEL,False,NONE,SHADOW_RESEARCH,Burj Khalifa,,100.7,0.0,,,insufficient_data,0.0,True,0.0,,,insufficient_data,0.0,True,0.0,,,insufficient_data,0.0,True,3995.0,170000.0,161228.80626096117,median_psf_times_size,0.4,False
7278,ready,Dubai Water Canal,canal front residences,1.0,913.0,2200000.0,DLD_MISSING,R4,128515.87200011608,5.8416305454598225,3070.0,median_psf_times_size,AREA_LEVEL,False,NONE,SHADOW_RESEARCH,Burj Khalifa,,84.8,0.0,,,insufficient_data,0.0,True,0.0,,,insufficient_data,0.0,True,0.0,,,insufficient_data,0.0,True,3070.0,120000.0,128515.87200011608,median_psf_times_size,0.4,False
7111,offplan,Sobha Hartland 2,330 riverside crescent,2.0,900.0,1890630.0,DLD_MATCH,OFFPLAN_RENTAL_NOT_EVALUATED,,,0.0,,NONE,False,NONE,OFFPLAN_RENTAL_NOT_EVALUATED,,Offplan properties not evaluated for current rent,,,,,,,,,,,,,,,,,,,,,,,,,
7106,offplan,Dubai Islands,beach walk 4,2.0,1872.0,2924000.0,DLD_MISSING,OFFPLAN_RENTAL_NOT_EVALUATED,,,0.0,,NONE,False,NONE,OFFPLAN_RENTAL_NOT_EVALUATED,,Offplan properties not evaluated for current rent,,,,,,,,,,,,,,,,,,,,,,,,,
2054,offplan,Dubai Islands,esme beach residences,2.0,1104.0,2750000.0,DLD_MATCH,OFFPLAN_RENTAL_NOT_EVALUATED,,,0.0,,NONE,False,NONE,OFFPLAN_RENTAL_NOT_EVALUATED,,Offplan properties not evaluated for current rent,,,,,,,,,,,,,,,,,,,,,,,,,
365,ready,Jumeirah village circle,beverly residence 2,0.0,460.0,609000.0,DLD_MATCH,R3,44834.466609482566,7.361981380867416,156.0,median_psf_times_size,AREA_BEDROOM_LEVEL,False,NONE,SHADOW_RESEARCH,Al Barsha South Fourth,,42.7,0.0,,,insufficient_data,0.0,True,2.0,,,insufficient_data,0.0,True,156.0,45000.0,44834.466609482566,median_psf_times_size,0.6,False,2381.0,45000.0,47773.90672338379,median_psf_times_size,0.4,False
4558,offplan,Meydan City,vedaire residences,2.0,829.0,1770000.0,DLD_MATCH,OFFPLAN_RENTAL_NOT_EVALUATED,,,0.0,,NONE,False,NONE,OFFPLAN_RENTAL_NOT_EVALUATED,,Offplan properties not evaluated for current rent,,,,,,,,,,,,,,,,,,,,,,,,,
3343,offplan,Solaya By Meraas at La Mer,solaya,5.0,11567.0,88600000.0,DLD_MISSING,OFFPLAN_RENTAL_NOT_EVALUATED,,,0.0,,NONE,False,NONE,OFFPLAN_RENTAL_NOT_EVALUATED,,Offplan properties not evaluated for current rent,,,,,,,,,,,,,,,,,,,,,,,,,
5264,offplan,Al Marjan Island,the residences at sheraton,1.0,991.0,2985498.0,DLD_MISSING,OFFPLAN_RENTAL_NOT_EVALUATED,,,0.0,,NONE,False,NONE,OFFPLAN_RENTAL_NOT_EVALUATED,,Offplan properties not evaluated for current rent,,,,,,,,,,,,,,,,,,,,,,,,,
1084,offplan,Sheikh Zayed Road,trump tower dubai,2.0,1148.0,4000000.0,DLD_MISSING,OFFPLAN_RENTAL_NOT_EVALUATED,,,0.0,,NONE,False,NONE,OFFPLAN_RENTAL_NOT_EVALUATED,,Offplan properties not evaluated for current rent,,,,,,,,,,,,,,,,,,,,,,,,,
7315,offplan,Arjan,arbor view,3.0,1670.0,2500000.0,DLD_MATCH,OFFPLAN_RENTAL_NOT_EVALUATED,,,0.0,,NONE,False,NONE,OFFPLAN_RENTAL_NOT_EVALUATED,,Offplan properties not evaluated for current rent,,,,,,,,,,,,,,,,,,,,,,,,,
4624,unknown,Meydan City,zen lagoons by sanzen,1.0,630.0,1400000.0,DLD_MISSING,STATUS_NOT_ELIGIBLE_FOR_CURRENT_RENT,,,0.0,,NONE,False,NONE,STATUS_NOT_ELIGIBLE_FOR_CURRENT_RENT,,Unknown status properties not evaluated for current rent,,,,,,,,,,,,,,,,,,,,,,,,,
16,offplan,Sobha Hartland 2,310 riverside crescent,2.0,818.0,1927280.0,DLD_MATCH,OFFPLAN_RENTAL_NOT_EVALUATED,,,0.0,,NONE,False,NONE,OFFPLAN_RENTAL_NOT_EVALUATED,,Offplan properties not evaluated for current rent,,,,,,,,,,,,,,,,,,,,,,,,,
557,offplan,Business Bay,peninsula jumeirah living,4.0,4280.0,10000000.0,DLD_MISSING,OFFPLAN_RENTAL_NOT_EVALUATED,,,0.0,,NONE,False,NONE,OFFPLAN_RENTAL_NOT_EVALUATED,,Offplan properties not evaluated for current rent,,,,,,,,,,,,,,,,,,,,,,,,,
5972,offplan,Al Furjan,azizi raffi,1.0,551.0,912000.0,DLD_MISSING,OFFPLAN_RENTAL_NOT_EVALUATED,,,0.0,,NONE,False,NONE,OFFPLAN_RENTAL_NOT_EVALUATED,,Offplan properties not evaluated for current rent,,,,,,,,,,,,,,,,,,,,,,,,,
7548,offplan,Jumeirah village circle,binghatti grove,2.0,1596.0,2300000.0,DLD_NO_EVIDENCE,OFFPLAN_RENTAL_NOT_EVALUATED,,,0.0,,NONE,False,NONE,OFFPLAN_RENTAL_NOT_EVALUATED,,Offplan properties not evaluated for current rent,,,,,,,,,,,,,,,,,,,,,,,,,
1861,offplan,Dubai Islands,aquora,2.0,1265.0,3100000.0,DLD_MISSING,OFFPLAN_RENTAL_NOT_EVALUATED,,,0.0,,NONE,False,NONE,OFFPLAN_RENTAL_NOT_EVALUATED,,Offplan properties not evaluated for current rent,,,,,,,,,,,,,,,,,,,,,,,,,
7988,offplan,Palm Jumeirah,olaia residences,1.0,1102.0,3752070.0,DLD_MATCH,OFFPLAN_RENTAL_NOT_EVALUATED,,,0.0,,NONE,False,NONE,OFFPLAN_RENTAL_NOT_EVALUATED,,Offplan properties not evaluated for current rent,,,,,,,,,,,,,,,,,,,,,,,,,
792,offplan,Dubai Islands,marea residences,2.0,1244.0,3010137.0,DLD_MISSING,OFFPLAN_RENTAL_NOT_EVALUATED,,,0.0,,NONE,False,NONE,OFFPLAN_RENTAL_NOT_EVALUATED,,Offplan properties not evaluated for current rent,,,,,,,,,,,,,,,,,,,,,,,,,
8055,offplan,Business Bay,vento tower,1.0,700.0,2098780.0,DLD_MATCH,OFFPLAN_RENTAL_NOT_EVALUATED,,,0.0,,NONE,False,NONE,OFFPLAN_RENTAL_NOT_EVALUATED,,Offplan properties not evaluated for current rent,,,,,,,,,,,,,,,,,,,,,,,,,
3508,ready,Dubai Motor City,the community motor city,3.0,1446.0,1700000.0,DLD_MATCH,R4,86669.54570330409,5.098208570782593,697.0,median_psf_times_size,AREA_LEVEL,False,NONE,SHADOW_RESEARCH,Al Hebiah Fourth,,134.3,0.0,,,insufficient_data,0.0,True,0.0,,,insufficient_data,0.0,True,0.0,,,insufficient_data,0.0,True,697.0,81900.0,86669.54570330409,median_psf_times_size,0.4,False
6069,offplan,The Valley,kaia,3.0,2259.0,2720000.0,DLD_MATCH,OFFPLAN_RENTAL_NOT_EVALUATED,,,0.0,,NONE,False,NONE,OFFPLAN_RENTAL_NOT_EVALUATED,,Offplan properties not evaluated for current rent,,,,,,,,,,,,,,,,,,,,,,,,,
7342,unknown,Al Marjan Island,mondrian branded residences,,,5190000.0,DLD_MISSING,STATUS_NOT_ELIGIBLE_FOR_CURRENT_RENT,,,0.0,,NONE,False,NONE,STATUS_NOT_ELIGIBLE_FOR_CURRENT_RENT,,Unknown status properties not evaluated for current rent,,,,,,,,,,,,,,,,,,,,,,,,,
8369,ready,Jumeirah village circle,aura residences,1.0,701.0,1100000.0,DLD_MISSING,R4,62543.20386108706,5.685745805553369,3540.0,median_psf_times_size,AREA_LEVEL,False,NONE,SHADOW_RESEARCH,Al Barsha South Fourth,,65.1,0.0,,,insufficient_data,0.0,True,0.0,,,insufficient_data,0.0,True,0.0,,,insufficient_data,0.0,True,3540.0,65000.0,62543.20386108706,median_psf_times_size,0.4,False
7498,offplan,Dubai Islands,arka enclave residences by atmosphere living,3.0,1904.0,4526479.0,DLD_MISSING,OFFPLAN_RENTAL_NOT_EVALUATED,,,0.0,,NONE,False,NONE,OFFPLAN_RENTAL_NOT_EVALUATED,,Offplan properties not evaluated for current rent,,,,,,,,,,,,,,,,,,,,,,,,,
2292,offplan,Jumeirah village circle,vue by crystal bay,1.0,747.0,951926.0,DLD_MATCH,OFFPLAN_RENTAL_NOT_EVALUATED,,,0.0,,NONE,False,NONE,OFFPLAN_RENTAL_NOT_EVALUATED,,Offplan properties not evaluated for current rent,,,,,,,,,,,,,,,,,,,,,,,,,
1498,offplan,Business Bay,binghatti skyrise,2.0,1277.0,2800000.0,DLD_MATCH,OFFPLAN_RENTAL_NOT_EVALUATED,,,0.0,,NONE,False,NONE,OFFPLAN_RENTAL_NOT_EVALUATED,,Offplan properties not evaluated for current rent,,,,,,,,,,,,,,,,,,,,,,,,,
3881,offplan,Dubai Hills Estate,rosehill,2.0,1187.0,2701888.0,DLD_MATCH,OFFPLAN_RENTAL_NOT_EVALUATED,,,0.0,,NONE,False,NONE,OFFPLAN_RENTAL_NOT_EVALUATED,,Offplan properties not evaluated for current rent,,,,,,,,,,,,,,,,,,,,,,,,,
7658,offplan,Madinat Jumeirah Living,nourelle,2.0,1135.0,4350000.0,DLD_MATCH,OFFPLAN_RENTAL_NOT_EVALUATED,,,0.0,,NONE,False,NONE,OFFPLAN_RENTAL_NOT_EVALUATED,,Offplan properties not evaluated for current rent,,,,,,,,,,,,,,,,,,,,,,,,,
664,offplan,Jumeirah Garden City,mayfair gardens,0.0,400.0,875000.0,DLD_MISSING,OFFPLAN_RENTAL_NOT_EVALUATED,,,0.0,,NONE,False,NONE,OFFPLAN_RENTAL_NOT_EVALUATED,,Offplan properties not evaluated for current rent,,,,,,,,,,,,,,,,,,,,,,,,,
5096,offplan,Meydan City,woodland terraces,2.0,945.0,1890061.0,DLD_NO_EVIDENCE,OFFPLAN_RENTAL_NOT_EVALUATED,,,0.0,,NONE,False,NONE,OFFPLAN_RENTAL_NOT_EVALUATED,,Offplan properties not evaluated for current rent,,,,,,,,,,,,,,,,,,,,,,,,,
7244,offplan,Jumeirah village circle,binghatti phantom,2.0,1500.0,2100000.0,DLD_MATCH,OFFPLAN_RENTAL_NOT_EVALUATED,,,0.0,,NONE,False,NONE,OFFPLAN_RENTAL_NOT_EVALUATED,,Offplan properties not evaluated for current rent,,,,,,,,,,,,,,,,,,,,,,,,,
2445,offplan,Palm Jumeirah,serenia living,4.0,4240.0,15750000.0,DLD_MATCH,OFFPLAN_RENTAL_NOT_EVALUATED,,,0.0,,NONE,False,NONE,OFFPLAN_RENTAL_NOT_EVALUATED,,Offplan properties not evaluated for current rent,,,,,,,,,,,,,,,,,,,,,,,,,
4042,offplan,Meydan City,arthouse private residences,1.0,685.0,1080000.0,DLD_MISSING,OFFPLAN_RENTAL_NOT_EVALUATED,,,0.0,,NONE,False,NONE,OFFPLAN_RENTAL_NOT_EVALUATED,,Offplan properties not evaluated for current rent,,,,,,,,,,,,,,,,,,,,,,,,,
5763,offplan,Dubai Hills Estate,ellington house iv,2.0,1337.0,4000000.0,DLD_MATCH,OFFPLAN_RENTAL_NOT_EVALUATED,,,0.0,,NONE,False,NONE,OFFPLAN_RENTAL_NOT_EVALUATED,,Offplan properties not evaluated for current rent,,,,,,,,,,,,,,,,,,,,,,,,,
7516,offplan,Dubai Silicon Oasis,belle vie,2.0,1086.0,1495000.0,DLD_MISSING,OFFPLAN_RENTAL_NOT_EVALUATED,,,0.0,,NONE,False,NONE,OFFPLAN_RENTAL_NOT_EVALUATED,,Offplan properties not evaluated for current rent,,,,,,,,,,,,,,,,,,,,,,,,,
6937,offplan,Jumeirah village circle,mi casa,2.0,1019.0,1950000.0,DLD_MISSING,OFFPLAN_RENTAL_NOT_EVALUATED,,,0.0,,NONE,False,NONE,OFFPLAN_RENTAL_NOT_EVALUATED,,Offplan properties not evaluated for current rent,,,,,,,,,,,,,,,,,,,,,,,,,
2962,offplan,Business Bay,canal heights,2.0,1297.0,3434000.0,DLD_MATCH,OFFPLAN_RENTAL_NOT_EVALUATED,,,0.0,,NONE,False,NONE,OFFPLAN_RENTAL_NOT_EVALUATED,,Offplan properties not evaluated for current rent,,,,,,,,,,,,,,,,,,,,,,,,,
8197,offplan,Jumeirah village circle,squarex one,2.0,1120.0,1500000.0,DLD_MATCH,OFFPLAN_RENTAL_NOT_EVALUATED,,,0.0,,NONE,False,NONE,OFFPLAN_RENTAL_NOT_EVALUATED,,Offplan properties not evaluated for current rent,,,,,,,,,,,,,,,,,,,,,,,,,
5337,offplan,Dubai Industrial City,samana hills south 2,2.0,941.0,1251000.0,DLD_MATCH,OFFPLAN_RENTAL_NOT_EVALUATED,,,0.0,,NONE,False,NONE,OFFPLAN_RENTAL_NOT_EVALUATED,,Offplan properties not evaluated for current rent,,,,,,,,,,,,,,,,,,,,,,,,,
3306,offplan,EMAAR Beachfront,bayview by address resorts,2.0,1379.0,5230000.0,DLD_MISSING,OFFPLAN_RENTAL_NOT_EVALUATED,,,0.0,,NONE,False,NONE,OFFPLAN_RENTAL_NOT_EVALUATED,,Offplan properties not evaluated for current rent,,,,,,,,,,,,,,,,,,,,,,,,,
3371,offplan,Dubai South,bling avenue 1,1.0,645.0,887607.0,DLD_MATCH,OFFPLAN_RENTAL_NOT_EVALUATED,,,0.0,,NONE,False,NONE,OFFPLAN_RENTAL_NOT_EVALUATED,,Offplan properties not evaluated for current rent,,,,,,,,,,,,,,,,,,,,,,,,,
6300,offplan,Jumeirah village circle,casa vista residence,2.0,787.0,1140000.0,DLD_MISSING,OFFPLAN_RENTAL_NOT_EVALUATED,,,0.0,,NONE,False,NONE,OFFPLAN_RENTAL_NOT_EVALUATED,,Offplan properties not evaluated for current rent,,,,,,,,,,,,,,,,,,,,,,,,,
14,offplan,Dubai Land Residence Complex,aark terraces,2.0,1215.0,1672890.0,DLD_MISSING,OFFPLAN_RENTAL_NOT_EVALUATED,,,0.0,,NONE,False,NONE,OFFPLAN_RENTAL_NOT_EVALUATED,,Offplan properties not evaluated for current rent,,,,,,,,,,,,,,,,,,,,,,,,,
373,offplan,Dubai Hills Estate,parkwood emaar,3.0,1577.0,3790000.0,DLD_MISSING,OFFPLAN_RENTAL_NOT_EVALUATED,,,0.0,,NONE,False,NONE,OFFPLAN_RENTAL_NOT_EVALUATED,,Offplan properties not evaluated for current rent,,,,,,,,,,,,,,,,,,,,,,,,,
3065,offplan,Dubai Hills Estate,address residences dubai hills estate,3.0,1527.0,4000000.0,DLD_MISSING,OFFPLAN_RENTAL_NOT_EVALUATED,,,0.0,,NONE,False,NONE,OFFPLAN_RENTAL_NOT_EVALUATED,,Offplan properties not evaluated for current rent,,,,,,,,,,,,,,,,,,,,,,,,,
5617,offplan,Sheikh Zayed Road,jumeirah residences emirates towers,1.0,861.0,3510000.0,DLD_MATCH,OFFPLAN_RENTAL_NOT_EVALUATED,,,0.0,,NONE,False,NONE,OFFPLAN_RENTAL_NOT_EVALUATED,,Offplan properties not evaluated for current rent,,,,,,,,,,,,,,,,,,,,,,,,,
4369,offplan,Palm Jumeirah,armani beach residence,4.0,7191.0,57500000.0,DLD_MISSING,OFFPLAN_RENTAL_NOT_EVALUATED,,,0.0,,NONE,False,NONE,OFFPLAN_RENTAL_NOT_EVALUATED,,Offplan properties not evaluated for current rent,,,,,,,,,,,,,,,,,,,,,,,,,
2177,offplan,Al Furjan,valores residences,2.0,1167.0,1400000.0,DLD_MATCH,OFFPLAN_RENTAL_NOT_EVALUATED,,,0.0,,NONE,False,NONE,OFFPLAN_RENTAL_NOT_EVALUATED,,Offplan properties not evaluated for current rent,,,,,,,,,,,,,,,,,,,,,,,,,
1570,offplan,Dubai Production City,golf terrace residences,2.0,1710.0,1780000.0,DLD_MISSING,OFFPLAN_RENTAL_NOT_EVALUATED,,,0.0,,NONE,False,NONE,OFFPLAN_RENTAL_NOT_EVALUATED,,Offplan properties not evaluated for current rent,,,,,,,,,,,,,,,,,,,,,,,,,
5815,offplan,Business Bay,dg1 living,2.0,1347.0,3880610.0,DLD_MATCH,OFFPLAN_RENTAL_NOT_EVALUATED,,,0.0,,NONE,False,NONE,OFFPLAN_RENTAL_NOT_EVALUATED,,Offplan properties not evaluated for current rent,,,,,,,,,,,,,,,,,,,,,,,,,
3631,offplan,Business Bay,onda by kasco,0.0,416.0,1100000.0,DLD_MATCH,OFFPLAN_RENTAL_NOT_EVALUATED,,,0.0,,NONE,False,NONE,OFFPLAN_RENTAL_NOT_EVALUATED,,Offplan properties not evaluated for current rent,,,,,,,,,,,,,,,,,,,,,,,,,
4990,offplan,Jumeirah Village Triangle,sonate residences,3.0,1879.0,2693730.0,DLD_MISSING,OFFPLAN_RENTAL_NOT_EVALUATED,,,0.0,,NONE,False,NONE,OFFPLAN_RENTAL_NOT_EVALUATED,,Offplan properties not evaluated for current rent,,,,,,,,,,,,,,,,,,,,,,,,,
457,offplan,Dubai Creek Harbour,arlo,3.0,1745.0,4700000.0,DLD_MATCH,OFFPLAN_RENTAL_NOT_EVALUATED,,,0.0,,NONE,False,NONE,OFFPLAN_RENTAL_NOT_EVALUATED,,Offplan properties not evaluated for current rent,,,,,,,,,,,,,,,,,,,,,,,,,
5745,unknown,Arjan,butterfly towers,0.0,439.0,705000.0,DLD_MISSING,STATUS_NOT_ELIGIBLE_FOR_CURRENT_RENT,,,0.0,,NONE,False,NONE,STATUS_NOT_ELIGIBLE_FOR_CURRENT_RENT,,Unknown status properties not evaluated for current rent,,,,,,,,,,,,,,,,,,,,,,,,,
2630,offplan,Dubai Land Residence Complex,arlington park,1.0,826.0,911286.0,DLD_MISSING,OFFPLAN_RENTAL_NOT_EVALUATED,,,0.0,,NONE,False,NONE,OFFPLAN_RENTAL_NOT_EVALUATED,,Offplan properties not evaluated for current rent,,,,,,,,,,,,,,,,,,,,,,,,,
7573,offplan,Dubai South,voi residence,2.0,794.0,1008860.0,DLD_MISSING,OFFPLAN_RENTAL_NOT_EVALUATED,,,0.0,,NONE,False,NONE,OFFPLAN_RENTAL_NOT_EVALUATED,,Offplan properties not evaluated for current rent,,,,,,,,,,,,,,,,,,,,,,,,,
2920,offplan,Dubai Hills Estate,ellington house iv,2.0,1337.0,1700000.0,DLD_MATCH,OFFPLAN_RENTAL_NOT_EVALUATED,,,0.0,,NONE,False,NONE,OFFPLAN_RENTAL_NOT_EVALUATED,,Offplan properties not evaluated for current rent,,,,,,,,,,,,,,,,,,,,,,,,,
1792,offplan,Jumeirah village circle,rise residences,2.0,1380.0,1200000.0,DLD_MATCH,OFFPLAN_RENTAL_NOT_EVALUATED,,,0.0,,NONE,False,NONE,OFFPLAN_RENTAL_NOT_EVALUATED,,Offplan properties not evaluated for current rent,,,,,,,,,,,,,,,,,,,,,,,,,
1636,offplan,DIFC,eden house zaabeel,1.0,1131.0,4737408.0,DLD_MISSING,OFFPLAN_RENTAL_NOT_EVALUATED,,,0.0,,NONE,False,NONE,OFFPLAN_RENTAL_NOT_EVALUATED,,Offplan properties not evaluated for current rent,,,,,,,,,,,,,,,,,,,,,,,,,
807,offplan,Jumeirah village circle,elitz 3,2.0,1103.0,1739000.0,DLD_MISSING,OFFPLAN_RENTAL_NOT_EVALUATED,,,0.0,,NONE,False,NONE,OFFPLAN_RENTAL_NOT_EVALUATED,,Offplan properties not evaluated for current rent,,,,,,,,,,,,,,,,,,,,,,,,,
4241,offplan,Town Square Dubai,lexington,2.0,971.0,1325890.0,DLD_MATCH,OFFPLAN_RENTAL_NOT_EVALUATED,,,0.0,,NONE,False,NONE,OFFPLAN_RENTAL_NOT_EVALUATED,,Offplan properties not evaluated for current rent,,,,,,,,,,,,,,,,,,,,,,,,,
5432,offplan,Dubai South,bling avenue 1,2.0,1144.0,1429770.0,DLD_MATCH,OFFPLAN_RENTAL_NOT_EVALUATED,,,0.0,,NONE,False,NONE,OFFPLAN_RENTAL_NOT_EVALUATED,,Offplan properties not evaluated for current rent,,,,,,,,,,,,,,,,,,,,,,,,,
1817,offplan,Jumeirah Village Triangle,enaya residences,2.0,1035.0,1419000.0,DLD_MATCH,OFFPLAN_RENTAL_NOT_EVALUATED,,,0.0,,NONE,False,NONE,OFFPLAN_RENTAL_NOT_EVALUATED,,Offplan properties not evaluated for current rent,,,,,,,,,,,,,,,,,,,,,,,,,
3742,offplan,Dubai South,beachfront gates,2.0,1215.0,1500000.0,DLD_MISSING,OFFPLAN_RENTAL_NOT_EVALUATED,,,0.0,,NONE,False,NONE,OFFPLAN_RENTAL_NOT_EVALUATED,,Offplan properties not evaluated for current rent,,,,,,,,,,,,,,,,,,,,,,,,,
7656,ready,Jumeirah village circle,concept 7 residences,0.0,392.0,601000.0,DLD_MATCH,R3,41425.92582410213,6.892832915823982,91.0,median_psf_times_size,AREA_BEDROOM_LEVEL,False,NONE,SHADOW_RESEARCH,Al Barsha South Fourth,,36.4,0.0,,,insufficient_data,0.0,True,3.0,,,insufficient_data,0.0,True,91.0,45000.0,41425.92582410213,median_psf_times_size,0.6,False,1799.0,45000.0,42346.501953526626,median_psf_times_size,0.4,False
5791,offplan,Dubai Islands,isla private residences,3.0,1525.0,4100000.0,DLD_MISSING,OFFPLAN_RENTAL_NOT_EVALUATED,,,0.0,,NONE,False,NONE,OFFPLAN_RENTAL_NOT_EVALUATED,,Offplan properties not evaluated for current rent,,,,,,,,,,,,,,,,,,,,,,,,,
2061,ready,Dubai Motor City,the community motor city,2.0,1077.0,1200000.0,DLD_MATCH,R4,69977.39972297617,5.831449976914682,1046.0,median_psf_times_size,AREA_LEVEL,False,NONE,SHADOW_RESEARCH,Al Hebiah Fourth,,100.1,0.0,,,insufficient_data,0.0,True,0.0,,,insufficient_data,0.0,True,0.0,,,insufficient_data,0.0,True,1046.0,68000.0,69977.39972297617,median_psf_times_size,0.4,False
140,ready,Yas Island,yas beach residence,2.0,1958.0,2936770.0,DLD_MISSING,NO_RENTAL_EVIDENCE_IN_AREA,,,,,NONE,False,NONE,NO_RENTAL_EVIDENCE_IN_AREA,,No rental contracts in DLD area: Yas Island,181.9,,,,,,,,,,,,,,,,,,,,,,,,
611,offplan,Dubai Islands,blue marina residence,3.0,1701.0,3850000.0,DLD_MISSING,OFFPLAN_RENTAL_NOT_EVALUATED,,,0.0,,NONE,False,NONE,OFFPLAN_RENTAL_NOT_EVALUATED,,Offplan properties not evaluated for current rent,,,,,,,,,,,,,,,,,,,,,,,,,
906,offplan,Dubai Industrial City,samana hills south,1.0,,800000.0,DLD_MATCH,OFFPLAN_RENTAL_NOT_EVALUATED,,,0.0,,NONE,False,NONE,OFFPLAN_RENTAL_NOT_EVALUATED,,Offplan properties not evaluated for current rent,,,,,,,,,,,,,,,,,,,,,,,,,
3439,offplan,Jumeirah village circle,berkeley square,3.0,1232.0,2197000.0,DLD_MISSING,OFFPLAN_RENTAL_NOT_EVALUATED,,,0.0,,NONE,False,NONE,OFFPLAN_RENTAL_NOT_EVALUATED,,Offplan properties not evaluated for current rent,,,,,,,,,,,,,,,,,,,,,,,,,
5937,offplan,Dubai South,dubai south by dugasta,0.0,354.0,579200.0,DLD_MISSING,OFFPLAN_RENTAL_NOT_EVALUATED,,,0.0,,NONE,False,NONE,OFFPLAN_RENTAL_NOT_EVALUATED,,Offplan properties not evaluated for current rent,,,,,,,,,,,,,,,,,,,,,,,,,
4487,offplan,Al Furjan,talia residences,1.0,675.0,967627.0,DLD_MATCH,OFFPLAN_RENTAL_NOT_EVALUATED,,,0.0,,NONE,False,NONE,OFFPLAN_RENTAL_NOT_EVALUATED,,Offplan properties not evaluated for current rent,,,,,,,,,,,,,,,,,,,,,,,,,
3603,offplan,Jumeirah village circle,hadley heights,0.0,458.0,560000.0,DLD_MATCH,OFFPLAN_RENTAL_NOT_EVALUATED,,,0.0,,NONE,False,NONE,OFFPLAN_RENTAL_NOT_EVALUATED,,Offplan properties not evaluated for current rent,,,,,,,,,,,,,,,,,,,,,,,,,
4419,offplan,Business Bay,bayz 102,0.0,404.0,1392000.0,DLD_MISSING,OFFPLAN_RENTAL_NOT_EVALUATED,,,0.0,,NONE,False,NONE,OFFPLAN_RENTAL_NOT_EVALUATED,,Offplan properties not evaluated for current rent,,,,,,,,,,,,,,,,,,,,,,,,,
5602,offplan,Dubai Creek Harbour,arlo,1.0,705.0,1700000.0,DLD_MATCH,OFFPLAN_RENTAL_NOT_EVALUATED,,,0.0,,NONE,False,NONE,OFFPLAN_RENTAL_NOT_EVALUATED,,Offplan properties not evaluated for current rent,,,,,,,,,,,,,,,,,,,,,,,,,
3612,offplan,Meydan City,coralis residences,1.0,900.0,1950000.0,DLD_MISSING,OFFPLAN_RENTAL_NOT_EVALUATED,,,0.0,,NONE,False,NONE,OFFPLAN_RENTAL_NOT_EVALUATED,,Offplan properties not evaluated for current rent,,,,,,,,,,,,,,,,,,,,,,,,,
4674,ready,Jumeirah Lake Towers,mbl royal,3.0,2308.0,4000000.0,DLD_MATCH,R4,184895.6149489762,4.6223903737244045,364.0,median_psf_times_size,AREA_LEVEL,False,NONE,SHADOW_RESEARCH,Al Thanyah Fifth,,214.4,0.0,,,insufficient_data,0.0,True,11.0,253000.0,263098.6698142927,median_psf_times_size,0.55,False,0.0,,,insufficient_data,0.0,True,364.0,165000.0,184895.6149489762,median_psf_times_size,0.4,False
5773,ready,Dubai Land Residence Complex,4direction residence 1,1.0,832.0,921879.0,DLD_MISSING,R4,52356.90753373713,5.679368716907223,1907.0,median_psf_times_size,AREA_LEVEL,False,NONE,SHADOW_RESEARCH,Wadi Al Safa 5,,77.3,0.0,,,insufficient_data,0.0,True,0.0,,,insufficient_data,0.0,True,0.0,,,insufficient_data,0.0,True,1907.0,51000.0,52356.90753373713,median_psf_times_size,0.4,False
858,offplan,Jumeirah village circle,aria heights,3.0,1923.0,3173890.0,DLD_NO_EVIDENCE,OFFPLAN_RENTAL_NOT_EVALUATED,,,0.0,,NONE,False,NONE,OFFPLAN_RENTAL_NOT_EVALUATED,,Offplan properties not evaluated for current rent,,,,,,,,,,,,,,,,,,,,,,,,,
7809,offplan,Downtown Dubai,mercedesbenz places by binghatti,2.0,1836.0,10300000.0,DLD_MISSING,OFFPLAN_RENTAL_NOT_EVALUATED,,,0.0,,NONE,False,NONE,OFFPLAN_RENTAL_NOT_EVALUATED,,Offplan properties not evaluated for current rent,,,,,,,,,,,,,,,,,,,,,,,,,
5574,ready,Jumeirah village circle,serenity lakes 2,1.0,850.0,870000.0,DLD_MATCH,R4,71788.71272733757,8.251576175556043,4399.0,median_psf_times_size,AREA_LEVEL,False,NONE,SHADOW_RESEARCH,Al Barsha South Fourth,,79.0,0.0,,,insufficient_data,0.0,True,0.0,,,insufficient_data,0.0,True,0.0,,,insufficient_data,0.0,True,4399.0,69905.66500000001,71788.71272733757,median_psf_times_size,0.4,False
7676,offplan,Dubai Islands,sunset bay one,2.0,1165.0,2609220.0,DLD_MISSING,OFFPLAN_RENTAL_NOT_EVALUATED,,,0.0,,NONE,False,NONE,OFFPLAN_RENTAL_NOT_EVALUATED,,Offplan properties not evaluated for current rent,,,,,,,,,,,,,,,,,,,,,,,,,
57,offplan,Jumeirah Village Triangle,fh residency,1.0,558.0,991209.0,DLD_MATCH,OFFPLAN_RENTAL_NOT_EVALUATED,,,0.0,,NONE,False,NONE,OFFPLAN_RENTAL_NOT_EVALUATED,,Offplan properties not evaluated for current rent,,,,,,,,,,,,,,,,,,,,,,,,,
1465,offplan,Dubai Hills Estate,ellington house iv,2.0,1337.0,2800000.0,DLD_MATCH,OFFPLAN_RENTAL_NOT_EVALUATED,,,0.0,,NONE,False,NONE,OFFPLAN_RENTAL_NOT_EVALUATED,,Offplan properties not evaluated for current rent,,,,,,,,,,,,,,,,,,,,,,,,,
3711,offplan,Arjan,adhara star,3.0,1520.0,2100000.0,DLD_MATCH,OFFPLAN_RENTAL_NOT_EVALUATED,,,0.0,,NONE,False,NONE,OFFPLAN_RENTAL_NOT_EVALUATED,,Offplan properties not evaluated for current rent,,,,,,,,,,,,,,,,,,,,,,,,,
5188,offplan,Jumeirah Village Triangle,lilium tower,2.0,1102.0,1492230.0,DLD_NO_EVIDENCE,OFFPLAN_RENTAL_NOT_EVALUATED,,,0.0,,NONE,False,NONE,OFFPLAN_RENTAL_NOT_EVALUATED,,Offplan properties not evaluated for current rent,,,,,,,,,,,,,,,,,,,,,,,,,
1210,offplan,Dubai Land Residence Complex,havencia,2.0,1293.0,1700000.0,DLD_MISSING,OFFPLAN_RENTAL_NOT_EVALUATED,,,0.0,,NONE,False,NONE,OFFPLAN_RENTAL_NOT_EVALUATED,,Offplan properties not evaluated for current rent,,,,,,,,,,,,,,,,,,,,,,,,,
1681,offplan,Dubai South,lilian residences,1.0,698.0,825000.0,DLD_MATCH,OFFPLAN_RENTAL_NOT_EVALUATED,,,0.0,,NONE,False,NONE,OFFPLAN_RENTAL_NOT_EVALUATED,,Offplan properties not evaluated for current rent,,,,,,,,,,,,,,,,,,,,,,,,,
1215,offplan,Palm Jumeirah,olaia residences,2.0,1599.0,5616030.0,DLD_MATCH,OFFPLAN_RENTAL_NOT_EVALUATED,,,0.0,,NONE,False,NONE,OFFPLAN_RENTAL_NOT_EVALUATED,,Offplan properties not evaluated for current rent,,,,,,,,,,,,,,,,,,,,,,,,,
6151,offplan,Dubai Science Park,vincitore aqua flora,2.0,1061.0,1799000.0,DLD_MATCH,OFFPLAN_RENTAL_NOT_EVALUATED,,,0.0,,NONE,False,NONE,OFFPLAN_RENTAL_NOT_EVALUATED,,Offplan properties not evaluated for current rent,,,,,,,,,,,,,,,,,,,,,,,,,
6088,unknown,Arjan,butterfly towers,1.0,857.0,1200000.0,DLD_MISSING,STATUS_NOT_ELIGIBLE_FOR_CURRENT_RENT,,,0.0,,NONE,False,NONE,STATUS_NOT_ELIGIBLE_FOR_CURRENT_RENT,,Unknown status properties not evaluated for current rent,,,,,,,,,,,,,,,,,,,,,,,,,
2848,offplan,Meydan City,al vista,2.0,1182.0,2778676.0,DLD_MATCH,OFFPLAN_RENTAL_NOT_EVALUATED,,,0.0,,NONE,False,NONE,OFFPLAN_RENTAL_NOT_EVALUATED,,Offplan properties not evaluated for current rent,,,,,,,,,,,,,,,,,,,,,,,,,
6625,offplan,Dubai Marina,franck muller vanguard,1.0,1152.0,2000000.0,DLD_MATCH,OFFPLAN_RENTAL_NOT_EVALUATED,,,0.0,,NONE,False,NONE,OFFPLAN_RENTAL_NOT_EVALUATED,,Offplan properties not evaluated for current rent,,,,,,,,,,,,,,,,,,,,,,,,,
3923,offplan,Jumeirah village circle,sapphire 32,0.0,396.0,550000.0,DLD_MISSING,OFFPLAN_RENTAL_NOT_EVALUATED,,,0.0,,NONE,False,NONE,OFFPLAN_RENTAL_NOT_EVALUATED,,Offplan properties not evaluated for current rent,,,,,,,,,,,,,,,,,,,,,,,,,
4469,offplan,Jumeirah village circle,pearl house,1.0,790.0,1020000.0,DLD_MISSING,OFFPLAN_RENTAL_NOT_EVALUATED,,,0.0,,NONE,False,NONE,OFFPLAN_RENTAL_NOT_EVALUATED,,Offplan properties not evaluated for current rent,,,,,,,,,,,,,,,,,,,,,,,,,
4755,offplan,Jumeirah village circle,squarex residence,2.0,1219.0,1570090.0,DLD_MATCH,OFFPLAN_RENTAL_NOT_EVALUATED,,,0.0,,NONE,False,NONE,OFFPLAN_RENTAL_NOT_EVALUATED,,Offplan properties not evaluated for current rent,,,,,,,,,,,,,,,,,,,,,,,,,
258,offplan,Emaar South,golf acres,3.0,2563.0,4000000.0,DLD_MISSING,OFFPLAN_RENTAL_NOT_EVALUATED,,,0.0,,NONE,False,NONE,OFFPLAN_RENTAL_NOT_EVALUATED,,Offplan properties not evaluated for current rent,,,,,,,,,,,,,,,,,,,,,,,,,
4744,ready,Business Bay,ahad residences,3.0,2308.0,4700000.0,DLD_MATCH,R4,196054.66326909416,4.171375814236046,762.0,median_psf_times_size,AREA_LEVEL,False,NONE,SHADOW_RESEARCH,Business Bay,,214.4,0.0,,,insufficient_data,0.0,True,1.0,,,insufficient_data,0.0,True,0.0,,,insufficient_data,0.0,True,762.0,170000.0,196054.66326909416,median_psf_times_size,0.4,False
2162,offplan,Dubai Creek Harbour,creek waters,3.0,1551.0,3000000.0,DLD_MATCH,OFFPLAN_RENTAL_NOT_EVALUATED,,,0.0,,NONE,False,NONE,OFFPLAN_RENTAL_NOT_EVALUATED,,Offplan properties not evaluated for current rent,,,,,,,,,,,,,,,,,,,,,,,,,
6614,offplan,Dubai Investments Park,verdana vi,1.0,698.0,930000.0,DLD_MISSING,OFFPLAN_RENTAL_NOT_EVALUATED,,,0.0,,NONE,False,NONE,OFFPLAN_RENTAL_NOT_EVALUATED,,Offplan properties not evaluated for current rent,,,,,,,,,,,,,,,,,,,,,,,,,
4474,offplan,Al Jadaf Waterfront,celeste by hre,1.0,671.0,1472000.0,DLD_MISSING,OFFPLAN_RENTAL_NOT_EVALUATED,,,0.0,,NONE,False,NONE,OFFPLAN_RENTAL_NOT_EVALUATED,,Offplan properties not evaluated for current rent,,,,,,,,,,,,,,,,,,,,,,,,,
5259,offplan,Dubai Hills Estate,golf hillside,3.0,1603.0,3700000.0,DLD_MATCH,OFFPLAN_RENTAL_NOT_EVALUATED,,,0.0,,NONE,False,NONE,OFFPLAN_RENTAL_NOT_EVALUATED,,Offplan properties not evaluated for current rent,,,,,,,,,,,,,,,,,,,,,,,,,
4466,offplan,Dubai Islands,blue marina residence,1.0,670.0,1650000.0,DLD_MISSING,OFFPLAN_RENTAL_NOT_EVALUATED,,,0.0,,NONE,False,NONE,OFFPLAN_RENTAL_NOT_EVALUATED,,Offplan properties not evaluated for current rent,,,,,,,,,,,,,,,,,,,,,,,,,
2286,offplan,Rashid Yachts & Marina,clearpoint,3.0,1750.0,3000000.0,DLD_MATCH,OFFPLAN_RENTAL_NOT_EVALUATED,,,0.0,,NONE,False,NONE,OFFPLAN_RENTAL_NOT_EVALUATED,,Offplan properties not evaluated for current rent,,,,,,,,,,,,,,,,,,,,,,,,,
2793,offplan,Rashid Yachts & Marina,clearpoint,3.0,1750.0,3000000.0,DLD_MATCH,OFFPLAN_RENTAL_NOT_EVALUATED,,,0.0,,NONE,False,NONE,OFFPLAN_RENTAL_NOT_EVALUATED,,Offplan properties not evaluated for current rent,,,,,,,,,,,,,,,,,,,,,,,,,
1934,offplan,Jumeirah village circle,gharbi 2 residences,0.0,407.0,696000.0,DLD_MISSING,OFFPLAN_RENTAL_NOT_EVALUATED,,,0.0,,NONE,False,NONE,OFFPLAN_RENTAL_NOT_EVALUATED,,Offplan properties not evaluated for current rent,,,,,,,,,,,,,,,,,,,,,,,,,
6931,offplan,Jumeirah village circle,pearl house,0.0,409.0,650000.0,DLD_MISSING,OFFPLAN_RENTAL_NOT_EVALUATED,,,0.0,,NONE,False,NONE,OFFPLAN_RENTAL_NOT_EVALUATED,,Offplan properties not evaluated for current rent,,,,,,,,,,,,,,,,,,,,,,,,,
8045,offplan,Dubai Creek Harbour,valo,3.0,1786.0,4130000.0,DLD_MATCH,OFFPLAN_RENTAL_NOT_EVALUATED,,,0.0,,NONE,False,NONE,OFFPLAN_RENTAL_NOT_EVALUATED,,Offplan properties not evaluated for current rent,,,,,,,,,,,,,,,,,,,,,,,,,
3456,offplan,Dubai Islands,allegro residences,2.0,1318.0,2618810.0,DLD_MATCH,OFFPLAN_RENTAL_NOT_EVALUATED,,,0.0,,NONE,False,NONE,OFFPLAN_RENTAL_NOT_EVALUATED,,Offplan properties not evaluated for current rent,,,,,,,,,,,,,,,,,,,,,,,,,
7420,offplan,Dubai Hills Estate,club place,3.0,1654.0,3700000.0,DLD_MATCH,OFFPLAN_RENTAL_NOT_EVALUATED,,,0.0,,NONE,False,NONE,OFFPLAN_RENTAL_NOT_EVALUATED,,Offplan properties not evaluated for current rent,,,,,,,,,,,,,,,,,,,,,,,,,
6527,offplan,Jumeirah village circle,the orchard place,3.0,2483.0,4045000.0,DLD_MATCH,OFFPLAN_RENTAL_NOT_EVALUATED,,,0.0,,NONE,False,NONE,OFFPLAN_RENTAL_NOT_EVALUATED,,Offplan properties not evaluated for current rent,,,,,,,,,,,,,,,,,,,,,,,,,
2068,offplan,Dubai South,trafford residences,2.0,978.0,1170000.0,DLD_MISSING,OFFPLAN_RENTAL_NOT_EVALUATED,,,0.0,,NONE,False,NONE,OFFPLAN_RENTAL_NOT_EVALUATED,,Offplan properties not evaluated for current rent,,,,,,,,,,,,,,,,,,,,,,,,,
2784,offplan,Jumeirah village circle,golden wood views v,1.0,622.0,1050000.0,DLD_MISSING,OFFPLAN_RENTAL_NOT_EVALUATED,,,0.0,,NONE,False,NONE,OFFPLAN_RENTAL_NOT_EVALUATED,,Offplan properties not evaluated for current rent,,,,,,,,,,,,,,,,,,,,,,,,,
1108,offplan,Jumeirah village circle,one sky park,3.0,2120.0,2400000.0,DLD_MISSING,OFFPLAN_RENTAL_NOT_EVALUATED,,,0.0,,NONE,False,NONE,OFFPLAN_RENTAL_NOT_EVALUATED,,Offplan properties not evaluated for current rent,,,,,,,,,,,,,,,,,,,,,,,,,
2718,offplan,Dubai Creek Harbour,aeon,2.0,1241.0,2600000.0,DLD_MATCH,OFFPLAN_RENTAL_NOT_EVALUATED,,,0.0,,NONE,False,NONE,OFFPLAN_RENTAL_NOT_EVALUATED,,Offplan properties not evaluated for current rent,,,,,,,,,,,,,,,,,,,,,,,,,
6807,offplan,Dubai Islands,coral isle residences,1.0,967.0,2000000.0,DLD_MATCH,OFFPLAN_RENTAL_NOT_EVALUATED,,,0.0,,NONE,False,NONE,OFFPLAN_RENTAL_NOT_EVALUATED,,Offplan properties not evaluated for current rent,,,,,,,,,,,,,,,,,,,,,,,,,
1418,offplan,Dubai Land Residence Complex,forest city 2,0.0,450.0,600000.0,DLD_MISSING,OFFPLAN_RENTAL_NOT_EVALUATED,,,0.0,,NONE,False,NONE,OFFPLAN_RENTAL_NOT_EVALUATED,,Offplan properties not evaluated for current rent,,,,,,,,,,,,,,,,,,,,,,,,,
2522,offplan,Dubai Land Residence Complex,coventry gardens,0.0,419.0,520191.0,DLD_MATCH,OFFPLAN_RENTAL_NOT_EVALUATED,,,0.0,,NONE,False,NONE,OFFPLAN_RENTAL_NOT_EVALUATED,,Offplan properties not evaluated for current rent,,,,,,,,,,,,,,,,,,,,,,,,,
447,offplan,Dubai Islands,beach walk 4,3.0,,6326000.0,DLD_MISSING,OFFPLAN_RENTAL_NOT_EVALUATED,,,0.0,,NONE,False,NONE,OFFPLAN_RENTAL_NOT_EVALUATED,,Offplan properties not evaluated for current rent,,,,,,,,,,,,,,,,,,,,,,,,,
1557,offplan,Dubai South,golden wood views vii,2.0,964.0,1156690.0,DLD_MISSING,OFFPLAN_RENTAL_NOT_EVALUATED,,,0.0,,NONE,False,NONE,OFFPLAN_RENTAL_NOT_EVALUATED,,Offplan properties not evaluated for current rent,,,,,,,,,,,,,,,,,,,,,,,,,
4731,offplan,Jumeirah village circle,avant garde residences by skyline,0.0,395.0,664000.0,DLD_MATCH,OFFPLAN_RENTAL_NOT_EVALUATED,,,0.0,,NONE,False,NONE,OFFPLAN_RENTAL_NOT_EVALUATED,,Offplan properties not evaluated for current rent,,,,,,,,,,,,,,,,,,,,,,,,,
7775,offplan,Dubai Islands,azura residences,2.0,1314.0,2506730.0,DLD_MATCH,OFFPLAN_RENTAL_NOT_EVALUATED,,,0.0,,NONE,False,NONE,OFFPLAN_RENTAL_NOT_EVALUATED,,Offplan properties not evaluated for current rent,,,,,,,,,,,,,,,,,,,,,,,,,
7338,offplan,Dubai Production City,golf grove,0.0,399.0,586000.0,DLD_NO_EVIDENCE,OFFPLAN_RENTAL_NOT_EVALUATED,,,0.0,,NONE,False,NONE,OFFPLAN_RENTAL_NOT_EVALUATED,,Offplan properties not evaluated for current rent,,,,,,,,,,,,,,,,,,,,,,,,,
3021,offplan,Dubai Hills Estate,ellington house iv,3.0,5827.0,4300000.0,DLD_MATCH,OFFPLAN_RENTAL_NOT_EVALUATED,,,0.0,,NONE,False,NONE,OFFPLAN_RENTAL_NOT_EVALUATED,,Offplan properties not evaluated for current rent,,,,,,,,,,,,,,,,,,,,,,,,,
5577,offplan,Dubai Hills Estate,ellington house iv,3.0,5827.0,4300000.0,DLD_MATCH,OFFPLAN_RENTAL_NOT_EVALUATED,,,0.0,,NONE,False,NONE,OFFPLAN_RENTAL_NOT_EVALUATED,,Offplan properties not evaluated for current rent,,,,,,,,,,,,,,,,,,,,,,,,,
5864,offplan,Meydan City,riverton house,3.0,1528.0,3900000.0,DLD_MATCH,OFFPLAN_RENTAL_NOT_EVALUATED,,,0.0,,NONE,False,NONE,OFFPLAN_RENTAL_NOT_EVALUATED,,Offplan properties not evaluated for current rent,,,,,,,,,,,,,,,,,,,,,,,,,
5437,offplan,Dubai South,greenfield living,1.0,668.0,957000.0,DLD_MATCH,OFFPLAN_RENTAL_NOT_EVALUATED,,,0.0,,NONE,False,NONE,OFFPLAN_RENTAL_NOT_EVALUATED,,Offplan properties not evaluated for current rent,,,,,,,,,,,,,,,,,,,,,,,,,
493,offplan,Dubai Hills Estate,vida residences hillside,3.0,1583.0,3970000.0,DLD_MATCH,OFFPLAN_RENTAL_NOT_EVALUATED,,,0.0,,NONE,False,NONE,OFFPLAN_RENTAL_NOT_EVALUATED,,Offplan properties not evaluated for current rent,,,,,,,,,,,,,,,,,,,,,,,,,
6883,offplan,Dubai Islands,sea legend tower one,1.0,805.0,1988350.0,DLD_MISSING,OFFPLAN_RENTAL_NOT_EVALUATED,,,0.0,,NONE,False,NONE,OFFPLAN_RENTAL_NOT_EVALUATED,,Offplan properties not evaluated for current rent,,,,,,,,,,,,,,,,,,,,,,,,,
1705,offplan,Dubai Production City,floarea lakes,2.0,,1499999.0,DLD_MISSING,OFFPLAN_RENTAL_NOT_EVALUATED,,,0.0,,NONE,False,NONE,OFFPLAN_RENTAL_NOT_EVALUATED,,Offplan properties not evaluated for current rent,,,,,,,,,,,,,,,,,,,,,,,,,
3495,ready,Jumeirah village circle,mayas geneva,0.0,527.0,659000.0,DLD_MATCH,R3,46590.714674267634,7.069911179706772,169.0,median_psf_times_size,AREA_BEDROOM_LEVEL,False,NONE,SHADOW_RESEARCH,Al Barsha South Fourth,,49.0,0.0,,,insufficient_data,0.0,True,6.0,,,insufficient_data,0.0,True,169.0,45000.0,46590.714674267634,median_psf_times_size,0.6,False,1898.0,47000.0,51137.65649100466,median_psf_times_size,0.4,False
3069,offplan,Dubai Hills Estate,parkside hills,3.0,1770.0,3700000.0,DLD_MATCH,OFFPLAN_RENTAL_NOT_EVALUATED,,,0.0,,NONE,False,NONE,OFFPLAN_RENTAL_NOT_EVALUATED,,Offplan properties not evaluated for current rent,,,,,,,,,,,,,,,,,,,,,,,,,
4667,offplan,Jumeirah village circle,sereno residences,0.0,382.0,625000.0,DLD_MATCH,OFFPLAN_RENTAL_NOT_EVALUATED,,,0.0,,NONE,False,NONE,OFFPLAN_RENTAL_NOT_EVALUATED,,Offplan properties not evaluated for current rent,,,,,,,,,,,,,,,,,,,,,,,,,
3754,offplan,Dubai Islands,flora isle beachfront residences,2.0,1245.0,3070000.0,DLD_MISSING,OFFPLAN_RENTAL_NOT_EVALUATED,,,0.0,,NONE,False,NONE,OFFPLAN_RENTAL_NOT_EVALUATED,,Offplan properties not evaluated for current rent,,,,,,,,,,,,,,,,,,,,,,,,,
7236,offplan,Business Bay,royal regency suites,2.0,1558.0,2701000.0,DLD_MATCH,OFFPLAN_RENTAL_NOT_EVALUATED,,,0.0,,NONE,False,NONE,OFFPLAN_RENTAL_NOT_EVALUATED,,Offplan properties not evaluated for current rent,,,,,,,,,,,,,,,,,,,,,,,,,
3295,offplan,Dubai Marina,marina cove,4.0,2404.0,6670890.0,DLD_NO_EVIDENCE,OFFPLAN_RENTAL_NOT_EVALUATED,,,0.0,,NONE,False,NONE,OFFPLAN_RENTAL_NOT_EVALUATED,,Offplan properties not evaluated for current rent,,,,,,,,,,,,,,,,,,,,,,,,,
6446,ready,Yas Island,yas beach residence,3.0,2698.0,4181200.0,DLD_MISSING,NO_RENTAL_EVIDENCE_IN_AREA,,,,,NONE,False,NONE,NO_RENTAL_EVIDENCE_IN_AREA,,No rental contracts in DLD area: Yas Island,250.7,,,,,,,,,,,,,,,,,,,,,,,,
5465,offplan,Town Square Dubai,hillcrest,2.0,1134.0,1526890.0,DLD_MATCH,OFFPLAN_RENTAL_NOT_EVALUATED,,,0.0,,NONE,False,NONE,OFFPLAN_RENTAL_NOT_EVALUATED,,Offplan properties not evaluated for current rent,,,,,,,,,,,,,,,,,,,,,,,,,
4168,offplan,Palm Jumeirah,the alba residences,4.0,6400.0,60600000.0,DLD_MISSING,OFFPLAN_RENTAL_NOT_EVALUATED,,,0.0,,NONE,False,NONE,OFFPLAN_RENTAL_NOT_EVALUATED,,Offplan properties not evaluated for current rent,,,,,,,,,,,,,,,,,,,,,,,,,
621,offplan,Dubai Hills Estate,ellington house iv,2.0,1337.0,2900000.0,DLD_MATCH,OFFPLAN_RENTAL_NOT_EVALUATED,,,0.0,,NONE,False,NONE,OFFPLAN_RENTAL_NOT_EVALUATED,,Offplan properties not evaluated for current rent,,,,,,,,,,,,,,,,,,,,,,,,,
3666,ready,EMAAR Beachfront,sunrise bay,1.0,733.0,2450000.0,DLD_MATCH,R2,119062.0899454517,4.859677140630682,32.0,median_psf_times_size,PROJECT_LEVEL,False,NONE,SHADOW_RESEARCH,Marsa Dubai,,68.1,0.0,,,insufficient_data,0.0,True,32.0,127152.405,119062.0899454517,median_psf_times_size,0.8,False,0.0,,,insufficient_data,0.0,True,2623.0,86397.0,85122.41040007689,median_psf_times_size,0.4,False
3089,offplan,Jumeirah village circle,park boulevard,0.0,372.0,700000.0,DLD_MISSING,OFFPLAN_RENTAL_NOT_EVALUATED,,,0.0,,NONE,False,NONE,OFFPLAN_RENTAL_NOT_EVALUATED,,Offplan properties not evaluated for current rent,,,,,,,,,,,,,,,,,,,,,,,,,
5588,offplan,Dubai Land Residence Complex,havencia,1.0,750.0,1100000.0,DLD_MISSING,OFFPLAN_RENTAL_NOT_EVALUATED,,,0.0,,NONE,False,NONE,OFFPLAN_RENTAL_NOT_EVALUATED,,Offplan properties not evaluated for current rent,,,,,,,,,,,,,,,,,,,,,,,,,
7718,offplan,Dubai Land Residence Complex,the boulevard,2.0,1025.0,1298000.0,DLD_MISSING,OFFPLAN_RENTAL_NOT_EVALUATED,,,0.0,,NONE,False,NONE,OFFPLAN_RENTAL_NOT_EVALUATED,,Offplan properties not evaluated for current rent,,,,,,,,,,,,,,,,,,,,,,,,,
6579,offplan,Jumeirah village circle,terrazzo residences,2.0,1340.0,1761000.0,DLD_MATCH,OFFPLAN_RENTAL_NOT_EVALUATED,,,0.0,,NONE,False,NONE,OFFPLAN_RENTAL_NOT_EVALUATED,,Offplan properties not evaluated for current rent,,,,,,,,,,,,,,,,,,,,,,,,,
7682,ready,Jumeirah village circle,stax,2.0,1086.0,1478737.0,DLD_MATCH,R4,83144.80720931018,5.622690661646404,2468.0,median_psf_times_size,AREA_LEVEL,False,NONE,SHADOW_RESEARCH,Al Barsha South Fourth,,100.9,0.0,,,insufficient_data,0.0,True,0.0,,,insufficient_data,0.0,True,0.0,,,insufficient_data,0.0,True,2468.0,76000.0,83144.80720931018,median_psf_times_size,0.4,False
329,offplan,Jumeirah Lake Towers,me do re 2,3.0,2009.0,4500000.0,DLD_NO_EVIDENCE,OFFPLAN_RENTAL_NOT_EVALUATED,,,0.0,,NONE,False,NONE,OFFPLAN_RENTAL_NOT_EVALUATED,,Offplan properties not evaluated for current rent,,,,,,,,,,,,,,,,,,,,,,,,,
61,offplan,Dubai Islands,beach walk grand 2,2.0,1359.0,3300000.0,DLD_MISSING,OFFPLAN_RENTAL_NOT_EVALUATED,,,0.0,,NONE,False,NONE,OFFPLAN_RENTAL_NOT_EVALUATED,,Offplan properties not evaluated for current rent,,,,,,,,,,,,,,,,,,,,,,,,,
8056,offplan,Arjan,adhara star,2.0,1133.0,1600000.0,DLD_MATCH,OFFPLAN_RENTAL_NOT_EVALUATED,,,0.0,,NONE,False,NONE,OFFPLAN_RENTAL_NOT_EVALUATED,,Offplan properties not evaluated for current rent,,,,,,,,,,,,,,,,,,,,,,,,,
8222,ready,Dubai Islands,flow residences,1.0,844.0,1930000.0,DLD_MATCH,NO_TIER_MET_MINIMUM,,,,,NONE,False,NONE,SHADOW_RESEARCH,,No tier met minimum comparables requirement,78.4,,,,,,,,,,,,,,,,,,,,,,,,
6237,offplan,Dubai Land Residence Complex,aark terraces,1.0,755.0,994888.0,DLD_MISSING,OFFPLAN_RENTAL_NOT_EVALUATED,,,0.0,,NONE,False,NONE,OFFPLAN_RENTAL_NOT_EVALUATED,,Offplan properties not evaluated for current rent,,,,,,,,,,,,,,,,,,,,,,,,,
7754,unknown,Dubai Land Residence Complex,arlington park 2,3.0,,1770000.0,DLD_MISSING,STATUS_NOT_ELIGIBLE_FOR_CURRENT_RENT,,,0.0,,NONE,False,NONE,STATUS_NOT_ELIGIBLE_FOR_CURRENT_RENT,,Unknown status properties not evaluated for current rent,,,,,,,,,,,,,,,,,,,,,,,,,
6962,offplan,Dubai Motor City,takaya,0.0,371.0,693777.0,DLD_MATCH,OFFPLAN_RENTAL_NOT_EVALUATED,,,0.0,,NONE,False,NONE,OFFPLAN_RENTAL_NOT_EVALUATED,,Offplan properties not evaluated for current rent,,,,,,,,,,,,,,,,,,,,,,,,,
7323,offplan,Dubai Islands,vestoria bay,2.0,1300.0,2350000.0,DLD_MATCH,OFFPLAN_RENTAL_NOT_EVALUATED,,,0.0,,NONE,False,NONE,OFFPLAN_RENTAL_NOT_EVALUATED,,Offplan properties not evaluated for current rent,,,,,,,,,,,,,,,,,,,,,,,,,
253,ready,Business Bay,the paragon by igo,2.0,1222.0,2200000.0,DLD_MATCH,R4,115608.4672913468,5.2549303314248546,2167.0,median_psf_times_size,AREA_LEVEL,False,NONE,SHADOW_RESEARCH,Business Bay,,113.5,0.0,,,insufficient_data,0.0,True,6.0,,,insufficient_data,0.0,True,0.0,,,insufficient_data,0.0,True,2167.0,120000.0,115608.4672913468,median_psf_times_size,0.4,False
3435,offplan,Al Jadaf Waterfront,binghatti pinnacle,1.0,712.0,1349999.0,DLD_MATCH,OFFPLAN_RENTAL_NOT_EVALUATED,,,0.0,,NONE,False,NONE,OFFPLAN_RENTAL_NOT_EVALUATED,,Offplan properties not evaluated for current rent,,,,,,,,,,,,,,,,,,,,,,,,,
5975,offplan,Meydan City,taraf karl lagerfeld villas,6.0,11345.0,22488000.0,DLD_MISSING,OFFPLAN_RENTAL_NOT_EVALUATED,,,0.0,,NONE,False,NONE,OFFPLAN_RENTAL_NOT_EVALUATED,,Offplan properties not evaluated for current rent,,,,,,,,,,,,,,,,,,,,,,,,,
8291,offplan,Dubai Harbour,damac bay 2,3.0,1695.0,7342000.0,DLD_MATCH,OFFPLAN_RENTAL_NOT_EVALUATED,,,0.0,,NONE,False,NONE,OFFPLAN_RENTAL_NOT_EVALUATED,,Offplan properties not evaluated for current rent,,,,,,,,,,,,,,,,,,,,,,,,,
7015,offplan,Al Furjan,minati homes 1,2.0,1132.0,1535000.0,DLD_MATCH,OFFPLAN_RENTAL_NOT_EVALUATED,,,0.0,,NONE,False,NONE,OFFPLAN_RENTAL_NOT_EVALUATED,,Offplan properties not evaluated for current rent,,,,,,,,,,,,,,,,,,,,,,,,,
436,offplan,Dubai Land Residence Complex,cove edition 6,2.0,,1490000.0,DLD_MISSING,OFFPLAN_RENTAL_NOT_EVALUATED,,,0.0,,NONE,False,NONE,OFFPLAN_RENTAL_NOT_EVALUATED,,Offplan properties not evaluated for current rent,,,,,,,,,,,,,,,,,,,,,,,,,
6526,unknown,Dubai Land Residence Complex,arlington park 2,1.0,,980000.0,DLD_MISSING,STATUS_NOT_ELIGIBLE_FOR_CURRENT_RENT,,,0.0,,NONE,False,NONE,STATUS_NOT_ELIGIBLE_FOR_CURRENT_RENT,,Unknown status properties not evaluated for current rent,,,,,,,,,,,,,,,,,,,,,,,,,
2474,offplan,Dubai Water Canal,casa canal,3.0,4647.0,22500000.0,DLD_MATCH,OFFPLAN_RENTAL_NOT_EVALUATED,,,0.0,,NONE,False,NONE,OFFPLAN_RENTAL_NOT_EVALUATED,,Offplan properties not evaluated for current rent,,,,,,,,,,,,,,,,,,,,,,,,,
2538,offplan,Jumeirah village circle,elitz 3,2.0,1285.0,1865100.0,DLD_MISSING,OFFPLAN_RENTAL_NOT_EVALUATED,,,0.0,,NONE,False,NONE,OFFPLAN_RENTAL_NOT_EVALUATED,,Offplan properties not evaluated for current rent,,,,,,,,,,,,,,,,,,,,,,,,,
122,offplan,Town Square Dubai,hillcrest,3.0,2171.0,2290890.0,DLD_MATCH,OFFPLAN_RENTAL_NOT_EVALUATED,,,0.0,,NONE,False,NONE,OFFPLAN_RENTAL_NOT_EVALUATED,,Offplan properties not evaluated for current rent,,,,,,,,,,,,,,,,,,,,,,,,,
2326,ready,Jumeirah village circle,binghatti royale,2.0,1618.0,2300000.0,DLD_MATCH,R4,112561.19264367939,4.893964897551277,756.0,median_psf_times_size,AREA_LEVEL,False,NONE,SHADOW_RESEARCH,Al Barsha South Fourth,,150.3,0.0,,,insufficient_data,0.0,True,4.0,,,insufficient_data,0.0,True,0.0,,,insufficient_data,0.0,True,756.0,105000.0,112561.19264367939,median_psf_times_size,0.4,False
3845,offplan,Emaar South,fairway villas 2,4.0,3107.0,4200000.0,DLD_MISSING_DISTRIBUTION,OFFPLAN_RENTAL_NOT_EVALUATED,,,0.0,,NONE,False,NONE,OFFPLAN_RENTAL_NOT_EVALUATED,,Offplan properties not evaluated for current rent,,,,,,,,,,,,,,,,,,,,,,,,,
5991,offplan,Dubai Land Residence Complex,dalmore tower,2.0,1246.0,1400000.0,DLD_MATCH,OFFPLAN_RENTAL_NOT_EVALUATED,,,0.0,,NONE,False,NONE,OFFPLAN_RENTAL_NOT_EVALUATED,,Offplan properties not evaluated for current rent,,,,,,,,,,,,,,,,,,,,,,,,,
8379,offplan,Meydan City,taraf karl lagerfeld villas,7.0,18870.0,36816000.0,DLD_MISSING,OFFPLAN_RENTAL_NOT_EVALUATED,,,0.0,,NONE,False,NONE,OFFPLAN_RENTAL_NOT_EVALUATED,,Offplan properties not evaluated for current rent,,,,,,,,,,,,,,,,,,,,,,,,,
4854,offplan,Business Bay,one river point,3.0,2397.0,6393830.0,DLD_MATCH,OFFPLAN_RENTAL_NOT_EVALUATED,,,0.0,,NONE,False,NONE,OFFPLAN_RENTAL_NOT_EVALUATED,,Offplan properties not evaluated for current rent,,,,,,,,,,,,,,,,,,,,,,,,,
696,offplan,Jumeirah village circle,violet tower,1.0,768.0,1001610.0,DLD_MATCH,OFFPLAN_RENTAL_NOT_EVALUATED,,,0.0,,NONE,False,NONE,OFFPLAN_RENTAL_NOT_EVALUATED,,Offplan properties not evaluated for current rent,,,,,,,,,,,,,,,,,,,,,,,,,
5885,offplan,Rashid Yachts & Marina,avonlea,1.0,814.0,1700000.0,DLD_MATCH,OFFPLAN_RENTAL_NOT_EVALUATED,,,0.0,,NONE,False,NONE,OFFPLAN_RENTAL_NOT_EVALUATED,,Offplan properties not evaluated for current rent,,,,,,,,,,,,,,,,,,,,,,,,,
5880,offplan,Al Reem island,renad tower,2.0,1266.0,2514770.0,DLD_MISSING,OFFPLAN_RENTAL_NOT_EVALUATED,,,0.0,,NONE,False,NONE,OFFPLAN_RENTAL_NOT_EVALUATED,,Offplan properties not evaluated for current rent,,,,,,,,,,,,,,,,,,,,,,,,,
2315,offplan,Palm Jumeirah,the alba residences,4.0,6600.0,62000000.0,DLD_MISSING,OFFPLAN_RENTAL_NOT_EVALUATED,,,0.0,,NONE,False,NONE,OFFPLAN_RENTAL_NOT_EVALUATED,,Offplan properties not evaluated for current rent,,,,,,,,,,,,,,,,,,,,,,,,,
7726,offplan,Dubai Harbour,seapoint,4.0,4462.0,26190000.0,DLD_MATCH,OFFPLAN_RENTAL_NOT_EVALUATED,,,0.0,,NONE,False,NONE,OFFPLAN_RENTAL_NOT_EVALUATED,,Offplan properties not evaluated for current rent,,,,,,,,,,,,,,,,,,,,,,,,,
1153,offplan,Dubai Production City,golf grove,1.0,725.0,910000.0,DLD_NO_EVIDENCE,OFFPLAN_RENTAL_NOT_EVALUATED,,,0.0,,NONE,False,NONE,OFFPLAN_RENTAL_NOT_EVALUATED,,Offplan properties not evaluated for current rent,,,,,,,,,,,,,,,,,,,,,,,,,
2922,offplan,Downtown Dubai,society house,3.0,4455.0,16827600.0,DLD_NO_EVIDENCE,OFFPLAN_RENTAL_NOT_EVALUATED,,,0.0,,NONE,False,NONE,OFFPLAN_RENTAL_NOT_EVALUATED,,Offplan properties not evaluated for current rent,,,,,,,,,,,,,,,,,,,,,,,,,
5514,offplan,Downtown Dubai,society house,3.0,4455.0,16827600.0,DLD_NO_EVIDENCE,OFFPLAN_RENTAL_NOT_EVALUATED,,,0.0,,NONE,False,NONE,OFFPLAN_RENTAL_NOT_EVALUATED,,Offplan properties not evaluated for current rent,,,,,,,,,,,,,,,,,,,,,,,,,
3834,ready,Jumeirah Lake Towers,mbl royal,2.0,1460.0,2500000.0,DLD_MATCH,R4,129185.32415354815,5.167412966141926,1039.0,median_psf_times_size,AREA_LEVEL,False,NONE,SHADOW_RESEARCH,Al Thanyah Fifth,,135.6,0.0,,,insufficient_data,0.0,True,16.0,190000.0,196255.62819943848,median_psf_times_size,0.8,False,0.0,,,insufficient_data,0.0,True,1039.0,125000.0,129185.32415354815,median_psf_times_size,0.4,False
2914,offplan,Jumeirah Village Triangle,enaya residences,1.0,694.0,1032000.0,DLD_MATCH,OFFPLAN_RENTAL_NOT_EVALUATED,,,0.0,,NONE,False,NONE,OFFPLAN_RENTAL_NOT_EVALUATED,,Offplan properties not evaluated for current rent,,,,,,,,,,,,,,,,,,,,,,,,,
4018,offplan,Palm Jumeirah,passo by beyond,5.0,7789.0,55000000.0,DLD_MATCH,OFFPLAN_RENTAL_NOT_EVALUATED,,,0.0,,NONE,False,NONE,OFFPLAN_RENTAL_NOT_EVALUATED,,Offplan properties not evaluated for current rent,,,,,,,,,,,,,,,,,,,,,,,,,
6064,offplan,Al Satwa,chelsea gardens,2.0,1193.0,2530890.0,DLD_NO_EVIDENCE,OFFPLAN_RENTAL_NOT_EVALUATED,,,0.0,,NONE,False,NONE,OFFPLAN_RENTAL_NOT_EVALUATED,,Offplan properties not evaluated for current rent,,,,,,,,,,,,,,,,,,,,,,,,,
7166,offplan,Downtown Dubai,elegance tower,1.0,743.0,2050000.0,DLD_MATCH,OFFPLAN_RENTAL_NOT_EVALUATED,,,0.0,,NONE,False,NONE,OFFPLAN_RENTAL_NOT_EVALUATED,,Offplan properties not evaluated for current rent,,,,,,,,,,,,,,,,,,,,,,,,,
4928,offplan,City Walk,muraba veil,2.0,3838.0,12035300.0,DLD_MATCH,OFFPLAN_RENTAL_NOT_EVALUATED,,,0.0,,NONE,False,NONE,OFFPLAN_RENTAL_NOT_EVALUATED,,Offplan properties not evaluated for current rent,,,,,,,,,,,,,,,,,,,,,,,,,
1185,offplan,Dubai Islands,flow residences,2.0,1343.0,2900000.0,DLD_MATCH,OFFPLAN_RENTAL_NOT_EVALUATED,,,0.0,,NONE,False,NONE,OFFPLAN_RENTAL_NOT_EVALUATED,,Offplan properties not evaluated for current rent,,,,,,,,,,,,,,,,,,,,,,,,,
7475,offplan,Town Square Dubai,odessa,1.0,645.0,946888.0,DLD_MATCH,OFFPLAN_RENTAL_NOT_EVALUATED,,,0.0,,NONE,False,NONE,OFFPLAN_RENTAL_NOT_EVALUATED,,Offplan properties not evaluated for current rent,,,,,,,,,,,,,,,,,,,,,,,,,
7898,offplan,Jumeirah village circle,roma residences,0.0,515.0,690000.0,DLD_MISSING,OFFPLAN_RENTAL_NOT_EVALUATED,,,0.0,,NONE,False,NONE,OFFPLAN_RENTAL_NOT_EVALUATED,,Offplan properties not evaluated for current rent,,,,,,,,,,,,,,,,,,,,,,,,,
3409,offplan,Sobha Hartland 2,320 riverside crescent,3.0,1652.0,3553280.0,DLD_MATCH,OFFPLAN_RENTAL_NOT_EVALUATED,,,0.0,,NONE,False,NONE,OFFPLAN_RENTAL_NOT_EVALUATED,,Offplan properties not evaluated for current rent,,,,,,,,,,,,,,,,,,,,,,,,,
1332,offplan,Dubai Marina,pelagos by igo,2.0,1491.0,3200000.0,DLD_MATCH,OFFPLAN_RENTAL_NOT_EVALUATED,,,0.0,,NONE,False,NONE,OFFPLAN_RENTAL_NOT_EVALUATED,,Offplan properties not evaluated for current rent,,,,,,,,,,,,,,,,,,,,,,,,,
285,offplan,Dubai Islands,hatimi residences at dubai islands by fakhruddin,3.0,1915.0,6300000.0,DLD_MISSING,OFFPLAN_RENTAL_NOT_EVALUATED,,,0.0,,NONE,False,NONE,OFFPLAN_RENTAL_NOT_EVALUATED,,Offplan properties not evaluated for current rent,,,,,,,,,,,,,,,,,,,,,,,,,
4285,offplan,Town Square Dubai,augusta,2.0,868.0,1380890.0,DLD_MATCH,OFFPLAN_RENTAL_NOT_EVALUATED,,,0.0,,NONE,False,NONE,OFFPLAN_RENTAL_NOT_EVALUATED,,Offplan properties not evaluated for current rent,,,,,,,,,,,,,,,,,,,,,,,,,
5120,offplan,Sheikh Zayed Road,jumeirah residences emirates towers,2.0,1373.0,6150000.0,DLD_MATCH,OFFPLAN_RENTAL_NOT_EVALUATED,,,0.0,,NONE,False,NONE,OFFPLAN_RENTAL_NOT_EVALUATED,,Offplan properties not evaluated for current rent,,,,,,,,,,,,,,,,,,,,,,,,,
5220,offplan,Jumeirah village circle,lume residences,0.0,335.0,648777.0,DLD_MATCH,OFFPLAN_RENTAL_NOT_EVALUATED,,,0.0,,NONE,False,NONE,OFFPLAN_RENTAL_NOT_EVALUATED,,Offplan properties not evaluated for current rent,,,,,,,,,,,,,,,,,,,,,,,,,
7957,offplan,Al Jadaf Waterfront,binghatti starlight at al jaddaf,1.0,731.0,1256000.0,DLD_MISSING,OFFPLAN_RENTAL_NOT_EVALUATED,,,0.0,,NONE,False,NONE,OFFPLAN_RENTAL_NOT_EVALUATED,,Offplan properties not evaluated for current rent,,,,,,,,,,,,,,,,,,,,,,,,,
6024,offplan,Dubai Land Residence Complex,arlington park,2.0,1101.0,1249290.0,DLD_MISSING,OFFPLAN_RENTAL_NOT_EVALUATED,,,0.0,,NONE,False,NONE,OFFPLAN_RENTAL_NOT_EVALUATED,,Offplan properties not evaluated for current rent,,,,,,,,,,,,,,,,,,,,,,,,,
4514,offplan,Dubai Islands,vestoria bay,3.0,1550.0,3000000.0,DLD_MATCH,OFFPLAN_RENTAL_NOT_EVALUATED,,,0.0,,NONE,False,NONE,OFFPLAN_RENTAL_NOT_EVALUATED,,Offplan properties not evaluated for current rent,,,,,,,,,,,,,,,,,,,,,,,,,
3869,offplan,Al Furjan,manam pearl,2.0,1229.0,1692681.0,DLD_MATCH,OFFPLAN_RENTAL_NOT_EVALUATED,,,0.0,,NONE,False,NONE,OFFPLAN_RENTAL_NOT_EVALUATED,,Offplan properties not evaluated for current rent,,,,,,,,,,,,,,,,,,,,,,,,,
7965,offplan,Dubai Islands,edgewater residences,3.0,1597.0,3303670.0,DLD_MATCH,OFFPLAN_RENTAL_NOT_EVALUATED,,,0.0,,NONE,False,NONE,OFFPLAN_RENTAL_NOT_EVALUATED,,Offplan properties not evaluated for current rent,,,,,,,,,,,,,,,,,,,,,,,,,
4671,offplan,Dubai Motor City,sierra by iman,0.0,417.0,785000.0,DLD_MATCH,OFFPLAN_RENTAL_NOT_EVALUATED,,,0.0,,NONE,False,NONE,OFFPLAN_RENTAL_NOT_EVALUATED,,Offplan properties not evaluated for current rent,,,,,,,,,,,,,,,,,,,,,,,,,
5911,offplan,Al Marjan Island,arthouse residences by cledor,2.0,,2094000.0,DLD_MISSING,OFFPLAN_RENTAL_NOT_EVALUATED,,,0.0,,NONE,False,NONE,OFFPLAN_RENTAL_NOT_EVALUATED,,Offplan properties not evaluated for current rent,,,,,,,,,,,,,,,,,,,,,,,,,
7454,offplan,Dubai South,beachfront gates,1.0,832.0,1000000.0,DLD_MISSING,OFFPLAN_RENTAL_NOT_EVALUATED,,,0.0,,NONE,False,NONE,OFFPLAN_RENTAL_NOT_EVALUATED,,Offplan properties not evaluated for current rent,,,,,,,,,,,,,,,,,,,,,,,,,
4598,offplan,Town Square Dubai,haya on the park,2.0,1041.0,1450890.0,DLD_MATCH,OFFPLAN_RENTAL_NOT_EVALUATED,,,0.0,,NONE,False,NONE,OFFPLAN_RENTAL_NOT_EVALUATED,,Offplan properties not evaluated for current rent,,,,,,,,,,,,,,,,,,,,,,,,,
2557,offplan,Dubai South,lilian residences,2.0,923.0,1200000.0,DLD_MATCH,OFFPLAN_RENTAL_NOT_EVALUATED,,,0.0,,NONE,False,NONE,OFFPLAN_RENTAL_NOT_EVALUATED,,Offplan properties not evaluated for current rent,,,,,,,,,,,,,,,,,,,,,,,,,
1577,offplan,Jumeirah Village Triangle,interstellar tower,1.0,534.0,1117000.0,DLD_MATCH,OFFPLAN_RENTAL_NOT_EVALUATED,,,0.0,,NONE,False,NONE,OFFPLAN_RENTAL_NOT_EVALUATED,,Offplan properties not evaluated for current rent,,,,,,,,,,,,,,,,,,,,,,,,,
8138,offplan,Arjan,floarea grande,0.0,422.0,670000.0,DLD_NO_EVIDENCE,OFFPLAN_RENTAL_NOT_EVALUATED,,,0.0,,NONE,False,NONE,OFFPLAN_RENTAL_NOT_EVALUATED,,Offplan properties not evaluated for current rent,,,,,,,,,,,,,,,,,,,,,,,,,
7351,offplan,Meydan City,mira villas dubai,5.0,5996.0,21945000.0,DLD_MISSING,OFFPLAN_RENTAL_NOT_EVALUATED,,,0.0,,NONE,False,NONE,OFFPLAN_RENTAL_NOT_EVALUATED,,Offplan properties not evaluated for current rent,,,,,,,,,,,,,,,,,,,,,,,,,
5945,ready,Business Bay,the paragon by igo,0.0,416.0,865000.0,DLD_MATCH,R3,57772.44005025821,6.678894803498059,35.0,median_psf_times_size,AREA_BEDROOM_LEVEL,False,NONE,SHADOW_RESEARCH,Business Bay,,38.6,0.0,,,insufficient_data,0.0,True,9.0,75000.0,72464.37120006545,median_psf_times_size,0.45,False,35.0,58000.0,57772.44005025821,median_psf_times_size,0.6,False,1987.0,62400.0,58914.12292688249,median_psf_times_size,0.4,False
5374,offplan,Dubai Islands,next coral,2.0,1490.0,3458261.0,DLD_MISSING,OFFPLAN_RENTAL_NOT_EVALUATED,,,0.0,,NONE,False,NONE,OFFPLAN_RENTAL_NOT_EVALUATED,,Offplan properties not evaluated for current rent,,,,,,,,,,,,,,,,,,,,,,,,,
7960,offplan,Dubai Industrial City,coventry centro,1.0,675.0,884520.0,DLD_MISSING,OFFPLAN_RENTAL_NOT_EVALUATED,,,0.0,,NONE,False,NONE,OFFPLAN_RENTAL_NOT_EVALUATED,,Offplan properties not evaluated for current rent,,,,,,,,,,,,,,,,,,,,,,,,,
6335,offplan,Dubai Science Park,sky hills astra,0.0,380.0,852000.0,DLD_MISSING,OFFPLAN_RENTAL_NOT_EVALUATED,,,0.0,,NONE,False,NONE,OFFPLAN_RENTAL_NOT_EVALUATED,,Offplan properties not evaluated for current rent,,,,,,,,,,,,,,,,,,,,,,,,,
4893,offplan,Al Furjan,evora residences,3.0,1750.0,2399780.0,DLD_MATCH,OFFPLAN_RENTAL_NOT_EVALUATED,,,0.0,,NONE,False,NONE,OFFPLAN_RENTAL_NOT_EVALUATED,,Offplan properties not evaluated for current rent,,,,,,,,,,,,,,,,,,,,,,,,,
1029,offplan,Jumeirah Village Triangle,interstellar tower,3.0,1644.0,2557000.0,DLD_MATCH,OFFPLAN_RENTAL_NOT_EVALUATED,,,0.0,,NONE,False,NONE,OFFPLAN_RENTAL_NOT_EVALUATED,,Offplan properties not evaluated for current rent,,,,,,,,,,,,,,,,,,,,,,,,,
6236,offplan,Town Square Dubai,augusta,1.0,561.0,980888.0,DLD_MATCH,OFFPLAN_RENTAL_NOT_EVALUATED,,,0.0,,NONE,False,NONE,OFFPLAN_RENTAL_NOT_EVALUATED,,Offplan properties not evaluated for current rent,,,,,,,,,,,,,,,,,,,,,,,,,
1399,unknown,Al Marjan Island,mondrian branded residences,,,3690000.0,DLD_MISSING,STATUS_NOT_ELIGIBLE_FOR_CURRENT_RENT,,,0.0,,NONE,False,NONE,STATUS_NOT_ELIGIBLE_FOR_CURRENT_RENT,,Unknown status properties not evaluated for current rent,,,,,,,,,,,,,,,,,,,,,,,,,
2391,offplan,Jumeirah village circle,parkwood residences,3.0,1496.0,1823440.0,DLD_MATCH,OFFPLAN_RENTAL_NOT_EVALUATED,,,0.0,,NONE,False,NONE,OFFPLAN_RENTAL_NOT_EVALUATED,,Offplan properties not evaluated for current rent,,,,,,,,,,,,,,,,,,,,,,,,,
7941,offplan,Arjan,bond enclave,2.0,1128.0,1783780.0,DLD_MATCH,OFFPLAN_RENTAL_NOT_EVALUATED,,,0.0,,NONE,False,NONE,OFFPLAN_RENTAL_NOT_EVALUATED,,Offplan properties not evaluated for current rent,,,,,,,,,,,,,,,,,,,,,,,,,
2207,offplan,Business Bay,tiger sky tower,1.0,873.0,2587470.0,DLD_MATCH,OFFPLAN_RENTAL_NOT_EVALUATED,,,0.0,,NONE,False,NONE,OFFPLAN_RENTAL_NOT_EVALUATED,,Offplan properties not evaluated for current rent,,,,,,,,,,,,,,,,,,,,,,,,,
2947,offplan,Emaar South,golf point,2.0,986.0,1200000.0,DLD_MATCH,OFFPLAN_RENTAL_NOT_EVALUATED,,,0.0,,NONE,False,NONE,OFFPLAN_RENTAL_NOT_EVALUATED,,Offplan properties not evaluated for current rent,,,,,,,,,,,,,,,,,,,,,,,,,
4759,offplan,Town Square Dubai,savannah,2.0,976.0,1370890.0,DLD_MATCH,OFFPLAN_RENTAL_NOT_EVALUATED,,,0.0,,NONE,False,NONE,OFFPLAN_RENTAL_NOT_EVALUATED,,Offplan properties not evaluated for current rent,,,,,,,,,,,,,,,,,,,,,,,,,
5015,offplan,Jumeirah village circle,midora residences,2.0,1609.0,1849000.0,DLD_MATCH,OFFPLAN_RENTAL_NOT_EVALUATED,,,0.0,,NONE,False,NONE,OFFPLAN_RENTAL_NOT_EVALUATED,,Offplan properties not evaluated for current rent,,,,,,,,,,,,,,,,,,,,,,,,,
4979,offplan,Majan,barari palace,2.0,1172.0,1761554.0,DLD_MATCH,OFFPLAN_RENTAL_NOT_EVALUATED,,,0.0,,NONE,False,NONE,OFFPLAN_RENTAL_NOT_EVALUATED,,Offplan properties not evaluated for current rent,,,,,,,,,,,,,,,,,,,,,,,,,
2140,offplan,Meydan City,the willows residences,2.0,910.0,1637190.0,DLD_MATCH,OFFPLAN_RENTAL_NOT_EVALUATED,,,0.0,,NONE,False,NONE,OFFPLAN_RENTAL_NOT_EVALUATED,,Offplan properties not evaluated for current rent,,,,,,,,,,,,,,,,,,,,,,,,,
3023,offplan,Jumeirah village circle,squarex residence,0.0,426.0,685000.0,DLD_MATCH,OFFPLAN_RENTAL_NOT_EVALUATED,,,0.0,,NONE,False,NONE,OFFPLAN_RENTAL_NOT_EVALUATED,,Offplan properties not evaluated for current rent,,,,,,,,,,,,,,,,,,,,,,,,,
1926,offplan,Dubai South,south living,3.0,1669.0,1938500.0,DLD_MATCH,OFFPLAN_RENTAL_NOT_EVALUATED,,,0.0,,NONE,False,NONE,OFFPLAN_RENTAL_NOT_EVALUATED,,Offplan properties not evaluated for current rent,,,,,,,,,,,,,,,,,,,,,,,,,
988,offplan,Dubai Marina,marina cove,1.0,970.0,2030000.0,DLD_MATCH,OFFPLAN_RENTAL_NOT_EVALUATED,,,0.0,,NONE,False,NONE,OFFPLAN_RENTAL_NOT_EVALUATED,,Offplan properties not evaluated for current rent,,,,,,,,,,,,,,,,,,,,,,,,,
1014,offplan,Waada by Bahria Town at Dubai South,waada phase 1,3.0,1539.0,1655000.0,DLD_MISSING,OFFPLAN_RENTAL_NOT_EVALUATED,,,0.0,,NONE,False,NONE,OFFPLAN_RENTAL_NOT_EVALUATED,,Offplan properties not evaluated for current rent,,,,,,,,,,,,,,,,,,,,,,,,,
8364,offplan,Al Furjan,v1stara house,2.0,1277.0,1606910.0,DLD_MISSING,OFFPLAN_RENTAL_NOT_EVALUATED,,,0.0,,NONE,False,NONE,OFFPLAN_RENTAL_NOT_EVALUATED,,Offplan properties not evaluated for current rent,,,,,,,,,,,,,,,,,,,,,,,,,
3702,offplan,Dubai Hills Estate,lime gardens,3.0,2194.0,3200000.0,DLD_MATCH,OFFPLAN_RENTAL_NOT_EVALUATED,,,0.0,,NONE,False,NONE,OFFPLAN_RENTAL_NOT_EVALUATED,,Offplan properties not evaluated for current rent,,,,,,,,,,,,,,,,,,,,,,,,,
5511,offplan,Business Bay,urban life,0.0,411.0,1006220.0,DLD_MATCH,OFFPLAN_RENTAL_NOT_EVALUATED,,,0.0,,NONE,False,NONE,OFFPLAN_RENTAL_NOT_EVALUATED,,Offplan properties not evaluated for current rent,,,,,,,,,,,,,,,,,,,,,,,,,
5738,offplan,Arjan,samana mykonos signature,0.0,422.0,785000.0,DLD_MATCH,OFFPLAN_RENTAL_NOT_EVALUATED,,,0.0,,NONE,False,NONE,OFFPLAN_RENTAL_NOT_EVALUATED,,Offplan properties not evaluated for current rent,,,,,,,,,,,,,,,,,,,,,,,,,
8375,offplan,Dubai Creek Harbour,valo,2.0,1084.0,2620000.0,DLD_MATCH,OFFPLAN_RENTAL_NOT_EVALUATED,,,0.0,,NONE,False,NONE,OFFPLAN_RENTAL_NOT_EVALUATED,,Offplan properties not evaluated for current rent,,,,,,,,,,,,,,,,,,,,,,,,,
5987,ready,Yas Island,yas beach residence,3.0,2724.0,4358910.0,DLD_MISSING,NO_RENTAL_EVIDENCE_IN_AREA,,,,,NONE,False,NONE,NO_RENTAL_EVIDENCE_IN_AREA,,No rental contracts in DLD area: Yas Island,253.1,,,,,,,,,,,,,,,,,,,,,,,,
2832,ready,Jumeirah village circle,westwood grande residences,1.0,806.0,1200000.0,DLD_MISSING,R4,69527.207676481,5.793933973040084,4587.0,median_psf_times_size,AREA_LEVEL,False,NONE,SHADOW_RESEARCH,Al Barsha South Fourth,,74.9,0.0,,,insufficient_data,0.0,True,0.0,,,insufficient_data,0.0,True,0.0,,,insufficient_data,0.0,True,4587.0,68000.0,69527.207676481,median_psf_times_size,0.4,False
8389,offplan,Dubai Land Residence Complex,reef 998,0.0,,695850.0,DLD_MATCH,OFFPLAN_RENTAL_NOT_EVALUATED,,,0.0,,NONE,False,NONE,OFFPLAN_RENTAL_NOT_EVALUATED,,Offplan properties not evaluated for current rent,,,,,,,,,,,,,,,,,,,,,,,,,
6255,offplan,Al Furjan,avenue residence 7,1.0,890.0,1409360.0,DLD_MISSING,OFFPLAN_RENTAL_NOT_EVALUATED,,,0.0,,NONE,False,NONE,OFFPLAN_RENTAL_NOT_EVALUATED,,Offplan properties not evaluated for current rent,,,,,,,,,,,,,,,,,,,,,,,,,
2924,offplan,Dubai South,the harmony by al mizan,2.0,885.0,1192150.0,DLD_MISSING,OFFPLAN_RENTAL_NOT_EVALUATED,,,0.0,,NONE,False,NONE,OFFPLAN_RENTAL_NOT_EVALUATED,,Offplan properties not evaluated for current rent,,,,,,,,,,,,,,,,,,,,,,,,,
336,offplan,Liwan Square,empire lake views,1.0,790.0,1124780.0,DLD_MISSING,OFFPLAN_RENTAL_NOT_EVALUATED,,,0.0,,NONE,False,NONE,OFFPLAN_RENTAL_NOT_EVALUATED,,Offplan properties not evaluated for current rent,,,,,,,,,,,,,,,,,,,,,,,,,
3030,unknown,Jumeirah Village Triangle,essenl1fe residence,0.0,435.0,745308.0,DLD_MISSING,STATUS_NOT_ELIGIBLE_FOR_CURRENT_RENT,,,0.0,,NONE,False,NONE,STATUS_NOT_ELIGIBLE_FOR_CURRENT_RENT,,Unknown status properties not evaluated for current rent,,,,,,,,,,,,,,,,,,,,,,,,,
7859,offplan,Town Square Dubai,alton,2.0,977.0,1625000.0,DLD_MATCH,OFFPLAN_RENTAL_NOT_EVALUATED,,,0.0,,NONE,False,NONE,OFFPLAN_RENTAL_NOT_EVALUATED,,Offplan properties not evaluated for current rent,,,,,,,,,,,,,,,,,,,,,,,,,
4749,offplan,Dubai Islands,241 waterside,1.0,880.0,1889000.0,DLD_MATCH,OFFPLAN_RENTAL_NOT_EVALUATED,,,0.0,,NONE,False,NONE,OFFPLAN_RENTAL_NOT_EVALUATED,,Offplan properties not evaluated for current rent,,,,,,,,,,,,,,,,,,,,,,,,,
6081,offplan,Business Bay,urban life,2.0,1575.0,2734430.0,DLD_MATCH,OFFPLAN_RENTAL_NOT_EVALUATED,,,0.0,,NONE,False,NONE,OFFPLAN_RENTAL_NOT_EVALUATED,,Offplan properties not evaluated for current rent,,,,,,,,,,,,,,,,,,,,,,,,,
2271,offplan,Dubai Land Residence Complex,reef 998,1.0,,962910.0,DLD_MATCH,OFFPLAN_RENTAL_NOT_EVALUATED,,,0.0,,NONE,False,NONE,OFFPLAN_RENTAL_NOT_EVALUATED,,Offplan properties not evaluated for current rent,,,,,,,,,,,,,,,,,,,,,,,,,
2834,offplan,Dubai Hills Estate,greenside residence,3.0,1555.0,3400000.0,DLD_MATCH,OFFPLAN_RENTAL_NOT_EVALUATED,,,0.0,,NONE,False,NONE,OFFPLAN_RENTAL_NOT_EVALUATED,,Offplan properties not evaluated for current rent,,,,,,,,,,,,,,,,,,,,,,,,,
5386,offplan,Jumeirah village circle,dusit princess,0.0,536.0,849238.0,DLD_MISSING,OFFPLAN_RENTAL_NOT_EVALUATED,,,0.0,,NONE,False,NONE,OFFPLAN_RENTAL_NOT_EVALUATED,,Offplan properties not evaluated for current rent,,,,,,,,,,,,,,,,,,,,,,,,,
889,offplan,Dubai Silicon Oasis,belle vie,2.0,1289.0,1700000.0,DLD_MISSING,OFFPLAN_RENTAL_NOT_EVALUATED,,,0.0,,NONE,False,NONE,OFFPLAN_RENTAL_NOT_EVALUATED,,Offplan properties not evaluated for current rent,,,,,,,,,,,,,,,,,,,,,,,,,
8083,offplan,Jumeirah village circle,squarex one,1.0,747.0,1050000.0,DLD_MATCH,OFFPLAN_RENTAL_NOT_EVALUATED,,,0.0,,NONE,False,NONE,OFFPLAN_RENTAL_NOT_EVALUATED,,Offplan properties not evaluated for current rent,,,,,,,,,,,,,,,,,,,,,,,,,
4383,offplan,Dubai Motor City,ananda towers,3.0,1998.0,3176000.0,DLD_MISSING,OFFPLAN_RENTAL_NOT_EVALUATED,,,0.0,,NONE,False,NONE,OFFPLAN_RENTAL_NOT_EVALUATED,,Offplan properties not evaluated for current rent,,,,,,,,,,,,,,,,,,,,,,,,,
4115,offplan,Meydan City,vedaire residences,1.0,634.0,1350000.0,DLD_MATCH,OFFPLAN_RENTAL_NOT_EVALUATED,,,0.0,,NONE,False,NONE,OFFPLAN_RENTAL_NOT_EVALUATED,,Offplan properties not evaluated for current rent,,,,,,,,,,,,,,,,,,,,,,,,,
6992,offplan,Town Square Dubai,olbia,2.0,940.0,1385890.0,DLD_MATCH,OFFPLAN_RENTAL_NOT_EVALUATED,,,0.0,,NONE,False,NONE,OFFPLAN_RENTAL_NOT_EVALUATED,,Offplan properties not evaluated for current rent,,,,,,,,,,,,,,,,,,,,,,,,,
6380,offplan,Dubai Islands,bay grove residences phase 4,4.0,3149.0,10330000.0,DLD_MISSING,OFFPLAN_RENTAL_NOT_EVALUATED,,,0.0,,NONE,False,NONE,OFFPLAN_RENTAL_NOT_EVALUATED,,Offplan properties not evaluated for current rent,,,,,,,,,,,,,,,,,,,,,,,,,
559,offplan,Dubai Motor City,beverly grande,2.0,982.0,1650000.0,DLD_MATCH,OFFPLAN_RENTAL_NOT_EVALUATED,,,0.0,,NONE,False,NONE,OFFPLAN_RENTAL_NOT_EVALUATED,,Offplan properties not evaluated for current rent,,,,,,,,,,,,,,,,,,,,,,,,,
2772,offplan,Jumeirah village circle,maas azur residence,1.0,611.0,1270588.0,DLD_MISSING,OFFPLAN_RENTAL_NOT_EVALUATED,,,0.0,,NONE,False,NONE,OFFPLAN_RENTAL_NOT_EVALUATED,,Offplan properties not evaluated for current rent,,,,,,,,,,,,,,,,,,,,,,,,,
7869,offplan,Dubai Industrial City,samana hills south,2.0,,1200000.0,DLD_NO_EVIDENCE,OFFPLAN_RENTAL_NOT_EVALUATED,,,0.0,,NONE,False,NONE,OFFPLAN_RENTAL_NOT_EVALUATED,,Offplan properties not evaluated for current rent,,,,,,,,,,,,,,,,,,,,,,,,,
3090,offplan,Jumeirah Village Triangle,fashionz,2.0,1070.0,1786000.0,DLD_MISSING,OFFPLAN_RENTAL_NOT_EVALUATED,,,0.0,,NONE,False,NONE,OFFPLAN_RENTAL_NOT_EVALUATED,,Offplan properties not evaluated for current rent,,,,,,,,,,,,,,,,,,,,,,,,,
7856,offplan,Dubai Production City,viera residences,2.0,1148.0,1497260.0,DLD_MATCH,OFFPLAN_RENTAL_NOT_EVALUATED,,,0.0,,NONE,False,NONE,OFFPLAN_RENTAL_NOT_EVALUATED,,Offplan properties not evaluated for current rent,,,,,,,,,,,,,,,,,,,,,,,,,
7615,offplan,City Walk,city walk crestlane,4.0,4588.0,16328000.0,DLD_MISSING,OFFPLAN_RENTAL_NOT_EVALUATED,,,0.0,,NONE,False,NONE,OFFPLAN_RENTAL_NOT_EVALUATED,,Offplan properties not evaluated for current rent,,,,,,,,,,,,,,,,,,,,,,,,,
104,offplan,Jumeirah village circle,vue by crystal bay,2.0,1180.0,1576600.0,DLD_MATCH,OFFPLAN_RENTAL_NOT_EVALUATED,,,0.0,,NONE,False,NONE,OFFPLAN_RENTAL_NOT_EVALUATED,,Offplan properties not evaluated for current rent,,,,,,,,,,,,,,,,,,,,,,,,,
5167,offplan,Emaar South,golf dale,3.0,2542.0,4330000.0,DLD_MATCH,OFFPLAN_RENTAL_NOT_EVALUATED,,,0.0,,NONE,False,NONE,OFFPLAN_RENTAL_NOT_EVALUATED,,Offplan properties not evaluated for current rent,,,,,,,,,,,,,,,,,,,,,,,,,
893,offplan,Dubai Studio City,laya courtyard,1.0,670.0,999219.0,DLD_MATCH,OFFPLAN_RENTAL_NOT_EVALUATED,,,0.0,,NONE,False,NONE,OFFPLAN_RENTAL_NOT_EVALUATED,,Offplan properties not evaluated for current rent,,,,,,,,,,,,,,,,,,,,,,,,,
5459,offplan,Business Bay,bugatti residences,3.0,4072.0,37000000.0,DLD_MISSING,OFFPLAN_RENTAL_NOT_EVALUATED,,,0.0,,NONE,False,NONE,OFFPLAN_RENTAL_NOT_EVALUATED,,Offplan properties not evaluated for current rent,,,,,,,,,,,,,,,,,,,,,,,,,
3097,ready,Jumeirah village circle,catch residence by igo,2.0,1545.0,1850000.0,DLD_MISSING,R4,109452.81331597333,5.9163682873499095,939.0,median_psf_times_size,AREA_LEVEL,False,NONE,SHADOW_RESEARCH,Al Barsha South Fourth,,143.5,0.0,,,insufficient_data,0.0,True,0.0,,,insufficient_data,0.0,True,0.0,,,insufficient_data,0.0,True,939.0,101000.0,109452.81331597333,median_psf_times_size,0.4,False
6923,ready,Jumeirah village circle,luma22,2.0,1258.0,1896980.0,DLD_MATCH,R4,94141.8515176354,4.9627224070699425,1658.0,median_psf_times_size,AREA_LEVEL,False,NONE,SHADOW_RESEARCH,Al Barsha South Fourth,,116.9,0.0,,,insufficient_data,0.0,True,10.0,104000.0,117994.6922659368,median_psf_times_size,0.5,False,0.0,,,insufficient_data,0.0,True,1658.0,89518.72,94141.8515176354,median_psf_times_size,0.4,False
2566,offplan,Masdar City,sila,3.0,1874.0,3636853.0,DLD_MISSING,OFFPLAN_RENTAL_NOT_EVALUATED,,,0.0,,NONE,False,NONE,OFFPLAN_RENTAL_NOT_EVALUATED,,Offplan properties not evaluated for current rent,,,,,,,,,,,,,,,,,,,,,,,,,
8146,offplan,Dubai Islands,treppan serenique residences,3.0,1807.0,6253000.0,DLD_MATCH,OFFPLAN_RENTAL_NOT_EVALUATED,,,0.0,,NONE,False,NONE,OFFPLAN_RENTAL_NOT_EVALUATED,,Offplan properties not evaluated for current rent,,,,,,,,,,,,,,,,,,,,,,,,,
2696,offplan,Liwan Square,empire lake views,2.0,1320.0,2000000.0,DLD_MISSING,OFFPLAN_RENTAL_NOT_EVALUATED,,,0.0,,NONE,False,NONE,OFFPLAN_RENTAL_NOT_EVALUATED,,Offplan properties not evaluated for current rent,,,,,,,,,,,,,,,,,,,,,,,,,
3564,offplan,Jumeirah Village Triangle,sonate residences,2.0,1306.0,1752380.0,DLD_MISSING,OFFPLAN_RENTAL_NOT_EVALUATED,,,0.0,,NONE,False,NONE,OFFPLAN_RENTAL_NOT_EVALUATED,,Offplan properties not evaluated for current rent,,,,,,,,,,,,,,,,,,,,,,,,,
6776,offplan,Jumeirah village circle,esplora,2.0,1135.0,1722041.0,DLD_MISSING,OFFPLAN_RENTAL_NOT_EVALUATED,,,0.0,,NONE,False,NONE,OFFPLAN_RENTAL_NOT_EVALUATED,,Offplan properties not evaluated for current rent,,,,,,,,,,,,,,,,,,,,,,,,,
8213,offplan,Al Jadaf Waterfront,celeste by hre,2.0,930.0,1850000.0,DLD_MISSING,OFFPLAN_RENTAL_NOT_EVALUATED,,,0.0,,NONE,False,NONE,OFFPLAN_RENTAL_NOT_EVALUATED,,Offplan properties not evaluated for current rent,,,,,,,,,,,,,,,,,,,,,,,,,
2866,offplan,Dubai Production City,floarea lakes,1.0,,1100000.0,DLD_MISSING,OFFPLAN_RENTAL_NOT_EVALUATED,,,0.0,,NONE,False,NONE,OFFPLAN_RENTAL_NOT_EVALUATED,,Offplan properties not evaluated for current rent,,,,,,,,,,,,,,,,,,,,,,,,,
3839,offplan,Jumeirah village circle,waref residences,0.0,445.0,765400.0,DLD_MISSING,OFFPLAN_RENTAL_NOT_EVALUATED,,,0.0,,NONE,False,NONE,OFFPLAN_RENTAL_NOT_EVALUATED,,Offplan properties not evaluated for current rent,,,,,,,,,,,,,,,,,,,,,,,,,
7893,offplan,Town Square Dubai,olbia,1.0,587.0,955888.0,DLD_MATCH,OFFPLAN_RENTAL_NOT_EVALUATED,,,0.0,,NONE,False,NONE,OFFPLAN_RENTAL_NOT_EVALUATED,,Offplan properties not evaluated for current rent,,,,,,,,,,,,,,,,,,,,,,,,,
5925,offplan,Dubai Creek Harbour,valo,1.0,751.0,1800000.0,DLD_MATCH,OFFPLAN_RENTAL_NOT_EVALUATED,,,0.0,,NONE,False,NONE,OFFPLAN_RENTAL_NOT_EVALUATED,,Offplan properties not evaluated for current rent,,,,,,,,,,,,,,,,,,,,,,,,,
1516,ready,Al Furjan,azizi amber,0.0,378.0,609999.0,DLD_MATCH,R2,45150.877440040786,7.401795320982623,25.0,median_psf_times_size,PROJECT_LEVEL,False,NONE,SHADOW_RESEARCH,Jabal Ali First,,35.1,0.0,,,insufficient_data,0.0,True,25.0,48000.0,45150.877440040786,median_psf_times_size,0.8,False,29.0,46000.0,40953.17681636352,median_psf_times_size,0.6,False,782.0,45000.0,42510.47525056471,median_psf_times_size,0.4,False
4079,offplan,Dubai Islands,blue marina residence,2.0,1304.0,2450000.0,DLD_MISSING,OFFPLAN_RENTAL_NOT_EVALUATED,,,0.0,,NONE,False,NONE,OFFPLAN_RENTAL_NOT_EVALUATED,,Offplan properties not evaluated for current rent,,,,,,,,,,,,,,,,,,,,,,,,,
2627,offplan,Dubai Industrial City,coventry casa,1.0,718.0,901449.0,DLD_MISSING,OFFPLAN_RENTAL_NOT_EVALUATED,,,0.0,,NONE,False,NONE,OFFPLAN_RENTAL_NOT_EVALUATED,,Offplan properties not evaluated for current rent,,,,,,,,,,,,,,,,,,,,,,,,,
3938,offplan,Business Bay,the quayside,3.0,1739.0,4300000.0,DLD_MATCH,OFFPLAN_RENTAL_NOT_EVALUATED,,,0.0,,NONE,False,NONE,OFFPLAN_RENTAL_NOT_EVALUATED,,Offplan properties not evaluated for current rent,,,,,,,,,,,,,,,,,,,,,,,,,
4675,offplan,Town Square Dubai,augusta,3.0,1347.0,2031890.0,DLD_MATCH,OFFPLAN_RENTAL_NOT_EVALUATED,,,0.0,,NONE,False,NONE,OFFPLAN_RENTAL_NOT_EVALUATED,,Offplan properties not evaluated for current rent,,,,,,,,,,,,,,,,,,,,,,,,,
1234,ready,Yas Island,yas beach residence,2.0,2173.0,3257930.0,DLD_MISSING,NO_RENTAL_EVIDENCE_IN_AREA,,,,,NONE,False,NONE,NO_RENTAL_EVIDENCE_IN_AREA,,No rental contracts in DLD area: Yas Island,201.9,,,,,,,,,,,,,,,,,,,,,,,,
8432,offplan,Dubai Industrial City,samana hills south 2,0.0,358.0,599000.0,DLD_MATCH,OFFPLAN_RENTAL_NOT_EVALUATED,,,0.0,,NONE,False,NONE,OFFPLAN_RENTAL_NOT_EVALUATED,,Offplan properties not evaluated for current rent,,,,,,,,,,,,,,,,,,,,,,,,,
3088,offplan,Meydan City,the willows residences,1.0,684.0,1231670.0,DLD_MATCH,OFFPLAN_RENTAL_NOT_EVALUATED,,,0.0,,NONE,False,NONE,OFFPLAN_RENTAL_NOT_EVALUATED,,Offplan properties not evaluated for current rent,,,,,,,,,,,,,,,,,,,,,,,,,
5275,offplan,Jumeirah village circle,levanto by oro24,0.0,363.0,483000.0,DLD_MATCH,OFFPLAN_RENTAL_NOT_EVALUATED,,,0.0,,NONE,False,NONE,OFFPLAN_RENTAL_NOT_EVALUATED,,Offplan properties not evaluated for current rent,,,,,,,,,,,,,,,,,,,,,,,,,
8098,offplan,Maryam Island,citrine residence,4.0,2465.0,3600000.0,DLD_MISSING,OFFPLAN_RENTAL_NOT_EVALUATED,,,0.0,,NONE,False,NONE,OFFPLAN_RENTAL_NOT_EVALUATED,,Offplan properties not evaluated for current rent,,,,,,,,,,,,,,,,,,,,,,,,,
5371,offplan,Dubai Motor City,takaya,4.0,6601.0,6851780.0,DLD_MATCH,OFFPLAN_RENTAL_NOT_EVALUATED,,,0.0,,NONE,False,NONE,OFFPLAN_RENTAL_NOT_EVALUATED,,Offplan properties not evaluated for current rent,,,,,,,,,,,,,,,,,,,,,,,,,
2284,offplan,Dubai Creek Harbour,creek waters 2,4.0,2435.0,6200000.0,DLD_MATCH,OFFPLAN_RENTAL_NOT_EVALUATED,,,0.0,,NONE,False,NONE,OFFPLAN_RENTAL_NOT_EVALUATED,,Offplan properties not evaluated for current rent,,,,,,,,,,,,,,,,,,,,,,,,,
8426,offplan,Dubai Islands,bay grove residences phase 4,2.0,1247.0,3110000.0,DLD_MISSING,OFFPLAN_RENTAL_NOT_EVALUATED,,,0.0,,NONE,False,NONE,OFFPLAN_RENTAL_NOT_EVALUATED,,Offplan properties not evaluated for current rent,,,,,,,,,,,,,,,,,,,,,,,,,
3955,ready,Jumeirah village circle,stax,0.0,393.0,717470.0,DLD_MATCH,R3,41531.604206306474,5.788618925712083,92.0,median_psf_times_size,AREA_BEDROOM_LEVEL,False,NONE,SHADOW_RESEARCH,Al Barsha South Fourth,,36.5,0.0,,,insufficient_data,0.0,True,0.0,,,insufficient_data,0.0,True,92.0,45000.0,41531.604206306474,median_psf_times_size,0.6,False,1802.0,45000.0,42454.52874422439,median_psf_times_size,0.4,False
7437,offplan,Dubai Sports City,mag 777,1.0,736.0,1282000.0,DLD_MATCH,OFFPLAN_RENTAL_NOT_EVALUATED,,,0.0,,NONE,False,NONE,OFFPLAN_RENTAL_NOT_EVALUATED,,Offplan properties not evaluated for current rent,,,,,,,,,,,,,,,,,,,,,,,,,
8015,offplan,مدينة دبي الرياضية,mag 777,1.0,736.0,1282000.0,DLD_MATCH,OFFPLAN_RENTAL_NOT_EVALUATED,,,0.0,,NONE,False,NONE,OFFPLAN_RENTAL_NOT_EVALUATED,,Offplan properties not evaluated for current rent,,,,,,,,,,,,,,,,,,,,,,,,,
26,offplan,Jumeirah village circle,belle rêve,0.0,434.0,1025000.0,DLD_MISSING,OFFPLAN_RENTAL_NOT_EVALUATED,,,0.0,,NONE,False,NONE,OFFPLAN_RENTAL_NOT_EVALUATED,,Offplan properties not evaluated for current rent,,,,,,,,,,,,,,,,,,,,,,,,,
1331,offplan,Jumeirah village circle,elitz 2,2.0,1220.0,1950000.0,DLD_MISSING,OFFPLAN_RENTAL_NOT_EVALUATED,,,0.0,,NONE,False,NONE,OFFPLAN_RENTAL_NOT_EVALUATED,,Offplan properties not evaluated for current rent,,,,,,,,,,,,,,,,,,,,,,,,,
3962,ready,Arjan,q gardens boutique residences,1.0,850.0,1096000.0,DLD_MATCH,R4,66810.56950196234,6.095854881565907,2866.0,median_psf_times_size,AREA_LEVEL,False,NONE,SHADOW_RESEARCH,Al Barshaa South Third,,79.0,0.0,,,insufficient_data,0.0,True,14.0,82000.0,76177.58012788744,median_psf_times_size,0.7000000000000001,False,0.0,,,insufficient_data,0.0,True,2866.0,66500.0,66810.56950196234,median_psf_times_size,0.4,False
7702,offplan,Liwan Square,parkgreen residences,3.0,1464.0,1866179.0,DLD_MISSING,OFFPLAN_RENTAL_NOT_EVALUATED,,,0.0,,NONE,False,NONE,OFFPLAN_RENTAL_NOT_EVALUATED,,Offplan properties not evaluated for current rent,,,,,,,,,,,,,,,,,,,,,,,,,
4937,offplan,Dubai Marina,habtoor grand residences,4.0,4115.0,20839300.0,DLD_MISSING,OFFPLAN_RENTAL_NOT_EVALUATED,,,0.0,,NONE,False,NONE,OFFPLAN_RENTAL_NOT_EVALUATED,,Offplan properties not evaluated for current rent,,,,,,,,,,,,,,,,,,,,,,,,,
2747,offplan,Dubai Marina,kempinski marina residences,5.0,12634.0,33599100.0,DLD_MISSING,OFFPLAN_RENTAL_NOT_EVALUATED,,,0.0,,NONE,False,NONE,OFFPLAN_RENTAL_NOT_EVALUATED,,Offplan properties not evaluated for current rent,,,,,,,,,,,,,,,,,,,,,,,,,
793,ready,Jumeirah village circle,westwood grande residences,0.0,412.0,700000.0,DLD_MISSING,R3,43344.73241325847,6.192104630465495,110.0,median_psf_times_size,AREA_BEDROOM_LEVEL,False,NONE,SHADOW_RESEARCH,Al Barsha South Fourth,,38.3,0.0,,,insufficient_data,0.0,True,0.0,,,insufficient_data,0.0,True,110.0,45000.0,43344.73241325847,median_psf_times_size,0.6,False,2020.0,45000.0,44046.96424110505,median_psf_times_size,0.4,False
67,offplan,Dubai South,greenfield living,2.0,989.0,1308000.0,DLD_MATCH,OFFPLAN_RENTAL_NOT_EVALUATED,,,0.0,,NONE,False,NONE,OFFPLAN_RENTAL_NOT_EVALUATED,,Offplan properties not evaluated for current rent,,,,,,,,,,,,,,,,,,,,,,,,,
3571,offplan,Arjan,marquis insignia,2.0,1177.0,1774300.0,DLD_MATCH,OFFPLAN_RENTAL_NOT_EVALUATED,,,0.0,,NONE,False,NONE,OFFPLAN_RENTAL_NOT_EVALUATED,,Offplan properties not evaluated for current rent,,,,,,,,,,,,,,,,,,,,,,,,,
3303,offplan,Al Marjan Island,pelagia,2.0,1227.0,3300000.0,DLD_MISSING,OFFPLAN_RENTAL_NOT_EVALUATED,,,0.0,,NONE,False,NONE,OFFPLAN_RENTAL_NOT_EVALUATED,,Offplan properties not evaluated for current rent,,,,,,,,,,,,,,,,,,,,,,,,,
2689,offplan,Dubai Islands,luxury canal residences,2.0,1200.0,2792000.0,DLD_MATCH,OFFPLAN_RENTAL_NOT_EVALUATED,,,0.0,,NONE,False,NONE,OFFPLAN_RENTAL_NOT_EVALUATED,,Offplan properties not evaluated for current rent,,,,,,,,,,,,,,,,,,,,,,,,,
1619,offplan,Dubai Land Residence Complex,rivo,1.0,756.0,930000.0,DLD_MATCH,OFFPLAN_RENTAL_NOT_EVALUATED,,,0.0,,NONE,False,NONE,OFFPLAN_RENTAL_NOT_EVALUATED,,Offplan properties not evaluated for current rent,,,,,,,,,,,,,,,,,,,,,,,,,
193,offplan,Jumeirah village circle,binghatti phoenix,2.0,1146.0,1716000.0,DLD_MATCH,OFFPLAN_RENTAL_NOT_EVALUATED,,,0.0,,NONE,False,NONE,OFFPLAN_RENTAL_NOT_EVALUATED,,Offplan properties not evaluated for current rent,,,,,,,,,,,,,,,,,,,,,,,,,
6165,offplan,Jumeirah village circle,pearl house iii,1.0,578.0,1040420.0,DLD_MISSING,OFFPLAN_RENTAL_NOT_EVALUATED,,,0.0,,NONE,False,NONE,OFFPLAN_RENTAL_NOT_EVALUATED,,Offplan properties not evaluated for current rent,,,,,,,,,,,,,,,,,,,,,,,,,
1194,offplan,Dubai Industrial City,coventry residence,1.0,698.0,813170.0,DLD_NO_EVIDENCE,OFFPLAN_RENTAL_NOT_EVALUATED,,,0.0,,NONE,False,NONE,OFFPLAN_RENTAL_NOT_EVALUATED,,Offplan properties not evaluated for current rent,,,,,,,,,,,,,,,,,,,,,,,,,
4178,offplan,Dubai Industrial City,al haseen residences 5,2.0,975.0,1780094.0,DLD_MISSING,OFFPLAN_RENTAL_NOT_EVALUATED,,,0.0,,NONE,False,NONE,OFFPLAN_RENTAL_NOT_EVALUATED,,Offplan properties not evaluated for current rent,,,,,,,,,,,,,,,,,,,,,,,,,
8311,ready,Al Barari,the cape,1.0,1380.0,3400000.0,DLD_MATCH,R4,84549.95198994898,2.486763293822029,534.0,median_psf_times_size,AREA_LEVEL,False,NONE,SHADOW_RESEARCH,Wadi Al Safa 3,,128.2,0.0,,,insufficient_data,0.0,True,0.0,,,insufficient_data,0.0,True,0.0,,,insufficient_data,0.0,True,534.0,80000.0,84549.95198994898,median_psf_times_size,0.4,False
6976,offplan,Jumeirah village circle,368 park ln,1.0,716.0,1030000.0,DLD_MATCH,OFFPLAN_RENTAL_NOT_EVALUATED,,,0.0,,NONE,False,NONE,OFFPLAN_RENTAL_NOT_EVALUATED,,Offplan properties not evaluated for current rent,,,,,,,,,,,,,,,,,,,,,,,,,
6163,ready,Meydan City,wellington grand villas,5.0,13007.0,18400000.0,DLD_MATCH,NO_TIER_MET_MINIMUM,,,,,NONE,False,NONE,SHADOW_RESEARCH,,No tier met minimum comparables requirement,1208.4,,,,,,,,,,,,,,,,,,,,,,,,
4218,offplan,Dubai Creek Harbour,oria,1.0,750.0,1700000.0,DLD_MATCH,OFFPLAN_RENTAL_NOT_EVALUATED,,,0.0,,NONE,False,NONE,OFFPLAN_RENTAL_NOT_EVALUATED,,Offplan properties not evaluated for current rent,,,,,,,,,,,,,,,,,,,,,,,,,
3368,offplan,Dubai South,coventry 66,1.0,765.0,910000.0,DLD_NO_EVIDENCE,OFFPLAN_RENTAL_NOT_EVALUATED,,,0.0,,NONE,False,NONE,OFFPLAN_RENTAL_NOT_EVALUATED,,Offplan properties not evaluated for current rent,,,,,,,,,,,,,,,,,,,,,,,,,
5929,offplan,Dubai Land Residence Complex,reef 998,3.0,,1879640.0,DLD_MATCH,OFFPLAN_RENTAL_NOT_EVALUATED,,,0.0,,NONE,False,NONE,OFFPLAN_RENTAL_NOT_EVALUATED,,Offplan properties not evaluated for current rent,,,,,,,,,,,,,,,,,,,,,,,,,
3739,offplan,Downtown Dubai,inaura hotels  residences downtown,1.0,705.0,3610000.0,DLD_MISSING,OFFPLAN_RENTAL_NOT_EVALUATED,,,0.0,,NONE,False,NONE,OFFPLAN_RENTAL_NOT_EVALUATED,,Offplan properties not evaluated for current rent,,,,,,,,,,,,,,,,,,,,,,,,,
2891,offplan,Dubai Islands,sunset bay one,1.0,1007.0,2124790.0,DLD_MISSING,OFFPLAN_RENTAL_NOT_EVALUATED,,,0.0,,NONE,False,NONE,OFFPLAN_RENTAL_NOT_EVALUATED,,Offplan properties not evaluated for current rent,,,,,,,,,,,,,,,,,,,,,,,,,
6731,offplan,Meydan City,parkway by prestige one,3.0,1736.0,3149000.0,DLD_MATCH,OFFPLAN_RENTAL_NOT_EVALUATED,,,0.0,,NONE,False,NONE,OFFPLAN_RENTAL_NOT_EVALUATED,,Offplan properties not evaluated for current rent,,,,,,,,,,,,,,,,,,,,,,,,,
6783,offplan,Dubai Land Residence Complex,verdan1a 2,2.0,1195.0,639000.0,DLD_MISSING,OFFPLAN_RENTAL_NOT_EVALUATED,,,0.0,,NONE,False,NONE,OFFPLAN_RENTAL_NOT_EVALUATED,,Offplan properties not evaluated for current rent,,,,,,,,,,,,,,,,,,,,,,,,,
4831,offplan,Emaar South,fairway villas 3,4.0,3623.0,4410890.0,DLD_MATCH,OFFPLAN_RENTAL_NOT_EVALUATED,,,0.0,,NONE,False,NONE,OFFPLAN_RENTAL_NOT_EVALUATED,,Offplan properties not evaluated for current rent,,,,,,,,,,,,,,,,,,,,,,,,,
4459,offplan,Al Marjan Island,the beach residences,1.0,895.0,2100000.0,DLD_MISSING,OFFPLAN_RENTAL_NOT_EVALUATED,,,0.0,,NONE,False,NONE,OFFPLAN_RENTAL_NOT_EVALUATED,,Offplan properties not evaluated for current rent,,,,,,,,,,,,,,,,,,,,,,,,,
5807,offplan,Dubai Creek Harbour,the cove ii,1.0,785.0,1878000.0,DLD_MISSING,OFFPLAN_RENTAL_NOT_EVALUATED,,,0.0,,NONE,False,NONE,OFFPLAN_RENTAL_NOT_EVALUATED,,Offplan properties not evaluated for current rent,,,,,,,,,,,,,,,,,,,,,,,,,
7384,offplan,Town Square Dubai,odessa,2.0,999.0,1517890.0,DLD_MATCH,OFFPLAN_RENTAL_NOT_EVALUATED,,,0.0,,NONE,False,NONE,OFFPLAN_RENTAL_NOT_EVALUATED,,Offplan properties not evaluated for current rent,,,,,,,,,,,,,,,,,,,,,,,,,
7113,offplan,Jumeirah village circle,lucky royale residence,3.0,1607.0,2162000.0,DLD_MATCH,OFFPLAN_RENTAL_NOT_EVALUATED,,,0.0,,NONE,False,NONE,OFFPLAN_RENTAL_NOT_EVALUATED,,Offplan properties not evaluated for current rent,,,,,,,,,,,,,,,,,,,,,,,,,
5878,offplan,Liwan Square,empire lake views,0.0,414.0,784777.0,DLD_MISSING,OFFPLAN_RENTAL_NOT_EVALUATED,,,0.0,,NONE,False,NONE,OFFPLAN_RENTAL_NOT_EVALUATED,,Offplan properties not evaluated for current rent,,,,,,,,,,,,,,,,,,,,,,,,,
7037,offplan,Business Bay,royal regency suites,1.0,699.0,1468500.0,DLD_MATCH,OFFPLAN_RENTAL_NOT_EVALUATED,,,0.0,,NONE,False,NONE,OFFPLAN_RENTAL_NOT_EVALUATED,,Offplan properties not evaluated for current rent,,,,,,,,,,,,,,,,,,,,,,,,,
2991,offplan,Arjan,parkside boulevard,0.0,442.0,677200.0,DLD_MATCH,OFFPLAN_RENTAL_NOT_EVALUATED,,,0.0,,NONE,False,NONE,OFFPLAN_RENTAL_NOT_EVALUATED,,Offplan properties not evaluated for current rent,,,,,,,,,,,,,,,,,,,,,,,,,
3669,offplan,Arjan,arbor view,0.0,451.0,818000.0,DLD_MATCH,OFFPLAN_RENTAL_NOT_EVALUATED,,,0.0,,NONE,False,NONE,OFFPLAN_RENTAL_NOT_EVALUATED,,Offplan properties not evaluated for current rent,,,,,,,,,,,,,,,,,,,,,,,,,
7637,offplan,Dubai Industrial City,coventry twins,0.0,365.0,564167.0,DLD_MISSING,OFFPLAN_RENTAL_NOT_EVALUATED,,,0.0,,NONE,False,NONE,OFFPLAN_RENTAL_NOT_EVALUATED,,Offplan properties not evaluated for current rent,,,,,,,,,,,,,,,,,,,,,,,,,
3920,offplan,Dubai Islands,bonds avenue,2.0,1181.0,2107340.0,DLD_MISSING,OFFPLAN_RENTAL_NOT_EVALUATED,,,0.0,,NONE,False,NONE,OFFPLAN_RENTAL_NOT_EVALUATED,,Offplan properties not evaluated for current rent,,,,,,,,,,,,,,,,,,,,,,,,,
2782,offplan,Sobha One,sobha one,3.0,2238.0,4139950.0,DLD_MATCH,OFFPLAN_RENTAL_NOT_EVALUATED,,,0.0,,NONE,False,NONE,OFFPLAN_RENTAL_NOT_EVALUATED,,Offplan properties not evaluated for current rent,,,,,,,,,,,,,,,,,,,,,,,,,
5378,offplan,Liwan Square,symbolic altus,1.0,795.0,999000.0,DLD_MATCH,OFFPLAN_RENTAL_NOT_EVALUATED,,,0.0,,NONE,False,NONE,OFFPLAN_RENTAL_NOT_EVALUATED,,Offplan properties not evaluated for current rent,,,,,,,,,,,,,,,,,,,,,,,,,
2610,offplan,Jumeirah village circle,sky hills residence 2,2.0,1081.0,1596560.0,DLD_MISSING,OFFPLAN_RENTAL_NOT_EVALUATED,,,0.0,,NONE,False,NONE,OFFPLAN_RENTAL_NOT_EVALUATED,,Offplan properties not evaluated for current rent,,,,,,,,,,,,,,,,,,,,,,,,,
2658,offplan,Dubai South,beachfront gates,3.0,1943.0,2400000.0,DLD_MISSING,OFFPLAN_RENTAL_NOT_EVALUATED,,,0.0,,NONE,False,NONE,OFFPLAN_RENTAL_NOT_EVALUATED,,Offplan properties not evaluated for current rent,,,,,,,,,,,,,,,,,,,,,,,,,
2831,offplan,Nad Al Sheba,saddlewood park by mak developers,2.0,1177.0,2450000.0,DLD_MISSING,OFFPLAN_RENTAL_NOT_EVALUATED,,,0.0,,NONE,False,NONE,OFFPLAN_RENTAL_NOT_EVALUATED,,Offplan properties not evaluated for current rent,,,,,,,,,,,,,,,,,,,,,,,,,
2680,offplan,Dubai Islands,vue dorée,4.0,2227.0,4100652.0,DLD_MISSING,OFFPLAN_RENTAL_NOT_EVALUATED,,,0.0,,NONE,False,NONE,OFFPLAN_RENTAL_NOT_EVALUATED,,Offplan properties not evaluated for current rent,,,,,,,,,,,,,,,,,,,,,,,,,
7216,offplan,Dubai Marina,liv lux,3.0,2530.0,9900000.0,DLD_NO_EVIDENCE,OFFPLAN_RENTAL_NOT_EVALUATED,,,0.0,,NONE,False,NONE,OFFPLAN_RENTAL_NOT_EVALUATED,,Offplan properties not evaluated for current rent,,,,,,,,,,,,,,,,,,,,,,,,,
3385,offplan,Dubai Islands,allegro residences,3.0,2148.0,4749480.0,DLD_MATCH,OFFPLAN_RENTAL_NOT_EVALUATED,,,0.0,,NONE,False,NONE,OFFPLAN_RENTAL_NOT_EVALUATED,,Offplan properties not evaluated for current rent,,,,,,,,,,,,,,,,,,,,,,,,,
3037,offplan,Palm Jumeirah,olaia residences,3.0,2260.0,8021440.0,DLD_MATCH,OFFPLAN_RENTAL_NOT_EVALUATED,,,0.0,,NONE,False,NONE,OFFPLAN_RENTAL_NOT_EVALUATED,,Offplan properties not evaluated for current rent,,,,,,,,,,,,,,,,,,,,,,,,,
4428,offplan,Dubai Land Residence Complex,forest city 2,1.0,800.0,880000.0,DLD_MISSING,OFFPLAN_RENTAL_NOT_EVALUATED,,,0.0,,NONE,False,NONE,OFFPLAN_RENTAL_NOT_EVALUATED,,Offplan properties not evaluated for current rent,,,,,,,,,,,,,,,,,,,,,,,,,
3596,offplan,Rashid Yachts & Marina,ocean star,3.0,1617.0,3400000.0,DLD_MATCH,OFFPLAN_RENTAL_NOT_EVALUATED,,,0.0,,NONE,False,NONE,OFFPLAN_RENTAL_NOT_EVALUATED,,Offplan properties not evaluated for current rent,,,,,,,,,,,,,,,,,,,,,,,,,
7030,offplan,Arjan,marquis one,0.0,450.0,750000.0,DLD_MATCH,OFFPLAN_RENTAL_NOT_EVALUATED,,,0.0,,NONE,False,NONE,OFFPLAN_RENTAL_NOT_EVALUATED,,Offplan properties not evaluated for current rent,,,,,,,,,,,,,,,,,,,,,,,,,
6168,offplan,Jumeirah village circle,binghatti circle,0.0,384.0,674999.0,DLD_MATCH,OFFPLAN_RENTAL_NOT_EVALUATED,,,0.0,,NONE,False,NONE,OFFPLAN_RENTAL_NOT_EVALUATED,,Offplan properties not evaluated for current rent,,,,,,,,,,,,,,,,,,,,,,,,,
6491,offplan,EMAAR Beachfront,bayview by address resorts,3.0,1790.0,9980000.0,DLD_MISSING,OFFPLAN_RENTAL_NOT_EVALUATED,,,0.0,,NONE,False,NONE,OFFPLAN_RENTAL_NOT_EVALUATED,,Offplan properties not evaluated for current rent,,,,,,,,,,,,,,,,,,,,,,,,,
4353,offplan,Dubai Creek Harbour,creek waters,4.0,2797.0,6300000.0,DLD_MATCH,OFFPLAN_RENTAL_NOT_EVALUATED,,,0.0,,NONE,False,NONE,OFFPLAN_RENTAL_NOT_EVALUATED,,Offplan properties not evaluated for current rent,,,,,,,,,,,,,,,,,,,,,,,,,
5332,offplan,Dubai Harbour,seapoint,2.0,1379.0,4940000.0,DLD_MATCH,OFFPLAN_RENTAL_NOT_EVALUATED,,,0.0,,NONE,False,NONE,OFFPLAN_RENTAL_NOT_EVALUATED,,Offplan properties not evaluated for current rent,,,,,,,,,,,,,,,,,,,,,,,,,
1757,offplan,Al Furjan,azizi central,1.0,787.0,1000000.0,DLD_MATCH,OFFPLAN_RENTAL_NOT_EVALUATED,,,0.0,,NONE,False,NONE,OFFPLAN_RENTAL_NOT_EVALUATED,,Offplan properties not evaluated for current rent,,,,,,,,,,,,,,,,,,,,,,,,,
537,offplan,Sheikh Zayed Road,jumeirah residences emirates towers,3.0,1925.0,10210000.0,DLD_MATCH,OFFPLAN_RENTAL_NOT_EVALUATED,,,0.0,,NONE,False,NONE,OFFPLAN_RENTAL_NOT_EVALUATED,,Offplan properties not evaluated for current rent,,,,,,,,,,,,,,,,,,,,,,,,,
3092,offplan,Jumeirah village circle,gharbi 2 residences,2.0,1627.0,1737000.0,DLD_MISSING,OFFPLAN_RENTAL_NOT_EVALUATED,,,0.0,,NONE,False,NONE,OFFPLAN_RENTAL_NOT_EVALUATED,,Offplan properties not evaluated for current rent,,,,,,,,,,,,,,,,,,,,,,,,,
7640,ready,Jumeirah village circle,binghatti luna,1.0,600.0,826000.0,DLD_MATCH,R2,61259.775824231154,7.416437751117573,47.0,median_psf_times_size,PROJECT_LEVEL,False,NONE,SHADOW_RESEARCH,Al Barsha South Fourth,,55.7,0.0,,,insufficient_data,0.0,True,47.0,68000.0,61259.775824231154,median_psf_times_size,0.8,False,0.0,,,insufficient_data,0.0,True,2164.0,58200.0,55741.82400005035,median_psf_times_size,0.4,False
7232,offplan,Jumeirah village circle,lucky royale residence,0.0,415.0,614999.0,DLD_MATCH,OFFPLAN_RENTAL_NOT_EVALUATED,,,0.0,,NONE,False,NONE,OFFPLAN_RENTAL_NOT_EVALUATED,,Offplan properties not evaluated for current rent,,,,,,,,,,,,,,,,,,,,,,,,,
8314,offplan,Jumeirah village circle,havelock heights,2.0,1122.0,1500000.0,DLD_MATCH,OFFPLAN_RENTAL_NOT_EVALUATED,,,0.0,,NONE,False,NONE,OFFPLAN_RENTAL_NOT_EVALUATED,,Offplan properties not evaluated for current rent,,,,,,,,,,,,,,,,,,,,,,,,,
7606,offplan,Dubai Water Canal,eden house the park,2.0,1733.0,6595050.0,DLD_MATCH,OFFPLAN_RENTAL_NOT_EVALUATED,,,0.0,,NONE,False,NONE,OFFPLAN_RENTAL_NOT_EVALUATED,,Offplan properties not evaluated for current rent,,,,,,,,,,,,,,,,,,,,,,,,,
2537,offplan,Dubai Sports City,the community sports arena,2.0,1765.0,1906890.0,DLD_MATCH,OFFPLAN_RENTAL_NOT_EVALUATED,,,0.0,,NONE,False,NONE,OFFPLAN_RENTAL_NOT_EVALUATED,,Offplan properties not evaluated for current rent,,,,,,,,,,,,,,,,,,,,,,,,,
6482,offplan,Yas Island,manchester city yas residences by ohana,1.0,850.0,2000000.0,DLD_MISSING,OFFPLAN_RENTAL_NOT_EVALUATED,,,0.0,,NONE,False,NONE,OFFPLAN_RENTAL_NOT_EVALUATED,,Offplan properties not evaluated for current rent,,,,,,,,,,,,,,,,,,,,,,,,,
2447,offplan,Jumeirah village circle,vitality residence,2.0,1222.0,1293420.0,DLD_NO_EVIDENCE,OFFPLAN_RENTAL_NOT_EVALUATED,,,0.0,,NONE,False,NONE,OFFPLAN_RENTAL_NOT_EVALUATED,,Offplan properties not evaluated for current rent,,,,,,,,,,,,,,,,,,,,,,,,,
7313,offplan,Al Furjan,symbolic zen residences,2.0,1194.0,1914000.0,DLD_MATCH,OFFPLAN_RENTAL_NOT_EVALUATED,,,0.0,,NONE,False,NONE,OFFPLAN_RENTAL_NOT_EVALUATED,,Offplan properties not evaluated for current rent,,,,,,,,,,,,,,,,,,,,,,,,,
6197,offplan,Dubai Islands,wellington ocean walk,2.0,1460.0,3378977.0,DLD_MATCH,OFFPLAN_RENTAL_NOT_EVALUATED,,,0.0,,NONE,False,NONE,OFFPLAN_RENTAL_NOT_EVALUATED,,Offplan properties not evaluated for current rent,,,,,,,,,,,,,,,,,,,,,,,,,
1507,offplan,Dubai Production City,soul by vision,2.0,1368.0,1419500.0,DLD_MATCH,OFFPLAN_RENTAL_NOT_EVALUATED,,,0.0,,NONE,False,NONE,OFFPLAN_RENTAL_NOT_EVALUATED,,Offplan properties not evaluated for current rent,,,,,,,,,,,,,,,,,,,,,,,,,
8253,offplan,Dubai Land Residence Complex,terra tower,0.0,250.0,549868.0,DLD_MATCH,OFFPLAN_RENTAL_NOT_EVALUATED,,,0.0,,NONE,False,NONE,OFFPLAN_RENTAL_NOT_EVALUATED,,Offplan properties not evaluated for current rent,,,,,,,,,,,,,,,,,,,,,,,,,
4901,offplan,Meydan City,binghatti maybach ultimate luxury,3.0,4950000.0,4950000.0,DLD_MISSING,OFFPLAN_RENTAL_NOT_EVALUATED,,,0.0,,NONE,False,NONE,OFFPLAN_RENTAL_NOT_EVALUATED,,Offplan properties not evaluated for current rent,,,,,,,,,,,,,,,,,,,,,,,,,
7899,unknown,Dubai Marina,residences du port autograph collection,3.0,1663.0,5490000.0,DLD_MISSING,STATUS_NOT_ELIGIBLE_FOR_CURRENT_RENT,,,0.0,,NONE,False,NONE,STATUS_NOT_ELIGIBLE_FOR_CURRENT_RENT,,Unknown status properties not evaluated for current rent,,,,,,,,,,,,,,,,,,,,,,,,,
491,offplan,Dubai Creek Harbour,arlo,2.0,1208.0,2700000.0,DLD_MATCH,OFFPLAN_RENTAL_NOT_EVALUATED,,,0.0,,NONE,False,NONE,OFFPLAN_RENTAL_NOT_EVALUATED,,Offplan properties not evaluated for current rent,,,,,,,,,,,,,,,,,,,,,,,,,
4552,offplan,Dubai Islands,agua residences,1.0,860.0,1800000.0,DLD_MISSING,OFFPLAN_RENTAL_NOT_EVALUATED,,,0.0,,NONE,False,NONE,OFFPLAN_RENTAL_NOT_EVALUATED,,Offplan properties not evaluated for current rent,,,,,,,,,,,,,,,,,,,,,,,,,
5979,offplan,Dubai South,coventry 66,0.0,391.0,540750.0,DLD_MATCH,OFFPLAN_RENTAL_NOT_EVALUATED,,,0.0,,NONE,False,NONE,OFFPLAN_RENTAL_NOT_EVALUATED,,Offplan properties not evaluated for current rent,,,,,,,,,,,,,,,,,,,,,,,,,
111,offplan,Dubai Science Park,11 hills park,0.0,487.0,737560.0,DLD_MATCH,OFFPLAN_RENTAL_NOT_EVALUATED,,,0.0,,NONE,False,NONE,OFFPLAN_RENTAL_NOT_EVALUATED,,Offplan properties not evaluated for current rent,,,,,,,,,,,,,,,,,,,,,,,,,
476,offplan,Jebel Ali,sola residences,1.0,713.0,991000.0,DLD_MATCH,OFFPLAN_RENTAL_NOT_EVALUATED,,,0.0,,NONE,False,NONE,OFFPLAN_RENTAL_NOT_EVALUATED,,Offplan properties not evaluated for current rent,,,,,,,,,,,,,,,,,,,,,,,,,
3883,offplan,Dubai Production City,soul by vision,0.0,470.0,591300.0,DLD_MATCH,OFFPLAN_RENTAL_NOT_EVALUATED,,,0.0,,NONE,False,NONE,OFFPLAN_RENTAL_NOT_EVALUATED,,Offplan properties not evaluated for current rent,,,,,,,,,,,,,,,,,,,,,,,,,
2073,offplan,Al Reem island,radiant elite tower,0.0,496.0,717000.0,DLD_MISSING,OFFPLAN_RENTAL_NOT_EVALUATED,,,0.0,,NONE,False,NONE,OFFPLAN_RENTAL_NOT_EVALUATED,,Offplan properties not evaluated for current rent,,,,,,,,,,,,,,,,,,,,,,,,,
1412,offplan,International City Phase 2,linden residences,2.0,1201.0,1274620.0,DLD_NO_EVIDENCE,OFFPLAN_RENTAL_NOT_EVALUATED,,,0.0,,NONE,False,NONE,OFFPLAN_RENTAL_NOT_EVALUATED,,Offplan properties not evaluated for current rent,,,,,,,,,,,,,,,,,,,,,,,,,
4852,offplan,Dubai Maritime City,soulever by beyond,3.0,1818.0,7648000.0,DLD_MATCH,OFFPLAN_RENTAL_NOT_EVALUATED,,,0.0,,NONE,False,NONE,OFFPLAN_RENTAL_NOT_EVALUATED,,Offplan properties not evaluated for current rent,,,,,,,,,,,,,,,,,,,,,,,,,
1147,offplan,Arjan,avelon boulevard,0.0,435.0,705502.0,DLD_MATCH,OFFPLAN_RENTAL_NOT_EVALUATED,,,0.0,,NONE,False,NONE,OFFPLAN_RENTAL_NOT_EVALUATED,,Offplan properties not evaluated for current rent,,,,,,,,,,,,,,,,,,,,,,,,,
8090,offplan,Dubai Hills Estate,golf grand,1.0,681.0,1500000.0,DLD_MATCH,OFFPLAN_RENTAL_NOT_EVALUATED,,,0.0,,NONE,False,NONE,OFFPLAN_RENTAL_NOT_EVALUATED,,Offplan properties not evaluated for current rent,,,,,,,,,,,,,,,,,,,,,,,,,
2256,offplan,Business Bay,binghatti aquarise,0.0,435.0,1120000.0,DLD_MATCH,OFFPLAN_RENTAL_NOT_EVALUATED,,,0.0,,NONE,False,NONE,OFFPLAN_RENTAL_NOT_EVALUATED,,Offplan properties not evaluated for current rent,,,,,,,,,,,,,,,,,,,,,,,,,
4222,offplan,Jumeirah village circle,palatium residence,1.0,740.0,1028370.0,DLD_MISSING,OFFPLAN_RENTAL_NOT_EVALUATED,,,0.0,,NONE,False,NONE,OFFPLAN_RENTAL_NOT_EVALUATED,,Offplan properties not evaluated for current rent,,,,,,,,,,,,,,,,,,,,,,,,,
1169,offplan,Dubai Motor City,sierra by iman,4.0,3894.0,4000000.0,DLD_MATCH,OFFPLAN_RENTAL_NOT_EVALUATED,,,0.0,,NONE,False,NONE,OFFPLAN_RENTAL_NOT_EVALUATED,,Offplan properties not evaluated for current rent,,,,,,,,,,,,,,,,,,,,,,,,,
2454,offplan,Jumeirah village circle,serenz by danube at jvc,1.0,538.0,1220000.0,DLD_MISSING,OFFPLAN_RENTAL_NOT_EVALUATED,,,0.0,,NONE,False,NONE,OFFPLAN_RENTAL_NOT_EVALUATED,,Offplan properties not evaluated for current rent,,,,,,,,,,,,,,,,,,,,,,,,,
5548,offplan,Sobha Central,the pinnacle at sobha central,1.0,564.0,1779057.0,DLD_MISSING,OFFPLAN_RENTAL_NOT_EVALUATED,,,0.0,,NONE,False,NONE,OFFPLAN_RENTAL_NOT_EVALUATED,,Offplan properties not evaluated for current rent,,,,,,,,,,,,,,,,,,,,,,,,,
5149,offplan,Jumeirah village circle,trevino,2.0,1217.0,1817600.0,DLD_MATCH,OFFPLAN_RENTAL_NOT_EVALUATED,,,0.0,,NONE,False,NONE,OFFPLAN_RENTAL_NOT_EVALUATED,,Offplan properties not evaluated for current rent,,,,,,,,,,,,,,,,,,,,,,,,,
8204,offplan,Dubai Islands,lia by avenew development,1.0,831.0,2168000.0,DLD_MISSING,OFFPLAN_RENTAL_NOT_EVALUATED,,,0.0,,NONE,False,NONE,OFFPLAN_RENTAL_NOT_EVALUATED,,Offplan properties not evaluated for current rent,,,,,,,,,,,,,,,,,,,,,,,,,
613,offplan,Solaya By Meraas at La Mer,solaya,4.0,5209.0,35000000.0,DLD_MISSING,OFFPLAN_RENTAL_NOT_EVALUATED,,,0.0,,NONE,False,NONE,OFFPLAN_RENTAL_NOT_EVALUATED,,Offplan properties not evaluated for current rent,,,,,,,,,,,,,,,,,,,,,,,,,
2989,ready,Dubai Production City,samana sky views,0.0,,689000.0,DLD_MATCH,NO_RENTAL_EVIDENCE_IN_AREA,,,,,NONE,False,NONE,NO_RENTAL_EVIDENCE_IN_AREA,,No rental contracts in DLD area: meaisem first,,,,,,,,,,,,,,,,,,,,,,,,,
5694,offplan,Dubai Sports City,verde by vision,3.0,1934.0,2000000.0,DLD_MATCH,OFFPLAN_RENTAL_NOT_EVALUATED,,,0.0,,NONE,False,NONE,OFFPLAN_RENTAL_NOT_EVALUATED,,Offplan properties not evaluated for current rent,,,,,,,,,,,,,,,,,,,,,,,,,
3183,offplan,Damac Lagoons,damac valencia at damac lagoons,2.0,1156.0,1746000.0,DLD_MISSING,OFFPLAN_RENTAL_NOT_EVALUATED,,,0.0,,NONE,False,NONE,OFFPLAN_RENTAL_NOT_EVALUATED,,Offplan properties not evaluated for current rent,,,,,,,,,,,,,,,,,,,,,,,,,
995,offplan,Al Jadaf Waterfront,binghatti ghost,2.0,1287.0,2500000.0,DLD_MATCH,OFFPLAN_RENTAL_NOT_EVALUATED,,,0.0,,NONE,False,NONE,OFFPLAN_RENTAL_NOT_EVALUATED,,Offplan properties not evaluated for current rent,,,,,,,,,,,,,,,,,,,,,,,,,
954,offplan,Dubai Land Residence Complex,tarrad dubailand residences,2.0,927.0,1241000.0,DLD_MISSING,OFFPLAN_RENTAL_NOT_EVALUATED,,,0.0,,NONE,False,NONE,OFFPLAN_RENTAL_NOT_EVALUATED,,Offplan properties not evaluated for current rent,,,,,,,,,,,,,,,,,,,,,,,,,
1279,ready,Dubai Marina,marina star,1.0,841.0,2276190.0,DLD_MATCH,R4,91895.85797604822,4.037266571597636,3319.0,median_psf_times_size,AREA_LEVEL,False,NONE,SHADOW_RESEARCH,Marsa Dubai,,78.1,0.0,,,insufficient_data,0.0,True,9.0,110000.0,110185.3875693303,median_psf_times_size,0.45,False,0.0,,,insufficient_data,0.0,True,3319.0,90000.0,91895.85797604822,median_psf_times_size,0.4,False
5537,offplan,Emaar South,golf verge,3.0,1683.0,3270000.0,DLD_MATCH,OFFPLAN_RENTAL_NOT_EVALUATED,,,0.0,,NONE,False,NONE,OFFPLAN_RENTAL_NOT_EVALUATED,,Offplan properties not evaluated for current rent,,,,,,,,,,,,,,,,,,,,,,,,,
3633,offplan,Dubai Science Park,binghatti hillside,0.0,358.0,774999.0,DLD_MATCH,OFFPLAN_RENTAL_NOT_EVALUATED,,,0.0,,NONE,False,NONE,OFFPLAN_RENTAL_NOT_EVALUATED,,Offplan properties not evaluated for current rent,,,,,,,,,,,,,,,,,,,,,,,,,
1936,offplan,Jumeirah Lake Towers,diamondz,0.0,419.0,1100000.0,DLD_MISSING,OFFPLAN_RENTAL_NOT_EVALUATED,,,0.0,,NONE,False,NONE,OFFPLAN_RENTAL_NOT_EVALUATED,,Offplan properties not evaluated for current rent,,,,,,,,,,,,,,,,,,,,,,,,,
51,offplan,Jumeirah Village Triangle,v1v1d tower,2.0,1270.0,1784350.0,DLD_MISSING,OFFPLAN_RENTAL_NOT_EVALUATED,,,0.0,,NONE,False,NONE,OFFPLAN_RENTAL_NOT_EVALUATED,,Offplan properties not evaluated for current rent,,,,,,,,,,,,,,,,,,,,,,,,,
6483,offplan,Arjan,ashley hills,2.0,976.0,1931975.0,DLD_MATCH,OFFPLAN_RENTAL_NOT_EVALUATED,,,0.0,,NONE,False,NONE,OFFPLAN_RENTAL_NOT_EVALUATED,,Offplan properties not evaluated for current rent,,,,,,,,,,,,,,,,,,,,,,,,,
4733,offplan,Jumeirah village circle,isola bella,0.0,411.0,716800.0,DLD_MISSING,OFFPLAN_RENTAL_NOT_EVALUATED,,,0.0,,NONE,False,NONE,OFFPLAN_RENTAL_NOT_EVALUATED,,Offplan properties not evaluated for current rent,,,,,,,,,,,,,,,,,,,,,,,,,
3123,offplan,Dubai Investments Park,olivia residences,2.0,1337.0,1471040.0,DLD_MATCH,OFFPLAN_RENTAL_NOT_EVALUATED,,,0.0,,NONE,False,NONE,OFFPLAN_RENTAL_NOT_EVALUATED,,Offplan properties not evaluated for current rent,,,,,,,,,,,,,,,,,,,,,,,,,
6582,offplan,Arjan,one beverly,2.0,1299.0,1300000.0,DLD_MATCH,OFFPLAN_RENTAL_NOT_EVALUATED,,,0.0,,NONE,False,NONE,OFFPLAN_RENTAL_NOT_EVALUATED,,Offplan properties not evaluated for current rent,,,,,,,,,,,,,,,,,,,,,,,,,
1424,offplan,Business Bay,century,2.0,1111.0,1948430.0,DLD_MATCH,OFFPLAN_RENTAL_NOT_EVALUATED,,,0.0,,NONE,False,NONE,OFFPLAN_RENTAL_NOT_EVALUATED,,Offplan properties not evaluated for current rent,,,,,,,,,,,,,,,,,,,,,,,,,
7629,offplan,Jumeirah Village Triangle,milestone residences,2.0,1341.0,1833990.0,DLD_MATCH,OFFPLAN_RENTAL_NOT_EVALUATED,,,0.0,,NONE,False,NONE,OFFPLAN_RENTAL_NOT_EVALUATED,,Offplan properties not evaluated for current rent,,,,,,,,,,,,,,,,,,,,,,,,,
820,offplan,Dubai Hills Estate,vida residences club point,1.0,736.0,1600000.0,DLD_MATCH,OFFPLAN_RENTAL_NOT_EVALUATED,,,0.0,,NONE,False,NONE,OFFPLAN_RENTAL_NOT_EVALUATED,,Offplan properties not evaluated for current rent,,,,,,,,,,,,,,,,,,,,,,,,,
3462,offplan,Jumeirah village circle,auresta tower,1.0,671.0,1003020.0,DLD_MATCH,OFFPLAN_RENTAL_NOT_EVALUATED,,,0.0,,NONE,False,NONE,OFFPLAN_RENTAL_NOT_EVALUATED,,Offplan properties not evaluated for current rent,,,,,,,,,,,,,,,,,,,,,,,,,
6556,ready,Business Bay,sol bay,1.0,972.0,1818890.0,DLD_MATCH,R2,95400.40497740962,5.244979354299029,39.0,median_psf_times_size,PROJECT_LEVEL,False,NONE,SHADOW_RESEARCH,Business Bay,,90.3,0.0,,,insufficient_data,0.0,True,39.0,90000.0,95400.40497740962,median_psf_times_size,0.8,False,0.0,,,insufficient_data,0.0,True,2797.0,94000.0,100880.23396136925,median_psf_times_size,0.4,False
5814,offplan,Downtown Dubai,one residence,0.0,470.0,1520000.0,DLD_MATCH,OFFPLAN_RENTAL_NOT_EVALUATED,,,0.0,,NONE,False,NONE,OFFPLAN_RENTAL_NOT_EVALUATED,,Offplan properties not evaluated for current rent,,,,,,,,,,,,,,,,,,,,,,,,,
5759,offplan,Jumeirah village circle,midora residences,3.0,2066.0,2682000.0,DLD_MATCH,OFFPLAN_RENTAL_NOT_EVALUATED,,,0.0,,NONE,False,NONE,OFFPLAN_RENTAL_NOT_EVALUATED,,Offplan properties not evaluated for current rent,,,,,,,,,,,,,,,,,,,,,,,,,
983,ready,Business Bay,sol bay,0.0,491.0,1100000.0,DLD_MATCH,R2,64514.28243599838,5.864934766908943,36.0,median_psf_times_size,PROJECT_LEVEL,False,NONE,SHADOW_RESEARCH,Business Bay,,45.6,12.0,71000.0,67248.60625919695,median_psf_times_size,1.0,False,36.0,68000.0,64514.28243599838,median_psf_times_size,0.8,False,64.0,62700.0,64757.19113390995,median_psf_times_size,0.6,False,2436.0,65000.0,67081.45976476648,median_psf_times_size,0.4,False
6114,offplan,Sheikh Zayed Road,sol luxe,2.0,1102.0,3937500.0,DLD_MATCH,OFFPLAN_RENTAL_NOT_EVALUATED,,,0.0,,NONE,False,NONE,OFFPLAN_RENTAL_NOT_EVALUATED,,Offplan properties not evaluated for current rent,,,,,,,,,,,,,,,,,,,,,,,,,
4545,ready,Dubai Creek Harbour,the cove,4.0,4620.0,11500000.0,DLD_MATCH,NO_TIER_MET_MINIMUM,,,,,NONE,False,NONE,SHADOW_RESEARCH,,No tier met minimum comparables requirement,429.2,,,,,,,,,,,,,,,,,,,,,,,,
7485,offplan,Jumeirah village circle,sapphire 32,1.0,742.0,976000.0,DLD_MISSING,OFFPLAN_RENTAL_NOT_EVALUATED,,,0.0,,NONE,False,NONE,OFFPLAN_RENTAL_NOT_EVALUATED,,Offplan properties not evaluated for current rent,,,,,,,,,,,,,,,,,,,,,,,,,
586,offplan,Dubai Hills Estate,palace residences dubai hills estate,3.0,1488.0,4700000.0,DLD_NO_EVIDENCE,OFFPLAN_RENTAL_NOT_EVALUATED,,,0.0,,NONE,False,NONE,OFFPLAN_RENTAL_NOT_EVALUATED,,Offplan properties not evaluated for current rent,,,,,,,,,,,,,,,,,,,,,,,,,
3750,offplan,Dubai Islands,agua residences,2.0,1440.0,2600000.0,DLD_MISSING,OFFPLAN_RENTAL_NOT_EVALUATED,,,0.0,,NONE,False,NONE,OFFPLAN_RENTAL_NOT_EVALUATED,,Offplan properties not evaluated for current rent,,,,,,,,,,,,,,,,,,,,,,,,,
5034,offplan,Dubai Motor City,sierra by iman,1.0,790.0,1250000.0,DLD_MATCH,OFFPLAN_RENTAL_NOT_EVALUATED,,,0.0,,NONE,False,NONE,OFFPLAN_RENTAL_NOT_EVALUATED,,Offplan properties not evaluated for current rent,,,,,,,,,,,,,,,,,,,,,,,,,
1271,offplan,Al Marjan Island,fairmont residences,1.0,926.0,2490000.0,DLD_MISSING,OFFPLAN_RENTAL_NOT_EVALUATED,,,0.0,,NONE,False,NONE,OFFPLAN_RENTAL_NOT_EVALUATED,,Offplan properties not evaluated for current rent,,,,,,,,,,,,,,,,,,,,,,,,,
2290,offplan,Jumeirah village circle,squarex residence,1.0,758.0,1063720.0,DLD_MATCH,OFFPLAN_RENTAL_NOT_EVALUATED,,,0.0,,NONE,False,NONE,OFFPLAN_RENTAL_NOT_EVALUATED,,Offplan properties not evaluated for current rent,,,,,,,,,,,,,,,,,,,,,,,,,
3745,offplan,Jumeirah village circle,one park square,0.0,429.0,816005.0,DLD_MISSING,OFFPLAN_RENTAL_NOT_EVALUATED,,,0.0,,NONE,False,NONE,OFFPLAN_RENTAL_NOT_EVALUATED,,Offplan properties not evaluated for current rent,,,,,,,,,,,,,,,,,,,,,,,,,
4064,offplan,Meydan City,ayaan heights,3.0,1723.0,3600000.0,DLD_MISSING,OFFPLAN_RENTAL_NOT_EVALUATED,,,0.0,,NONE,False,NONE,OFFPLAN_RENTAL_NOT_EVALUATED,,Offplan properties not evaluated for current rent,,,,,,,,,,,,,,,,,,,,,,,,,
4732,offplan,Meydan City,vedaire residences,2.0,1016.0,2160000.0,DLD_MATCH,OFFPLAN_RENTAL_NOT_EVALUATED,,,0.0,,NONE,False,NONE,OFFPLAN_RENTAL_NOT_EVALUATED,,Offplan properties not evaluated for current rent,,,,,,,,,,,,,,,,,,,,,,,,,
7853,offplan,Dubai Land Residence Complex,al waleed ws 1,2.0,1159.0,1361200.0,DLD_MATCH,OFFPLAN_RENTAL_NOT_EVALUATED,,,0.0,,NONE,False,NONE,OFFPLAN_RENTAL_NOT_EVALUATED,,Offplan properties not evaluated for current rent,,,,,,,,,,,,,,,,,,,,,,,,,
6295,offplan,Jumeirah village circle,maimoon gardens,0.0,388.0,689000.0,DLD_MATCH,OFFPLAN_RENTAL_NOT_EVALUATED,,,0.0,,NONE,False,NONE,OFFPLAN_RENTAL_NOT_EVALUATED,,Offplan properties not evaluated for current rent,,,,,,,,,,,,,,,,,,,,,,,,,
6141,ready,Jumeirah village circle,q gardens loft,0.0,385.0,490000.0,DLD_MISSING,R3,40686.17714867173,8.303301458912598,83.0,median_psf_times_size,AREA_BEDROOM_LEVEL,False,NONE,SHADOW_RESEARCH,Al Barsha South Fourth,,35.8,0.0,,,insufficient_data,0.0,True,0.0,,,insufficient_data,0.0,True,83.0,45000.0,40686.17714867173,median_psf_times_size,0.6,False,1674.0,45000.0,41737.037373172025,median_psf_times_size,0.4,False
4497,offplan,Jumeirah Islands,eltiera view,2.0,1221.0,3025828.0,DLD_MISSING,OFFPLAN_RENTAL_NOT_EVALUATED,,,0.0,,NONE,False,NONE,OFFPLAN_RENTAL_NOT_EVALUATED,,Offplan properties not evaluated for current rent,,,,,,,,,,,,,,,,,,,,,,,,,
4386,offplan,Business Bay,bayz 102,1.0,749.0,2290000.0,DLD_MISSING,OFFPLAN_RENTAL_NOT_EVALUATED,,,0.0,,NONE,False,NONE,OFFPLAN_RENTAL_NOT_EVALUATED,,Offplan properties not evaluated for current rent,,,,,,,,,,,,,,,,,,,,,,,,,
6757,offplan,Sobha Hartland 2,320 riverside crescent,2.0,1308.0,2812270.0,DLD_MATCH,OFFPLAN_RENTAL_NOT_EVALUATED,,,0.0,,NONE,False,NONE,OFFPLAN_RENTAL_NOT_EVALUATED,,Offplan properties not evaluated for current rent,,,,,,,,,,,,,,,,,,,,,,,,,
229,offplan,Dubai Hills Estate,address residences dubai hills estate,1.0,749.0,1900000.0,DLD_MISSING,OFFPLAN_RENTAL_NOT_EVALUATED,,,0.0,,NONE,False,NONE,OFFPLAN_RENTAL_NOT_EVALUATED,,Offplan properties not evaluated for current rent,,,,,,,,,,,,,,,,,,,,,,,,,
4393,offplan,Jumeirah village circle,trevino,1.0,692.0,1270000.0,DLD_MATCH,OFFPLAN_RENTAL_NOT_EVALUATED,,,0.0,,NONE,False,NONE,OFFPLAN_RENTAL_NOT_EVALUATED,,Offplan properties not evaluated for current rent,,,,,,,,,,,,,,,,,,,,,,,,,
1631,offplan,Dubai Islands,flow residences,3.0,2068.0,4650000.0,DLD_MATCH,OFFPLAN_RENTAL_NOT_EVALUATED,,,0.0,,NONE,False,NONE,OFFPLAN_RENTAL_NOT_EVALUATED,,Offplan properties not evaluated for current rent,,,,,,,,,,,,,,,,,,,,,,,,,
5559,offplan,Town Square Dubai,odessa,3.0,1546.0,2399890.0,DLD_MATCH,OFFPLAN_RENTAL_NOT_EVALUATED,,,0.0,,NONE,False,NONE,OFFPLAN_RENTAL_NOT_EVALUATED,,Offplan properties not evaluated for current rent,,,,,,,,,,,,,,,,,,,,,,,,,
8392,offplan,Discovery Gardens,havelock residences,1.0,897.0,1050000.0,DLD_MATCH,OFFPLAN_RENTAL_NOT_EVALUATED,,,0.0,,NONE,False,NONE,OFFPLAN_RENTAL_NOT_EVALUATED,,Offplan properties not evaluated for current rent,,,,,,,,,,,,,,,,,,,,,,,,,
2215,offplan,Arjan,binghatti hillcrest,1.0,700.0,1299999.0,DLD_MATCH,OFFPLAN_RENTAL_NOT_EVALUATED,,,0.0,,NONE,False,NONE,OFFPLAN_RENTAL_NOT_EVALUATED,,Offplan properties not evaluated for current rent,,,,,,,,,,,,,,,,,,,,,,,,,
7602,offplan,Al Furjan,v1stara house,2.0,1273.0,1690170.0,DLD_MISSING,OFFPLAN_RENTAL_NOT_EVALUATED,,,0.0,,NONE,False,NONE,OFFPLAN_RENTAL_NOT_EVALUATED,,Offplan properties not evaluated for current rent,,,,,,,,,,,,,,,,,,,,,,,,,
4072,offplan,Dubai Islands,aquora,1.0,865.0,2300000.0,DLD_MISSING,OFFPLAN_RENTAL_NOT_EVALUATED,,,0.0,,NONE,False,NONE,OFFPLAN_RENTAL_NOT_EVALUATED,,Offplan properties not evaluated for current rent,,,,,,,,,,,,,,,,,,,,,,,,,
8115,offplan,Dubai Marina,sobha seahaven,1.0,1130.0,4519120.0,DLD_MISSING,OFFPLAN_RENTAL_NOT_EVALUATED,,,0.0,,NONE,False,NONE,OFFPLAN_RENTAL_NOT_EVALUATED,,Offplan properties not evaluated for current rent,,,,,,,,,,,,,,,,,,,,,,,,,
984,offplan,Dubai Land Residence Complex,samana parkville,0.0,420.0,776667.0,DLD_MATCH,OFFPLAN_RENTAL_NOT_EVALUATED,,,0.0,,NONE,False,NONE,OFFPLAN_RENTAL_NOT_EVALUATED,,Offplan properties not evaluated for current rent,,,,,,,,,,,,,,,,,,,,,,,,,
454,offplan,Dubai South,cresswell views,2.0,1313.0,1520000.0,DLD_MATCH,OFFPLAN_RENTAL_NOT_EVALUATED,,,0.0,,NONE,False,NONE,OFFPLAN_RENTAL_NOT_EVALUATED,,Offplan properties not evaluated for current rent,,,,,,,,,,,,,,,,,,,,,,,,,
5454,offplan,Dubai Science Park,binghatti hillviews,1.0,855.0,1224000.0,DLD_MATCH,OFFPLAN_RENTAL_NOT_EVALUATED,,,0.0,,NONE,False,NONE,OFFPLAN_RENTAL_NOT_EVALUATED,,Offplan properties not evaluated for current rent,,,,,,,,,,,,,,,,,,,,,,,,,
6676,offplan,Al Jadaf Waterfront,binghatti pinnacle,2.0,1067.0,2324999.0,DLD_MATCH,OFFPLAN_RENTAL_NOT_EVALUATED,,,0.0,,NONE,False,NONE,OFFPLAN_RENTAL_NOT_EVALUATED,,Offplan properties not evaluated for current rent,,,,,,,,,,,,,,,,,,,,,,,,,
1538,offplan,Al Furjan,celeste heights,2.0,1190.0,1625000.0,DLD_MISSING,OFFPLAN_RENTAL_NOT_EVALUATED,,,0.0,,NONE,False,NONE,OFFPLAN_RENTAL_NOT_EVALUATED,,Offplan properties not evaluated for current rent,,,,,,,,,,,,,,,,,,,,,,,,,
7286,ready,Business Bay,binghatti canal,0.0,491.0,1300000.0,DLD_MATCH,R3,64757.19113390995,4.98132239491615,64.0,median_psf_times_size,AREA_BEDROOM_LEVEL,False,NONE,SHADOW_RESEARCH,Business Bay,,45.6,0.0,,,insufficient_data,0.0,True,21.0,76500.0,82270.61886864575,median_psf_times_size,0.8,False,64.0,62700.0,64757.19113390995,median_psf_times_size,0.6,False,2436.0,65000.0,67081.45976476648,median_psf_times_size,0.4,False
486,offplan,Palm Jumeirah,passo by beyond,1.0,840.0,5500000.0,DLD_MATCH,OFFPLAN_RENTAL_NOT_EVALUATED,,,0.0,,NONE,False,NONE,OFFPLAN_RENTAL_NOT_EVALUATED,,Offplan properties not evaluated for current rent,,,,,,,,,,,,,,,,,,,,,,,,,
1256,offplan,Business Bay,one river point,0.0,487.0,1400000.0,DLD_MATCH,OFFPLAN_RENTAL_NOT_EVALUATED,,,0.0,,NONE,False,NONE,OFFPLAN_RENTAL_NOT_EVALUATED,,Offplan properties not evaluated for current rent,,,,,,,,,,,,,,,,,,,,,,,,,
6770,offplan,Arjan,kyoto by oro24,2.0,989.0,1300000.0,DLD_MATCH,OFFPLAN_RENTAL_NOT_EVALUATED,,,0.0,,NONE,False,NONE,OFFPLAN_RENTAL_NOT_EVALUATED,,Offplan properties not evaluated for current rent,,,,,,,,,,,,,,,,,,,,,,,,,
7154,offplan,Siniya Island,pearlside marina residences,3.0,2164.0,6167946.0,DLD_MISSING,OFFPLAN_RENTAL_NOT_EVALUATED,,,0.0,,NONE,False,NONE,OFFPLAN_RENTAL_NOT_EVALUATED,,Offplan properties not evaluated for current rent,,,,,,,,,,,,,,,,,,,,,,,,,
7212,offplan,Dubai South,dubai south by dugasta,1.0,718.0,1077000.0,DLD_MISSING,OFFPLAN_RENTAL_NOT_EVALUATED,,,0.0,,NONE,False,NONE,OFFPLAN_RENTAL_NOT_EVALUATED,,Offplan properties not evaluated for current rent,,,,,,,,,,,,,,,,,,,,,,,,,
7805,offplan,Dubai South,timber terrace,3.0,1233.0,2038000.0,DLD_MATCH,OFFPLAN_RENTAL_NOT_EVALUATED,,,0.0,,NONE,False,NONE,OFFPLAN_RENTAL_NOT_EVALUATED,,Offplan properties not evaluated for current rent,,,,,,,,,,,,,,,,,,,,,,,,,
7536,offplan,Dubai Silicon Oasis,belle vie,0.0,416.0,670000.0,DLD_MISSING,OFFPLAN_RENTAL_NOT_EVALUATED,,,0.0,,NONE,False,NONE,OFFPLAN_RENTAL_NOT_EVALUATED,,Offplan properties not evaluated for current rent,,,,,,,,,,,,,,,,,,,,,,,,,
4619,offplan,Jumeirah village circle,belle rêve,0.0,434.0,670000.0,DLD_MISSING,OFFPLAN_RENTAL_NOT_EVALUATED,,,0.0,,NONE,False,NONE,OFFPLAN_RENTAL_NOT_EVALUATED,,Offplan properties not evaluated for current rent,,,,,,,,,,,,,,,,,,,,,,,,,
3963,offplan,Arjan,one beverly,0.0,388.0,675000.0,DLD_MATCH,OFFPLAN_RENTAL_NOT_EVALUATED,,,0.0,,NONE,False,NONE,OFFPLAN_RENTAL_NOT_EVALUATED,,Offplan properties not evaluated for current rent,,,,,,,,,,,,,,,,,,,,,,,,,
2179,offplan,Dubai Land Residence Complex,aark terraces,1.0,784.0,1084890.0,DLD_MISSING,OFFPLAN_RENTAL_NOT_EVALUATED,,,0.0,,NONE,False,NONE,OFFPLAN_RENTAL_NOT_EVALUATED,,Offplan properties not evaluated for current rent,,,,,,,,,,,,,,,,,,,,,,,,,
5776,offplan,Dubai Hills Estate,palace residences dubai hills estate,2.0,1206.0,2700000.0,DLD_MATCH,OFFPLAN_RENTAL_NOT_EVALUATED,,,0.0,,NONE,False,NONE,OFFPLAN_RENTAL_NOT_EVALUATED,,Offplan properties not evaluated for current rent,,,,,,,,,,,,,,,,,,,,,,,,,
1985,offplan,Dubai Islands,vue dorée,1.0,831.0,1931602.0,DLD_MISSING,OFFPLAN_RENTAL_NOT_EVALUATED,,,0.0,,NONE,False,NONE,OFFPLAN_RENTAL_NOT_EVALUATED,,Offplan properties not evaluated for current rent,,,,,,,,,,,,,,,,,,,,,,,,,
101,ready,Emaar South,golf edge,2.0,1181.0,1730000.0,DLD_MATCH,R4,85623.12017686992,4.9493133050213824,1283.0,median_psf_times_size,AREA_LEVEL,False,NONE,SHADOW_RESEARCH,Madinat Al Mataar,,109.7,0.0,,,insufficient_data,0.0,True,0.0,,,insufficient_data,0.0,True,0.0,,,insufficient_data,0.0,True,1283.0,83000.0,85623.12017686992,median_psf_times_size,0.4,False
6599,offplan,Jumeirah Village Triangle,volga tower,4.0,2234.0,3909780.0,DLD_MATCH,OFFPLAN_RENTAL_NOT_EVALUATED,,,0.0,,NONE,False,NONE,OFFPLAN_RENTAL_NOT_EVALUATED,,Offplan properties not evaluated for current rent,,,,,,,,,,,,,,,,,,,,,,,,,
3337,offplan,Jumeirah Garden City,mayfair gardens,1.0,819.0,1607446.0,DLD_MISSING,OFFPLAN_RENTAL_NOT_EVALUATED,,,0.0,,NONE,False,NONE,OFFPLAN_RENTAL_NOT_EVALUATED,,Offplan properties not evaluated for current rent,,,,,,,,,,,,,,,,,,,,,,,,,
6562,offplan,Al Furjan,azizi ameer,2.0,797.0,1269000.0,DLD_MISSING,OFFPLAN_RENTAL_NOT_EVALUATED,,,0.0,,NONE,False,NONE,OFFPLAN_RENTAL_NOT_EVALUATED,,Offplan properties not evaluated for current rent,,,,,,,,,,,,,,,,,,,,,,,,,
2022,offplan,Jumeirah Lake Towers,diamondz,2.0,1107.0,2500000.0,DLD_MISSING,OFFPLAN_RENTAL_NOT_EVALUATED,,,0.0,,NONE,False,NONE,OFFPLAN_RENTAL_NOT_EVALUATED,,Offplan properties not evaluated for current rent,,,,,,,,,,,,,,,,,,,,,,,,,
1723,offplan,Arjan,binghatti hillcrest,0.0,337.0,799999.0,DLD_MATCH,OFFPLAN_RENTAL_NOT_EVALUATED,,,0.0,,NONE,False,NONE,OFFPLAN_RENTAL_NOT_EVALUATED,,Offplan properties not evaluated for current rent,,,,,,,,,,,,,,,,,,,,,,,,,
2941,offplan,Sobha Hartland 2,310 riverside crescent,1.0,709.0,1595770.0,DLD_MATCH,OFFPLAN_RENTAL_NOT_EVALUATED,,,0.0,,NONE,False,NONE,OFFPLAN_RENTAL_NOT_EVALUATED,,Offplan properties not evaluated for current rent,,,,,,,,,,,,,,,,,,,,,,,,,
4148,offplan,Jumeirah village circle,legado by prescott,2.0,1496.0,1700000.0,DLD_MATCH,OFFPLAN_RENTAL_NOT_EVALUATED,,,0.0,,NONE,False,NONE,OFFPLAN_RENTAL_NOT_EVALUATED,,Offplan properties not evaluated for current rent,,,,,,,,,,,,,,,,,,,,,,,,,
4980,offplan,Wasl Gate,omya residence,1.0,548.0,989900.0,DLD_MISSING,OFFPLAN_RENTAL_NOT_EVALUATED,,,0.0,,NONE,False,NONE,OFFPLAN_RENTAL_NOT_EVALUATED,,Offplan properties not evaluated for current rent,,,,,,,,,,,,,,,,,,,,,,,,,
4819,offplan,Dubai Land Residence Complex,coventry gardens,1.0,688.0,819000.0,DLD_MATCH,OFFPLAN_RENTAL_NOT_EVALUATED,,,0.0,,NONE,False,NONE,OFFPLAN_RENTAL_NOT_EVALUATED,,Offplan properties not evaluated for current rent,,,,,,,,,,,,,,,,,,,,,,,,,
7508,offplan,Business Bay,bayz 102,3.0,1610.0,4867000.0,DLD_MISSING,OFFPLAN_RENTAL_NOT_EVALUATED,,,0.0,,NONE,False,NONE,OFFPLAN_RENTAL_NOT_EVALUATED,,Offplan properties not evaluated for current rent,,,,,,,,,,,,,,,,,,,,,,,,,
7712,offplan,Dubai Land Residence Complex,the corner,2.0,1011.0,1142010.0,DLD_MATCH,OFFPLAN_RENTAL_NOT_EVALUATED,,,0.0,,NONE,False,NONE,OFFPLAN_RENTAL_NOT_EVALUATED,,Offplan properties not evaluated for current rent,,,,,,,,,,,,,,,,,,,,,,,,,
7889,offplan,Jumeirah village circle,avant garde residences by skyline,2.0,1353.0,1600000.0,DLD_NO_EVIDENCE,OFFPLAN_RENTAL_NOT_EVALUATED,,,0.0,,NONE,False,NONE,OFFPLAN_RENTAL_NOT_EVALUATED,,Offplan properties not evaluated for current rent,,,,,,,,,,,,,,,,,,,,,,,,,
609,offplan,Meydan City,al vista,1.0,722.0,1624597.0,DLD_MATCH,OFFPLAN_RENTAL_NOT_EVALUATED,,,0.0,,NONE,False,NONE,OFFPLAN_RENTAL_NOT_EVALUATED,,Offplan properties not evaluated for current rent,,,,,,,,,,,,,,,,,,,,,,,,,
5877,offplan,Town Square Dubai,evelyn on the park,3.0,1473.0,2731888.0,DLD_MATCH,OFFPLAN_RENTAL_NOT_EVALUATED,,,0.0,,NONE,False,NONE,OFFPLAN_RENTAL_NOT_EVALUATED,,Offplan properties not evaluated for current rent,,,,,,,,,,,,,,,,,,,,,,,,,
1059,offplan,Dubai Production City,golf terrace residences,0.0,476.0,688000.0,DLD_MISSING,OFFPLAN_RENTAL_NOT_EVALUATED,,,0.0,,NONE,False,NONE,OFFPLAN_RENTAL_NOT_EVALUATED,,Offplan properties not evaluated for current rent,,,,,,,,,,,,,,,,,,,,,,,,,
5203,ready,Business Bay,urban oasis by missoni,0.0,323.0,958000.0,DLD_MISSING,R4,54005.116953314384,5.637277343769768,213.0,median_psf_times_size,AREA_LEVEL,False,NONE,SHADOW_RESEARCH,Business Bay,,30.0,0.0,,,insufficient_data,0.0,True,0.0,,,insufficient_data,0.0,True,2.0,,,insufficient_data,0.0,True,213.0,60000.0,54005.116953314384,median_psf_times_size,0.4,False
6823,offplan,Dubai Motor City,beverly grande,0.0,411.0,765000.0,DLD_MATCH,OFFPLAN_RENTAL_NOT_EVALUATED,,,0.0,,NONE,False,NONE,OFFPLAN_RENTAL_NOT_EVALUATED,,Offplan properties not evaluated for current rent,,,,,,,,,,,,,,,,,,,,,,,,,
3830,ready,Business Bay,the paragon by igo,3.0,2382.0,4000000.0,DLD_MATCH,R4,202045.6054185092,5.05114013546273,637.0,median_psf_times_size,AREA_LEVEL,False,NONE,SHADOW_RESEARCH,Business Bay,,221.3,0.0,,,insufficient_data,0.0,True,2.0,,,insufficient_data,0.0,True,0.0,,,insufficient_data,0.0,True,637.0,180000.0,202045.6054185092,median_psf_times_size,0.4,False
273,offplan,Town Square Dubai,fiori residences,1.0,636.0,1030888.0,DLD_MISSING,OFFPLAN_RENTAL_NOT_EVALUATED,,,0.0,,NONE,False,NONE,OFFPLAN_RENTAL_NOT_EVALUATED,,Offplan properties not evaluated for current rent,,,,,,,,,,,,,,,,,,,,,,,,,
3195,unknown,Jumeirah Village Triangle,s1lva park,1.0,606.0,1047000.0,DLD_MISSING,STATUS_NOT_ELIGIBLE_FOR_CURRENT_RENT,,,0.0,,NONE,False,NONE,STATUS_NOT_ELIGIBLE_FOR_CURRENT_RENT,,Unknown status properties not evaluated for current rent,,,,,,,,,,,,,,,,,,,,,,,,,
7282,ready,Arjan,48 parkside,2.0,1186.0,1645790.0,DLD_MATCH,R4,82172.41015402088,4.992885492925639,2036.0,median_psf_times_size,AREA_LEVEL,False,NONE,SHADOW_RESEARCH,Al Barshaa South Third,,110.2,0.0,,,insufficient_data,0.0,True,3.0,,,insufficient_data,0.0,True,0.0,,,insufficient_data,0.0,True,2036.0,80000.0,82172.41015402088,median_psf_times_size,0.4,False
7138,offplan,Business Bay,burj binghatti jacob and co residences,2.0,3264.0,8550000.0,DLD_MISSING,OFFPLAN_RENTAL_NOT_EVALUATED,,,0.0,,NONE,False,NONE,OFFPLAN_RENTAL_NOT_EVALUATED,,Offplan properties not evaluated for current rent,,,,,,,,,,,,,,,,,,,,,,,,,
3582,offplan,Arjan,floarea residence,2.0,1159.0,1300000.0,DLD_NO_EVIDENCE,OFFPLAN_RENTAL_NOT_EVALUATED,,,0.0,,NONE,False,NONE,OFFPLAN_RENTAL_NOT_EVALUATED,,Offplan properties not evaluated for current rent,,,,,,,,,,,,,,,,,,,,,,,,,
1444,offplan,Dubai Land Residence Complex,weybridge gardens 5,2.0,1151.0,1493430.0,DLD_MATCH,OFFPLAN_RENTAL_NOT_EVALUATED,,,0.0,,NONE,False,NONE,OFFPLAN_RENTAL_NOT_EVALUATED,,Offplan properties not evaluated for current rent,,,,,,,,,,,,,,,,,,,,,,,,,
3555,offplan,Dubai Hills Estate,parkside views,2.0,1061.0,2300000.0,DLD_MATCH,OFFPLAN_RENTAL_NOT_EVALUATED,,,0.0,,NONE,False,NONE,OFFPLAN_RENTAL_NOT_EVALUATED,,Offplan properties not evaluated for current rent,,,,,,,,,,,,,,,,,,,,,,,,,
4338,offplan,Dubai Motor City,sierra by iman,2.0,1072.0,1760000.0,DLD_MATCH,OFFPLAN_RENTAL_NOT_EVALUATED,,,0.0,,NONE,False,NONE,OFFPLAN_RENTAL_NOT_EVALUATED,,Offplan properties not evaluated for current rent,,,,,,,,,,,,,,,,,,,,,,,,,
1379,offplan,Arjan,parkside boulevard,2.0,1267.0,1663450.0,DLD_MATCH,OFFPLAN_RENTAL_NOT_EVALUATED,,,0.0,,NONE,False,NONE,OFFPLAN_RENTAL_NOT_EVALUATED,,Offplan properties not evaluated for current rent,,,,,,,,,,,,,,,,,,,,,,,,,
3961,offplan,Al Reem island,vista 3,1.0,534.0,1081200.0,DLD_MISSING,OFFPLAN_RENTAL_NOT_EVALUATED,,,0.0,,NONE,False,NONE,OFFPLAN_RENTAL_NOT_EVALUATED,,Offplan properties not evaluated for current rent,,,,,,,,,,,,,,,,,,,,,,,,,
13,offplan,Sobha Hartland 2,360 riverside crescent,1.0,690.0,1621660.0,DLD_MATCH,OFFPLAN_RENTAL_NOT_EVALUATED,,,0.0,,NONE,False,NONE,OFFPLAN_RENTAL_NOT_EVALUATED,,Offplan properties not evaluated for current rent,,,,,,,,,,,,,,,,,,,,,,,,,
7389,offplan,Expo City,terra gardens,1.0,,1550000.0,DLD_MATCH,OFFPLAN_RENTAL_NOT_EVALUATED,,,0.0,,NONE,False,NONE,OFFPLAN_RENTAL_NOT_EVALUATED,,Offplan properties not evaluated for current rent,,,,,,,,,,,,,,,,,,,,,,,,,
6488,offplan,Arjan,floarea grande,1.0,835.0,1110000.0,DLD_MATCH,OFFPLAN_RENTAL_NOT_EVALUATED,,,0.0,,NONE,False,NONE,OFFPLAN_RENTAL_NOT_EVALUATED,,Offplan properties not evaluated for current rent,,,,,,,,,,,,,,,,,,,,,,,,,
2187,offplan,Dubai Marina,pelagos by igo,1.0,758.0,2100000.0,DLD_MATCH,OFFPLAN_RENTAL_NOT_EVALUATED,,,0.0,,NONE,False,NONE,OFFPLAN_RENTAL_NOT_EVALUATED,,Offplan properties not evaluated for current rent,,,,,,,,,,,,,,,,,,,,,,,,,
3381,offplan,Dubai Hills Estate,parkside hills,2.0,1067.0,2200000.0,DLD_MATCH,OFFPLAN_RENTAL_NOT_EVALUATED,,,0.0,,NONE,False,NONE,OFFPLAN_RENTAL_NOT_EVALUATED,,Offplan properties not evaluated for current rent,,,,,,,,,,,,,,,,,,,,,,,,,
969,offplan,Dubailand,rise by athlon 1,3.0,2089.0,3300363.0,DLD_MATCH,OFFPLAN_RENTAL_NOT_EVALUATED,,,0.0,,NONE,False,NONE,OFFPLAN_RENTAL_NOT_EVALUATED,,Offplan properties not evaluated for current rent,,,,,,,,,,,,,,,,,,,,,,,,,
8413,offplan,Dubai Creek Harbour,aeon,1.0,763.0,1700000.0,DLD_MATCH,OFFPLAN_RENTAL_NOT_EVALUATED,,,0.0,,NONE,False,NONE,OFFPLAN_RENTAL_NOT_EVALUATED,,Offplan properties not evaluated for current rent,,,,,,,,,,,,,,,,,,,,,,,,,
4712,offplan,Dubai Islands,elle residences,3.0,1617.0,5619777.0,DLD_MATCH,OFFPLAN_RENTAL_NOT_EVALUATED,,,0.0,,NONE,False,NONE,OFFPLAN_RENTAL_NOT_EVALUATED,,Offplan properties not evaluated for current rent,,,,,,,,,,,,,,,,,,,,,,,,,
6764,offplan,Dubai Land Residence Complex,saray prime residence,2.0,1285.0,1355000.0,DLD_MATCH,OFFPLAN_RENTAL_NOT_EVALUATED,,,0.0,,NONE,False,NONE,OFFPLAN_RENTAL_NOT_EVALUATED,,Offplan properties not evaluated for current rent,,,,,,,,,,,,,,,,,,,,,,,,,
6550,offplan,Business Bay,century,1.0,708.0,1443590.0,DLD_MATCH,OFFPLAN_RENTAL_NOT_EVALUATED,,,0.0,,NONE,False,NONE,OFFPLAN_RENTAL_NOT_EVALUATED,,Offplan properties not evaluated for current rent,,,,,,,,,,,,,,,,,,,,,,,,,
3216,offplan,Rashid Yachts & Marina,marina views,1.0,742.0,1730000.0,DLD_MATCH,OFFPLAN_RENTAL_NOT_EVALUATED,,,0.0,,NONE,False,NONE,OFFPLAN_RENTAL_NOT_EVALUATED,,Offplan properties not evaluated for current rent,,,,,,,,,,,,,,,,,,,,,,,,,
7835,offplan,Dubai South,windsor house 2,2.0,1127.0,1600000.0,DLD_MISSING,OFFPLAN_RENTAL_NOT_EVALUATED,,,0.0,,NONE,False,NONE,OFFPLAN_RENTAL_NOT_EVALUATED,,Offplan properties not evaluated for current rent,,,,,,,,,,,,,,,,,,,,,,,,,
1124,offplan,Meydan City,binghatti maybach ultimate luxury,2.0,992.0,3200000.0,DLD_MISSING,OFFPLAN_RENTAL_NOT_EVALUATED,,,0.0,,NONE,False,NONE,OFFPLAN_RENTAL_NOT_EVALUATED,,Offplan properties not evaluated for current rent,,,,,,,,,,,,,,,,,,,,,,,,,
7842,ready,Al Furjan,azizi feirouz,1.0,1008.0,1020000.0,DLD_MATCH,R4,70027.4809743339,6.865439311209205,4176.0,median_psf_times_size,AREA_LEVEL,False,NONE,SHADOW_RESEARCH,Jabal Ali First,,93.6,0.0,,,insufficient_data,0.0,True,13.0,73500.0,74717.76408517387,median_psf_times_size,0.65,False,0.0,,,insufficient_data,0.0,True,4176.0,65540.13,70027.4809743339,median_psf_times_size,0.4,False
8446,offplan,Dubai Hills Estate,vida residences club point,2.0,1086.0,2300000.0,DLD_MATCH,OFFPLAN_RENTAL_NOT_EVALUATED,,,0.0,,NONE,False,NONE,OFFPLAN_RENTAL_NOT_EVALUATED,,Offplan properties not evaluated for current rent,,,,,,,,,,,,,,,,,,,,,,,,,
5021,offplan,Rashid Yachts & Marina,bayline,2.0,1209.0,2600000.0,DLD_MATCH,OFFPLAN_RENTAL_NOT_EVALUATED,,,0.0,,NONE,False,NONE,OFFPLAN_RENTAL_NOT_EVALUATED,,Offplan properties not evaluated for current rent,,,,,,,,,,,,,,,,,,,,,,,,,
5100,offplan,Jumeirah village circle,vitality residence,1.0,748.0,1148760.0,DLD_MATCH,OFFPLAN_RENTAL_NOT_EVALUATED,,,0.0,,NONE,False,NONE,OFFPLAN_RENTAL_NOT_EVALUATED,,Offplan properties not evaluated for current rent,,,,,,,,,,,,,,,,,,,,,,,,,
65,offplan,Al Furjan,v1stara house,1.0,809.0,1171140.0,DLD_MISSING,OFFPLAN_RENTAL_NOT_EVALUATED,,,0.0,,NONE,False,NONE,OFFPLAN_RENTAL_NOT_EVALUATED,,Offplan properties not evaluated for current rent,,,,,,,,,,,,,,,,,,,,,,,,,
2967,offplan,Rashid Yachts & Marina,ocean star,2.0,1155.0,2400000.0,DLD_MATCH,OFFPLAN_RENTAL_NOT_EVALUATED,,,0.0,,NONE,False,NONE,OFFPLAN_RENTAL_NOT_EVALUATED,,Offplan properties not evaluated for current rent,,,,,,,,,,,,,,,,,,,,,,,,,
2948,offplan,Town Square Dubai,evelyn on the park,2.0,898.0,1596888.0,DLD_MATCH,OFFPLAN_RENTAL_NOT_EVALUATED,,,0.0,,NONE,False,NONE,OFFPLAN_RENTAL_NOT_EVALUATED,,Offplan properties not evaluated for current rent,,,,,,,,,,,,,,,,,,,,,,,,,
4905,ready,Palm Jumeirah,raffles the palm dubai,4.0,4607.0,35500000.0,DLD_MISSING,R4,438843.7458016883,1.2361795656385586,86.0,median_psf_times_size,AREA_LEVEL,False,NONE,SHADOW_RESEARCH,Palm Jumeirah,,428.0,0.0,,,insufficient_data,0.0,True,0.0,,,insufficient_data,0.0,True,0.0,,,insufficient_data,0.0,True,86.0,440000.0,438843.7458016883,median_psf_times_size,0.4,False
6608,offplan,Jumeirah Village Triangle,binghatti luxuria at jvt,1.0,651.0,1249999.0,DLD_MISSING,OFFPLAN_RENTAL_NOT_EVALUATED,,,0.0,,NONE,False,NONE,OFFPLAN_RENTAL_NOT_EVALUATED,,Offplan properties not evaluated for current rent,,,,,,,,,,,,,,,,,,,,,,,,,
1071,offplan,Dubai Production City,soul by vision,3.0,1729.0,1818600.0,DLD_MATCH,OFFPLAN_RENTAL_NOT_EVALUATED,,,0.0,,NONE,False,NONE,OFFPLAN_RENTAL_NOT_EVALUATED,,Offplan properties not evaluated for current rent,,,,,,,,,,,,,,,,,,,,,,,,,
2573,offplan,Sobha One,sobha one,1.0,733.0,1685950.0,DLD_MATCH,OFFPLAN_RENTAL_NOT_EVALUATED,,,0.0,,NONE,False,NONE,OFFPLAN_RENTAL_NOT_EVALUATED,,Offplan properties not evaluated for current rent,,,,,,,,,,,,,,,,,,,,,,,,,
6108,offplan,Jumeirah village circle,105 residences,1.0,686.0,1060000.0,DLD_MISSING,OFFPLAN_RENTAL_NOT_EVALUATED,,,0.0,,NONE,False,NONE,OFFPLAN_RENTAL_NOT_EVALUATED,,Offplan properties not evaluated for current rent,,,,,,,,,,,,,,,,,,,,,,,,,
2853,offplan,Jumeirah village circle,binghatti amberhall,0.0,392.0,745000.0,DLD_MATCH,OFFPLAN_RENTAL_NOT_EVALUATED,,,0.0,,NONE,False,NONE,OFFPLAN_RENTAL_NOT_EVALUATED,,Offplan properties not evaluated for current rent,,,,,,,,,,,,,,,,,,,,,,,,,
5981,ready,Dubai South,divine elements,2.0,929.0,1275000.0,DLD_MATCH,R4,69888.74948132754,5.4814705475551015,1092.0,median_psf_times_size,AREA_LEVEL,False,NONE,SHADOW_RESEARCH,Madinat Al Mataar,,86.3,0.0,,,insufficient_data,0.0,True,0.0,,,insufficient_data,0.0,True,0.0,,,insufficient_data,0.0,True,1092.0,66500.0,69888.74948132754,median_psf_times_size,0.4,False
4866,offplan,Dubai Islands,aquora,2.0,1613.0,3800000.0,DLD_MISSING,OFFPLAN_RENTAL_NOT_EVALUATED,,,0.0,,NONE,False,NONE,OFFPLAN_RENTAL_NOT_EVALUATED,,Offplan properties not evaluated for current rent,,,,,,,,,,,,,,,,,,,,,,,,,
7063,offplan,Jumeirah village circle,tetr1s tower,0.0,412.0,737000.0,DLD_MISSING,OFFPLAN_RENTAL_NOT_EVALUATED,,,0.0,,NONE,False,NONE,OFFPLAN_RENTAL_NOT_EVALUATED,,Offplan properties not evaluated for current rent,,,,,,,,,,,,,,,,,,,,,,,,,
2195,offplan,Dubai Land Residence Complex,rivo,2.0,1194.0,1445000.0,DLD_MATCH,OFFPLAN_RENTAL_NOT_EVALUATED,,,0.0,,NONE,False,NONE,OFFPLAN_RENTAL_NOT_EVALUATED,,Offplan properties not evaluated for current rent,,,,,,,,,,,,,,,,,,,,,,,,,
6733,ready,Dubai South,divine elements,1.0,,980000.0,DLD_MATCH,R4,60000.0,6.122448979591836,4783.0,median_annual,AREA_LEVEL,False,NONE,SHADOW_RESEARCH,Madinat Al Mataar,,,0.0,,,insufficient_data,0.0,True,0.0,,,insufficient_data,0.0,True,0.0,,,insufficient_data,0.0,True,4783.0,60000.0,60000.0,median_annual,0.4,False
2167,offplan,Jumeirah Village Triangle,altai tower,2.0,1023.0,1396980.0,DLD_NO_EVIDENCE,OFFPLAN_RENTAL_NOT_EVALUATED,,,0.0,,NONE,False,NONE,OFFPLAN_RENTAL_NOT_EVALUATED,,Offplan properties not evaluated for current rent,,,,,,,,,,,,,,,,,,,,,,,,,
2338,offplan,Discovery Gardens,the serene at sobha central,1.0,644.0,1818195.0,DLD_MISSING,OFFPLAN_RENTAL_NOT_EVALUATED,,,0.0,,NONE,False,NONE,OFFPLAN_RENTAL_NOT_EVALUATED,,Offplan properties not evaluated for current rent,,,,,,,,,,,,,,,,,,,,,,,,,
2864,offplan,Dubai Maritime City,soulever by beyond,4.0,3060.0,12857000.0,DLD_MATCH,OFFPLAN_RENTAL_NOT_EVALUATED,,,0.0,,NONE,False,NONE,OFFPLAN_RENTAL_NOT_EVALUATED,,Offplan properties not evaluated for current rent,,,,,,,,,,,,,,,,,,,,,,,,,
1267,offplan,Wasl Gate,omya residence,2.0,770.0,1199900.0,DLD_MISSING,OFFPLAN_RENTAL_NOT_EVALUATED,,,0.0,,NONE,False,NONE,OFFPLAN_RENTAL_NOT_EVALUATED,,Offplan properties not evaluated for current rent,,,,,,,,,,,,,,,,,,,,,,,,,
808,offplan,Dubai Land Residence Complex,marquis vista,1.0,800.0,1050000.0,DLD_MATCH,OFFPLAN_RENTAL_NOT_EVALUATED,,,0.0,,NONE,False,NONE,OFFPLAN_RENTAL_NOT_EVALUATED,,Offplan properties not evaluated for current rent,,,,,,,,,,,,,,,,,,,,,,,,,
3149,offplan,Arjan,marquis one,2.0,1200.0,1700000.0,DLD_MATCH,OFFPLAN_RENTAL_NOT_EVALUATED,,,0.0,,NONE,False,NONE,OFFPLAN_RENTAL_NOT_EVALUATED,,Offplan properties not evaluated for current rent,,,,,,,,,,,,,,,,,,,,,,,,,
862,offplan,EMAAR Beachfront,bayview by address resorts,4.0,2463.0,19999900.0,DLD_MISSING,OFFPLAN_RENTAL_NOT_EVALUATED,,,0.0,,NONE,False,NONE,OFFPLAN_RENTAL_NOT_EVALUATED,,Offplan properties not evaluated for current rent,,,,,,,,,,,,,,,,,,,,,,,,,
836,offplan,Dubai Motor City,takaya,5.0,6078.0,10520800.0,DLD_MATCH,OFFPLAN_RENTAL_NOT_EVALUATED,,,0.0,,NONE,False,NONE,OFFPLAN_RENTAL_NOT_EVALUATED,,Offplan properties not evaluated for current rent,,,,,,,,,,,,,,,,,,,,,,,,,
5637,offplan,Jumeirah village circle,waref residences,1.0,818.0,1186100.0,DLD_MISSING,OFFPLAN_RENTAL_NOT_EVALUATED,,,0.0,,NONE,False,NONE,OFFPLAN_RENTAL_NOT_EVALUATED,,Offplan properties not evaluated for current rent,,,,,,,,,,,,,,,,,,,,,,,,,
2334,offplan,Dubai Motor City,velos residence,0.0,341.0,795777.0,DLD_MATCH,OFFPLAN_RENTAL_NOT_EVALUATED,,,0.0,,NONE,False,NONE,OFFPLAN_RENTAL_NOT_EVALUATED,,Offplan properties not evaluated for current rent,,,,,,,,,,,,,,,,,,,,,,,,,
2269,offplan,Dubai Hills Estate,ellington house iv,1.0,817.0,2000000.0,DLD_MATCH,OFFPLAN_RENTAL_NOT_EVALUATED,,,0.0,,NONE,False,NONE,OFFPLAN_RENTAL_NOT_EVALUATED,,Offplan properties not evaluated for current rent,,,,,,,,,,,,,,,,,,,,,,,,,
5376,offplan,Dubai Motor City,sobha solis,2.0,1125.0,2210510.0,DLD_MATCH,OFFPLAN_RENTAL_NOT_EVALUATED,,,0.0,,NONE,False,NONE,OFFPLAN_RENTAL_NOT_EVALUATED,,Offplan properties not evaluated for current rent,,,,,,,,,,,,,,,,,,,,,,,,,
6364,offplan,Wasl Gate,omya residence,0.0,348.0,634900.0,DLD_MISSING,OFFPLAN_RENTAL_NOT_EVALUATED,,,0.0,,NONE,False,NONE,OFFPLAN_RENTAL_NOT_EVALUATED,,Offplan properties not evaluated for current rent,,,,,,,,,,,,,,,,,,,,,,,,,
3502,offplan,Dubai Sports City,binghatti haven,2.0,1132.0,1700000.0,DLD_MATCH,OFFPLAN_RENTAL_NOT_EVALUATED,,,0.0,,NONE,False,NONE,OFFPLAN_RENTAL_NOT_EVALUATED,,Offplan properties not evaluated for current rent,,,,,,,,,,,,,,,,,,,,,,,,,
4971,offplan,Wasl Gate,taiyo residences,0.0,386.0,655000.0,DLD_MATCH,OFFPLAN_RENTAL_NOT_EVALUATED,,,0.0,,NONE,False,NONE,OFFPLAN_RENTAL_NOT_EVALUATED,,Offplan properties not evaluated for current rent,,,,,,,,,,,,,,,,,,,,,,,,,
7543,offplan,Dubai Islands,vue dorée,2.0,1212.0,2694056.0,DLD_MISSING,OFFPLAN_RENTAL_NOT_EVALUATED,,,0.0,,NONE,False,NONE,OFFPLAN_RENTAL_NOT_EVALUATED,,Offplan properties not evaluated for current rent,,,,,,,,,,,,,,,,,,,,,,,,,
6713,offplan,Dubai Water Canal,casa canal,4.0,5532.0,32500000.0,DLD_MATCH,OFFPLAN_RENTAL_NOT_EVALUATED,,,0.0,,NONE,False,NONE,OFFPLAN_RENTAL_NOT_EVALUATED,,Offplan properties not evaluated for current rent,,,,,,,,,,,,,,,,,,,,,,,,,
3029,offplan,Business Bay,the quayside,2.0,1420.0,3700000.0,DLD_MATCH,OFFPLAN_RENTAL_NOT_EVALUATED,,,0.0,,NONE,False,NONE,OFFPLAN_RENTAL_NOT_EVALUATED,,Offplan properties not evaluated for current rent,,,,,,,,,,,,,,,,,,,,,,,,,
7564,offplan,Jumeirah Village Triangle,elar1s sky,2.0,1152.0,1683000.0,DLD_MISSING,OFFPLAN_RENTAL_NOT_EVALUATED,,,0.0,,NONE,False,NONE,OFFPLAN_RENTAL_NOT_EVALUATED,,Offplan properties not evaluated for current rent,,,,,,,,,,,,,,,,,,,,,,,,,
8220,ready,Palm Jumeirah,the palm tower,1.0,1054.0,4500000.0,DLD_MATCH,R2,250196.0691390046,5.5599126475334355,38.0,median_psf_times_size,PROJECT_LEVEL,False,NONE,SHADOW_RESEARCH,Palm Jumeirah,,97.9,0.0,,,insufficient_data,0.0,True,38.0,250000.0,250196.0691390046,median_psf_times_size,0.8,False,0.0,,,insufficient_data,0.0,True,297.0,145000.0,138122.72544680518,median_psf_times_size,0.4,False
1812,offplan,Jumeirah village circle,azizi ruby,1.0,689.0,1088000.0,DLD_MATCH,OFFPLAN_RENTAL_NOT_EVALUATED,,,0.0,,NONE,False,NONE,OFFPLAN_RENTAL_NOT_EVALUATED,,Offplan properties not evaluated for current rent,,,,,,,,,,,,,,,,,,,,,,,,,
5644,offplan,Jumeirah village circle,one park square,2.0,1151.0,1743870.0,DLD_MISSING,OFFPLAN_RENTAL_NOT_EVALUATED,,,0.0,,NONE,False,NONE,OFFPLAN_RENTAL_NOT_EVALUATED,,Offplan properties not evaluated for current rent,,,,,,,,,,,,,,,,,,,,,,,,,
3165,offplan,Dubai Land Residence Complex,forest city 2,2.0,1340.0,1400000.0,DLD_MISSING,OFFPLAN_RENTAL_NOT_EVALUATED,,,0.0,,NONE,False,NONE,OFFPLAN_RENTAL_NOT_EVALUATED,,Offplan properties not evaluated for current rent,,,,,,,,,,,,,,,,,,,,,,,,,
4658,offplan,Jumeirah village circle,lume residences,2.0,1118.0,1561780.0,DLD_MATCH,OFFPLAN_RENTAL_NOT_EVALUATED,,,0.0,,NONE,False,NONE,OFFPLAN_RENTAL_NOT_EVALUATED,,Offplan properties not evaluated for current rent,,,,,,,,,,,,,,,,,,,,,,,,,
1712,offplan,Jumeirah village circle,oxford 10,2.0,1700.0,1890000.0,DLD_MISSING,OFFPLAN_RENTAL_NOT_EVALUATED,,,0.0,,NONE,False,NONE,OFFPLAN_RENTAL_NOT_EVALUATED,,Offplan properties not evaluated for current rent,,,,,,,,,,,,,,,,,,,,,,,,,
1292,offplan,Meydan City,binghatti maybach ultimate luxury,1.0,617.0,2300000.0,DLD_MISSING,OFFPLAN_RENTAL_NOT_EVALUATED,,,0.0,,NONE,False,NONE,OFFPLAN_RENTAL_NOT_EVALUATED,,Offplan properties not evaluated for current rent,,,,,,,,,,,,,,,,,,,,,,,,,
4634,offplan,Jumeirah Village Triangle,binghatti luxuria at jvt,0.0,336.0,766999.0,DLD_MISSING,OFFPLAN_RENTAL_NOT_EVALUATED,,,0.0,,NONE,False,NONE,OFFPLAN_RENTAL_NOT_EVALUATED,,Offplan properties not evaluated for current rent,,,,,,,,,,,,,,,,,,,,,,,,,
2670,offplan,Dubai South,coventry 66,2.0,1102.0,1194000.0,DLD_MATCH,OFFPLAN_RENTAL_NOT_EVALUATED,,,0.0,,NONE,False,NONE,OFFPLAN_RENTAL_NOT_EVALUATED,,Offplan properties not evaluated for current rent,,,,,,,,,,,,,,,,,,,,,,,,,
4869,offplan,Town Square Dubai,olbia,3.0,1401.0,2200000.0,DLD_MATCH,OFFPLAN_RENTAL_NOT_EVALUATED,,,0.0,,NONE,False,NONE,OFFPLAN_RENTAL_NOT_EVALUATED,,Offplan properties not evaluated for current rent,,,,,,,,,,,,,,,,,,,,,,,,,
5030,offplan,Dubai Motor City,ananda towers,0.0,393.0,658000.0,DLD_MISSING,OFFPLAN_RENTAL_NOT_EVALUATED,,,0.0,,NONE,False,NONE,OFFPLAN_RENTAL_NOT_EVALUATED,,Offplan properties not evaluated for current rent,,,,,,,,,,,,,,,,,,,,,,,,,
7149,offplan,Dubai Investments Park,verdana empire,2.0,1717.0,1695000.0,DLD_MISSING,OFFPLAN_RENTAL_NOT_EVALUATED,,,0.0,,NONE,False,NONE,OFFPLAN_RENTAL_NOT_EVALUATED,,Offplan properties not evaluated for current rent,,,,,,,,,,,,,,,,,,,,,,,,,
3706,ready,Business Bay,urban oasis by missoni,3.0,1916.0,4800000.0,DLD_MISSING,R4,164482.75677557188,3.4267240994910813,1172.0,median_psf_times_size,AREA_LEVEL,False,NONE,SHADOW_RESEARCH,Business Bay,,178.0,0.0,,,insufficient_data,0.0,True,0.0,,,insufficient_data,0.0,True,0.0,,,insufficient_data,0.0,True,1172.0,154675.0,164482.75677557188,median_psf_times_size,0.4,False
6745,ready,Business Bay,urban oasis by missoni,3.0,1916.0,4800000.0,DLD_MISSING,R4,164482.75677557188,3.4267240994910813,1172.0,median_psf_times_size,AREA_LEVEL,False,NONE,SHADOW_RESEARCH,Business Bay,,178.0,0.0,,,insufficient_data,0.0,True,0.0,,,insufficient_data,0.0,True,0.0,,,insufficient_data,0.0,True,1172.0,154675.0,164482.75677557188,median_psf_times_size,0.4,False
2945,offplan,Dubai Islands,arka enclave residences by atmosphere living,2.0,1059.0,2700343.0,DLD_MISSING,OFFPLAN_RENTAL_NOT_EVALUATED,,,0.0,,NONE,False,NONE,OFFPLAN_RENTAL_NOT_EVALUATED,,Offplan properties not evaluated for current rent,,,,,,,,,,,,,,,,,,,,,,,,,
286,offplan,Jumeirah Garden City,jardin astral,1.0,780.0,1720000.0,DLD_MATCH,OFFPLAN_RENTAL_NOT_EVALUATED,,,0.0,,NONE,False,NONE,OFFPLAN_RENTAL_NOT_EVALUATED,,Offplan properties not evaluated for current rent,,,,,,,,,,,,,,,,,,,,,,,,,
4710,offplan,Al Jadaf Waterfront,binghatti ivory,2.0,1260.0,2625000.0,DLD_MATCH,OFFPLAN_RENTAL_NOT_EVALUATED,,,0.0,,NONE,False,NONE,OFFPLAN_RENTAL_NOT_EVALUATED,,Offplan properties not evaluated for current rent,,,,,,,,,,,,,,,,,,,,,,,,,
2542,offplan,Emaar South,golf hills,1.0,671.0,1100000.0,DLD_MATCH,OFFPLAN_RENTAL_NOT_EVALUATED,,,0.0,,NONE,False,NONE,OFFPLAN_RENTAL_NOT_EVALUATED,,Offplan properties not evaluated for current rent,,,,,,,,,,,,,,,,,,,,,,,,,
1892,offplan,Dubai Sports City,fairway residences,2.0,1380.0,1520000.0,DLD_MISSING,OFFPLAN_RENTAL_NOT_EVALUATED,,,0.0,,NONE,False,NONE,OFFPLAN_RENTAL_NOT_EVALUATED,,Offplan properties not evaluated for current rent,,,,,,,,,,,,,,,,,,,,,,,,,
5530,offplan,Al Jadaf Waterfront,binghatti moonlight,2.0,934.0,1901999.0,DLD_MATCH,OFFPLAN_RENTAL_NOT_EVALUATED,,,0.0,,NONE,False,NONE,OFFPLAN_RENTAL_NOT_EVALUATED,,Offplan properties not evaluated for current rent,,,,,,,,,,,,,,,,,,,,,,,,,
2560,offplan,Dubai South,the eighty three,1.0,669.0,883000.0,DLD_MATCH,OFFPLAN_RENTAL_NOT_EVALUATED,,,0.0,,NONE,False,NONE,OFFPLAN_RENTAL_NOT_EVALUATED,,Offplan properties not evaluated for current rent,,,,,,,,,,,,,,,,,,,,,,,,,
4361,offplan,Dubai Science Park,vincitore aqua flora,1.0,771.0,1405000.0,DLD_MATCH,OFFPLAN_RENTAL_NOT_EVALUATED,,,0.0,,NONE,False,NONE,OFFPLAN_RENTAL_NOT_EVALUATED,,Offplan properties not evaluated for current rent,,,,,,,,,,,,,,,,,,,,,,,,,
3721,offplan,Dubai Design District,the edit at d3,4.0,2771.0,10700000.0,DLD_MATCH,OFFPLAN_RENTAL_NOT_EVALUATED,,,0.0,,NONE,False,NONE,OFFPLAN_RENTAL_NOT_EVALUATED,,Offplan properties not evaluated for current rent,,,,,,,,,,,,,,,,,,,,,,,,,
7152,offplan,Dubai Land Residence Complex,cove edition 5,0.0,372.0,669946.0,DLD_MISSING,OFFPLAN_RENTAL_NOT_EVALUATED,,,0.0,,NONE,False,NONE,OFFPLAN_RENTAL_NOT_EVALUATED,,Offplan properties not evaluated for current rent,,,,,,,,,,,,,,,,,,,,,,,,,
1654,offplan,Dubai Hills Estate,vida residences hillside,1.0,727.0,1900000.0,DLD_MATCH,OFFPLAN_RENTAL_NOT_EVALUATED,,,0.0,,NONE,False,NONE,OFFPLAN_RENTAL_NOT_EVALUATED,,Offplan properties not evaluated for current rent,,,,,,,,,,,,,,,,,,,,,,,,,
3266,offplan,Jebel Ali,sola residences,3.0,1631.0,2141000.0,DLD_MATCH,OFFPLAN_RENTAL_NOT_EVALUATED,,,0.0,,NONE,False,NONE,OFFPLAN_RENTAL_NOT_EVALUATED,,Offplan properties not evaluated for current rent,,,,,,,,,,,,,,,,,,,,,,,,,
8032,offplan,Jumeirah village circle,maison elysee iii,0.0,378.0,689900.0,DLD_MISSING,OFFPLAN_RENTAL_NOT_EVALUATED,,,0.0,,NONE,False,NONE,OFFPLAN_RENTAL_NOT_EVALUATED,,Offplan properties not evaluated for current rent,,,,,,,,,,,,,,,,,,,,,,,,,
7067,unknown,Dubai Land Residence Complex,arlington park 2,2.0,,1350000.0,DLD_MISSING,STATUS_NOT_ELIGIBLE_FOR_CURRENT_RENT,,,0.0,,NONE,False,NONE,STATUS_NOT_ELIGIBLE_FOR_CURRENT_RENT,,Unknown status properties not evaluated for current rent,,,,,,,,,,,,,,,,,,,,,,,,,
2223,offplan,Dubai Design District,the edit at d3,3.0,2153.0,7700000.0,DLD_MATCH,OFFPLAN_RENTAL_NOT_EVALUATED,,,0.0,,NONE,False,NONE,OFFPLAN_RENTAL_NOT_EVALUATED,,Offplan properties not evaluated for current rent,,,,,,,,,,,,,,,,,,,,,,,,,
1068,ready,Jumeirah village circle,eleganz,1.0,951.0,1560000.0,DLD_MISSING,R4,77184.33599799052,4.947713846025033,3732.0,median_psf_times_size,AREA_LEVEL,False,NONE,SHADOW_RESEARCH,Al Barsha South Fourth,,88.4,0.0,,,insufficient_data,0.0,True,0.0,,,insufficient_data,0.0,True,0.0,,,insufficient_data,0.0,True,3732.0,71000.0,77184.33599799052,median_psf_times_size,0.4,False
4568,offplan,Jumeirah village circle,368 park ln,2.0,1362.0,1650000.0,DLD_MATCH,OFFPLAN_RENTAL_NOT_EVALUATED,,,0.0,,NONE,False,NONE,OFFPLAN_RENTAL_NOT_EVALUATED,,Offplan properties not evaluated for current rent,,,,,,,,,,,,,,,,,,,,,,,,,
47,offplan,Jumeirah village circle,squarex one,0.0,362.0,680000.0,DLD_MATCH,OFFPLAN_RENTAL_NOT_EVALUATED,,,0.0,,NONE,False,NONE,OFFPLAN_RENTAL_NOT_EVALUATED,,Offplan properties not evaluated for current rent,,,,,,,,,,,,,,,,,,,,,,,,,
3553,offplan,Jumeirah village circle,zenith j1,1.0,1160.0,2146070.0,DLD_MISSING,OFFPLAN_RENTAL_NOT_EVALUATED,,,0.0,,NONE,False,NONE,OFFPLAN_RENTAL_NOT_EVALUATED,,Offplan properties not evaluated for current rent,,,,,,,,,,,,,,,,,,,,,,,,,
4566,offplan,Dubai Industrial City,coventry twins,1.0,616.0,833033.0,DLD_MISSING,OFFPLAN_RENTAL_NOT_EVALUATED,,,0.0,,NONE,False,NONE,OFFPLAN_RENTAL_NOT_EVALUATED,,Offplan properties not evaluated for current rent,,,,,,,,,,,,,,,,,,,,,,,,,
6939,offplan,Dubai Maritime City,oceanz,1.0,726.0,1970000.0,DLD_MISSING,OFFPLAN_RENTAL_NOT_EVALUATED,,,0.0,,NONE,False,NONE,OFFPLAN_RENTAL_NOT_EVALUATED,,Offplan properties not evaluated for current rent,,,,,,,,,,,,,,,,,,,,,,,,,
7802,offplan,Al warsan,chapter 01 by newbury,0.0,403.0,523000.0,DLD_MISSING,OFFPLAN_RENTAL_NOT_EVALUATED,,,0.0,,NONE,False,NONE,OFFPLAN_RENTAL_NOT_EVALUATED,,Offplan properties not evaluated for current rent,,,,,,,,,,,,,,,,,,,,,,,,,
4209,ready,Dubai Land Residence Complex,4direction residence 1,2.0,1251.0,1450000.0,DLD_MISSING,R4,66281.59749457105,4.571144654798003,1442.0,median_psf_times_size,AREA_LEVEL,False,NONE,SHADOW_RESEARCH,Wadi Al Safa 5,,116.2,0.0,,,insufficient_data,0.0,True,0.0,,,insufficient_data,0.0,True,0.0,,,insufficient_data,0.0,True,1442.0,61950.0,66281.59749457105,median_psf_times_size,0.4,False
6702,offplan,Dubai Creek Harbour,arlo,3.0,3275.0,5600000.0,DLD_MATCH,OFFPLAN_RENTAL_NOT_EVALUATED,,,0.0,,NONE,False,NONE,OFFPLAN_RENTAL_NOT_EVALUATED,,Offplan properties not evaluated for current rent,,,,,,,,,,,,,,,,,,,,,,,,,
6326,offplan,Dubai Islands,sunset bay grand,2.0,1356.0,3188791.0,DLD_MISSING,OFFPLAN_RENTAL_NOT_EVALUATED,,,0.0,,NONE,False,NONE,OFFPLAN_RENTAL_NOT_EVALUATED,,Offplan properties not evaluated for current rent,,,,,,,,,,,,,,,,,,,,,,,,,
5584,offplan,Dubai Motor City,sobha solis,3.0,1895.0,3942020.0,DLD_MATCH,OFFPLAN_RENTAL_NOT_EVALUATED,,,0.0,,NONE,False,NONE,OFFPLAN_RENTAL_NOT_EVALUATED,,Offplan properties not evaluated for current rent,,,,,,,,,,,,,,,,,,,,,,,,,
7991,offplan,Al Furjan,evora residences,2.0,1313.0,1756780.0,DLD_MATCH,OFFPLAN_RENTAL_NOT_EVALUATED,,,0.0,,NONE,False,NONE,OFFPLAN_RENTAL_NOT_EVALUATED,,Offplan properties not evaluated for current rent,,,,,,,,,,,,,,,,,,,,,,,,,
3009,offplan,Dubai Marina,habtoor grand residences,2.0,2101.0,11091600.0,DLD_MISSING,OFFPLAN_RENTAL_NOT_EVALUATED,,,0.0,,NONE,False,NONE,OFFPLAN_RENTAL_NOT_EVALUATED,,Offplan properties not evaluated for current rent,,,,,,,,,,,,,,,,,,,,,,,,,
7306,offplan,Town Square Dubai,alton,1.0,675.0,1188000.0,DLD_MATCH,OFFPLAN_RENTAL_NOT_EVALUATED,,,0.0,,NONE,False,NONE,OFFPLAN_RENTAL_NOT_EVALUATED,,Offplan properties not evaluated for current rent,,,,,,,,,,,,,,,,,,,,,,,,,
3594,unknown,Jumeirah village circle,serenz by danube at jvc,3.0,,2250000.0,DLD_MISSING,STATUS_NOT_ELIGIBLE_FOR_CURRENT_RENT,,,0.0,,NONE,False,NONE,STATUS_NOT_ELIGIBLE_FOR_CURRENT_RENT,,Unknown status properties not evaluated for current rent,,,,,,,,,,,,,,,,,,,,,,,,,
4389,ready,Jumeirah village circle,binghatti crest,1.0,618.0,905000.0,DLD_MATCH,R2,63471.885249931984,7.013467983417899,33.0,median_psf_times_size,PROJECT_LEVEL,False,NONE,SHADOW_RESEARCH,Al Barsha South Fourth,,57.4,0.0,,,insufficient_data,0.0,True,33.0,70000.0,63471.885249931984,median_psf_times_size,0.8,False,0.0,,,insufficient_data,0.0,True,2401.0,60000.0,56557.15217199139,median_psf_times_size,0.4,False
873,offplan,Waada by Bahria Town at Dubai South,waada phase 1,1.0,752.0,847000.0,DLD_MISSING,OFFPLAN_RENTAL_NOT_EVALUATED,,,0.0,,NONE,False,NONE,OFFPLAN_RENTAL_NOT_EVALUATED,,Offplan properties not evaluated for current rent,,,,,,,,,,,,,,,,,,,,,,,,,
4252,ready,Meydan City,emerge residences,2.0,1036.0,2580000.0,DLD_MATCH,R4,93959.92524102853,3.641857567481726,357.0,median_psf_times_size,AREA_LEVEL,False,NONE,SHADOW_RESEARCH,Nad Al Shiba First,,96.2,0.0,,,insufficient_data,0.0,True,0.0,,,insufficient_data,0.0,True,0.0,,,insufficient_data,0.0,True,357.0,85000.0,93959.92524102853,median_psf_times_size,0.4,False
3803,offplan,Jumeirah Lake Towers,diamondz,1.0,745.0,1750000.0,DLD_MISSING,OFFPLAN_RENTAL_NOT_EVALUATED,,,0.0,,NONE,False,NONE,OFFPLAN_RENTAL_NOT_EVALUATED,,Offplan properties not evaluated for current rent,,,,,,,,,,,,,,,,,,,,,,,,,
5246,offplan,Sheikh Zayed Road,trump tower dubai,3.0,1500.0,7500000.0,DLD_MISSING,OFFPLAN_RENTAL_NOT_EVALUATED,,,0.0,,NONE,False,NONE,OFFPLAN_RENTAL_NOT_EVALUATED,,Offplan properties not evaluated for current rent,,,,,,,,,,,,,,,,,,,,,,,,,
1149,offplan,Jumeirah Village Triangle,binghatti luxuria at jvt,2.0,963.0,1799999.0,DLD_MISSING,OFFPLAN_RENTAL_NOT_EVALUATED,,,0.0,,NONE,False,NONE,OFFPLAN_RENTAL_NOT_EVALUATED,,Offplan properties not evaluated for current rent,,,,,,,,,,,,,,,,,,,,,,,,,
2971,unknown,Dubai Marina,residences du port autograph collection,2.0,1269.0,3790000.0,DLD_MISSING,STATUS_NOT_ELIGIBLE_FOR_CURRENT_RENT,,,0.0,,NONE,False,NONE,STATUS_NOT_ELIGIBLE_FOR_CURRENT_RENT,,Unknown status properties not evaluated for current rent,,,,,,,,,,,,,,,,,,,,,,,,,
1684,offplan,Dubai Creek Harbour,silva,3.0,1834.0,3870000.0,DLD_MATCH,OFFPLAN_RENTAL_NOT_EVALUATED,,,0.0,,NONE,False,NONE,OFFPLAN_RENTAL_NOT_EVALUATED,,Offplan properties not evaluated for current rent,,,,,,,,,,,,,,,,,,,,,,,,,
4308,offplan,Dubai Land Residence Complex,celia homes,0.0,443.0,669816.0,DLD_MATCH,OFFPLAN_RENTAL_NOT_EVALUATED,,,0.0,,NONE,False,NONE,OFFPLAN_RENTAL_NOT_EVALUATED,,Offplan properties not evaluated for current rent,,,,,,,,,,,,,,,,,,,,,,,,,
3626,offplan,Al Furjan,trussardi residences phase two,2.0,1774.0,3326250.0,DLD_MISSING,OFFPLAN_RENTAL_NOT_EVALUATED,,,0.0,,NONE,False,NONE,OFFPLAN_RENTAL_NOT_EVALUATED,,Offplan properties not evaluated for current rent,,,,,,,,,,,,,,,,,,,,,,,,,
6244,offplan,Dubai Creek Harbour,montiva by vida,2.0,1143.0,2815888.0,DLD_MISSING,OFFPLAN_RENTAL_NOT_EVALUATED,,,0.0,,NONE,False,NONE,OFFPLAN_RENTAL_NOT_EVALUATED,,Offplan properties not evaluated for current rent,,,,,,,,,,,,,,,,,,,,,,,,,
216,offplan,Business Bay,binghatti aquarise,4.0,3821.0,7000000.0,DLD_MATCH,OFFPLAN_RENTAL_NOT_EVALUATED,,,0.0,,NONE,False,NONE,OFFPLAN_RENTAL_NOT_EVALUATED,,Offplan properties not evaluated for current rent,,,,,,,,,,,,,,,,,,,,,,,,,
6235,ready,Palm Jumeirah,the palm tower,0.0,524.0,2200000.0,DLD_MATCH,R2,120838.39946275207,5.492654521034185,36.0,median_psf_times_size,PROJECT_LEVEL,False,NONE,SHADOW_RESEARCH,Palm Jumeirah,,48.7,1.0,,,insufficient_data,0.0,True,36.0,120000.0,120838.39946275207,median_psf_times_size,0.8,False,1.0,,,insufficient_data,0.0,True,96.0,95000.0,92200.28109911007,median_psf_times_size,0.4,False
6520,offplan,Dubai Land Residence Complex,celesto 2,2.0,864.0,1174000.0,DLD_MISSING,OFFPLAN_RENTAL_NOT_EVALUATED,,,0.0,,NONE,False,NONE,OFFPLAN_RENTAL_NOT_EVALUATED,,Offplan properties not evaluated for current rent,,,,,,,,,,,,,,,,,,,,,,,,,
3939,offplan,Meydan City,helvetia verde,2.0,1217.0,2467000.0,DLD_NO_EVIDENCE,OFFPLAN_RENTAL_NOT_EVALUATED,,,0.0,,NONE,False,NONE,OFFPLAN_RENTAL_NOT_EVALUATED,,Offplan properties not evaluated for current rent,,,,,,,,,,,,,,,,,,,,,,,,,
3460,offplan,Jumeirah village circle,westwood grande 2,0.0,437.0,750000.0,DLD_MISSING,OFFPLAN_RENTAL_NOT_EVALUATED,,,0.0,,NONE,False,NONE,OFFPLAN_RENTAL_NOT_EVALUATED,,Offplan properties not evaluated for current rent,,,,,,,,,,,,,,,,,,,,,,,,,
7028,offplan,Dubai Islands,ocean crest,1.0,909.0,2200000.0,DLD_MISSING,OFFPLAN_RENTAL_NOT_EVALUATED,,,0.0,,NONE,False,NONE,OFFPLAN_RENTAL_NOT_EVALUATED,,Offplan properties not evaluated for current rent,,,,,,,,,,,,,,,,,,,,,,,,,
2998,offplan,Dubai Maritime City,talea,1.0,756.0,2196000.0,DLD_MATCH,OFFPLAN_RENTAL_NOT_EVALUATED,,,0.0,,NONE,False,NONE,OFFPLAN_RENTAL_NOT_EVALUATED,,Offplan properties not evaluated for current rent,,,,,,,,,,,,,,,,,,,,,,,,,
7051,offplan,Rashid Yachts & Marina,ocean star,1.0,790.0,1700000.0,DLD_MATCH,OFFPLAN_RENTAL_NOT_EVALUATED,,,0.0,,NONE,False,NONE,OFFPLAN_RENTAL_NOT_EVALUATED,,Offplan properties not evaluated for current rent,,,,,,,,,,,,,,,,,,,,,,,,,
4524,ready,Al Jadaf Waterfront,binghatti twilight,2.0,876.0,1799000.0,DLD_MATCH,R4,73978.99871865216,4.112228944894506,1906.0,median_psf_times_size,AREA_LEVEL,False,NONE,SHADOW_RESEARCH,Al Jadaf,,81.4,0.0,,,insufficient_data,0.0,True,0.0,,,insufficient_data,0.0,True,0.0,,,insufficient_data,0.0,True,1906.0,70180.0,73978.99871865216,median_psf_times_size,0.4,False
3647,offplan,Business Bay,canal crown,2.0,1300.0,3490000.0,DLD_MATCH,OFFPLAN_RENTAL_NOT_EVALUATED,,,0.0,,NONE,False,NONE,OFFPLAN_RENTAL_NOT_EVALUATED,,Offplan properties not evaluated for current rent,,,,,,,,,,,,,,,,,,,,,,,,,
4318,offplan,Jumeirah Garden City,whitestone residence,2.0,1023.0,1903784.0,DLD_MATCH,OFFPLAN_RENTAL_NOT_EVALUATED,,,0.0,,NONE,False,NONE,OFFPLAN_RENTAL_NOT_EVALUATED,,Offplan properties not evaluated for current rent,,,,,,,,,,,,,,,,,,,,,,,,,
3850,offplan,Dubai Hills Estate,parkside hills,1.0,682.0,1500000.0,DLD_MATCH,OFFPLAN_RENTAL_NOT_EVALUATED,,,0.0,,NONE,False,NONE,OFFPLAN_RENTAL_NOT_EVALUATED,,Offplan properties not evaluated for current rent,,,,,,,,,,,,,,,,,,,,,,,,,
4614,offplan,Jumeirah village circle,binghatti azure,1.0,677.0,1000000.0,DLD_MATCH,OFFPLAN_RENTAL_NOT_EVALUATED,,,0.0,,NONE,False,NONE,OFFPLAN_RENTAL_NOT_EVALUATED,,Offplan properties not evaluated for current rent,,,,,,,,,,,,,,,,,,,,,,,,,
5320,offplan,Dubai Science Park,binghatti hillviews,0.0,410.0,815000.0,DLD_MATCH,OFFPLAN_RENTAL_NOT_EVALUATED,,,0.0,,NONE,False,NONE,OFFPLAN_RENTAL_NOT_EVALUATED,,Offplan properties not evaluated for current rent,,,,,,,,,,,,,,,,,,,,,,,,,
5443,offplan,Jumeirah village circle,mi casa,0.0,433.0,750000.0,DLD_MISSING,OFFPLAN_RENTAL_NOT_EVALUATED,,,0.0,,NONE,False,NONE,OFFPLAN_RENTAL_NOT_EVALUATED,,Offplan properties not evaluated for current rent,,,,,,,,,,,,,,,,,,,,,,,,,
1425,offplan,Jumeirah Heights,altiera heights,2.0,,3200000.0,DLD_MISSING,OFFPLAN_RENTAL_NOT_EVALUATED,,,0.0,,NONE,False,NONE,OFFPLAN_RENTAL_NOT_EVALUATED,,Offplan properties not evaluated for current rent,,,,,,,,,,,,,,,,,,,,,,,,,
3406,offplan,Meydan City,binghatti maybach ultimate luxury,0.0,362.0,1350000.0,DLD_MISSING,OFFPLAN_RENTAL_NOT_EVALUATED,,,0.0,,NONE,False,NONE,OFFPLAN_RENTAL_NOT_EVALUATED,,Offplan properties not evaluated for current rent,,,,,,,,,,,,,,,,,,,,,,,,,
307,offplan,Majan,binghatti titania,2.0,1197.0,1549999.0,DLD_MATCH,OFFPLAN_RENTAL_NOT_EVALUATED,,,0.0,,NONE,False,NONE,OFFPLAN_RENTAL_NOT_EVALUATED,,Offplan properties not evaluated for current rent,,,,,,,,,,,,,,,,,,,,,,,,,
8064,offplan,Dubai Islands,arka enclave residences by atmosphere living,1.0,818.0,1750000.0,DLD_MISSING,OFFPLAN_RENTAL_NOT_EVALUATED,,,0.0,,NONE,False,NONE,OFFPLAN_RENTAL_NOT_EVALUATED,,Offplan properties not evaluated for current rent,,,,,,,,,,,,,,,,,,,,,,,,,
1114,offplan,Dubailand,rise by athlon 1,2.0,1462.0,2408432.0,DLD_MATCH,OFFPLAN_RENTAL_NOT_EVALUATED,,,0.0,,NONE,False,NONE,OFFPLAN_RENTAL_NOT_EVALUATED,,Offplan properties not evaluated for current rent,,,,,,,,,,,,,,,,,,,,,,,,,
5676,offplan,Jumeirah village circle,violet tower,2.0,1211.0,1640280.0,DLD_MATCH,OFFPLAN_RENTAL_NOT_EVALUATED,,,0.0,,NONE,False,NONE,OFFPLAN_RENTAL_NOT_EVALUATED,,Offplan properties not evaluated for current rent,,,,,,,,,,,,,,,,,,,,,,,,,
4001,unknown,Dubai Sports City,aspirz,1.0,,1125000.0,DLD_MISSING,STATUS_NOT_ELIGIBLE_FOR_CURRENT_RENT,,,0.0,,NONE,False,NONE,STATUS_NOT_ELIGIBLE_FOR_CURRENT_RENT,,Unknown status properties not evaluated for current rent,,,,,,,,,,,,,,,,,,,,,,,,,
4410,offplan,Dubai Land Residence Complex,weybridge gardens 5,3.0,1475.0,1853230.0,DLD_MATCH,OFFPLAN_RENTAL_NOT_EVALUATED,,,0.0,,NONE,False,NONE,OFFPLAN_RENTAL_NOT_EVALUATED,,Offplan properties not evaluated for current rent,,,,,,,,,,,,,,,,,,,,,,,,,
4834,offplan,Dubai Islands,coastal haven,3.0,1666.0,3837000.0,DLD_MISSING,OFFPLAN_RENTAL_NOT_EVALUATED,,,0.0,,NONE,False,NONE,OFFPLAN_RENTAL_NOT_EVALUATED,,Offplan properties not evaluated for current rent,,,,,,,,,,,,,,,,,,,,,,,,,
2317,offplan,Al Jadaf Waterfront,binghatti starlight at al jaddaf,0.0,415.0,857000.0,DLD_MISSING,OFFPLAN_RENTAL_NOT_EVALUATED,,,0.0,,NONE,False,NONE,OFFPLAN_RENTAL_NOT_EVALUATED,,Offplan properties not evaluated for current rent,,,,,,,,,,,,,,,,,,,,,,,,,
1586,offplan,Meydan City,riverton house,2.0,1206.0,3412828.0,DLD_MATCH,OFFPLAN_RENTAL_NOT_EVALUATED,,,0.0,,NONE,False,NONE,OFFPLAN_RENTAL_NOT_EVALUATED,,Offplan properties not evaluated for current rent,,,,,,,,,,,,,,,,,,,,,,,,,
7493,offplan,Jumeirah village circle,pearl house ii,0.0,404.0,710000.0,DLD_MISSING,OFFPLAN_RENTAL_NOT_EVALUATED,,,0.0,,NONE,False,NONE,OFFPLAN_RENTAL_NOT_EVALUATED,,Offplan properties not evaluated for current rent,,,,,,,,,,,,,,,,,,,,,,,,,
1676,offplan,Jumeirah village circle,hillmont residences,2.0,1257.0,1900000.0,DLD_MISSING,OFFPLAN_RENTAL_NOT_EVALUATED,,,0.0,,NONE,False,NONE,OFFPLAN_RENTAL_NOT_EVALUATED,,Offplan properties not evaluated for current rent,,,,,,,,,,,,,,,,,,,,,,,,,
4972,offplan,Rashid Yachts & Marina,clearpoint,1.0,808.0,1600000.0,DLD_MATCH,OFFPLAN_RENTAL_NOT_EVALUATED,,,0.0,,NONE,False,NONE,OFFPLAN_RENTAL_NOT_EVALUATED,,Offplan properties not evaluated for current rent,,,,,,,,,,,,,,,,,,,,,,,,,
5394,ready,Arjan,vincitore volare,0.0,503.0,668000.0,DLD_MATCH,R3,51289.275863460956,7.6780353089013404,47.0,median_psf_times_size,AREA_BEDROOM_LEVEL,False,NONE,SHADOW_RESEARCH,Al Barshaa South Third,,46.7,0.0,,,insufficient_data,0.0,True,0.0,,,insufficient_data,0.0,True,47.0,45000.0,51289.275863460956,median_psf_times_size,0.6,False,2376.0,47000.0,52219.50074897427,median_psf_times_size,0.4,False
7801,offplan,Meydan City,future residence,2.0,1161.0,2311137.0,DLD_MATCH,OFFPLAN_RENTAL_NOT_EVALUATED,,,0.0,,NONE,False,NONE,OFFPLAN_RENTAL_NOT_EVALUATED,,Offplan properties not evaluated for current rent,,,,,,,,,,,,,,,,,,,,,,,,,
6324,offplan,Dubai Harbour,damac bay,1.0,1225.0,3882000.0,DLD_MATCH,OFFPLAN_RENTAL_NOT_EVALUATED,,,0.0,,NONE,False,NONE,OFFPLAN_RENTAL_NOT_EVALUATED,,Offplan properties not evaluated for current rent,,,,,,,,,,,,,,,,,,,,,,,,,
5005,offplan,Dubai Hills Estate,parkside views,1.0,704.0,1600000.0,DLD_MATCH,OFFPLAN_RENTAL_NOT_EVALUATED,,,0.0,,NONE,False,NONE,OFFPLAN_RENTAL_NOT_EVALUATED,,Offplan properties not evaluated for current rent,,,,,,,,,,,,,,,,,,,,,,,,,
7741,offplan,Meydan City,derby heights by amis,2.0,1056.0,2180362.0,DLD_MISSING,OFFPLAN_RENTAL_NOT_EVALUATED,,,0.0,,NONE,False,NONE,OFFPLAN_RENTAL_NOT_EVALUATED,,Offplan properties not evaluated for current rent,,,,,,,,,,,,,,,,,,,,,,,,,
8221,offplan,Dubai Maritime City,breez,1.0,656.0,2380000.0,DLD_MISSING,OFFPLAN_RENTAL_NOT_EVALUATED,,,0.0,,NONE,False,NONE,OFFPLAN_RENTAL_NOT_EVALUATED,,Offplan properties not evaluated for current rent,,,,,,,,,,,,,,,,,,,,,,,,,
2739,offplan,Dubai Maritime City,oceanz,1.0,718.0,1986000.0,DLD_MISSING,OFFPLAN_RENTAL_NOT_EVALUATED,,,0.0,,NONE,False,NONE,OFFPLAN_RENTAL_NOT_EVALUATED,,Offplan properties not evaluated for current rent,,,,,,,,,,,,,,,,,,,,,,,,,
1325,offplan,Arjan,gharbi 1 residences,0.0,562.0,801173.0,DLD_MISSING,OFFPLAN_RENTAL_NOT_EVALUATED,,,0.0,,NONE,False,NONE,OFFPLAN_RENTAL_NOT_EVALUATED,,Offplan properties not evaluated for current rent,,,,,,,,,,,,,,,,,,,,,,,,,
7413,offplan,Dubai Sports City,vega,1.0,746.0,1196220.0,DLD_MATCH,OFFPLAN_RENTAL_NOT_EVALUATED,,,0.0,,NONE,False,NONE,OFFPLAN_RENTAL_NOT_EVALUATED,,Offplan properties not evaluated for current rent,,,,,,,,,,,,,,,,,,,,,,,,,
6559,offplan,Dubai South,inara residence by imtiaz,0.0,348.0,673000.0,DLD_MISSING,OFFPLAN_RENTAL_NOT_EVALUATED,,,0.0,,NONE,False,NONE,OFFPLAN_RENTAL_NOT_EVALUATED,,Offplan properties not evaluated for current rent,,,,,,,,,,,,,,,,,,,,,,,,,
7836,offplan,Dubai Hills Estate,golf hillside,1.0,741.0,1500000.0,DLD_MATCH,OFFPLAN_RENTAL_NOT_EVALUATED,,,0.0,,NONE,False,NONE,OFFPLAN_RENTAL_NOT_EVALUATED,,Offplan properties not evaluated for current rent,,,,,,,,,,,,,,,,,,,,,,,,,
6790,offplan,Rashid Yachts & Marina,pier point,2.0,1215.0,2900000.0,DLD_MISSING,OFFPLAN_RENTAL_NOT_EVALUATED,,,0.0,,NONE,False,NONE,OFFPLAN_RENTAL_NOT_EVALUATED,,Offplan properties not evaluated for current rent,,,,,,,,,,,,,,,,,,,,,,,,,
377,offplan,Jumeirah village circle,maison elysee iii,1.0,624.0,1054900.0,DLD_MISSING,OFFPLAN_RENTAL_NOT_EVALUATED,,,0.0,,NONE,False,NONE,OFFPLAN_RENTAL_NOT_EVALUATED,,Offplan properties not evaluated for current rent,,,,,,,,,,,,,,,,,,,,,,,,,
6002,offplan,Al Jadaf Waterfront,binghatti moonlight,1.0,778.0,1512999.0,DLD_MATCH,OFFPLAN_RENTAL_NOT_EVALUATED,,,0.0,,NONE,False,NONE,OFFPLAN_RENTAL_NOT_EVALUATED,,Offplan properties not evaluated for current rent,,,,,,,,,,,,,,,,,,,,,,,,,
411,offplan,Jumeirah village circle,palatium residence,0.0,433.0,663000.0,DLD_MISSING,OFFPLAN_RENTAL_NOT_EVALUATED,,,0.0,,NONE,False,NONE,OFFPLAN_RENTAL_NOT_EVALUATED,,Offplan properties not evaluated for current rent,,,,,,,,,,,,,,,,,,,,,,,,,
197,offplan,Dubai Creek Harbour,silva,1.0,740.0,1790000.0,DLD_MATCH,OFFPLAN_RENTAL_NOT_EVALUATED,,,0.0,,NONE,False,NONE,OFFPLAN_RENTAL_NOT_EVALUATED,,Offplan properties not evaluated for current rent,,,,,,,,,,,,,,,,,,,,,,,,,
2021,offplan,Dubai Creek Harbour,albero,1.0,658.0,1800000.0,DLD_MATCH,OFFPLAN_RENTAL_NOT_EVALUATED,,,0.0,,NONE,False,NONE,OFFPLAN_RENTAL_NOT_EVALUATED,,Offplan properties not evaluated for current rent,,,,,,,,,,,,,,,,,,,,,,,,,
4680,offplan,Dubai Creek Harbour,montiva by vida,3.0,1835.0,4010888.0,DLD_MISSING,OFFPLAN_RENTAL_NOT_EVALUATED,,,0.0,,NONE,False,NONE,OFFPLAN_RENTAL_NOT_EVALUATED,,Offplan properties not evaluated for current rent,,,,,,,,,,,,,,,,,,,,,,,,,
2946,offplan,Dubai Marina,marina cove,3.0,1990.0,4580000.0,DLD_MATCH,OFFPLAN_RENTAL_NOT_EVALUATED,,,0.0,,NONE,False,NONE,OFFPLAN_RENTAL_NOT_EVALUATED,,Offplan properties not evaluated for current rent,,,,,,,,,,,,,,,,,,,,,,,,,
1281,offplan,Dubai Creek Harbour,altan,3.0,1848.0,4130000.0,DLD_MATCH,OFFPLAN_RENTAL_NOT_EVALUATED,,,0.0,,NONE,False,NONE,OFFPLAN_RENTAL_NOT_EVALUATED,,Offplan properties not evaluated for current rent,,,,,,,,,,,,,,,,,,,,,,,,,
5461,offplan,Dubai Studio City,verano by prescott,0.0,418.0,725000.0,DLD_MATCH,OFFPLAN_RENTAL_NOT_EVALUATED,,,0.0,,NONE,False,NONE,OFFPLAN_RENTAL_NOT_EVALUATED,,Offplan properties not evaluated for current rent,,,,,,,,,,,,,,,,,,,,,,,,,
4214,offplan,Dubai Hills Estate,club drive,1.0,727.0,1600000.0,DLD_MATCH,OFFPLAN_RENTAL_NOT_EVALUATED,,,0.0,,NONE,False,NONE,OFFPLAN_RENTAL_NOT_EVALUATED,,Offplan properties not evaluated for current rent,,,,,,,,,,,,,,,,,,,,,,,,,
3204,unknown,Jumeirah Village Triangle,essenl1fe residence,2.0,1238.0,1705690.0,DLD_MISSING,STATUS_NOT_ELIGIBLE_FOR_CURRENT_RENT,,,0.0,,NONE,False,NONE,STATUS_NOT_ELIGIBLE_FOR_CURRENT_RENT,,Unknown status properties not evaluated for current rent,,,,,,,,,,,,,,,,,,,,,,,,,
2281,offplan,Expo City,terra heights,2.0,1096.0,2100000.0,DLD_MATCH,OFFPLAN_RENTAL_NOT_EVALUATED,,,0.0,,NONE,False,NONE,OFFPLAN_RENTAL_NOT_EVALUATED,,Offplan properties not evaluated for current rent,,,,,,,,,,,,,,,,,,,,,,,,,
5700,offplan,Rashid Yachts & Marina,clearpoint,2.0,1117.0,2300000.0,DLD_MATCH,OFFPLAN_RENTAL_NOT_EVALUATED,,,0.0,,NONE,False,NONE,OFFPLAN_RENTAL_NOT_EVALUATED,,Offplan properties not evaluated for current rent,,,,,,,,,,,,,,,,,,,,,,,,,
2808,offplan,Dubai Hills Estate,hillsedge,1.0,708.0,1860000.0,DLD_MATCH,OFFPLAN_RENTAL_NOT_EVALUATED,,,0.0,,NONE,False,NONE,OFFPLAN_RENTAL_NOT_EVALUATED,,Offplan properties not evaluated for current rent,,,,,,,,,,,,,,,,,,,,,,,,,
7680,offplan,Dubai Islands,cotier house 2,1.0,955.0,2143480.0,DLD_MISSING,OFFPLAN_RENTAL_NOT_EVALUATED,,,0.0,,NONE,False,NONE,OFFPLAN_RENTAL_NOT_EVALUATED,,Offplan properties not evaluated for current rent,,,,,,,,,,,,,,,,,,,,,,,,,
5045,offplan,Business Bay,bayz 101,0.0,374.0,1200000.0,DLD_MISSING,OFFPLAN_RENTAL_NOT_EVALUATED,,,0.0,,NONE,False,NONE,OFFPLAN_RENTAL_NOT_EVALUATED,,Offplan properties not evaluated for current rent,,,,,,,,,,,,,,,,,,,,,,,,,
2597,offplan,Arjan,marquis one,1.0,797.0,1393100.0,DLD_MATCH,OFFPLAN_RENTAL_NOT_EVALUATED,,,0.0,,NONE,False,NONE,OFFPLAN_RENTAL_NOT_EVALUATED,,Offplan properties not evaluated for current rent,,,,,,,,,,,,,,,,,,,,,,,,,
5497,ready,Jumeirah village circle,aura residences,0.0,320.0,675000.0,DLD_MISSING,R4,37836.87447276145,5.605462884853547,285.0,median_psf_times_size,AREA_LEVEL,False,NONE,SHADOW_RESEARCH,Al Barsha South Fourth,,29.7,0.0,,,insufficient_data,0.0,True,0.0,,,insufficient_data,0.0,True,16.0,40000.0,37560.294125112894,median_psf_times_size,0.48,False,285.0,42000.0,37836.87447276145,median_psf_times_size,0.4,False
8003,unknown,Dubai Sports City,aspirz,0.0,,850000.0,DLD_MISSING,STATUS_NOT_ELIGIBLE_FOR_CURRENT_RENT,,,0.0,,NONE,False,NONE,STATUS_NOT_ELIGIBLE_FOR_CURRENT_RENT,,Unknown status properties not evaluated for current rent,,,,,,,,,,,,,,,,,,,,,,,,,
3081,offplan,Jumeirah village circle,provenza residences,0.0,399.0,660000.0,DLD_MATCH,OFFPLAN_RENTAL_NOT_EVALUATED,,,0.0,,NONE,False,NONE,OFFPLAN_RENTAL_NOT_EVALUATED,,Offplan properties not evaluated for current rent,,,,,,,,,,,,,,,,,,,,,,,,,
2724,offplan,Rashid Yachts & Marina,baystar by vida,1.0,728.0,2105888.0,DLD_MATCH,OFFPLAN_RENTAL_NOT_EVALUATED,,,0.0,,NONE,False,NONE,OFFPLAN_RENTAL_NOT_EVALUATED,,Offplan properties not evaluated for current rent,,,,,,,,,,,,,,,,,,,,,,,,,
8156,offplan,Jumeirah village circle,havelock heights,0.0,371.0,700000.0,DLD_MATCH,OFFPLAN_RENTAL_NOT_EVALUATED,,,0.0,,NONE,False,NONE,OFFPLAN_RENTAL_NOT_EVALUATED,,Offplan properties not evaluated for current rent,,,,,,,,,,,,,,,,,,,,,,,,,
1262,offplan,Expo City,terra heights,1.0,728.0,1500000.0,DLD_MATCH,OFFPLAN_RENTAL_NOT_EVALUATED,,,0.0,,NONE,False,NONE,OFFPLAN_RENTAL_NOT_EVALUATED,,Offplan properties not evaluated for current rent,,,,,,,,,,,,,,,,,,,,,,,,,
855,offplan,Jumeirah village circle,pearl house iv,1.0,842.0,1342703.0,DLD_MISSING,OFFPLAN_RENTAL_NOT_EVALUATED,,,0.0,,NONE,False,NONE,OFFPLAN_RENTAL_NOT_EVALUATED,,Offplan properties not evaluated for current rent,,,,,,,,,,,,,,,,,,,,,,,,,
2757,offplan,Dubai Motor City,binghatti sky terraces at motor city,3.0,2521.0,2924999.0,DLD_MISSING,OFFPLAN_RENTAL_NOT_EVALUATED,,,0.0,,NONE,False,NONE,OFFPLAN_RENTAL_NOT_EVALUATED,,Offplan properties not evaluated for current rent,,,,,,,,,,,,,,,,,,,,,,,,,
2668,offplan,Dubai Sports City,azizi grand,2.0,1107.0,1422400.0,DLD_MATCH,OFFPLAN_RENTAL_NOT_EVALUATED,,,0.0,,NONE,False,NONE,OFFPLAN_RENTAL_NOT_EVALUATED,,Offplan properties not evaluated for current rent,,,,,,,,,,,,,,,,,,,,,,,,,
2246,offplan,Jumeirah village circle,binghatti etherea at jvc,0.0,335.0,764999.0,DLD_MISSING,OFFPLAN_RENTAL_NOT_EVALUATED,,,0.0,,NONE,False,NONE,OFFPLAN_RENTAL_NOT_EVALUATED,,Offplan properties not evaluated for current rent,,,,,,,,,,,,,,,,,,,,,,,,,
6993,offplan,Dubai Creek Harbour,altan,1.0,757.0,1810000.0,DLD_MATCH,OFFPLAN_RENTAL_NOT_EVALUATED,,,0.0,,NONE,False,NONE,OFFPLAN_RENTAL_NOT_EVALUATED,,Offplan properties not evaluated for current rent,,,,,,,,,,,,,,,,,,,,,,,,,
5269,offplan,Business Bay,canal heights,3.0,2208.0,5740000.0,DLD_NO_EVIDENCE,OFFPLAN_RENTAL_NOT_EVALUATED,,,0.0,,NONE,False,NONE,OFFPLAN_RENTAL_NOT_EVALUATED,,Offplan properties not evaluated for current rent,,,,,,,,,,,,,,,,,,,,,,,,,
1459,ready,Jumeirah village circle,binghatti royale,1.0,756.0,1375000.0,DLD_MATCH,R2,88963.95110408035,6.470105534842208,84.0,median_psf_times_size,PROJECT_LEVEL,False,NONE,SHADOW_RESEARCH,Al Barsha South Fourth,,70.2,0.0,,,insufficient_data,0.0,True,84.0,95000.0,88963.95110408035,median_psf_times_size,0.8,False,0.0,,,insufficient_data,0.0,True,4362.0,65922.0,66268.08029120421,median_psf_times_size,0.4,False
442,offplan,Jebel Ali,azizi noura,0.0,339.0,587000.0,DLD_MATCH,OFFPLAN_RENTAL_NOT_EVALUATED,,,0.0,,NONE,False,NONE,OFFPLAN_RENTAL_NOT_EVALUATED,,Offplan properties not evaluated for current rent,,,,,,,,,,,,,,,,,,,,,,,,,
3095,offplan,Dubai Land Residence Complex,belgravia gardens,2.0,1082.0,1782830.0,DLD_MATCH,OFFPLAN_RENTAL_NOT_EVALUATED,,,0.0,,NONE,False,NONE,OFFPLAN_RENTAL_NOT_EVALUATED,,Offplan properties not evaluated for current rent,,,,,,,,,,,,,,,,,,,,,,,,,
7305,offplan,Dubai Production City,nirvana residence 1,2.0,,1600000.0,DLD_MISSING,OFFPLAN_RENTAL_NOT_EVALUATED,,,0.0,,NONE,False,NONE,OFFPLAN_RENTAL_NOT_EVALUATED,,Offplan properties not evaluated for current rent,,,,,,,,,,,,,,,,,,,,,,,,,
720,offplan,Dubai Hills Estate,palace residences dubai hills estate,1.0,751.0,1800000.0,DLD_MATCH,OFFPLAN_RENTAL_NOT_EVALUATED,,,0.0,,NONE,False,NONE,OFFPLAN_RENTAL_NOT_EVALUATED,,Offplan properties not evaluated for current rent,,,,,,,,,,,,,,,,,,,,,,,,,
7919,offplan,Jumeirah village circle,sky hills residence 3,1.0,741.0,1213470.0,DLD_MISSING,OFFPLAN_RENTAL_NOT_EVALUATED,,,0.0,,NONE,False,NONE,OFFPLAN_RENTAL_NOT_EVALUATED,,Offplan properties not evaluated for current rent,,,,,,,,,,,,,,,,,,,,,,,,,
4649,offplan,Dubai Design District,artistry one residences,1.0,741.0,2362000.0,DLD_MATCH,OFFPLAN_RENTAL_NOT_EVALUATED,,,0.0,,NONE,False,NONE,OFFPLAN_RENTAL_NOT_EVALUATED,,Offplan properties not evaluated for current rent,,,,,,,,,,,,,,,,,,,,,,,,,
8373,offplan,Al Jadaf Waterfront,binghatti pinnacle,3.0,1523.0,3299999.0,DLD_MATCH,OFFPLAN_RENTAL_NOT_EVALUATED,,,0.0,,NONE,False,NONE,OFFPLAN_RENTAL_NOT_EVALUATED,,Offplan properties not evaluated for current rent,,,,,,,,,,,,,,,,,,,,,,,,,
416,offplan,Dubai Studio City,azizi vista,1.0,847.0,1175000.0,DLD_MATCH,OFFPLAN_RENTAL_NOT_EVALUATED,,,0.0,,NONE,False,NONE,OFFPLAN_RENTAL_NOT_EVALUATED,,Offplan properties not evaluated for current rent,,,,,,,,,,,,,,,,,,,,,,,,,
4644,offplan,Jumeirah village circle,368 park ln,0.0,442.0,707000.0,DLD_MATCH,OFFPLAN_RENTAL_NOT_EVALUATED,,,0.0,,NONE,False,NONE,OFFPLAN_RENTAL_NOT_EVALUATED,,Offplan properties not evaluated for current rent,,,,,,,,,,,,,,,,,,,,,,,,,
2189,offplan,Majan,the haven 3,0.0,500.0,748000.0,DLD_MISSING,OFFPLAN_RENTAL_NOT_EVALUATED,,,0.0,,NONE,False,NONE,OFFPLAN_RENTAL_NOT_EVALUATED,,Offplan properties not evaluated for current rent,,,,,,,,,,,,,,,,,,,,,,,,,
3225,offplan,Dubai Sports City,antalya,3.0,1575.0,2501016.0,DLD_MISSING,OFFPLAN_RENTAL_NOT_EVALUATED,,,0.0,,NONE,False,NONE,OFFPLAN_RENTAL_NOT_EVALUATED,,Offplan properties not evaluated for current rent,,,,,,,,,,,,,,,,,,,,,,,,,
3334,offplan,Dubai Islands,sunset bay grand,1.0,840.0,2289194.0,DLD_MISSING,OFFPLAN_RENTAL_NOT_EVALUATED,,,0.0,,NONE,False,NONE,OFFPLAN_RENTAL_NOT_EVALUATED,,Offplan properties not evaluated for current rent,,,,,,,,,,,,,,,,,,,,,,,,,
425,offplan,Dubai Marina,rove home dubai marina,2.0,1512.0,5656000.0,DLD_MATCH,OFFPLAN_RENTAL_NOT_EVALUATED,,,0.0,,NONE,False,NONE,OFFPLAN_RENTAL_NOT_EVALUATED,,Offplan properties not evaluated for current rent,,,,,,,,,,,,,,,,,,,,,,,,,
5701,offplan,Dubai Land Residence Complex,seraph by wadan,0.0,374.0,595000.0,DLD_MATCH,OFFPLAN_RENTAL_NOT_EVALUATED,,,0.0,,NONE,False,NONE,OFFPLAN_RENTAL_NOT_EVALUATED,,Offplan properties not evaluated for current rent,,,,,,,,,,,,,,,,,,,,,,,,,
1193,offplan,Palm Jumeirah,palm beach towers,1.0,918.0,3700000.0,DLD_MISSING,OFFPLAN_RENTAL_NOT_EVALUATED,,,0.0,,NONE,False,NONE,OFFPLAN_RENTAL_NOT_EVALUATED,,Offplan properties not evaluated for current rent,,,,,,,,,,,,,,,,,,,,,,,,,
6586,offplan,Dubai Land Residence Complex,forest city 2,3.0,1765.0,1680000.0,DLD_MISSING,OFFPLAN_RENTAL_NOT_EVALUATED,,,0.0,,NONE,False,NONE,OFFPLAN_RENTAL_NOT_EVALUATED,,Offplan properties not evaluated for current rent,,,,,,,,,,,,,,,,,,,,,,,,,
4669,offplan,Al Reem island,radiant garden towers,1.0,737.0,1128000.0,DLD_MISSING,OFFPLAN_RENTAL_NOT_EVALUATED,,,0.0,,NONE,False,NONE,OFFPLAN_RENTAL_NOT_EVALUATED,,Offplan properties not evaluated for current rent,,,,,,,,,,,,,,,,,,,,,,,,,
1658,offplan,Arjan,avelon boulevard,1.0,870.0,1198000.0,DLD_MATCH,OFFPLAN_RENTAL_NOT_EVALUATED,,,0.0,,NONE,False,NONE,OFFPLAN_RENTAL_NOT_EVALUATED,,Offplan properties not evaluated for current rent,,,,,,,,,,,,,,,,,,,,,,,,,
4300,offplan,Jumeirah village circle,sky hills residence 3,2.0,1051.0,1626430.0,DLD_MISSING,OFFPLAN_RENTAL_NOT_EVALUATED,,,0.0,,NONE,False,NONE,OFFPLAN_RENTAL_NOT_EVALUATED,,Offplan properties not evaluated for current rent,,,,,,,,,,,,,,,,,,,,,,,,,
4122,offplan,Dubai Land Residence Complex,rivo,3.0,1607.0,1915000.0,DLD_MATCH,OFFPLAN_RENTAL_NOT_EVALUATED,,,0.0,,NONE,False,NONE,OFFPLAN_RENTAL_NOT_EVALUATED,,Offplan properties not evaluated for current rent,,,,,,,,,,,,,,,,,,,,,,,,,
8081,offplan,Al Furjan,azizi central,3.0,1662.0,2176000.0,DLD_MATCH,OFFPLAN_RENTAL_NOT_EVALUATED,,,0.0,,NONE,False,NONE,OFFPLAN_RENTAL_NOT_EVALUATED,,Offplan properties not evaluated for current rent,,,,,,,,,,,,,,,,,,,,,,,,,
520,offplan,Dubai Land Residence Complex,peace lagoons,2.0,842.0,1641350.0,DLD_MISSING,OFFPLAN_RENTAL_NOT_EVALUATED,,,0.0,,NONE,False,NONE,OFFPLAN_RENTAL_NOT_EVALUATED,,Offplan properties not evaluated for current rent,,,,,,,,,,,,,,,,,,,,,,,,,
4171,offplan,Dubai Hills Estate,hillsedge,2.0,1140.0,2710000.0,DLD_MATCH,OFFPLAN_RENTAL_NOT_EVALUATED,,,0.0,,NONE,False,NONE,OFFPLAN_RENTAL_NOT_EVALUATED,,Offplan properties not evaluated for current rent,,,,,,,,,,,,,,,,,,,,,,,,,
8384,offplan,Dubai Science Park,binghatti hillviews,2.0,1382.0,1963000.0,DLD_MATCH,OFFPLAN_RENTAL_NOT_EVALUATED,,,0.0,,NONE,False,NONE,OFFPLAN_RENTAL_NOT_EVALUATED,,Offplan properties not evaluated for current rent,,,,,,,,,,,,,,,,,,,,,,,,,
5654,offplan,Dubai South,windsor house 2,3.0,1491.0,2200000.0,DLD_MISSING,OFFPLAN_RENTAL_NOT_EVALUATED,,,0.0,,NONE,False,NONE,OFFPLAN_RENTAL_NOT_EVALUATED,,Offplan properties not evaluated for current rent,,,,,,,,,,,,,,,,,,,,,,,,,
3865,offplan,Al Marjan Island,w hotel and residences,2.0,1593.0,6574000.0,DLD_MISSING,OFFPLAN_RENTAL_NOT_EVALUATED,,,0.0,,NONE,False,NONE,OFFPLAN_RENTAL_NOT_EVALUATED,,Offplan properties not evaluated for current rent,,,,,,,,,,,,,,,,,,,,,,,,,
2416,offplan,International City Phase 2,elevia residences,0.0,407.0,565000.0,DLD_MATCH,OFFPLAN_RENTAL_NOT_EVALUATED,,,0.0,,NONE,False,NONE,OFFPLAN_RENTAL_NOT_EVALUATED,,Offplan properties not evaluated for current rent,,,,,,,,,,,,,,,,,,,,,,,,,
3775,offplan,مدينة دبي الرياضية,mag 777,0.0,484.0,787000.0,DLD_MATCH,OFFPLAN_RENTAL_NOT_EVALUATED,,,0.0,,NONE,False,NONE,OFFPLAN_RENTAL_NOT_EVALUATED,,Offplan properties not evaluated for current rent,,,,,,,,,,,,,,,,,,,,,,,,,
8316,offplan,Dubai Sports City,mag 777,0.0,484.0,787000.0,DLD_MATCH,OFFPLAN_RENTAL_NOT_EVALUATED,,,0.0,,NONE,False,NONE,OFFPLAN_RENTAL_NOT_EVALUATED,,Offplan properties not evaluated for current rent,,,,,,,,,,,,,,,,,,,,,,,,,
2449,offplan,Dubai South,timber terrace,1.0,928.0,1091000.0,DLD_MATCH,OFFPLAN_RENTAL_NOT_EVALUATED,,,0.0,,NONE,False,NONE,OFFPLAN_RENTAL_NOT_EVALUATED,,Offplan properties not evaluated for current rent,,,,,,,,,,,,,,,,,,,,,,,,,
7513,offplan,Business Bay,bayz 101,1.0,670.0,2300000.0,DLD_MISSING,OFFPLAN_RENTAL_NOT_EVALUATED,,,0.0,,NONE,False,NONE,OFFPLAN_RENTAL_NOT_EVALUATED,,Offplan properties not evaluated for current rent,,,,,,,,,,,,,,,,,,,,,,,,,
7285,ready,Dubai Creek Harbour,the cove,2.0,1338.0,3000000.0,DLD_MATCH,R2,162995.26965430228,5.433175655143409,37.0,median_psf_times_size,PROJECT_LEVEL,False,NONE,SHADOW_RESEARCH,Al Khairan First,,124.3,0.0,,,insufficient_data,0.0,True,37.0,157000.0,162995.26965430228,median_psf_times_size,0.8,False,0.0,,,insufficient_data,0.0,True,2812.0,155000.0,160969.5550620159,median_psf_times_size,0.4,False
4388,offplan,Dubai Studio City,laya courtyard,0.0,442.0,705918.0,DLD_MATCH,OFFPLAN_RENTAL_NOT_EVALUATED,,,0.0,,NONE,False,NONE,OFFPLAN_RENTAL_NOT_EVALUATED,,Offplan properties not evaluated for current rent,,,,,,,,,,,,,,,,,,,,,,,,,
4046,ready,Arjan,vincitore volare,1.0,727.0,1000000.0,DLD_MATCH,R4,60372.720466574494,6.037272046657449,2178.0,median_psf_times_size,AREA_LEVEL,False,NONE,SHADOW_RESEARCH,Al Barshaa South Third,,67.5,0.0,,,insufficient_data,0.0,True,0.0,,,insufficient_data,0.0,True,0.0,,,insufficient_data,0.0,True,2178.0,63000.0,60372.720466574494,median_psf_times_size,0.4,False
322,offplan,Jumeirah Village Triangle,sonate residences,1.0,847.0,1268490.0,DLD_MISSING,OFFPLAN_RENTAL_NOT_EVALUATED,,,0.0,,NONE,False,NONE,OFFPLAN_RENTAL_NOT_EVALUATED,,Offplan properties not evaluated for current rent,,,,,,,,,,,,,,,,,,,,,,,,,
6130,offplan,Dubai Land Residence Complex,bliss tower,1.0,796.0,1163508.0,DLD_MATCH,OFFPLAN_RENTAL_NOT_EVALUATED,,,0.0,,NONE,False,NONE,OFFPLAN_RENTAL_NOT_EVALUATED,,Offplan properties not evaluated for current rent,,,,,,,,,,,,,,,,,,,,,,,,,
525,offplan,Dubai Marina,marina living,1.0,721.0,1700000.0,DLD_MATCH,OFFPLAN_RENTAL_NOT_EVALUATED,,,0.0,,NONE,False,NONE,OFFPLAN_RENTAL_NOT_EVALUATED,,Offplan properties not evaluated for current rent,,,,,,,,,,,,,,,,,,,,,,,,,
7164,offplan,Nad Al Sheba,saddlewood park by mak developers,1.0,773.0,1725000.0,DLD_MISSING,OFFPLAN_RENTAL_NOT_EVALUATED,,,0.0,,NONE,False,NONE,OFFPLAN_RENTAL_NOT_EVALUATED,,Offplan properties not evaluated for current rent,,,,,,,,,,,,,,,,,,,,,,,,,
1160,offplan,Dubai Design District,design quarter,3.0,3305.0,8537000.0,DLD_MATCH,OFFPLAN_RENTAL_NOT_EVALUATED,,,0.0,,NONE,False,NONE,OFFPLAN_RENTAL_NOT_EVALUATED,,Offplan properties not evaluated for current rent,,,,,,,,,,,,,,,,,,,,,,,,,
4930,offplan,Downtown Dubai,society house,0.0,370.0,1200000.0,DLD_MATCH,OFFPLAN_RENTAL_NOT_EVALUATED,,,0.0,,NONE,False,NONE,OFFPLAN_RENTAL_NOT_EVALUATED,,Offplan properties not evaluated for current rent,,,,,,,,,,,,,,,,,,,,,,,,,
5214,offplan,Rashid Yachts & Marina,bayline,1.0,814.0,1700000.0,DLD_MATCH,OFFPLAN_RENTAL_NOT_EVALUATED,,,0.0,,NONE,False,NONE,OFFPLAN_RENTAL_NOT_EVALUATED,,Offplan properties not evaluated for current rent,,,,,,,,,,,,,,,,,,,,,,,,,
930,offplan,Arjan,kyoto by oro24,0.0,376.0,610000.0,DLD_MATCH,OFFPLAN_RENTAL_NOT_EVALUATED,,,0.0,,NONE,False,NONE,OFFPLAN_RENTAL_NOT_EVALUATED,,Offplan properties not evaluated for current rent,,,,,,,,,,,,,,,,,,,,,,,,,
4997,ready,Jumeirah village circle,beverly residence 2,1.0,740.0,970000.0,DLD_MATCH,R4,65176.91195850043,6.719269274072209,4245.0,median_psf_times_size,AREA_LEVEL,False,NONE,SHADOW_RESEARCH,Al Barsha South Fourth,,68.7,0.0,,,insufficient_data,0.0,True,0.0,,,insufficient_data,0.0,True,0.0,,,insufficient_data,0.0,True,4245.0,65000.0,65176.91195850043,median_psf_times_size,0.4,False
6530,ready,Jumeirah village circle,empire residences,2.0,996.0,1300000.0,DLD_MISSING,R4,79138.72117901884,6.087593936847603,3340.0,median_psf_times_size,AREA_LEVEL,False,NONE,SHADOW_RESEARCH,Al Barsha South Fourth,,92.5,0.0,,,insufficient_data,0.0,True,0.0,,,insufficient_data,0.0,True,0.0,,,insufficient_data,0.0,True,3340.0,73000.0,79138.72117901884,median_psf_times_size,0.4,False
762,offplan,Meydan City,woodland crest,1.0,692.0,1595426.0,DLD_MATCH,OFFPLAN_RENTAL_NOT_EVALUATED,,,0.0,,NONE,False,NONE,OFFPLAN_RENTAL_NOT_EVALUATED,,Offplan properties not evaluated for current rent,,,,,,,,,,,,,,,,,,,,,,,,,
2659,offplan,DIFC,address residences zabeel,4.0,4447.0,14999900.0,DLD_MATCH,OFFPLAN_RENTAL_NOT_EVALUATED,,,0.0,,NONE,False,NONE,OFFPLAN_RENTAL_NOT_EVALUATED,,Offplan properties not evaluated for current rent,,,,,,,,,,,,,,,,,,,,,,,,,
6754,offplan,Dubai Land Residence Complex,arib collection,0.0,458.0,671000.0,DLD_MATCH,OFFPLAN_RENTAL_NOT_EVALUATED,,,0.0,,NONE,False,NONE,OFFPLAN_RENTAL_NOT_EVALUATED,,Offplan properties not evaluated for current rent,,,,,,,,,,,,,,,,,,,,,,,,,
7716,offplan,Discovery Gardens,havelock residences,0.0,380.0,750000.0,DLD_MATCH,OFFPLAN_RENTAL_NOT_EVALUATED,,,0.0,,NONE,False,NONE,OFFPLAN_RENTAL_NOT_EVALUATED,,Offplan properties not evaluated for current rent,,,,,,,,,,,,,,,,,,,,,,,,,
7472,offplan,Discovery Gardens,havelock residences,2.0,2246.0,2000000.0,DLD_MATCH,OFFPLAN_RENTAL_NOT_EVALUATED,,,0.0,,NONE,False,NONE,OFFPLAN_RENTAL_NOT_EVALUATED,,Offplan properties not evaluated for current rent,,,,,,,,,,,,,,,,,,,,,,,,,
479,offplan,Business Bay,royal regency suites,3.0,2716.0,4432500.0,DLD_MATCH,OFFPLAN_RENTAL_NOT_EVALUATED,,,0.0,,NONE,False,NONE,OFFPLAN_RENTAL_NOT_EVALUATED,,Offplan properties not evaluated for current rent,,,,,,,,,,,,,,,,,,,,,,,,,
6747,ready,Meydan City,emerge residences,3.0,3169.0,6700000.0,DLD_MATCH,R4,190898.70215296964,2.8492343604920842,20.0,median_psf_times_size,AREA_LEVEL,False,NONE,SHADOW_RESEARCH,Nad Al Shiba First,,294.4,0.0,,,insufficient_data,0.0,True,0.0,,,insufficient_data,0.0,True,0.0,,,insufficient_data,0.0,True,20.0,170000.0,190898.70215296964,median_psf_times_size,0.2,False
488,offplan,Dubai Marina,sobha seahaven,5.0,7815.0,51188400.0,DLD_MISSING,OFFPLAN_RENTAL_NOT_EVALUATED,,,0.0,,NONE,False,NONE,OFFPLAN_RENTAL_NOT_EVALUATED,,Offplan properties not evaluated for current rent,,,,,,,,,,,,,,,,,,,,,,,,,
2120,offplan,Dubai Science Park,sky hills astra,3.0,1989.0,5380000.0,DLD_MISSING,OFFPLAN_RENTAL_NOT_EVALUATED,,,0.0,,NONE,False,NONE,OFFPLAN_RENTAL_NOT_EVALUATED,,Offplan properties not evaluated for current rent,,,,,,,,,,,,,,,,,,,,,,,,,
5475,offplan,Dubai Creek Harbour,albero,3.0,1574.0,4200000.0,DLD_MATCH,OFFPLAN_RENTAL_NOT_EVALUATED,,,0.0,,NONE,False,NONE,OFFPLAN_RENTAL_NOT_EVALUATED,,Offplan properties not evaluated for current rent,,,,,,,,,,,,,,,,,,,,,,,,,
6829,offplan,Dubai Sports City,vega,2.0,1073.0,1608370.0,DLD_MATCH,OFFPLAN_RENTAL_NOT_EVALUATED,,,0.0,,NONE,False,NONE,OFFPLAN_RENTAL_NOT_EVALUATED,,Offplan properties not evaluated for current rent,,,,,,,,,,,,,,,,,,,,,,,,,
6421,offplan,Dubai Creek Harbour,altan,2.0,1435.0,3290000.0,DLD_MATCH,OFFPLAN_RENTAL_NOT_EVALUATED,,,0.0,,NONE,False,NONE,OFFPLAN_RENTAL_NOT_EVALUATED,,Offplan properties not evaluated for current rent,,,,,,,,,,,,,,,,,,,,,,,,,
1417,offplan,Aljada,safa parkview,2.0,1233.0,1606000.0,DLD_MISSING,OFFPLAN_RENTAL_NOT_EVALUATED,,,0.0,,NONE,False,NONE,OFFPLAN_RENTAL_NOT_EVALUATED,,Offplan properties not evaluated for current rent,,,,,,,,,,,,,,,,,,,,,,,,,
2393,offplan,Dubai South,azizi venice buildings 11,1.0,689.0,1170000.0,DLD_MISSING,OFFPLAN_RENTAL_NOT_EVALUATED,,,0.0,,NONE,False,NONE,OFFPLAN_RENTAL_NOT_EVALUATED,,Offplan properties not evaluated for current rent,,,,,,,,,,,,,,,,,,,,,,,,,
2980,offplan,Expo City,terra gardens,3.0,1668.0,3537888.0,DLD_MATCH,OFFPLAN_RENTAL_NOT_EVALUATED,,,0.0,,NONE,False,NONE,OFFPLAN_RENTAL_NOT_EVALUATED,,Offplan properties not evaluated for current rent,,,,,,,,,,,,,,,,,,,,,,,,,
4562,offplan,Dubai Sports City,azizi grand,1.0,726.0,1002400.0,DLD_MATCH,OFFPLAN_RENTAL_NOT_EVALUATED,,,0.0,,NONE,False,NONE,OFFPLAN_RENTAL_NOT_EVALUATED,,Offplan properties not evaluated for current rent,,,,,,,,,,,,,,,,,,,,,,,,,
6124,offplan,Dubai South,miorah by zoya,0.0,400.0,640672.0,DLD_MATCH,OFFPLAN_RENTAL_NOT_EVALUATED,,,0.0,,NONE,False,NONE,OFFPLAN_RENTAL_NOT_EVALUATED,,Offplan properties not evaluated for current rent,,,,,,,,,,,,,,,,,,,,,,,,,
2174,offplan,Al Jadaf Waterfront,azizi leily,1.0,639.0,1406000.0,DLD_MATCH,OFFPLAN_RENTAL_NOT_EVALUATED,,,0.0,,NONE,False,NONE,OFFPLAN_RENTAL_NOT_EVALUATED,,Offplan properties not evaluated for current rent,,,,,,,,,,,,,,,,,,,,,,,,,
934,offplan,Dubai Land Residence Complex,celia homes,1.0,849.0,1023045.0,DLD_MATCH,OFFPLAN_RENTAL_NOT_EVALUATED,,,0.0,,NONE,False,NONE,OFFPLAN_RENTAL_NOT_EVALUATED,,Offplan properties not evaluated for current rent,,,,,,,,,,,,,,,,,,,,,,,,,
8386,offplan,Jumeirah village circle,esplora,0.0,429.0,773068.0,DLD_MISSING,OFFPLAN_RENTAL_NOT_EVALUATED,,,0.0,,NONE,False,NONE,OFFPLAN_RENTAL_NOT_EVALUATED,,Offplan properties not evaluated for current rent,,,,,,,,,,,,,,,,,,,,,,,,,
2791,offplan,Sheikh Zayed Road,one billion tower,2.0,1466.0,3932000.0,DLD_MISSING,OFFPLAN_RENTAL_NOT_EVALUATED,,,0.0,,NONE,False,NONE,OFFPLAN_RENTAL_NOT_EVALUATED,,Offplan properties not evaluated for current rent,,,,,,,,,,,,,,,,,,,,,,,,,
5865,offplan,Town Square Dubai,alton,3.0,1528.0,2800000.0,DLD_MATCH,OFFPLAN_RENTAL_NOT_EVALUATED,,,0.0,,NONE,False,NONE,OFFPLAN_RENTAL_NOT_EVALUATED,,Offplan properties not evaluated for current rent,,,,,,,,,,,,,,,,,,,,,,,,,
7447,offplan,Dubai Land Residence Complex,athlon by aldar,3.0,2281.0,2800000.0,DLD_MISSING,OFFPLAN_RENTAL_NOT_EVALUATED,,,0.0,,NONE,False,NONE,OFFPLAN_RENTAL_NOT_EVALUATED,,Offplan properties not evaluated for current rent,,,,,,,,,,,,,,,,,,,,,,,,,
4235,offplan,Dubai Sports City,antalya,1.0,774.0,1156018.0,DLD_MISSING,OFFPLAN_RENTAL_NOT_EVALUATED,,,0.0,,NONE,False,NONE,OFFPLAN_RENTAL_NOT_EVALUATED,,Offplan properties not evaluated for current rent,,,,,,,,,,,,,,,,,,,,,,,,,
5266,offplan,Business Bay,onda by kasco,1.0,813.0,1700000.0,DLD_MATCH,OFFPLAN_RENTAL_NOT_EVALUATED,,,0.0,,NONE,False,NONE,OFFPLAN_RENTAL_NOT_EVALUATED,,Offplan properties not evaluated for current rent,,,,,,,,,,,,,,,,,,,,,,,,,
2740,offplan,Al Jadaf Waterfront,azizi leily,2.0,851.0,1806000.0,DLD_MATCH,OFFPLAN_RENTAL_NOT_EVALUATED,,,0.0,,NONE,False,NONE,OFFPLAN_RENTAL_NOT_EVALUATED,,Offplan properties not evaluated for current rent,,,,,,,,,,,,,,,,,,,,,,,,,
5189,offplan,RAK Central,one central,2.0,809.0,1699900.0,DLD_MISSING,OFFPLAN_RENTAL_NOT_EVALUATED,,,0.0,,NONE,False,NONE,OFFPLAN_RENTAL_NOT_EVALUATED,,Offplan properties not evaluated for current rent,,,,,,,,,,,,,,,,,,,,,,,,,
4681,offplan,Emaar South,golf acres,2.0,1219.0,1800000.0,DLD_MISSING,OFFPLAN_RENTAL_NOT_EVALUATED,,,0.0,,NONE,False,NONE,OFFPLAN_RENTAL_NOT_EVALUATED,,Offplan properties not evaluated for current rent,,,,,,,,,,,,,,,,,,,,,,,,,
1628,offplan,Dubai Creek Harbour,altus,1.0,765.0,1866890.0,DLD_MATCH,OFFPLAN_RENTAL_NOT_EVALUATED,,,0.0,,NONE,False,NONE,OFFPLAN_RENTAL_NOT_EVALUATED,,Offplan properties not evaluated for current rent,,,,,,,,,,,,,,,,,,,,,,,,,
3483,offplan,Jumeirah village circle,serenz by danube at jvc,0.0,380.0,881000.0,DLD_MISSING,OFFPLAN_RENTAL_NOT_EVALUATED,,,0.0,,NONE,False,NONE,OFFPLAN_RENTAL_NOT_EVALUATED,,Offplan properties not evaluated for current rent,,,,,,,,,,,,,,,,,,,,,,,,,
3255,offplan,Dubai South,cresswell plaza,1.0,803.0,1050000.0,DLD_MATCH,OFFPLAN_RENTAL_NOT_EVALUATED,,,0.0,,NONE,False,NONE,OFFPLAN_RENTAL_NOT_EVALUATED,,Offplan properties not evaluated for current rent,,,,,,,,,,,,,,,,,,,,,,,,,
6137,offplan,Jumeirah Village Triangle,fashionz,1.0,826.0,1404000.0,DLD_MISSING,OFFPLAN_RENTAL_NOT_EVALUATED,,,0.0,,NONE,False,NONE,OFFPLAN_RENTAL_NOT_EVALUATED,,Offplan properties not evaluated for current rent,,,,,,,,,,,,,,,,,,,,,,,,,
4924,offplan,Downtown Dubai,one residence,1.0,752.0,2350000.0,DLD_MATCH,OFFPLAN_RENTAL_NOT_EVALUATED,,,0.0,,NONE,False,NONE,OFFPLAN_RENTAL_NOT_EVALUATED,,Offplan properties not evaluated for current rent,,,,,,,,,,,,,,,,,,,,,,,,,
1083,offplan,Downtown Dubai,one residence,2.0,1053.0,3410000.0,DLD_MATCH,OFFPLAN_RENTAL_NOT_EVALUATED,,,0.0,,NONE,False,NONE,OFFPLAN_RENTAL_NOT_EVALUATED,,Offplan properties not evaluated for current rent,,,,,,,,,,,,,,,,,,,,,,,,,
5317,offplan,Dubai Motor City,beverly grande,3.0,2093.0,3000000.0,DLD_MATCH,OFFPLAN_RENTAL_NOT_EVALUATED,,,0.0,,NONE,False,NONE,OFFPLAN_RENTAL_NOT_EVALUATED,,Offplan properties not evaluated for current rent,,,,,,,,,,,,,,,,,,,,,,,,,
294,offplan,Dubai Industrial City,samana hills south,0.0,,560000.0,DLD_MATCH,OFFPLAN_RENTAL_NOT_EVALUATED,,,0.0,,NONE,False,NONE,OFFPLAN_RENTAL_NOT_EVALUATED,,Offplan properties not evaluated for current rent,,,,,,,,,,,,,,,,,,,,,,,,,
4677,offplan,Dubai Hills Estate,parkland,2.0,1227.0,3119000.0,DLD_MATCH,OFFPLAN_RENTAL_NOT_EVALUATED,,,0.0,,NONE,False,NONE,OFFPLAN_RENTAL_NOT_EVALUATED,,Offplan properties not evaluated for current rent,,,,,,,,,,,,,,,,,,,,,,,,,
3231,ready,Dubai Creek Harbour,harbour gate,1.0,683.0,1600000.0,DLD_MATCH,R2,91500.08798565455,5.71875549910341,27.0,median_psf_times_size,PROJECT_LEVEL,False,NONE,SHADOW_RESEARCH,Al Khairan First,,63.5,0.0,,,insufficient_data,0.0,True,27.0,92000.0,91500.08798565455,median_psf_times_size,0.8,False,0.0,,,insufficient_data,0.0,True,4217.0,90000.0,87897.54666674606,median_psf_times_size,0.4,False
482,offplan,Meydan City,wadi villas,4.0,6545.0,14734600.0,DLD_MISSING,OFFPLAN_RENTAL_NOT_EVALUATED,,,0.0,,NONE,False,NONE,OFFPLAN_RENTAL_NOT_EVALUATED,,Offplan properties not evaluated for current rent,,,,,,,,,,,,,,,,,,,,,,,,,
8097,offplan,Rashid Yachts & Marina,marina place,1.0,817.0,2100000.0,DLD_MISSING,OFFPLAN_RENTAL_NOT_EVALUATED,,,0.0,,NONE,False,NONE,OFFPLAN_RENTAL_NOT_EVALUATED,,Offplan properties not evaluated for current rent,,,,,,,,,,,,,,,,,,,,,,,,,
3729,offplan,Majan,samana barari heights,3.0,1874.0,2623333.0,DLD_MATCH,OFFPLAN_RENTAL_NOT_EVALUATED,,,0.0,,NONE,False,NONE,OFFPLAN_RENTAL_NOT_EVALUATED,,Offplan properties not evaluated for current rent,,,,,,,,,,,,,,,,,,,,,,,,,
3471,offplan,Dubai Marina,liv lux,4.0,7270.0,23999500.0,DLD_MATCH,OFFPLAN_RENTAL_NOT_EVALUATED,,,0.0,,NONE,False,NONE,OFFPLAN_RENTAL_NOT_EVALUATED,,Offplan properties not evaluated for current rent,,,,,,,,,,,,,,,,,,,,,,,,,
7206,offplan,Dubai Marina,liv lux,4.0,7270.0,23999500.0,DLD_MATCH,OFFPLAN_RENTAL_NOT_EVALUATED,,,0.0,,NONE,False,NONE,OFFPLAN_RENTAL_NOT_EVALUATED,,Offplan properties not evaluated for current rent,,,,,,,,,,,,,,,,,,,,,,,,,
2103,offplan,Dubai Land Residence Complex,verdan1a,1.0,787.0,1092140.0,DLD_MISSING,OFFPLAN_RENTAL_NOT_EVALUATED,,,0.0,,NONE,False,NONE,OFFPLAN_RENTAL_NOT_EVALUATED,,Offplan properties not evaluated for current rent,,,,,,,,,,,,,,,,,,,,,,,,,
7260,offplan,Dubai Hills Estate,rosehill,1.0,808.0,1680888.0,DLD_MATCH,OFFPLAN_RENTAL_NOT_EVALUATED,,,0.0,,NONE,False,NONE,OFFPLAN_RENTAL_NOT_EVALUATED,,Offplan properties not evaluated for current rent,,,,,,,,,,,,,,,,,,,,,,,,,
5805,offplan,Dubai Islands,241 waterside,3.0,1582.0,3188000.0,DLD_MATCH,OFFPLAN_RENTAL_NOT_EVALUATED,,,0.0,,NONE,False,NONE,OFFPLAN_RENTAL_NOT_EVALUATED,,Offplan properties not evaluated for current rent,,,,,,,,,,,,,,,,,,,,,,,,,
1129,offplan,Jumeirah Lake Towers,mbl signature,2.0,1589.0,3477663.0,DLD_MATCH,OFFPLAN_RENTAL_NOT_EVALUATED,,,0.0,,NONE,False,NONE,OFFPLAN_RENTAL_NOT_EVALUATED,,Offplan properties not evaluated for current rent,,,,,,,,,,,,,,,,,,,,,,,,,
5165,offplan,Dubai Sports City,antalya,2.0,1159.0,1634945.0,DLD_MISSING,OFFPLAN_RENTAL_NOT_EVALUATED,,,0.0,,NONE,False,NONE,OFFPLAN_RENTAL_NOT_EVALUATED,,Offplan properties not evaluated for current rent,,,,,,,,,,,,,,,,,,,,,,,,,
3374,offplan,Dubai Land Residence Complex,milos,1.0,874.0,1059840.0,DLD_MISSING,OFFPLAN_RENTAL_NOT_EVALUATED,,,0.0,,NONE,False,NONE,OFFPLAN_RENTAL_NOT_EVALUATED,,Offplan properties not evaluated for current rent,,,,,,,,,,,,,,,,,,,,,,,,,
699,offplan,Wasl Gate,hillside residences,4.0,3963.0,5269000.0,DLD_MISSING,OFFPLAN_RENTAL_NOT_EVALUATED,,,0.0,,NONE,False,NONE,OFFPLAN_RENTAL_NOT_EVALUATED,,Offplan properties not evaluated for current rent,,,,,,,,,,,,,,,,,,,,,,,,,
566,offplan,Jumeirah village circle,elitz 2,3.0,1493.0,2294000.0,DLD_MISSING,OFFPLAN_RENTAL_NOT_EVALUATED,,,0.0,,NONE,False,NONE,OFFPLAN_RENTAL_NOT_EVALUATED,,Offplan properties not evaluated for current rent,,,,,,,,,,,,,,,,,,,,,,,,,
6184,offplan,Dubai Islands,avida residences,1.0,816.0,2014000.0,DLD_MATCH,OFFPLAN_RENTAL_NOT_EVALUATED,,,0.0,,NONE,False,NONE,OFFPLAN_RENTAL_NOT_EVALUATED,,Offplan properties not evaluated for current rent,,,,,,,,,,,,,,,,,,,,,,,,,
178,offplan,Al Furjan,minati homes 1,2.0,1247.0,1740000.0,DLD_MATCH,OFFPLAN_RENTAL_NOT_EVALUATED,,,0.0,,NONE,False,NONE,OFFPLAN_RENTAL_NOT_EVALUATED,,Offplan properties not evaluated for current rent,,,,,,,,,,,,,,,,,,,,,,,,,
4745,offplan,Business Bay,one river point,1.0,1060.0,2878830.0,DLD_MATCH,OFFPLAN_RENTAL_NOT_EVALUATED,,,0.0,,NONE,False,NONE,OFFPLAN_RENTAL_NOT_EVALUATED,,Offplan properties not evaluated for current rent,,,,,,,,,,,,,,,,,,,,,,,,,
1859,offplan,Dubai Sports City,binghatti haven,1.0,771.0,1110000.0,DLD_MATCH,OFFPLAN_RENTAL_NOT_EVALUATED,,,0.0,,NONE,False,NONE,OFFPLAN_RENTAL_NOT_EVALUATED,,Offplan properties not evaluated for current rent,,,,,,,,,,,,,,,,,,,,,,,,,
4391,offplan,Jumeirah Lake Towers,diamondz,3.0,1519.0,3650000.0,DLD_MISSING,OFFPLAN_RENTAL_NOT_EVALUATED,,,0.0,,NONE,False,NONE,OFFPLAN_RENTAL_NOT_EVALUATED,,Offplan properties not evaluated for current rent,,,,,,,,,,,,,,,,,,,,,,,,,
6664,offplan,Dubai Creek Harbour,creek waters 2,2.0,1120.0,2900000.0,DLD_MATCH,OFFPLAN_RENTAL_NOT_EVALUATED,,,0.0,,NONE,False,NONE,OFFPLAN_RENTAL_NOT_EVALUATED,,Offplan properties not evaluated for current rent,,,,,,,,,,,,,,,,,,,,,,,,,
2663,offplan,Jumeirah village circle,vitality residence,0.0,427.0,740983.0,DLD_MATCH,OFFPLAN_RENTAL_NOT_EVALUATED,,,0.0,,NONE,False,NONE,OFFPLAN_RENTAL_NOT_EVALUATED,,Offplan properties not evaluated for current rent,,,,,,,,,,,,,,,,,,,,,,,,,
2611,offplan,Al Marjan Island,address residences,1.0,734.0,3900000.0,DLD_MISSING,OFFPLAN_RENTAL_NOT_EVALUATED,,,0.0,,NONE,False,NONE,OFFPLAN_RENTAL_NOT_EVALUATED,,Offplan properties not evaluated for current rent,,,,,,,,,,,,,,,,,,,,,,,,,
299,offplan,Jumeirah village circle,levanto by oro24,1.0,665.0,810000.0,DLD_MATCH,OFFPLAN_RENTAL_NOT_EVALUATED,,,0.0,,NONE,False,NONE,OFFPLAN_RENTAL_NOT_EVALUATED,,Offplan properties not evaluated for current rent,,,,,,,,,,,,,,,,,,,,,,,,,
4468,offplan,Downtown Dubai,inaura hotels  residences downtown,3.0,2879.0,14735000.0,DLD_MISSING,OFFPLAN_RENTAL_NOT_EVALUATED,,,0.0,,NONE,False,NONE,OFFPLAN_RENTAL_NOT_EVALUATED,,Offplan properties not evaluated for current rent,,,,,,,,,,,,,,,,,,,,,,,,,
3099,offplan,Al Jadaf Waterfront,azizi david,2.0,843.0,1732000.0,DLD_MATCH,OFFPLAN_RENTAL_NOT_EVALUATED,,,0.0,,NONE,False,NONE,OFFPLAN_RENTAL_NOT_EVALUATED,,Offplan properties not evaluated for current rent,,,,,,,,,,,,,,,,,,,,,,,,,
3332,offplan,Al Furjan,sparklz,2.0,1072.0,1811000.0,DLD_MISSING,OFFPLAN_RENTAL_NOT_EVALUATED,,,0.0,,NONE,False,NONE,OFFPLAN_RENTAL_NOT_EVALUATED,,Offplan properties not evaluated for current rent,,,,,,,,,,,,,,,,,,,,,,,,,
4277,offplan,Meydan City,derby heights by amis,1.0,646.0,1304490.0,DLD_MISSING,OFFPLAN_RENTAL_NOT_EVALUATED,,,0.0,,NONE,False,NONE,OFFPLAN_RENTAL_NOT_EVALUATED,,Offplan properties not evaluated for current rent,,,,,,,,,,,,,,,,,,,,,,,,,
6331,offplan,Jumeirah village circle,maimoon gardens,1.0,600.0,1000000.0,DLD_MATCH,OFFPLAN_RENTAL_NOT_EVALUATED,,,0.0,,NONE,False,NONE,OFFPLAN_RENTAL_NOT_EVALUATED,,Offplan properties not evaluated for current rent,,,,,,,,,,,,,,,,,,,,,,,,,
6583,offplan,Business Bay,canal crown,3.0,2014.0,6475000.0,DLD_MATCH,OFFPLAN_RENTAL_NOT_EVALUATED,,,0.0,,NONE,False,NONE,OFFPLAN_RENTAL_NOT_EVALUATED,,Offplan properties not evaluated for current rent,,,,,,,,,,,,,,,,,,,,,,,,,
4827,offplan,Majan,binghatti titania,0.0,369.0,695999.0,DLD_MATCH,OFFPLAN_RENTAL_NOT_EVALUATED,,,0.0,,NONE,False,NONE,OFFPLAN_RENTAL_NOT_EVALUATED,,Offplan properties not evaluated for current rent,,,,,,,,,,,,,,,,,,,,,,,,,
689,offplan,Jumeirah village circle,gateway by premier choice,0.0,400.0,576000.0,DLD_MATCH,OFFPLAN_RENTAL_NOT_EVALUATED,,,0.0,,NONE,False,NONE,OFFPLAN_RENTAL_NOT_EVALUATED,,Offplan properties not evaluated for current rent,,,,,,,,,,,,,,,,,,,,,,,,,
7251,offplan,Arjan,elano,0.0,368.0,556000.0,DLD_MISSING,OFFPLAN_RENTAL_NOT_EVALUATED,,,0.0,,NONE,False,NONE,OFFPLAN_RENTAL_NOT_EVALUATED,,Offplan properties not evaluated for current rent,,,,,,,,,,,,,,,,,,,,,,,,,
2196,offplan,Business Bay,the crestmark,1.0,747.0,2500000.0,DLD_MATCH,OFFPLAN_RENTAL_NOT_EVALUATED,,,0.0,,NONE,False,NONE,OFFPLAN_RENTAL_NOT_EVALUATED,,Offplan properties not evaluated for current rent,,,,,,,,,,,,,,,,,,,,,,,,,
135,offplan,Jumeirah village circle,elitz,3.0,1166.0,2300000.0,DLD_MISSING,OFFPLAN_RENTAL_NOT_EVALUATED,,,0.0,,NONE,False,NONE,OFFPLAN_RENTAL_NOT_EVALUATED,,Offplan properties not evaluated for current rent,,,,,,,,,,,,,,,,,,,,,,,,,
2880,offplan,Jumeirah Heights,eltiera heights,1.0,844.0,2113828.0,DLD_MATCH,OFFPLAN_RENTAL_NOT_EVALUATED,,,0.0,,NONE,False,NONE,OFFPLAN_RENTAL_NOT_EVALUATED,,Offplan properties not evaluated for current rent,,,,,,,,,,,,,,,,,,,,,,,,,
2884,offplan,Meydan City,helvetia verde,1.0,854.0,1665000.0,DLD_MATCH,OFFPLAN_RENTAL_NOT_EVALUATED,,,0.0,,NONE,False,NONE,OFFPLAN_RENTAL_NOT_EVALUATED,,Offplan properties not evaluated for current rent,,,,,,,,,,,,,,,,,,,,,,,,,
7434,offplan,Jumeirah village circle,helvetia residences,3.0,1692.0,2529070.0,DLD_MATCH,OFFPLAN_RENTAL_NOT_EVALUATED,,,0.0,,NONE,False,NONE,OFFPLAN_RENTAL_NOT_EVALUATED,,Offplan properties not evaluated for current rent,,,,,,,,,,,,,,,,,,,,,,,,,
183,offplan,Dubai Land Residence Complex,solanki one,2.0,1076.0,1114000.0,DLD_MATCH,OFFPLAN_RENTAL_NOT_EVALUATED,,,0.0,,NONE,False,NONE,OFFPLAN_RENTAL_NOT_EVALUATED,,Offplan properties not evaluated for current rent,,,,,,,,,,,,,,,,,,,,,,,,,
3852,unknown,Al Marjan Island,karl lagerfeld beach residences,2.0,1316.0,4200000.0,DLD_MISSING,STATUS_NOT_ELIGIBLE_FOR_CURRENT_RENT,,,0.0,,NONE,False,NONE,STATUS_NOT_ELIGIBLE_FOR_CURRENT_RENT,,Unknown status properties not evaluated for current rent,,,,,,,,,,,,,,,,,,,,,,,,,
6680,offplan,Arjan,adhara star,1.0,779.0,1200000.0,DLD_MATCH,OFFPLAN_RENTAL_NOT_EVALUATED,,,0.0,,NONE,False,NONE,OFFPLAN_RENTAL_NOT_EVALUATED,,Offplan properties not evaluated for current rent,,,,,,,,,,,,,,,,,,,,,,,,,
143,offplan,Majan,rabdan gates,1.0,792.0,1086919.0,DLD_MATCH,OFFPLAN_RENTAL_NOT_EVALUATED,,,0.0,,NONE,False,NONE,OFFPLAN_RENTAL_NOT_EVALUATED,,Offplan properties not evaluated for current rent,,,,,,,,,,,,,,,,,,,,,,,,,
6423,offplan,Al Sufouh 1,the biltmore residences,2.0,1127.0,2739120.0,DLD_MISSING,OFFPLAN_RENTAL_NOT_EVALUATED,,,0.0,,NONE,False,NONE,OFFPLAN_RENTAL_NOT_EVALUATED,,Offplan properties not evaluated for current rent,,,,,,,,,,,,,,,,,,,,,,,,,
2458,offplan,Dubai Industrial City,coventry centro,0.0,392.0,496625.0,DLD_MISSING,OFFPLAN_RENTAL_NOT_EVALUATED,,,0.0,,NONE,False,NONE,OFFPLAN_RENTAL_NOT_EVALUATED,,Offplan properties not evaluated for current rent,,,,,,,,,,,,,,,,,,,,,,,,,
5263,ready,Jumeirah village circle,oakley square residences,1.0,802.0,1450000.0,DLD_MATCH,R2,91222.16606184268,6.291183866333978,36.0,median_psf_times_size,PROJECT_LEVEL,False,NONE,SHADOW_RESEARCH,Al Barsha South Fourth,,74.5,0.0,,,insufficient_data,0.0,True,36.0,85000.0,91222.16606184268,median_psf_times_size,0.8,False,0.0,,,insufficient_data,0.0,True,4585.0,67905.815,69186.22107434821,median_psf_times_size,0.4,False
383,offplan,Emaar South,golf edge,3.0,2965.0,4750000.0,DLD_MATCH,OFFPLAN_RENTAL_NOT_EVALUATED,,,0.0,,NONE,False,NONE,OFFPLAN_RENTAL_NOT_EVALUATED,,Offplan properties not evaluated for current rent,,,,,,,,,,,,,,,,,,,,,,,,,
3339,offplan,Al Jadaf Waterfront,binghatti ivory,1.0,770.0,1700000.0,DLD_MATCH,OFFPLAN_RENTAL_NOT_EVALUATED,,,0.0,,NONE,False,NONE,OFFPLAN_RENTAL_NOT_EVALUATED,,Offplan properties not evaluated for current rent,,,,,,,,,,,,,,,,,,,,,,,,,
4959,offplan,Dubai Land Residence Complex,reef 998,2.0,,1436040.0,DLD_MATCH,OFFPLAN_RENTAL_NOT_EVALUATED,,,0.0,,NONE,False,NONE,OFFPLAN_RENTAL_NOT_EVALUATED,,Offplan properties not evaluated for current rent,,,,,,,,,,,,,,,,,,,,,,,,,
7022,ready,Damac Hills,park town,1.0,1021.0,1624000.0,DLD_MISSING,R4,70931.62225458662,4.36771072996223,4179.0,median_psf_times_size,AREA_LEVEL,False,NONE,SHADOW_RESEARCH,Jabal Ali First,,94.9,0.0,,,insufficient_data,0.0,True,0.0,,,insufficient_data,0.0,True,0.0,,,insufficient_data,0.0,True,4179.0,66000.0,70931.62225458662,median_psf_times_size,0.4,False
884,ready,Dubai Sports City,canal residence west,3.0,2334.0,2334900.0,DLD_MISSING,R4,121791.49015694733,5.216133031690751,21.0,median_psf_times_size,AREA_LEVEL,False,NONE,SHADOW_RESEARCH,Al Hebiah Fourth,,216.8,0.0,,,insufficient_data,0.0,True,0.0,,,insufficient_data,0.0,True,0.0,,,insufficient_data,0.0,True,21.0,110000.0,121791.49015694733,median_psf_times_size,0.21000000000000002,False
985,offplan,Al Reem island,rotana residences north tower,2.0,1400.0,2338000.0,DLD_MISSING,OFFPLAN_RENTAL_NOT_EVALUATED,,,0.0,,NONE,False,NONE,OFFPLAN_RENTAL_NOT_EVALUATED,,Offplan properties not evaluated for current rent,,,,,,,,,,,,,,,,,,,,,,,,,
3025,offplan,Sobha Central,the pinnacle at sobha central,2.0,997.0,3193344.0,DLD_MISSING,OFFPLAN_RENTAL_NOT_EVALUATED,,,0.0,,NONE,False,NONE,OFFPLAN_RENTAL_NOT_EVALUATED,,Offplan properties not evaluated for current rent,,,,,,,,,,,,,,,,,,,,,,,,,
6877,offplan,Dubai Motor City,ananda towers,2.0,1149.0,1696000.0,DLD_MISSING,OFFPLAN_RENTAL_NOT_EVALUATED,,,0.0,,NONE,False,NONE,OFFPLAN_RENTAL_NOT_EVALUATED,,Offplan properties not evaluated for current rent,,,,,,,,,,,,,,,,,,,,,,,,,
4014,offplan,Dubai Islands,sea legend tower one,2.0,1206.0,2954700.0,DLD_MISSING,OFFPLAN_RENTAL_NOT_EVALUATED,,,0.0,,NONE,False,NONE,OFFPLAN_RENTAL_NOT_EVALUATED,,Offplan properties not evaluated for current rent,,,,,,,,,,,,,,,,,,,,,,,,,
1932,offplan,Dubai Islands,isla private residences,2.0,1230.0,3300000.0,DLD_MISSING,OFFPLAN_RENTAL_NOT_EVALUATED,,,0.0,,NONE,False,NONE,OFFPLAN_RENTAL_NOT_EVALUATED,,Offplan properties not evaluated for current rent,,,,,,,,,,,,,,,,,,,,,,,,,
6036,offplan,Dubai Islands,cotier house,1.0,849.0,2191180.0,DLD_MISSING,OFFPLAN_RENTAL_NOT_EVALUATED,,,0.0,,NONE,False,NONE,OFFPLAN_RENTAL_NOT_EVALUATED,,Offplan properties not evaluated for current rent,,,,,,,,,,,,,,,,,,,,,,,,,
1727,ready,Jumeirah village circle,luma21,1.0,595.0,1000000.0,DLD_MATCH,R4,55277.308800049934,5.527730880004993,2150.0,median_psf_times_size,AREA_LEVEL,False,NONE,SHADOW_RESEARCH,Al Barsha South Fourth,,55.3,0.0,,,insufficient_data,0.0,True,19.0,68000.0,68023.14573148737,median_psf_times_size,0.8,False,0.0,,,insufficient_data,0.0,True,2150.0,58000.0,55277.308800049934,median_psf_times_size,0.4,False
5402,ready,Business Bay,the pad by omniyat,1.0,648.0,1550000.0,DLD_MISSING,R4,80516.1290803328,5.194588972924697,1737.0,median_psf_times_size,AREA_LEVEL,False,NONE,SHADOW_RESEARCH,Business Bay,,60.2,0.0,,,insufficient_data,0.0,True,0.0,,,insufficient_data,0.0,True,0.0,,,insufficient_data,0.0,True,1737.0,80000.0,80516.1290803328,median_psf_times_size,0.4,False
5028,offplan,Al Furjan,minati homes 1,1.0,777.0,1205000.0,DLD_MATCH,OFFPLAN_RENTAL_NOT_EVALUATED,,,0.0,,NONE,False,NONE,OFFPLAN_RENTAL_NOT_EVALUATED,,Offplan properties not evaluated for current rent,,,,,,,,,,,,,,,,,,,,,,,,,
1944,offplan,Jumeirah Village Triangle,santorini residences by loutraki,2.0,1032.0,1627000.0,DLD_MATCH,OFFPLAN_RENTAL_NOT_EVALUATED,,,0.0,,NONE,False,NONE,OFFPLAN_RENTAL_NOT_EVALUATED,,Offplan properties not evaluated for current rent,,,,,,,,,,,,,,,,,,,,,,,,,
5237,offplan,Downtown Dubai,mercedesbenz places by binghatti,3.0,2619.0,20000000.0,DLD_MISSING,OFFPLAN_RENTAL_NOT_EVALUATED,,,0.0,,NONE,False,NONE,OFFPLAN_RENTAL_NOT_EVALUATED,,Offplan properties not evaluated for current rent,,,,,,,,,,,,,,,,,,,,,,,,,
938,offplan,Siniya Island,beach residences,2.0,875.0,2036118.0,DLD_MISSING,OFFPLAN_RENTAL_NOT_EVALUATED,,,0.0,,NONE,False,NONE,OFFPLAN_RENTAL_NOT_EVALUATED,,Offplan properties not evaluated for current rent,,,,,,,,,,,,,,,,,,,,,,,,,
6921,offplan,Dubai South,avenew 888  modo,3.0,1283.0,1924000.0,DLD_MISSING,OFFPLAN_RENTAL_NOT_EVALUATED,,,0.0,,NONE,False,NONE,OFFPLAN_RENTAL_NOT_EVALUATED,,Offplan properties not evaluated for current rent,,,,,,,,,,,,,,,,,,,,,,,,,
859,offplan,Jumeirah Village Triangle,milestone residences,1.0,852.0,1176160.0,DLD_MATCH,OFFPLAN_RENTAL_NOT_EVALUATED,,,0.0,,NONE,False,NONE,OFFPLAN_RENTAL_NOT_EVALUATED,,Offplan properties not evaluated for current rent,,,,,,,,,,,,,,,,,,,,,,,,,
6634,offplan,Jumeirah village circle,sky suites,1.0,829.0,1476700.0,DLD_MISSING,OFFPLAN_RENTAL_NOT_EVALUATED,,,0.0,,NONE,False,NONE,OFFPLAN_RENTAL_NOT_EVALUATED,,Offplan properties not evaluated for current rent,,,,,,,,,,,,,,,,,,,,,,,,,
7667,offplan,Al Furjan,sunvale,2.0,972.0,1620000.0,DLD_MATCH,OFFPLAN_RENTAL_NOT_EVALUATED,,,0.0,,NONE,False,NONE,OFFPLAN_RENTAL_NOT_EVALUATED,,Offplan properties not evaluated for current rent,,,,,,,,,,,,,,,,,,,,,,,,,
2589,offplan,Al Furjan,avenue residence 8,2.0,1244.0,1793340.0,DLD_MATCH,OFFPLAN_RENTAL_NOT_EVALUATED,,,0.0,,NONE,False,NONE,OFFPLAN_RENTAL_NOT_EVALUATED,,Offplan properties not evaluated for current rent,,,,,,,,,,,,,,,,,,,,,,,,,
1745,ready,Jumeirah village circle,binghatti crest,2.0,1140.0,1391000.0,DLD_MATCH,R2,113173.1678868279,8.13610121400632,30.0,median_psf_times_size,PROJECT_LEVEL,False,NONE,SHADOW_RESEARCH,Al Barsha South Fourth,,105.9,0.0,,,insufficient_data,0.0,True,30.0,103000.0,113173.1678868279,median_psf_times_size,0.8,False,0.0,,,insufficient_data,0.0,True,2112.0,80000.0,85853.97665377405,median_psf_times_size,0.4,False
2438,offplan,Dubai Land Residence Complex,solanki one,1.0,782.0,812000.0,DLD_MATCH,OFFPLAN_RENTAL_NOT_EVALUATED,,,0.0,,NONE,False,NONE,OFFPLAN_RENTAL_NOT_EVALUATED,,Offplan properties not evaluated for current rent,,,,,,,,,,,,,,,,,,,,,,,,,
5191,offplan,Dubai Marina,sobha seahaven,2.0,1716.0,6349940.0,DLD_MISSING,OFFPLAN_RENTAL_NOT_EVALUATED,,,0.0,,NONE,False,NONE,OFFPLAN_RENTAL_NOT_EVALUATED,,Offplan properties not evaluated for current rent,,,,,,,,,,,,,,,,,,,,,,,,,
2687,offplan,Jumeirah village circle,parkwood residences,1.0,834.0,1030140.0,DLD_MATCH,OFFPLAN_RENTAL_NOT_EVALUATED,,,0.0,,NONE,False,NONE,OFFPLAN_RENTAL_NOT_EVALUATED,,Offplan properties not evaluated for current rent,,,,,,,,,,,,,,,,,,,,,,,,,
3492,offplan,Jumeirah village circle,99 parkplace,2.0,1297.0,1641000.0,DLD_MISSING,OFFPLAN_RENTAL_NOT_EVALUATED,,,0.0,,NONE,False,NONE,OFFPLAN_RENTAL_NOT_EVALUATED,,Offplan properties not evaluated for current rent,,,,,,,,,,,,,,,,,,,,,,,,,
8168,offplan,Dubai Motor City,takaya,5.0,9533.0,11000000.0,DLD_MATCH,OFFPLAN_RENTAL_NOT_EVALUATED,,,0.0,,NONE,False,NONE,OFFPLAN_RENTAL_NOT_EVALUATED,,Offplan properties not evaluated for current rent,,,,,,,,,,,,,,,,,,,,,,,,,
1781,offplan,Jumeirah Islands,eltiera view,3.0,1671.0,4115828.0,DLD_MISSING,OFFPLAN_RENTAL_NOT_EVALUATED,,,0.0,,NONE,False,NONE,OFFPLAN_RENTAL_NOT_EVALUATED,,Offplan properties not evaluated for current rent,,,,,,,,,,,,,,,,,,,,,,,,,
4599,offplan,Dubai Motor City,takaya,4.0,4946.0,7517780.0,DLD_MATCH,OFFPLAN_RENTAL_NOT_EVALUATED,,,0.0,,NONE,False,NONE,OFFPLAN_RENTAL_NOT_EVALUATED,,Offplan properties not evaluated for current rent,,,,,,,,,,,,,,,,,,,,,,,,,
2149,offplan,Dubai Production City,nirvana residence 1,0.0,420.0,739274.0,DLD_MISSING,OFFPLAN_RENTAL_NOT_EVALUATED,,,0.0,,NONE,False,NONE,OFFPLAN_RENTAL_NOT_EVALUATED,,Offplan properties not evaluated for current rent,,,,,,,,,,,,,,,,,,,,,,,,,
4041,ready,Jebel Ali,azizi lina,0.0,320.0,601000.0,DLD_MATCH,R4,38222.965028605955,6.35989434752179,204.0,median_psf_times_size,AREA_LEVEL,False,NONE,SHADOW_RESEARCH,Jabal Ali First,,29.7,0.0,,,insufficient_data,0.0,True,0.0,,,insufficient_data,0.0,True,6.0,,,insufficient_data,0.0,True,204.0,45000.0,38222.965028605955,median_psf_times_size,0.4,False
6054,offplan,Dubai Islands,samana ocean bay,4.0,,5000000.0,DLD_MISSING,OFFPLAN_RENTAL_NOT_EVALUATED,,,0.0,,NONE,False,NONE,OFFPLAN_RENTAL_NOT_EVALUATED,,Offplan properties not evaluated for current rent,,,,,,,,,,,,,,,,,,,,,,,,,
472,ready,Jumeirah village circle,binghatti lavender,0.0,380.0,715000.0,DLD_MATCH,R3,40157.78523765002,5.616473459811192,82.0,median_psf_times_size,AREA_BEDROOM_LEVEL,False,NONE,SHADOW_RESEARCH,Al Barsha South Fourth,,35.3,0.0,,,insufficient_data,0.0,True,18.0,55000.0,52818.984961964765,median_psf_times_size,0.8,False,82.0,45000.0,40157.78523765002,median_psf_times_size,0.6,False,1641.0,45000.0,41213.55343065543,median_psf_times_size,0.4,False
3877,offplan,Jumeirah village circle,legado by prescott,1.0,1159.0,1200000.0,DLD_MATCH,OFFPLAN_RENTAL_NOT_EVALUATED,,,0.0,,NONE,False,NONE,OFFPLAN_RENTAL_NOT_EVALUATED,,Offplan properties not evaluated for current rent,,,,,,,,,,,,,,,,,,,,,,,,,
4026,offplan,Jumeirah village circle,pearl house iv,0.0,431.0,848500.0,DLD_MISSING,OFFPLAN_RENTAL_NOT_EVALUATED,,,0.0,,NONE,False,NONE,OFFPLAN_RENTAL_NOT_EVALUATED,,Offplan properties not evaluated for current rent,,,,,,,,,,,,,,,,,,,,,,,,,
5696,offplan,Al Furjan,azizi zain,3.0,1499.0,1969000.0,DLD_MATCH,OFFPLAN_RENTAL_NOT_EVALUATED,,,0.0,,NONE,False,NONE,OFFPLAN_RENTAL_NOT_EVALUATED,,Offplan properties not evaluated for current rent,,,,,,,,,,,,,,,,,,,,,,,,,
5509,offplan,Dubai Water Canal,cavalli couture,3.0,3920.0,21904000.0,DLD_MATCH,OFFPLAN_RENTAL_NOT_EVALUATED,,,0.0,,NONE,False,NONE,OFFPLAN_RENTAL_NOT_EVALUATED,,Offplan properties not evaluated for current rent,,,,,,,,,,,,,,,,,,,,,,,,,
3645,offplan,Business Bay,tiger sky tower,2.0,1400.0,3968230.0,DLD_MATCH,OFFPLAN_RENTAL_NOT_EVALUATED,,,0.0,,NONE,False,NONE,OFFPLAN_RENTAL_NOT_EVALUATED,,Offplan properties not evaluated for current rent,,,,,,,,,,,,,,,,,,,,,,,,,
1151,offplan,Jumeirah village circle,azizi ruby,2.0,1045.0,1631000.0,DLD_MATCH,OFFPLAN_RENTAL_NOT_EVALUATED,,,0.0,,NONE,False,NONE,OFFPLAN_RENTAL_NOT_EVALUATED,,Offplan properties not evaluated for current rent,,,,,,,,,,,,,,,,,,,,,,,,,
6310,offplan,Jumeirah village circle,aveline residences,0.0,453.0,634000.0,DLD_MISSING,OFFPLAN_RENTAL_NOT_EVALUATED,,,0.0,,NONE,False,NONE,OFFPLAN_RENTAL_NOT_EVALUATED,,Offplan properties not evaluated for current rent,,,,,,,,,,,,,,,,,,,,,,,,,
8269,offplan,Dubai Motor City,sierra by iman,2.0,1172.0,1860000.0,DLD_MATCH,OFFPLAN_RENTAL_NOT_EVALUATED,,,0.0,,NONE,False,NONE,OFFPLAN_RENTAL_NOT_EVALUATED,,Offplan properties not evaluated for current rent,,,,,,,,,,,,,,,,,,,,,,,,,
6448,offplan,Dubai Maritime City,talea,2.0,1421.0,3967000.0,DLD_MATCH,OFFPLAN_RENTAL_NOT_EVALUATED,,,0.0,,NONE,False,NONE,OFFPLAN_RENTAL_NOT_EVALUATED,,Offplan properties not evaluated for current rent,,,,,,,,,,,,,,,,,,,,,,,,,
3538,offplan,Dubai Hills Estate,club place,1.0,746.0,1645000.0,DLD_MATCH,OFFPLAN_RENTAL_NOT_EVALUATED,,,0.0,,NONE,False,NONE,OFFPLAN_RENTAL_NOT_EVALUATED,,Offplan properties not evaluated for current rent,,,,,,,,,,,,,,,,,,,,,,,,,
4309,offplan,Jebel Ali,azizi wares,0.0,327.0,594000.0,DLD_MATCH,OFFPLAN_RENTAL_NOT_EVALUATED,,,0.0,,NONE,False,NONE,OFFPLAN_RENTAL_NOT_EVALUATED,,Offplan properties not evaluated for current rent,,,,,,,,,,,,,,,,,,,,,,,,,
4263,ready,Dubai Creek Harbour,harbour gate,2.0,1202.0,2650000.0,DLD_MATCH,R2,138134.83214856446,5.212635175417526,71.0,median_psf_times_size,PROJECT_LEVEL,False,NONE,SHADOW_RESEARCH,Al Khairan First,,111.7,0.0,,,insufficient_data,0.0,True,71.0,135000.0,138134.83214856446,median_psf_times_size,0.8,False,0.0,,,insufficient_data,0.0,True,3770.0,130000.0,145655.80966969678,median_psf_times_size,0.4,False
1724,offplan,Dubai Marina,rove home dubai marina,1.0,1095.0,4141000.0,DLD_MATCH,OFFPLAN_RENTAL_NOT_EVALUATED,,,0.0,,NONE,False,NONE,OFFPLAN_RENTAL_NOT_EVALUATED,,Offplan properties not evaluated for current rent,,,,,,,,,,,,,,,,,,,,,,,,,
6327,ready,Jumeirah village circle,stax,1.0,677.0,1044712.0,DLD_MATCH,R4,60898.680045769295,5.829231409782724,3181.0,median_psf_times_size,AREA_LEVEL,False,NONE,SHADOW_RESEARCH,Al Barsha South Fourth,,62.9,0.0,,,insufficient_data,0.0,True,0.0,,,insufficient_data,0.0,True,0.0,,,insufficient_data,0.0,True,3181.0,65000.0,60898.680045769295,median_psf_times_size,0.4,False
277,offplan,Dubai Land Residence Complex,beverly park,1.0,702.0,1025000.0,DLD_MATCH,OFFPLAN_RENTAL_NOT_EVALUATED,,,0.0,,NONE,False,NONE,OFFPLAN_RENTAL_NOT_EVALUATED,,Offplan properties not evaluated for current rent,,,,,,,,,,,,,,,,,,,,,,,,,
7686,offplan,Jumeirah village circle,terrazzo residences,3.0,1554.0,2446600.0,DLD_NO_EVIDENCE,OFFPLAN_RENTAL_NOT_EVALUATED,,,0.0,,NONE,False,NONE,OFFPLAN_RENTAL_NOT_EVALUATED,,Offplan properties not evaluated for current rent,,,,,,,,,,,,,,,,,,,,,,,,,
7915,offplan,Dubai Islands,hatimi residences at dubai islands by fakhruddin,4.0,3276.0,11500000.0,DLD_MISSING,OFFPLAN_RENTAL_NOT_EVALUATED,,,0.0,,NONE,False,NONE,OFFPLAN_RENTAL_NOT_EVALUATED,,Offplan properties not evaluated for current rent,,,,,,,,,,,,,,,,,,,,,,,,,
6435,ready,Jumeirah village circle,pantheon elysee,1.0,763.0,848999.0,DLD_MATCH,R2,68448.26141373506,8.062231099652067,23.0,median_psf_times_size,PROJECT_LEVEL,False,NONE,SHADOW_RESEARCH,Al Barsha South Fourth,,70.9,0.0,,,insufficient_data,0.0,True,23.0,70000.0,68448.26141373506,median_psf_times_size,0.8,False,0.0,,,insufficient_data,0.0,True,4453.0,66000.0,66808.56472338301,median_psf_times_size,0.4,False
2232,offplan,Al Marjan Island,unoluxe,2.0,1458.0,4218800.0,DLD_MISSING,OFFPLAN_RENTAL_NOT_EVALUATED,,,0.0,,NONE,False,NONE,OFFPLAN_RENTAL_NOT_EVALUATED,,Offplan properties not evaluated for current rent,,,,,,,,,,,,,,,,,,,,,,,,,
2640,offplan,Business Bay,bayz 102,5.0,7503.0,30499000.0,DLD_MISSING,OFFPLAN_RENTAL_NOT_EVALUATED,,,0.0,,NONE,False,NONE,OFFPLAN_RENTAL_NOT_EVALUATED,,Offplan properties not evaluated for current rent,,,,,,,,,,,,,,,,,,,,,,,,,
558,offplan,Al Jadaf Waterfront,azizi david,0.0,327.0,826000.0,DLD_MATCH,OFFPLAN_RENTAL_NOT_EVALUATED,,,0.0,,NONE,False,NONE,OFFPLAN_RENTAL_NOT_EVALUATED,,Offplan properties not evaluated for current rent,,,,,,,,,,,,,,,,,,,,,,,,,
6882,offplan,Dubai Land Residence Complex,belgravia gardens,3.0,1705.0,2797830.0,DLD_MATCH,OFFPLAN_RENTAL_NOT_EVALUATED,,,0.0,,NONE,False,NONE,OFFPLAN_RENTAL_NOT_EVALUATED,,Offplan properties not evaluated for current rent,,,,,,,,,,,,,,,,,,,,,,,,,
2432,offplan,Expo City,terra gardens,2.0,1113.0,2455888.0,DLD_MATCH,OFFPLAN_RENTAL_NOT_EVALUATED,,,0.0,,NONE,False,NONE,OFFPLAN_RENTAL_NOT_EVALUATED,,Offplan properties not evaluated for current rent,,,,,,,,,,,,,,,,,,,,,,,,,
6009,offplan,Jumeirah village circle,belle rêve,1.0,901.0,1130000.0,DLD_MISSING,OFFPLAN_RENTAL_NOT_EVALUATED,,,0.0,,NONE,False,NONE,OFFPLAN_RENTAL_NOT_EVALUATED,,Offplan properties not evaluated for current rent,,,,,,,,,,,,,,,,,,,,,,,,,
1731,offplan,Jumeirah Village Triangle,treppan tower,1.0,628.0,1130000.0,DLD_MATCH,OFFPLAN_RENTAL_NOT_EVALUATED,,,0.0,,NONE,False,NONE,OFFPLAN_RENTAL_NOT_EVALUATED,,Offplan properties not evaluated for current rent,,,,,,,,,,,,,,,,,,,,,,,,,
929,offplan,مدينة دبي الرياضية,mag 777,2.0,1384.0,1877000.0,DLD_MATCH,OFFPLAN_RENTAL_NOT_EVALUATED,,,0.0,,NONE,False,NONE,OFFPLAN_RENTAL_NOT_EVALUATED,,Offplan properties not evaluated for current rent,,,,,,,,,,,,,,,,,,,,,,,,,
2204,offplan,Dubai Sports City,mag 777,2.0,1384.0,1877000.0,DLD_MATCH,OFFPLAN_RENTAL_NOT_EVALUATED,,,0.0,,NONE,False,NONE,OFFPLAN_RENTAL_NOT_EVALUATED,,Offplan properties not evaluated for current rent,,,,,,,,,,,,,,,,,,,,,,,,,
3323,offplan,Jebel Ali,azizi wares,2.0,1015.0,1580000.0,DLD_MATCH,OFFPLAN_RENTAL_NOT_EVALUATED,,,0.0,,NONE,False,NONE,OFFPLAN_RENTAL_NOT_EVALUATED,,Offplan properties not evaluated for current rent,,,,,,,,,,,,,,,,,,,,,,,,,
3543,offplan,Tilal City,hawa residence,1.0,631.0,842000.0,DLD_MISSING,OFFPLAN_RENTAL_NOT_EVALUATED,,,0.0,,NONE,False,NONE,OFFPLAN_RENTAL_NOT_EVALUATED,,Offplan properties not evaluated for current rent,,,,,,,,,,,,,,,,,,,,,,,,,
4287,offplan,Dubai Studio City,beach oasis 1 and 2,1.0,627.0,997000.0,DLD_MISSING,OFFPLAN_RENTAL_NOT_EVALUATED,,,0.0,,NONE,False,NONE,OFFPLAN_RENTAL_NOT_EVALUATED,,Offplan properties not evaluated for current rent,,,,,,,,,,,,,,,,,,,,,,,,,
3391,offplan,Rashid Yachts & Marina,avonlea,2.0,1230.0,2600000.0,DLD_MATCH,OFFPLAN_RENTAL_NOT_EVALUATED,,,0.0,,NONE,False,NONE,OFFPLAN_RENTAL_NOT_EVALUATED,,Offplan properties not evaluated for current rent,,,,,,,,,,,,,,,,,,,,,,,,,
7209,offplan,Dubai Land Residence Complex,belgravia gardens,1.0,785.0,1327830.0,DLD_MATCH,OFFPLAN_RENTAL_NOT_EVALUATED,,,0.0,,NONE,False,NONE,OFFPLAN_RENTAL_NOT_EVALUATED,,Offplan properties not evaluated for current rent,,,,,,,,,,,,,,,,,,,,,,,,,
3507,offplan,Dubai Land Residence Complex,09 life residences,1.0,776.0,1157741.0,DLD_MATCH,OFFPLAN_RENTAL_NOT_EVALUATED,,,0.0,,NONE,False,NONE,OFFPLAN_RENTAL_NOT_EVALUATED,,Offplan properties not evaluated for current rent,,,,,,,,,,,,,,,,,,,,,,,,,
7692,offplan,Dubai Islands,ocean pearl 1 and 2,2.0,1298.0,3582220.0,DLD_MISSING,OFFPLAN_RENTAL_NOT_EVALUATED,,,0.0,,NONE,False,NONE,OFFPLAN_RENTAL_NOT_EVALUATED,,Offplan properties not evaluated for current rent,,,,,,,,,,,,,,,,,,,,,,,,,
3063,offplan,Majan,barari palace,1.0,821.0,1209446.0,DLD_MATCH,OFFPLAN_RENTAL_NOT_EVALUATED,,,0.0,,NONE,False,NONE,OFFPLAN_RENTAL_NOT_EVALUATED,,Offplan properties not evaluated for current rent,,,,,,,,,,,,,,,,,,,,,,,,,
2345,offplan,Al Furjan,pg maison,2.0,1396.0,1854300.0,DLD_MATCH,OFFPLAN_RENTAL_NOT_EVALUATED,,,0.0,,NONE,False,NONE,OFFPLAN_RENTAL_NOT_EVALUATED,,Offplan properties not evaluated for current rent,,,,,,,,,,,,,,,,,,,,,,,,,
5908,offplan,Dubai Islands,hatimi residences at dubai islands by fakhruddin,1.0,840.0,2600000.0,DLD_MISSING,OFFPLAN_RENTAL_NOT_EVALUATED,,,0.0,,NONE,False,NONE,OFFPLAN_RENTAL_NOT_EVALUATED,,Offplan properties not evaluated for current rent,,,,,,,,,,,,,,,,,,,,,,,,,
681,offplan,Jumeirah village circle,99 parkplace,0.0,470.0,749000.0,DLD_MISSING,OFFPLAN_RENTAL_NOT_EVALUATED,,,0.0,,NONE,False,NONE,OFFPLAN_RENTAL_NOT_EVALUATED,,Offplan properties not evaluated for current rent,,,,,,,,,,,,,,,,,,,,,,,,,
3598,offplan,Jumeirah village circle,belle rêve,2.0,1208.0,1550000.0,DLD_MISSING,OFFPLAN_RENTAL_NOT_EVALUATED,,,0.0,,NONE,False,NONE,OFFPLAN_RENTAL_NOT_EVALUATED,,Offplan properties not evaluated for current rent,,,,,,,,,,,,,,,,,,,,,,,,,
2130,offplan,Dubai Islands,treppan serenique residences,2.0,980.0,3053000.0,DLD_MATCH,OFFPLAN_RENTAL_NOT_EVALUATED,,,0.0,,NONE,False,NONE,OFFPLAN_RENTAL_NOT_EVALUATED,,Offplan properties not evaluated for current rent,,,,,,,,,,,,,,,,,,,,,,,,,
8033,offplan,Business Bay,bayz 101,3.0,1116.0,4900000.0,DLD_MISSING,OFFPLAN_RENTAL_NOT_EVALUATED,,,0.0,,NONE,False,NONE,OFFPLAN_RENTAL_NOT_EVALUATED,,Offplan properties not evaluated for current rent,,,,,,,,,,,,,,,,,,,,,,,,,
5109,offplan,Meydan City,the waterway,1.0,1129.0,1830000.0,DLD_MISSING,OFFPLAN_RENTAL_NOT_EVALUATED,,,0.0,,NONE,False,NONE,OFFPLAN_RENTAL_NOT_EVALUATED,,Offplan properties not evaluated for current rent,,,,,,,,,,,,,,,,,,,,,,,,,
2275,offplan,Dubai South,windsor house,2.0,1127.0,1700000.0,DLD_MATCH,OFFPLAN_RENTAL_NOT_EVALUATED,,,0.0,,NONE,False,NONE,OFFPLAN_RENTAL_NOT_EVALUATED,,Offplan properties not evaluated for current rent,,,,,,,,,,,,,,,,,,,,,,,,,
3884,offplan,Dubai Harbour,damac bay 2,1.0,837.0,3800000.0,DLD_MATCH,OFFPLAN_RENTAL_NOT_EVALUATED,,,0.0,,NONE,False,NONE,OFFPLAN_RENTAL_NOT_EVALUATED,,Offplan properties not evaluated for current rent,,,,,,,,,,,,,,,,,,,,,,,,,
4390,offplan,International City Phase 2,aizel tower,1.0,766.0,946010.0,DLD_MISSING,OFFPLAN_RENTAL_NOT_EVALUATED,,,0.0,,NONE,False,NONE,OFFPLAN_RENTAL_NOT_EVALUATED,,Offplan properties not evaluated for current rent,,,,,,,,,,,,,,,,,,,,,,,,,
7259,offplan,Business Bay,peninsula jumeirah living,4.0,4280.0,6300000.0,DLD_MISSING,OFFPLAN_RENTAL_NOT_EVALUATED,,,0.0,,NONE,False,NONE,OFFPLAN_RENTAL_NOT_EVALUATED,,Offplan properties not evaluated for current rent,,,,,,,,,,,,,,,,,,,,,,,,,
3551,offplan,Meydan City,riverton house,1.0,783.0,2196828.0,DLD_MATCH,OFFPLAN_RENTAL_NOT_EVALUATED,,,0.0,,NONE,False,NONE,OFFPLAN_RENTAL_NOT_EVALUATED,,Offplan properties not evaluated for current rent,,,,,,,,,,,,,,,,,,,,,,,,,
735,ready,Dubai Creek Harbour,harbour gate,3.0,1640.0,3650000.0,DLD_MATCH,R2,188976.41605477102,5.177436056295096,29.0,median_psf_times_size,PROJECT_LEVEL,False,NONE,SHADOW_RESEARCH,Al Khairan First,,152.4,0.0,,,insufficient_data,0.0,True,29.0,189000.0,188976.41605477102,median_psf_times_size,0.8,False,0.0,,,insufficient_data,0.0,True,1706.0,180000.0,190451.23200017202,median_psf_times_size,0.4,False
6528,offplan,Arjan,samana skyros,1.0,871.0,1235000.0,DLD_MATCH,OFFPLAN_RENTAL_NOT_EVALUATED,,,0.0,,NONE,False,NONE,OFFPLAN_RENTAL_NOT_EVALUATED,,Offplan properties not evaluated for current rent,,,,,,,,,,,,,,,,,,,,,,,,,
7287,unknown,Arjan,butterfly towers,2.0,1466.0,2200000.0,DLD_MISSING,STATUS_NOT_ELIGIBLE_FOR_CURRENT_RENT,,,0.0,,NONE,False,NONE,STATUS_NOT_ELIGIBLE_FOR_CURRENT_RENT,,Unknown status properties not evaluated for current rent,,,,,,,,,,,,,,,,,,,,,,,,,
6226,offplan,Arjan,gardens 2,0.0,429.0,700000.0,DLD_MATCH,OFFPLAN_RENTAL_NOT_EVALUATED,,,0.0,,NONE,False,NONE,OFFPLAN_RENTAL_NOT_EVALUATED,,Offplan properties not evaluated for current rent,,,,,,,,,,,,,,,,,,,,,,,,,
8277,offplan,Jumeirah village circle,esplora,1.0,750.0,1269401.0,DLD_MISSING,OFFPLAN_RENTAL_NOT_EVALUATED,,,0.0,,NONE,False,NONE,OFFPLAN_RENTAL_NOT_EVALUATED,,Offplan properties not evaluated for current rent,,,,,,,,,,,,,,,,,,,,,,,,,
5081,ready,Jumeirah village circle,binghatti crest,3.0,1215.0,1708000.0,DLD_MATCH,R4,90680.59826840289,5.309168516885414,1729.0,median_psf_times_size,AREA_LEVEL,False,NONE,SHADOW_RESEARCH,Al Barsha South Fourth,,112.9,0.0,,,insufficient_data,0.0,True,14.0,130000.0,129498.23962487906,median_psf_times_size,0.7000000000000001,False,0.0,,,insufficient_data,0.0,True,1729.0,85000.0,90680.59826840289,median_psf_times_size,0.4,False
7584,offplan,Dubai Creek Harbour,creek waters,4.0,2804.0,6900000.0,DLD_MATCH,OFFPLAN_RENTAL_NOT_EVALUATED,,,0.0,,NONE,False,NONE,OFFPLAN_RENTAL_NOT_EVALUATED,,Offplan properties not evaluated for current rent,,,,,,,,,,,,,,,,,,,,,,,,,
6633,offplan,Dubai Creek Harbour,the cove ii,4.0,4951.0,12430900.0,DLD_MISSING,OFFPLAN_RENTAL_NOT_EVALUATED,,,0.0,,NONE,False,NONE,OFFPLAN_RENTAL_NOT_EVALUATED,,Offplan properties not evaluated for current rent,,,,,,,,,,,,,,,,,,,,,,,,,
8281,offplan,Sheikh Zayed Road,one billion tower,1.0,683.0,2572000.0,DLD_MISSING,OFFPLAN_RENTAL_NOT_EVALUATED,,,0.0,,NONE,False,NONE,OFFPLAN_RENTAL_NOT_EVALUATED,,Offplan properties not evaluated for current rent,,,,,,,,,,,,,,,,,,,,,,,,,
344,offplan,Dubai Land Residence Complex,saray prime residence,0.0,416.0,648978.0,DLD_MATCH,OFFPLAN_RENTAL_NOT_EVALUATED,,,0.0,,NONE,False,NONE,OFFPLAN_RENTAL_NOT_EVALUATED,,Offplan properties not evaluated for current rent,,,,,,,,,,,,,,,,,,,,,,,,,
8059,offplan,Jumeirah village circle,aveline residences,1.0,785.0,1083910.0,DLD_MISSING,OFFPLAN_RENTAL_NOT_EVALUATED,,,0.0,,NONE,False,NONE,OFFPLAN_RENTAL_NOT_EVALUATED,,Offplan properties not evaluated for current rent,,,,,,,,,,,,,,,,,,,,,,,,,
1677,offplan,Jumeirah village circle,parkwood residences,2.0,1217.0,1425000.0,DLD_MATCH,OFFPLAN_RENTAL_NOT_EVALUATED,,,0.0,,NONE,False,NONE,OFFPLAN_RENTAL_NOT_EVALUATED,,Offplan properties not evaluated for current rent,,,,,,,,,,,,,,,,,,,,,,,,,
4702,ready,Dubai Sports City,canal residence west,0.0,559.0,570000.0,DLD_MISSING,R4,47008.64391042943,8.247130510601655,1142.0,median_psf_times_size,AREA_LEVEL,False,NONE,SHADOW_RESEARCH,Al Hebiah Fourth,,51.9,0.0,,,insufficient_data,0.0,True,0.0,,,insufficient_data,0.0,True,29.0,42000.0,45755.77036127481,median_psf_times_size,0.6,False,1142.0,42000.0,47008.64391042943,median_psf_times_size,0.4,False
4185,offplan,Dubai Islands,wellington ocean walk,1.0,896.0,2212824.0,DLD_MATCH,OFFPLAN_RENTAL_NOT_EVALUATED,,,0.0,,NONE,False,NONE,OFFPLAN_RENTAL_NOT_EVALUATED,,Offplan properties not evaluated for current rent,,,,,,,,,,,,,,,,,,,,,,,,,
2665,offplan,Dubai Studio City,beach oasis 1 and 2,2.0,978.0,1531000.0,DLD_MISSING,OFFPLAN_RENTAL_NOT_EVALUATED,,,0.0,,NONE,False,NONE,OFFPLAN_RENTAL_NOT_EVALUATED,,Offplan properties not evaluated for current rent,,,,,,,,,,,,,,,,,,,,,,,,,
3027,ready,Jumeirah village circle,binghatti crescent,2.0,988.0,1400000.0,DLD_MATCH,R4,79315.84754817538,5.665417682012527,3496.0,median_psf_times_size,AREA_LEVEL,False,NONE,SHADOW_RESEARCH,Al Barsha South Fourth,,91.8,0.0,,,insufficient_data,0.0,True,8.0,100000.0,99950.03529312187,median_psf_times_size,0.4,False,0.0,,,insufficient_data,0.0,True,3496.0,73000.0,79315.84754817538,median_psf_times_size,0.4,False
3106,offplan,Dubai Motor City,ananda towers,1.0,747.0,1172000.0,DLD_MISSING,OFFPLAN_RENTAL_NOT_EVALUATED,,,0.0,,NONE,False,NONE,OFFPLAN_RENTAL_NOT_EVALUATED,,Offplan properties not evaluated for current rent,,,,,,,,,,,,,,,,,,,,,,,,,
7055,offplan,Arjan,samana mykonos signature,2.0,1562.0,1950000.0,DLD_MATCH,OFFPLAN_RENTAL_NOT_EVALUATED,,,0.0,,NONE,False,NONE,OFFPLAN_RENTAL_NOT_EVALUATED,,Offplan properties not evaluated for current rent,,,,,,,,,,,,,,,,,,,,,,,,,
4431,offplan,Liwan Square,symbolic altus,2.0,1312.0,1786000.0,DLD_MATCH,OFFPLAN_RENTAL_NOT_EVALUATED,,,0.0,,NONE,False,NONE,OFFPLAN_RENTAL_NOT_EVALUATED,,Offplan properties not evaluated for current rent,,,,,,,,,,,,,,,,,,,,,,,,,
5180,offplan,Dubai South,the harmony by al mizan,3.0,1530.0,2076000.0,DLD_MISSING,OFFPLAN_RENTAL_NOT_EVALUATED,,,0.0,,NONE,False,NONE,OFFPLAN_RENTAL_NOT_EVALUATED,,Offplan properties not evaluated for current rent,,,,,,,,,,,,,,,,,,,,,,,,,
7457,ready,Jumeirah village circle,binghatti tulip,0.0,303.0,680000.0,DLD_MATCH,R4,36679.809338214945,5.394089608561021,153.0,median_psf_times_size,AREA_LEVEL,False,NONE,SHADOW_RESEARCH,Al Barsha South Fourth,,28.1,0.0,,,insufficient_data,0.0,True,16.0,50000.0,46381.94013185735,median_psf_times_size,0.8,False,11.0,40000.0,35564.90349971627,median_psf_times_size,0.33,False,153.0,41000.0,36679.809338214945,median_psf_times_size,0.4,False
121,offplan,Jumeirah village circle,norah residence,2.0,1075.0,1595000.0,DLD_MATCH,OFFPLAN_RENTAL_NOT_EVALUATED,,,0.0,,NONE,False,NONE,OFFPLAN_RENTAL_NOT_EVALUATED,,Offplan properties not evaluated for current rent,,,,,,,,,,,,,,,,,,,,,,,,,
598,offplan,Dubai Maritime City,coral reef,1.0,780.0,2110000.0,DLD_MATCH,OFFPLAN_RENTAL_NOT_EVALUATED,,,0.0,,NONE,False,NONE,OFFPLAN_RENTAL_NOT_EVALUATED,,Offplan properties not evaluated for current rent,,,,,,,,,,,,,,,,,,,,,,,,,
8140,offplan,Dubai Industrial City,al haseen residences 6,2.0,1054.0,1977862.0,DLD_MISSING,OFFPLAN_RENTAL_NOT_EVALUATED,,,0.0,,NONE,False,NONE,OFFPLAN_RENTAL_NOT_EVALUATED,,Offplan properties not evaluated for current rent,,,,,,,,,,,,,,,,,,,,,,,,,
4067,offplan,Jumeirah village circle,99 parkplace,1.0,896.0,1149600.0,DLD_MISSING,OFFPLAN_RENTAL_NOT_EVALUATED,,,0.0,,NONE,False,NONE,OFFPLAN_RENTAL_NOT_EVALUATED,,Offplan properties not evaluated for current rent,,,,,,,,,,,,,,,,,,,,,,,,,
1362,offplan,Dubai Land Residence Complex,dalmore tower,1.0,809.0,1000000.0,DLD_MATCH,OFFPLAN_RENTAL_NOT_EVALUATED,,,0.0,,NONE,False,NONE,OFFPLAN_RENTAL_NOT_EVALUATED,,Offplan properties not evaluated for current rent,,,,,,,,,,,,,,,,,,,,,,,,,
5718,offplan,Dubai Islands,aquora,3.0,1767.0,6100000.0,DLD_MISSING,OFFPLAN_RENTAL_NOT_EVALUATED,,,0.0,,NONE,False,NONE,OFFPLAN_RENTAL_NOT_EVALUATED,,Offplan properties not evaluated for current rent,,,,,,,,,,,,,,,,,,,,,,,,,
918,offplan,Rashid Yachts & Marina,sunridge,1.0,764.0,1400000.0,DLD_MATCH,OFFPLAN_RENTAL_NOT_EVALUATED,,,0.0,,NONE,False,NONE,OFFPLAN_RENTAL_NOT_EVALUATED,,Offplan properties not evaluated for current rent,,,,,,,,,,,,,,,,,,,,,,,,,
8338,offplan,Dubai Sports City,antalya,0.0,415.0,795529.0,DLD_MISSING,OFFPLAN_RENTAL_NOT_EVALUATED,,,0.0,,NONE,False,NONE,OFFPLAN_RENTAL_NOT_EVALUATED,,Offplan properties not evaluated for current rent,,,,,,,,,,,,,,,,,,,,,,,,,
6988,offplan,Dubai Land Residence Complex,09 life residences,2.0,998.0,1375882.0,DLD_MATCH,OFFPLAN_RENTAL_NOT_EVALUATED,,,0.0,,NONE,False,NONE,OFFPLAN_RENTAL_NOT_EVALUATED,,Offplan properties not evaluated for current rent,,,,,,,,,,,,,,,,,,,,,,,,,
1139,offplan,Jumeirah village circle,mass residences,1.0,797.0,1113820.0,DLD_MISSING,OFFPLAN_RENTAL_NOT_EVALUATED,,,0.0,,NONE,False,NONE,OFFPLAN_RENTAL_NOT_EVALUATED,,Offplan properties not evaluated for current rent,,,,,,,,,,,,,,,,,,,,,,,,,
2446,offplan,Dubai Industrial City,coventry curve,0.0,392.0,508965.0,DLD_MATCH,OFFPLAN_RENTAL_NOT_EVALUATED,,,0.0,,NONE,False,NONE,OFFPLAN_RENTAL_NOT_EVALUATED,,Offplan properties not evaluated for current rent,,,,,,,,,,,,,,,,,,,,,,,,,
5532,offplan,Dubai South,coventry 49,1.0,733.0,1011540.0,DLD_NO_EVIDENCE,OFFPLAN_RENTAL_NOT_EVALUATED,,,0.0,,NONE,False,NONE,OFFPLAN_RENTAL_NOT_EVALUATED,,Offplan properties not evaluated for current rent,,,,,,,,,,,,,,,,,,,,,,,,,
602,offplan,Jumeirah Village Triangle,guzel towers,2.0,1071.0,1648030.0,DLD_MATCH,OFFPLAN_RENTAL_NOT_EVALUATED,,,0.0,,NONE,False,NONE,OFFPLAN_RENTAL_NOT_EVALUATED,,Offplan properties not evaluated for current rent,,,,,,,,,,,,,,,,,,,,,,,,,
7444,offplan,Dubai South,maak residence,0.0,403.0,521250.0,DLD_MISSING,OFFPLAN_RENTAL_NOT_EVALUATED,,,0.0,,NONE,False,NONE,OFFPLAN_RENTAL_NOT_EVALUATED,,Offplan properties not evaluated for current rent,,,,,,,,,,,,,,,,,,,,,,,,,
5612,ready,Jebel Ali,azizi lina,1.0,653.0,947000.0,DLD_MATCH,R4,55713.38429392787,5.883145120794918,1752.0,median_psf_times_size,AREA_LEVEL,False,NONE,SHADOW_RESEARCH,Jabal Ali First,,60.7,0.0,,,insufficient_data,0.0,True,0.0,,,insufficient_data,0.0,True,0.0,,,insufficient_data,0.0,True,1752.0,50000.0,55713.38429392787,median_psf_times_size,0.4,False
3613,offplan,Dubai South,azizi venice buildings 11,0.0,386.0,670000.0,DLD_MISSING,OFFPLAN_RENTAL_NOT_EVALUATED,,,0.0,,NONE,False,NONE,OFFPLAN_RENTAL_NOT_EVALUATED,,Offplan properties not evaluated for current rent,,,,,,,,,,,,,,,,,,,,,,,,,
576,offplan,Dubai Land Residence Complex,saray prime residence,1.0,738.0,971249.0,DLD_MATCH,OFFPLAN_RENTAL_NOT_EVALUATED,,,0.0,,NONE,False,NONE,OFFPLAN_RENTAL_NOT_EVALUATED,,Offplan properties not evaluated for current rent,,,,,,,,,,,,,,,,,,,,,,,,,
5816,unknown,Jumeirah Village Triangle,essenl1fe residence,2.0,1256.0,1793420.0,DLD_MISSING,STATUS_NOT_ELIGIBLE_FOR_CURRENT_RENT,,,0.0,,NONE,False,NONE,STATUS_NOT_ELIGIBLE_FOR_CURRENT_RENT,,Unknown status properties not evaluated for current rent,,,,,,,,,,,,,,,,,,,,,,,,,
3200,offplan,Jumeirah village circle,lucky oasis residence,0.0,408.0,666999.0,DLD_MATCH,OFFPLAN_RENTAL_NOT_EVALUATED,,,0.0,,NONE,False,NONE,OFFPLAN_RENTAL_NOT_EVALUATED,,Offplan properties not evaluated for current rent,,,,,,,,,,,,,,,,,,,,,,,,,
2817,offplan,Palm Jumeirah,the alba residences,3.0,5200.0,32000000.0,DLD_MISSING,OFFPLAN_RENTAL_NOT_EVALUATED,,,0.0,,NONE,False,NONE,OFFPLAN_RENTAL_NOT_EVALUATED,,Offplan properties not evaluated for current rent,,,,,,,,,,,,,,,,,,,,,,,,,
2019,offplan,Dubai Islands,kaia residences,2.0,1367.0,2727136.0,DLD_MISSING,OFFPLAN_RENTAL_NOT_EVALUATED,,,0.0,,NONE,False,NONE,OFFPLAN_RENTAL_NOT_EVALUATED,,Offplan properties not evaluated for current rent,,,,,,,,,,,,,,,,,,,,,,,,,
563,offplan,Dubai Land Residence Complex,celesto 2,0.0,312.0,580000.0,DLD_MISSING,OFFPLAN_RENTAL_NOT_EVALUATED,,,0.0,,NONE,False,NONE,OFFPLAN_RENTAL_NOT_EVALUATED,,Offplan properties not evaluated for current rent,,,,,,,,,,,,,,,,,,,,,,,,,
1407,offplan,Al Furjan,azizi sakandar,1.0,644.0,1046000.0,DLD_MISSING,OFFPLAN_RENTAL_NOT_EVALUATED,,,0.0,,NONE,False,NONE,OFFPLAN_RENTAL_NOT_EVALUATED,,Offplan properties not evaluated for current rent,,,,,,,,,,,,,,,,,,,,,,,,,
6465,offplan,Sobha Central,the mirage at sobha central,1.0,648.0,1976705.0,DLD_MISSING,OFFPLAN_RENTAL_NOT_EVALUATED,,,0.0,,NONE,False,NONE,OFFPLAN_RENTAL_NOT_EVALUATED,,Offplan properties not evaluated for current rent,,,,,,,,,,,,,,,,,,,,,,,,,
7900,offplan,Jumeirah village circle,one sky park,1.0,767.0,1305580.0,DLD_MISSING,OFFPLAN_RENTAL_NOT_EVALUATED,,,0.0,,NONE,False,NONE,OFFPLAN_RENTAL_NOT_EVALUATED,,Offplan properties not evaluated for current rent,,,,,,,,,,,,,,,,,,,,,,,,,
5648,offplan,Dubai Islands,samana ocean bay,3.0,,3900000.0,DLD_MISSING,OFFPLAN_RENTAL_NOT_EVALUATED,,,0.0,,NONE,False,NONE,OFFPLAN_RENTAL_NOT_EVALUATED,,Offplan properties not evaluated for current rent,,,,,,,,,,,,,,,,,,,,,,,,,
5587,offplan,Dubai Marina,habtoor grand residences,3.0,4258.0,17590100.0,DLD_MISSING,OFFPLAN_RENTAL_NOT_EVALUATED,,,0.0,,NONE,False,NONE,OFFPLAN_RENTAL_NOT_EVALUATED,,Offplan properties not evaluated for current rent,,,,,,,,,,,,,,,,,,,,,,,,,
3933,offplan,Dubai South,windsor house,1.0,779.0,1200000.0,DLD_MATCH,OFFPLAN_RENTAL_NOT_EVALUATED,,,0.0,,NONE,False,NONE,OFFPLAN_RENTAL_NOT_EVALUATED,,Offplan properties not evaluated for current rent,,,,,,,,,,,,,,,,,,,,,,,,,
1819,offplan,Dubai South,windsor house 2,1.0,779.0,1200000.0,DLD_MISSING,OFFPLAN_RENTAL_NOT_EVALUATED,,,0.0,,NONE,False,NONE,OFFPLAN_RENTAL_NOT_EVALUATED,,Offplan properties not evaluated for current rent,,,,,,,,,,,,,,,,,,,,,,,,,
7002,offplan,Dubai International City,crystal tower by vhs,1.0,514.0,694999.0,DLD_MISSING,OFFPLAN_RENTAL_NOT_EVALUATED,,,0.0,,NONE,False,NONE,OFFPLAN_RENTAL_NOT_EVALUATED,,Offplan properties not evaluated for current rent,,,,,,,,,,,,,,,,,,,,,,,,,
6376,offplan,Jumeirah Village Triangle,w1nner tower,2.0,1254.0,1852920.0,DLD_MISSING,OFFPLAN_RENTAL_NOT_EVALUATED,,,0.0,,NONE,False,NONE,OFFPLAN_RENTAL_NOT_EVALUATED,,Offplan properties not evaluated for current rent,,,,,,,,,,,,,,,,,,,,,,,,,
4890,offplan,Jumeirah village circle,park boulevard,2.0,839.0,1315480.0,DLD_MISSING,OFFPLAN_RENTAL_NOT_EVALUATED,,,0.0,,NONE,False,NONE,OFFPLAN_RENTAL_NOT_EVALUATED,,Offplan properties not evaluated for current rent,,,,,,,,,,,,,,,,,,,,,,,,,
7623,offplan,Rashid Yachts & Marina,marina views,2.0,1277.0,4450000.0,DLD_MATCH,OFFPLAN_RENTAL_NOT_EVALUATED,,,0.0,,NONE,False,NONE,OFFPLAN_RENTAL_NOT_EVALUATED,,Offplan properties not evaluated for current rent,,,,,,,,,,,,,,,,,,,,,,,,,
6951,offplan,Jumeirah Islands,eltiera view,1.0,817.0,2123828.0,DLD_MISSING,OFFPLAN_RENTAL_NOT_EVALUATED,,,0.0,,NONE,False,NONE,OFFPLAN_RENTAL_NOT_EVALUATED,,Offplan properties not evaluated for current rent,,,,,,,,,,,,,,,,,,,,,,,,,
2745,offplan,Dubai Islands,capital horizon terraces,2.0,1121.0,2564900.0,DLD_MATCH,OFFPLAN_RENTAL_NOT_EVALUATED,,,0.0,,NONE,False,NONE,OFFPLAN_RENTAL_NOT_EVALUATED,,Offplan properties not evaluated for current rent,,,,,,,,,,,,,,,,,,,,,,,,,
5289,offplan,Business Bay,peninsula jumeirah living,4.0,4280.0,3500000.0,DLD_MISSING,OFFPLAN_RENTAL_NOT_EVALUATED,,,0.0,,NONE,False,NONE,OFFPLAN_RENTAL_NOT_EVALUATED,,Offplan properties not evaluated for current rent,,,,,,,,,,,,,,,,,,,,,,,,,
3024,offplan,Al Furjan,avenue residence 8,3.0,1868.0,2725000.0,DLD_NO_EVIDENCE,OFFPLAN_RENTAL_NOT_EVALUATED,,,0.0,,NONE,False,NONE,OFFPLAN_RENTAL_NOT_EVALUATED,,Offplan properties not evaluated for current rent,,,,,,,,,,,,,,,,,,,,,,,,,
7048,offplan,Jumeirah village circle,hillmont residences,1.0,829.0,1410650.0,DLD_MISSING,OFFPLAN_RENTAL_NOT_EVALUATED,,,0.0,,NONE,False,NONE,OFFPLAN_RENTAL_NOT_EVALUATED,,Offplan properties not evaluated for current rent,,,,,,,,,,,,,,,,,,,,,,,,,
4923,offplan,Al Jadaf Waterfront,azizi david,1.0,650.0,1400000.0,DLD_MATCH,OFFPLAN_RENTAL_NOT_EVALUATED,,,0.0,,NONE,False,NONE,OFFPLAN_RENTAL_NOT_EVALUATED,,Offplan properties not evaluated for current rent,,,,,,,,,,,,,,,,,,,,,,,,,
289,offplan,Arjan,the central downtown,3.0,2180.0,2812890.0,DLD_MATCH,OFFPLAN_RENTAL_NOT_EVALUATED,,,0.0,,NONE,False,NONE,OFFPLAN_RENTAL_NOT_EVALUATED,,Offplan properties not evaluated for current rent,,,,,,,,,,,,,,,,,,,,,,,,,
6666,offplan,Dubai Islands,seaside by prestige one,2.0,1194.0,2580000.0,DLD_MATCH,OFFPLAN_RENTAL_NOT_EVALUATED,,,0.0,,NONE,False,NONE,OFFPLAN_RENTAL_NOT_EVALUATED,,Offplan properties not evaluated for current rent,,,,,,,,,,,,,,,,,,,,,,,,,
588,offplan,Al Habtoor City,al habtoor tower,2.0,1468.0,4289340.0,DLD_MATCH,OFFPLAN_RENTAL_NOT_EVALUATED,,,0.0,,NONE,False,NONE,OFFPLAN_RENTAL_NOT_EVALUATED,,Offplan properties not evaluated for current rent,,,,,,,,,,,,,,,,,,,,,,,,,
2278,offplan,Al warsan,chapter 01 by newbury,1.0,709.0,855000.0,DLD_MISSING,OFFPLAN_RENTAL_NOT_EVALUATED,,,0.0,,NONE,False,NONE,OFFPLAN_RENTAL_NOT_EVALUATED,,Offplan properties not evaluated for current rent,,,,,,,,,,,,,,,,,,,,,,,,,
3592,offplan,Dubai Islands,samana ocean bay,1.0,,2100000.0,DLD_MISSING,OFFPLAN_RENTAL_NOT_EVALUATED,,,0.0,,NONE,False,NONE,OFFPLAN_RENTAL_NOT_EVALUATED,,Offplan properties not evaluated for current rent,,,,,,,,,,,,,,,,,,,,,,,,,
7818,offplan,Dubai Islands,wellington ocean walk,3.0,1716.0,3829906.0,DLD_MATCH,OFFPLAN_RENTAL_NOT_EVALUATED,,,0.0,,NONE,False,NONE,OFFPLAN_RENTAL_NOT_EVALUATED,,Offplan properties not evaluated for current rent,,,,,,,,,,,,,,,,,,,,,,,,,
432,ready,Dubai Creek Harbour,creek beach orchid,1.0,679.0,1700000.0,DLD_MATCH,R2,89886.26370954672,5.28742727703216,401.0,median_psf_times_size,PROJECT_LEVEL,False,NONE,SHADOW_RESEARCH,Al Khairan First,,63.1,0.0,,,insufficient_data,0.0,True,401.0,93600.0,89886.26370954672,median_psf_times_size,0.8,False,0.0,,,insufficient_data,0.0,True,4206.0,90000.0,87382.77333341226,median_psf_times_size,0.4,False
4750,ready,Dubai Sports City,canal residence west,1.0,931.0,850000.0,DLD_MISSING,R4,62248.149322800986,7.323311685035411,1721.0,median_psf_times_size,AREA_LEVEL,False,NONE,SHADOW_RESEARCH,Al Hebiah Fourth,,86.5,0.0,,,insufficient_data,0.0,True,0.0,,,insufficient_data,0.0,True,0.0,,,insufficient_data,0.0,True,1721.0,58000.0,62248.149322800986,median_psf_times_size,0.4,False
516,offplan,Dubai Sports City,aurel1a residence,1.0,829.0,1145580.0,DLD_MISSING,OFFPLAN_RENTAL_NOT_EVALUATED,,,0.0,,NONE,False,NONE,OFFPLAN_RENTAL_NOT_EVALUATED,,Offplan properties not evaluated for current rent,,,,,,,,,,,,,,,,,,,,,,,,,
5961,ready,Business Bay,vera residences,2.0,908.0,1700000.0,DLD_MISSING,R4,94214.19063060597,5.542011213565057,2730.0,median_psf_times_size,AREA_LEVEL,False,NONE,SHADOW_RESEARCH,Business Bay,,84.4,0.0,,,insufficient_data,0.0,True,0.0,,,insufficient_data,0.0,True,0.0,,,insufficient_data,0.0,True,2730.0,90000.0,94214.19063060597,median_psf_times_size,0.4,False
7191,offplan,Dubai South,cresswell plaza,2.0,1287.0,1680000.0,DLD_MATCH,OFFPLAN_RENTAL_NOT_EVALUATED,,,0.0,,NONE,False,NONE,OFFPLAN_RENTAL_NOT_EVALUATED,,Offplan properties not evaluated for current rent,,,,,,,,,,,,,,,,,,,,,,,,,
7727,ready,Jumeirah village circle,oakley square residences,0.0,507.0,840000.0,DLD_MATCH,R3,47014.19622368704,5.596928121867505,158.0,median_psf_times_size,AREA_BEDROOM_LEVEL,False,NONE,SHADOW_RESEARCH,Al Barsha South Fourth,,47.1,0.0,,,insufficient_data,0.0,True,23.0,63000.0,65140.84432346309,median_psf_times_size,0.8,False,158.0,45000.0,47014.19622368704,median_psf_times_size,0.6,False,2009.0,45009.15,50088.48379185502,median_psf_times_size,0.4,False
1959,offplan,Meydan City,gate eleven by amwaj development,2.0,1081.0,1995070.0,DLD_MISSING,OFFPLAN_RENTAL_NOT_EVALUATED,,,0.0,,NONE,False,NONE,OFFPLAN_RENTAL_NOT_EVALUATED,,Offplan properties not evaluated for current rent,,,,,,,,,,,,,,,,,,,,,,,,,
4613,offplan,Jumeirah village circle,one park central,2.0,1210.0,1778000.0,DLD_MISSING,OFFPLAN_RENTAL_NOT_EVALUATED,,,0.0,,NONE,False,NONE,OFFPLAN_RENTAL_NOT_EVALUATED,,Offplan properties not evaluated for current rent,,,,,,,,,,,,,,,,,,,,,,,,,
5007,offplan,Dubai Marina,marina living,2.0,1130.0,2500000.0,DLD_MATCH,OFFPLAN_RENTAL_NOT_EVALUATED,,,0.0,,NONE,False,NONE,OFFPLAN_RENTAL_NOT_EVALUATED,,Offplan properties not evaluated for current rent,,,,,,,,,,,,,,,,,,,,,,,,,
3878,offplan,Dubai South,azizi venice buildings 10,1.0,668.0,1050000.0,DLD_MISSING,OFFPLAN_RENTAL_NOT_EVALUATED,,,0.0,,NONE,False,NONE,OFFPLAN_RENTAL_NOT_EVALUATED,,Offplan properties not evaluated for current rent,,,,,,,,,,,,,,,,,,,,,,,,,
5605,offplan,Palm Jumeirah,como residence,4.0,10299.0,60940800.0,DLD_MISSING,OFFPLAN_RENTAL_NOT_EVALUATED,,,0.0,,NONE,False,NONE,OFFPLAN_RENTAL_NOT_EVALUATED,,Offplan properties not evaluated for current rent,,,,,,,,,,,,,,,,,,,,,,,,,
6721,offplan,Arjan,empire estates,1.0,892.0,1590000.0,DLD_MATCH,OFFPLAN_RENTAL_NOT_EVALUATED,,,0.0,,NONE,False,NONE,OFFPLAN_RENTAL_NOT_EVALUATED,,Offplan properties not evaluated for current rent,,,,,,,,,,,,,,,,,,,,,,,,,
5354,offplan,Jumeirah Village Triangle,elar1s sky,1.0,713.0,1238104.0,DLD_MISSING,OFFPLAN_RENTAL_NOT_EVALUATED,,,0.0,,NONE,False,NONE,OFFPLAN_RENTAL_NOT_EVALUATED,,Offplan properties not evaluated for current rent,,,,,,,,,,,,,,,,,,,,,,,,,
2904,offplan,Dubai Creek Harbour,creek waters 2,1.0,754.0,1900000.0,DLD_MATCH,OFFPLAN_RENTAL_NOT_EVALUATED,,,0.0,,NONE,False,NONE,OFFPLAN_RENTAL_NOT_EVALUATED,,Offplan properties not evaluated for current rent,,,,,,,,,,,,,,,,,,,,,,,,,
181,offplan,Jumeirah village circle,floarea skies,1.0,771.0,1249000.0,DLD_MATCH,OFFPLAN_RENTAL_NOT_EVALUATED,,,0.0,,NONE,False,NONE,OFFPLAN_RENTAL_NOT_EVALUATED,,Offplan properties not evaluated for current rent,,,,,,,,,,,,,,,,,,,,,,,,,
3440,ready,Palm Jumeirah,royal bay,1.0,791.0,2000000.0,DLD_MATCH,R4,133611.46298193888,6.6805731490969436,83.0,median_psf_times_size,AREA_LEVEL,False,NONE,SHADOW_RESEARCH,Palm Jumeirah,,73.5,0.0,,,insufficient_data,0.0,True,3.0,,,insufficient_data,0.0,True,0.0,,,insufficient_data,0.0,True,83.0,126000.0,133611.46298193888,median_psf_times_size,0.4,False
5444,offplan,Jumeirah village circle,havelock heights,3.0,2882.0,3000000.0,DLD_MATCH,OFFPLAN_RENTAL_NOT_EVALUATED,,,0.0,,NONE,False,NONE,OFFPLAN_RENTAL_NOT_EVALUATED,,Offplan properties not evaluated for current rent,,,,,,,,,,,,,,,,,,,,,,,,,
3041,unknown,Jumeirah Village Triangle,s1lva park,2.0,1191.0,1641000.0,DLD_MISSING,STATUS_NOT_ELIGIBLE_FOR_CURRENT_RENT,,,0.0,,NONE,False,NONE,STATUS_NOT_ELIGIBLE_FOR_CURRENT_RENT,,Unknown status properties not evaluated for current rent,,,,,,,,,,,,,,,,,,,,,,,,,
7601,offplan,Damac Hills,golf greens,2.0,1021.0,2152000.0,DLD_MISSING,OFFPLAN_RENTAL_NOT_EVALUATED,,,0.0,,NONE,False,NONE,OFFPLAN_RENTAL_NOT_EVALUATED,,Offplan properties not evaluated for current rent,,,,,,,,,,,,,,,,,,,,,,,,,
6802,offplan,Sheikh Zayed Road,burj azizi,1.0,1426.0,43362000.0,DLD_MISSING,OFFPLAN_RENTAL_NOT_EVALUATED,,,0.0,,NONE,False,NONE,OFFPLAN_RENTAL_NOT_EVALUATED,,Offplan properties not evaluated for current rent,,,,,,,,,,,,,,,,,,,,,,,,,
4498,offplan,Sheikh Zayed Road,burj azizi,2.0,2531.0,87661000.0,DLD_MISSING,OFFPLAN_RENTAL_NOT_EVALUATED,,,0.0,,NONE,False,NONE,OFFPLAN_RENTAL_NOT_EVALUATED,,Offplan properties not evaluated for current rent,,,,,,,,,,,,,,,,,,,,,,,,,
1976,ready,Jumeirah village circle,uniestate prime tower,0.0,451.0,620000.0,DLD_MATCH,R3,44768.08288185466,7.220658529331396,153.0,median_psf_times_size,AREA_BEDROOM_LEVEL,False,NONE,SHADOW_RESEARCH,Al Barsha South Fourth,,41.9,10.0,42000.0,41786.942017584464,median_psf_times_size,1.0,False,17.0,42943.36,41843.10652881115,median_psf_times_size,0.8,False,153.0,45000.0,44768.08288185466,median_psf_times_size,0.6,False,2358.0,45000.0,47038.19370197906,median_psf_times_size,0.4,False
112,offplan,Dubai Land Residence Complex,tarrad dubailand residences,0.0,350.0,550000.0,DLD_MISSING,OFFPLAN_RENTAL_NOT_EVALUATED,,,0.0,,NONE,False,NONE,OFFPLAN_RENTAL_NOT_EVALUATED,,Offplan properties not evaluated for current rent,,,,,,,,,,,,,,,,,,,,,,,,,
1824,ready,Arjan,48 parkside,1.0,748.0,1102050.0,DLD_MATCH,R4,61750.05304842914,5.603198861070654,2213.0,median_psf_times_size,AREA_LEVEL,False,NONE,SHADOW_RESEARCH,Al Barshaa South Third,,69.5,0.0,,,insufficient_data,0.0,True,18.0,80000.0,74551.45158228533,median_psf_times_size,0.8,False,0.0,,,insufficient_data,0.0,True,2213.0,65000.0,61750.05304842914,median_psf_times_size,0.4,False
2645,ready,Business Bay,the atria,2.0,1262.0,2821460.0,DLD_MATCH,R2,117733.83019807476,4.172798132813322,26.0,median_psf_times_size,PROJECT_LEVEL,False,NONE,SHADOW_RESEARCH,Business Bay,,117.2,0.0,,,insufficient_data,0.0,True,26.0,130000.0,117733.83019807476,median_psf_times_size,0.8,False,0.0,,,insufficient_data,0.0,True,2296.0,120750.0,118392.06410100852,median_psf_times_size,0.4,False
87,ready,Jumeirah village circle,binghatti amber,2.0,1268.0,1600000.0,DLD_MATCH,R4,95192.77149099507,5.949548218187192,1616.0,median_psf_times_size,AREA_LEVEL,False,NONE,SHADOW_RESEARCH,Al Barsha South Fourth,,117.8,0.0,,,insufficient_data,0.0,True,15.0,120000.0,116909.83174514625,median_psf_times_size,0.75,False,0.0,,,insufficient_data,0.0,True,1616.0,90000.0,95192.77149099507,median_psf_times_size,0.4,False
8332,offplan,Jumeirah village circle,stonehenge ii,1.0,767.0,1080950.0,DLD_MISSING,OFFPLAN_RENTAL_NOT_EVALUATED,,,0.0,,NONE,False,NONE,OFFPLAN_RENTAL_NOT_EVALUATED,,Offplan properties not evaluated for current rent,,,,,,,,,,,,,,,,,,,,,,,,,
3511,offplan,Jumeirah village circle,al serh residences 11,1.0,851.0,1391000.0,DLD_MISSING,OFFPLAN_RENTAL_NOT_EVALUATED,,,0.0,,NONE,False,NONE,OFFPLAN_RENTAL_NOT_EVALUATED,,Offplan properties not evaluated for current rent,,,,,,,,,,,,,,,,,,,,,,,,,
4955,offplan,Dubailand,rise by athlon 1,1.0,1000.0,1660500.0,DLD_MATCH,OFFPLAN_RENTAL_NOT_EVALUATED,,,0.0,,NONE,False,NONE,OFFPLAN_RENTAL_NOT_EVALUATED,,Offplan properties not evaluated for current rent,,,,,,,,,,,,,,,,,,,,,,,,,
6190,offplan,Dubai Studio City,arisha terraces,0.0,515.0,839000.0,DLD_MATCH,OFFPLAN_RENTAL_NOT_EVALUATED,,,0.0,,NONE,False,NONE,OFFPLAN_RENTAL_NOT_EVALUATED,,Offplan properties not evaluated for current rent,,,,,,,,,,,,,,,,,,,,,,,,,
946,offplan,Business Bay,canal heights,1.0,891.0,2617000.0,DLD_MATCH,OFFPLAN_RENTAL_NOT_EVALUATED,,,0.0,,NONE,False,NONE,OFFPLAN_RENTAL_NOT_EVALUATED,,Offplan properties not evaluated for current rent,,,,,,,,,,,,,,,,,,,,,,,,,
7116,offplan,Downtown Dubai,dwtn residences,2.0,1410.0,3710000.0,DLD_MISSING,OFFPLAN_RENTAL_NOT_EVALUATED,,,0.0,,NONE,False,NONE,OFFPLAN_RENTAL_NOT_EVALUATED,,Offplan properties not evaluated for current rent,,,,,,,,,,,,,,,,,,,,,,,,,
3160,ready,Business Bay,marquise square,0.0,517.0,1225000.0,DLD_MISSING,R3,66960.03307856563,5.466125149270663,58.0,median_psf_times_size,AREA_BEDROOM_LEVEL,False,NONE,SHADOW_RESEARCH,Business Bay,,48.0,0.0,,,insufficient_data,0.0,True,0.0,,,insufficient_data,0.0,True,58.0,65000.0,66960.03307856563,median_psf_times_size,0.6,False,2362.0,65000.0,70294.99261777735,median_psf_times_size,0.4,False
7433,offplan,Arjan,samana imperial garden,2.0,1220.0,2160000.0,DLD_MATCH,OFFPLAN_RENTAL_NOT_EVALUATED,,,0.0,,NONE,False,NONE,OFFPLAN_RENTAL_NOT_EVALUATED,,Offplan properties not evaluated for current rent,,,,,,,,,,,,,,,,,,,,,,,,,
4816,offplan,Dubai Motor City,sierra by iman,2.0,1172.0,1923780.0,DLD_MATCH,OFFPLAN_RENTAL_NOT_EVALUATED,,,0.0,,NONE,False,NONE,OFFPLAN_RENTAL_NOT_EVALUATED,,Offplan properties not evaluated for current rent,,,,,,,,,,,,,,,,,,,,,,,,,
1543,offplan,Jumeirah village circle,tresora by wadan,0.0,454.0,816395.0,DLD_MATCH,OFFPLAN_RENTAL_NOT_EVALUATED,,,0.0,,NONE,False,NONE,OFFPLAN_RENTAL_NOT_EVALUATED,,Offplan properties not evaluated for current rent,,,,,,,,,,,,,,,,,,,,,,,,,
927,offplan,Jumeirah village circle,binghatti etherea at jvc,1.0,575.0,1199999.0,DLD_MISSING,OFFPLAN_RENTAL_NOT_EVALUATED,,,0.0,,NONE,False,NONE,OFFPLAN_RENTAL_NOT_EVALUATED,,Offplan properties not evaluated for current rent,,,,,,,,,,,,,,,,,,,,,,,,,
2671,offplan,Dubai Islands,hado by beyond,3.0,2495.0,8290000.0,DLD_MATCH,OFFPLAN_RENTAL_NOT_EVALUATED,,,0.0,,NONE,False,NONE,OFFPLAN_RENTAL_NOT_EVALUATED,,Offplan properties not evaluated for current rent,,,,,,,,,,,,,,,,,,,,,,,,,
1974,offplan,Dubai Motor City,sobha orbis,1.0,671.0,1190490.0,DLD_MATCH,OFFPLAN_RENTAL_NOT_EVALUATED,,,0.0,,NONE,False,NONE,OFFPLAN_RENTAL_NOT_EVALUATED,,Offplan properties not evaluated for current rent,,,,,,,,,,,,,,,,,,,,,,,,,
92,offplan,Jumeirah village circle,elitz 3,0.0,385.0,769888.0,DLD_MISSING,OFFPLAN_RENTAL_NOT_EVALUATED,,,0.0,,NONE,False,NONE,OFFPLAN_RENTAL_NOT_EVALUATED,,Offplan properties not evaluated for current rent,,,,,,,,,,,,,,,,,,,,,,,,,
3004,offplan,Al Marjan Island,pelagia,1.0,874.0,2300000.0,DLD_MISSING,OFFPLAN_RENTAL_NOT_EVALUATED,,,0.0,,NONE,False,NONE,OFFPLAN_RENTAL_NOT_EVALUATED,,Offplan properties not evaluated for current rent,,,,,,,,,,,,,,,,,,,,,,,,,
6076,offplan,Jumeirah village circle,trevino,0.0,382.0,794900.0,DLD_MATCH,OFFPLAN_RENTAL_NOT_EVALUATED,,,0.0,,NONE,False,NONE,OFFPLAN_RENTAL_NOT_EVALUATED,,Offplan properties not evaluated for current rent,,,,,,,,,,,,,,,,,,,,,,,,,
8262,ready,Jumeirah village circle,binghatti orchid,2.0,1251.0,1700000.0,DLD_MATCH,R2,121274.82056358781,7.133812974328695,36.0,median_psf_times_size,PROJECT_LEVEL,False,NONE,SHADOW_RESEARCH,Al Barsha South Fourth,,116.2,0.0,,,insufficient_data,0.0,True,36.0,115000.0,121274.82056358781,median_psf_times_size,0.8,False,0.0,,,insufficient_data,0.0,True,1674.0,88000.0,93598.59928870996,median_psf_times_size,0.4,False
6557,offplan,Majan,rabdan gates,2.0,1192.0,1506130.0,DLD_MATCH,OFFPLAN_RENTAL_NOT_EVALUATED,,,0.0,,NONE,False,NONE,OFFPLAN_RENTAL_NOT_EVALUATED,,Offplan properties not evaluated for current rent,,,,,,,,,,,,,,,,,,,,,,,,,
3570,offplan,Meydan City,tonino lamborghini residences,1.0,999.0,2697870.0,DLD_MATCH,OFFPLAN_RENTAL_NOT_EVALUATED,,,0.0,,NONE,False,NONE,OFFPLAN_RENTAL_NOT_EVALUATED,,Offplan properties not evaluated for current rent,,,,,,,,,,,,,,,,,,,,,,,,,
6431,offplan,Wasl Gate,taiyo residences,2.0,1017.0,1450000.0,DLD_MATCH,OFFPLAN_RENTAL_NOT_EVALUATED,,,0.0,,NONE,False,NONE,OFFPLAN_RENTAL_NOT_EVALUATED,,Offplan properties not evaluated for current rent,,,,,,,,,,,,,,,,,,,,,,,,,
2191,offplan,Dubai Land Residence Complex,saray prime residence,1.0,789.0,990000.0,DLD_MATCH,OFFPLAN_RENTAL_NOT_EVALUATED,,,0.0,,NONE,False,NONE,OFFPLAN_RENTAL_NOT_EVALUATED,,Offplan properties not evaluated for current rent,,,,,,,,,,,,,,,,,,,,,,,,,
2036,offplan,Dubai Land Residence Complex,beverly park,2.0,1085.0,1434476.0,DLD_MATCH,OFFPLAN_RENTAL_NOT_EVALUATED,,,0.0,,NONE,False,NONE,OFFPLAN_RENTAL_NOT_EVALUATED,,Offplan properties not evaluated for current rent,,,,,,,,,,,,,,,,,,,,,,,,,
4767,offplan,Dubai Marina,rove home dubai marina,0.0,460.0,1585700.0,DLD_MATCH,OFFPLAN_RENTAL_NOT_EVALUATED,,,0.0,,NONE,False,NONE,OFFPLAN_RENTAL_NOT_EVALUATED,,Offplan properties not evaluated for current rent,,,,,,,,,,,,,,,,,,,,,,,,,
5621,offplan,Meydan City,the highgrove,2.0,1186.0,3149830.0,DLD_MATCH,OFFPLAN_RENTAL_NOT_EVALUATED,,,0.0,,NONE,False,NONE,OFFPLAN_RENTAL_NOT_EVALUATED,,Offplan properties not evaluated for current rent,,,,,,,,,,,,,,,,,,,,,,,,,
4872,ready,Business Bay,binghatti canal,1.0,717.0,1650000.0,DLD_MATCH,R2,110841.53272044534,6.71766864972396,32.0,median_psf_times_size,PROJECT_LEVEL,False,NONE,SHADOW_RESEARCH,Business Bay,,66.6,0.0,,,insufficient_data,0.0,True,32.0,110000.0,110841.53272044534,median_psf_times_size,0.8,False,0.0,,,insufficient_data,0.0,True,2205.0,85000.0,84374.5409280762,median_psf_times_size,0.4,False
1521,offplan,Jumeirah village circle,westwood grande 2,1.0,800.0,1390000.0,DLD_MISSING,OFFPLAN_RENTAL_NOT_EVALUATED,,,0.0,,NONE,False,NONE,OFFPLAN_RENTAL_NOT_EVALUATED,,Offplan properties not evaluated for current rent,,,,,,,,,,,,,,,,,,,,,,,,,
5193,ready,Jumeirah village circle,serenity lakes 2,0.0,402.0,540000.0,DLD_MATCH,R3,42482.70964614555,7.867168452989917,97.0,median_psf_times_size,AREA_BEDROOM_LEVEL,False,NONE,SHADOW_RESEARCH,Al Barsha South Fourth,,37.3,0.0,,,insufficient_data,0.0,True,0.0,,,insufficient_data,0.0,True,97.0,45000.0,42482.70964614555,median_psf_times_size,0.6,False,1919.0,45000.0,43203.49597947347,median_psf_times_size,0.4,False
3548,offplan,Business Bay,the quayside,1.0,768.0,2000000.0,DLD_MATCH,OFFPLAN_RENTAL_NOT_EVALUATED,,,0.0,,NONE,False,NONE,OFFPLAN_RENTAL_NOT_EVALUATED,,Offplan properties not evaluated for current rent,,,,,,,,,,,,,,,,,,,,,,,,,
7521,offplan,Dubai Islands,sea legend tower one,3.0,1593.0,3886920.0,DLD_MISSING,OFFPLAN_RENTAL_NOT_EVALUATED,,,0.0,,NONE,False,NONE,OFFPLAN_RENTAL_NOT_EVALUATED,,Offplan properties not evaluated for current rent,,,,,,,,,,,,,,,,,,,,,,,,,
4144,offplan,Dubai Land Residence Complex,celesto tower,0.0,350.0,608000.0,DLD_MATCH,OFFPLAN_RENTAL_NOT_EVALUATED,,,0.0,,NONE,False,NONE,OFFPLAN_RENTAL_NOT_EVALUATED,,Offplan properties not evaluated for current rent,,,,,,,,,,,,,,,,,,,,,,,,,
659,offplan,Dubai Hills Estate,parkside views,3.0,2401.0,4000000.0,DLD_MATCH,OFFPLAN_RENTAL_NOT_EVALUATED,,,0.0,,NONE,False,NONE,OFFPLAN_RENTAL_NOT_EVALUATED,,Offplan properties not evaluated for current rent,,,,,,,,,,,,,,,,,,,,,,,,,
2516,offplan,Dubai Hills Estate,parkside views,3.0,2401.0,4000000.0,DLD_MATCH,OFFPLAN_RENTAL_NOT_EVALUATED,,,0.0,,NONE,False,NONE,OFFPLAN_RENTAL_NOT_EVALUATED,,Offplan properties not evaluated for current rent,,,,,,,,,,,,,,,,,,,,,,,,,
7495,offplan,Dubai Hills Estate,parkside views,3.0,2401.0,4000000.0,DLD_MATCH,OFFPLAN_RENTAL_NOT_EVALUATED,,,0.0,,NONE,False,NONE,OFFPLAN_RENTAL_NOT_EVALUATED,,Offplan properties not evaluated for current rent,,,,,,,,,,,,,,,,,,,,,,,,,
342,offplan,Al Furjan,azizi central,2.0,1273.0,1676000.0,DLD_MATCH,OFFPLAN_RENTAL_NOT_EVALUATED,,,0.0,,NONE,False,NONE,OFFPLAN_RENTAL_NOT_EVALUATED,,Offplan properties not evaluated for current rent,,,,,,,,,,,,,,,,,,,,,,,,,
2860,offplan,Jumeirah village circle,levanto by oro24,2.0,889.0,1300000.0,DLD_MATCH,OFFPLAN_RENTAL_NOT_EVALUATED,,,0.0,,NONE,False,NONE,OFFPLAN_RENTAL_NOT_EVALUATED,,Offplan properties not evaluated for current rent,,,,,,,,,,,,,,,,,,,,,,,,,
7469,offplan,Al Marjan Island,arthouse residences by cledor,1.0,,1480000.0,DLD_MISSING,OFFPLAN_RENTAL_NOT_EVALUATED,,,0.0,,NONE,False,NONE,OFFPLAN_RENTAL_NOT_EVALUATED,,Offplan properties not evaluated for current rent,,,,,,,,,,,,,,,,,,,,,,,,,
739,offplan,Downtown Dubai,society house,1.0,741.0,2410880.0,DLD_MATCH,OFFPLAN_RENTAL_NOT_EVALUATED,,,0.0,,NONE,False,NONE,OFFPLAN_RENTAL_NOT_EVALUATED,,Offplan properties not evaluated for current rent,,,,,,,,,,,,,,,,,,,,,,,,,
1247,offplan,Dubai Studio City,ghaff land residence,0.0,453.0,648421.0,DLD_MATCH,OFFPLAN_RENTAL_NOT_EVALUATED,,,0.0,,NONE,False,NONE,OFFPLAN_RENTAL_NOT_EVALUATED,,Offplan properties not evaluated for current rent,,,,,,,,,,,,,,,,,,,,,,,,,
4123,offplan,Jumeirah village circle,311 boulevard,1.0,780.9,1253720.0,DLD_MISSING,OFFPLAN_RENTAL_NOT_EVALUATED,,,0.0,,NONE,False,NONE,OFFPLAN_RENTAL_NOT_EVALUATED,,Offplan properties not evaluated for current rent,,,,,,,,,,,,,,,,,,,,,,,,,
2456,offplan,Jumeirah village circle,avant garde residences by skyline,1.0,849.0,1000000.0,DLD_MATCH,OFFPLAN_RENTAL_NOT_EVALUATED,,,0.0,,NONE,False,NONE,OFFPLAN_RENTAL_NOT_EVALUATED,,Offplan properties not evaluated for current rent,,,,,,,,,,,,,,,,,,,,,,,,,
2882,offplan,Jumeirah village circle,stonehenge ii,0.0,441.0,790160.0,DLD_MISSING,OFFPLAN_RENTAL_NOT_EVALUATED,,,0.0,,NONE,False,NONE,OFFPLAN_RENTAL_NOT_EVALUATED,,Offplan properties not evaluated for current rent,,,,,,,,,,,,,,,,,,,,,,,,,
142,offplan,Business Bay,bayz 101,2.0,964.0,3300000.0,DLD_MISSING,OFFPLAN_RENTAL_NOT_EVALUATED,,,0.0,,NONE,False,NONE,OFFPLAN_RENTAL_NOT_EVALUATED,,Offplan properties not evaluated for current rent,,,,,,,,,,,,,,,,,,,,,,,,,
8103,offplan,Liwan Square,parkgreen residences,1.0,656.0,869704.0,DLD_MISSING,OFFPLAN_RENTAL_NOT_EVALUATED,,,0.0,,NONE,False,NONE,OFFPLAN_RENTAL_NOT_EVALUATED,,Offplan properties not evaluated for current rent,,,,,,,,,,,,,,,,,,,,,,,,,
7780,ready,Jumeirah village circle,the residence by prestige one,0.0,467.0,725000.0,DLD_MATCH,R3,45516.73023180078,6.278169687144936,160.0,median_psf_times_size,AREA_BEDROOM_LEVEL,False,NONE,SHADOW_RESEARCH,Al Barsha South Fourth,,43.4,0.0,,,insufficient_data,0.0,True,7.0,,,insufficient_data,0.0,True,160.0,45000.0,45516.73023180078,median_psf_times_size,0.6,False,2411.0,45000.0,48215.753982496266,median_psf_times_size,0.4,False
8395,offplan,Jumeirah village circle,lucky royale residence,1.0,756.0,998999.0,DLD_MATCH,OFFPLAN_RENTAL_NOT_EVALUATED,,,0.0,,NONE,False,NONE,OFFPLAN_RENTAL_NOT_EVALUATED,,Offplan properties not evaluated for current rent,,,,,,,,,,,,,,,,,,,,,,,,,
7994,offplan,Business Bay,the crestmark,2.0,1046.0,3400000.0,DLD_MATCH,OFFPLAN_RENTAL_NOT_EVALUATED,,,0.0,,NONE,False,NONE,OFFPLAN_RENTAL_NOT_EVALUATED,,Offplan properties not evaluated for current rent,,,,,,,,,,,,,,,,,,,,,,,,,
3620,offplan,Al Marjan Island,w hotel and residences,1.0,1099.0,4158000.0,DLD_MISSING,OFFPLAN_RENTAL_NOT_EVALUATED,,,0.0,,NONE,False,NONE,OFFPLAN_RENTAL_NOT_EVALUATED,,Offplan properties not evaluated for current rent,,,,,,,,,,,,,,,,,,,,,,,,,
6784,offplan,Arjan,samana imperial garden,0.0,377.0,859000.0,DLD_MATCH,OFFPLAN_RENTAL_NOT_EVALUATED,,,0.0,,NONE,False,NONE,OFFPLAN_RENTAL_NOT_EVALUATED,,Offplan properties not evaluated for current rent,,,,,,,,,,,,,,,,,,,,,,,,,
3125,offplan,Jumeirah village circle,lucky oasis residence,1.0,783.0,1061000.0,DLD_MATCH,OFFPLAN_RENTAL_NOT_EVALUATED,,,0.0,,NONE,False,NONE,OFFPLAN_RENTAL_NOT_EVALUATED,,Offplan properties not evaluated for current rent,,,,,,,,,,,,,,,,,,,,,,,,,
5099,offplan,Jumeirah village circle,binghatti phoenix,1.0,795.0,1200000.0,DLD_MATCH,OFFPLAN_RENTAL_NOT_EVALUATED,,,0.0,,NONE,False,NONE,OFFPLAN_RENTAL_NOT_EVALUATED,,Offplan properties not evaluated for current rent,,,,,,,,,,,,,,,,,,,,,,,,,
412,offplan,Jumeirah Village Triangle,skygate tower,0.0,347.0,773809.0,DLD_MISSING,OFFPLAN_RENTAL_NOT_EVALUATED,,,0.0,,NONE,False,NONE,OFFPLAN_RENTAL_NOT_EVALUATED,,Offplan properties not evaluated for current rent,,,,,,,,,,,,,,,,,,,,,,,,,
4994,offplan,Jumeirah village circle,tresora by wadan,2.0,1327.0,1835528.0,DLD_MATCH,OFFPLAN_RENTAL_NOT_EVALUATED,,,0.0,,NONE,False,NONE,OFFPLAN_RENTAL_NOT_EVALUATED,,Offplan properties not evaluated for current rent,,,,,,,,,,,,,,,,,,,,,,,,,
2562,offplan,Jebel Ali,azizi wares,1.0,622.0,976000.0,DLD_MATCH,OFFPLAN_RENTAL_NOT_EVALUATED,,,0.0,,NONE,False,NONE,OFFPLAN_RENTAL_NOT_EVALUATED,,Offplan properties not evaluated for current rent,,,,,,,,,,,,,,,,,,,,,,,,,
1429,offplan,Al Furjan,azizi zain,1.0,813.0,1141000.0,DLD_MATCH,OFFPLAN_RENTAL_NOT_EVALUATED,,,0.0,,NONE,False,NONE,OFFPLAN_RENTAL_NOT_EVALUATED,,Offplan properties not evaluated for current rent,,,,,,,,,,,,,,,,,,,,,,,,,
107,ready,Jumeirah village circle,binghatti lavender,1.0,739.0,1100000.0,DLD_MATCH,R2,72946.3057200659,6.631482338187808,37.0,median_psf_times_size,PROJECT_LEVEL,False,NONE,SHADOW_RESEARCH,Al Barsha South Fourth,,68.7,0.0,,,insufficient_data,0.0,True,37.0,75000.0,72946.3057200659,median_psf_times_size,0.8,False,0.0,,,insufficient_data,0.0,True,4236.0,65000.0,65104.20794488639,median_psf_times_size,0.4,False
7902,offplan,Arjan,samana mykonos signature,1.0,958.0,1180000.0,DLD_MATCH,OFFPLAN_RENTAL_NOT_EVALUATED,,,0.0,,NONE,False,NONE,OFFPLAN_RENTAL_NOT_EVALUATED,,Offplan properties not evaluated for current rent,,,,,,,,,,,,,,,,,,,,,,,,,
6493,offplan,Jumeirah village circle,elitz,0.0,440.0,703000.0,DLD_MISSING,OFFPLAN_RENTAL_NOT_EVALUATED,,,0.0,,NONE,False,NONE,OFFPLAN_RENTAL_NOT_EVALUATED,,Offplan properties not evaluated for current rent,,,,,,,,,,,,,,,,,,,,,,,,,
3863,offplan,Meydan City,belgrove residences,2.0,1268.0,2926830.0,DLD_MISSING,OFFPLAN_RENTAL_NOT_EVALUATED,,,0.0,,NONE,False,NONE,OFFPLAN_RENTAL_NOT_EVALUATED,,Offplan properties not evaluated for current rent,,,,,,,,,,,,,,,,,,,,,,,,,
914,ready,Jumeirah village circle,laya mansion,0.0,371.0,580000.0,DLD_MATCH,R2,41557.27423619791,7.165047282103087,40.0,median_psf_times_size,PROJECT_LEVEL,False,NONE,SHADOW_RESEARCH,Al Barsha South Fourth,,34.5,2.0,,,insufficient_data,0.0,True,40.0,47000.0,41557.27423619791,median_psf_times_size,0.8,False,74.0,45000.0,39206.679797810946,median_psf_times_size,0.6,False,1512.0,45000.0,40626.117555310775,median_psf_times_size,0.4,False
7032,offplan,Dubai Islands,firoza,1.0,850.0,1700000.0,DLD_MATCH,OFFPLAN_RENTAL_NOT_EVALUATED,,,0.0,,NONE,False,NONE,OFFPLAN_RENTAL_NOT_EVALUATED,,Offplan properties not evaluated for current rent,,,,,,,,,,,,,,,,,,,,,,,,,
5422,offplan,Jumeirah village circle,palatium residence,3.0,1265.0,1684630.0,DLD_MISSING,OFFPLAN_RENTAL_NOT_EVALUATED,,,0.0,,NONE,False,NONE,OFFPLAN_RENTAL_NOT_EVALUATED,,Offplan properties not evaluated for current rent,,,,,,,,,,,,,,,,,,,,,,,,,
356,offplan,Dubai South,azizi venice buildings 10,0.0,344.0,650000.0,DLD_MISSING,OFFPLAN_RENTAL_NOT_EVALUATED,,,0.0,,NONE,False,NONE,OFFPLAN_RENTAL_NOT_EVALUATED,,Offplan properties not evaluated for current rent,,,,,,,,,,,,,,,,,,,,,,,,,
4789,offplan,Dubai Sports City,binghatti haven,0.0,384.0,759999.0,DLD_NO_EVIDENCE,OFFPLAN_RENTAL_NOT_EVALUATED,,,0.0,,NONE,False,NONE,OFFPLAN_RENTAL_NOT_EVALUATED,,Offplan properties not evaluated for current rent,,,,,,,,,,,,,,,,,,,,,,,,,
6630,ready,Jumeirah village circle,the autograph residences,1.0,793.0,1500000.0,DLD_MISSING,R4,68681.27164704775,4.578751443136516,4581.0,median_psf_times_size,AREA_LEVEL,False,NONE,SHADOW_RESEARCH,Al Barsha South Fourth,,73.7,0.0,,,insufficient_data,0.0,True,0.0,,,insufficient_data,0.0,True,0.0,,,insufficient_data,0.0,True,4581.0,67000.0,68681.27164704775,median_psf_times_size,0.4,False
1840,offplan,Al Furjan,sunvale,1.0,665.0,1200000.0,DLD_MATCH,OFFPLAN_RENTAL_NOT_EVALUATED,,,0.0,,NONE,False,NONE,OFFPLAN_RENTAL_NOT_EVALUATED,,Offplan properties not evaluated for current rent,,,,,,,,,,,,,,,,,,,,,,,,,
6794,offplan,Jumeirah village circle,binghatti apex,0.0,423.0,750000.0,DLD_MATCH,OFFPLAN_RENTAL_NOT_EVALUATED,,,0.0,,NONE,False,NONE,OFFPLAN_RENTAL_NOT_EVALUATED,,Offplan properties not evaluated for current rent,,,,,,,,,,,,,,,,,,,,,,,,,
7248,offplan,Arjan,ashley hills,0.0,484.0,824812.0,DLD_MATCH,OFFPLAN_RENTAL_NOT_EVALUATED,,,0.0,,NONE,False,NONE,OFFPLAN_RENTAL_NOT_EVALUATED,,Offplan properties not evaluated for current rent,,,,,,,,,,,,,,,,,,,,,,,,,
3346,offplan,Sheikh Zayed Road,sol luxe,1.0,783.0,2884000.0,DLD_MATCH,OFFPLAN_RENTAL_NOT_EVALUATED,,,0.0,,NONE,False,NONE,OFFPLAN_RENTAL_NOT_EVALUATED,,Offplan properties not evaluated for current rent,,,,,,,,,,,,,,,,,,,,,,,,,
243,offplan,Jumeirah village circle,105 residences,1.0,763.0,1185000.0,DLD_MISSING,OFFPLAN_RENTAL_NOT_EVALUATED,,,0.0,,NONE,False,NONE,OFFPLAN_RENTAL_NOT_EVALUATED,,Offplan properties not evaluated for current rent,,,,,,,,,,,,,,,,,,,,,,,,,
3325,offplan,Dubailand,samana boulevard heights,0.0,418.0,786000.0,DLD_MATCH,OFFPLAN_RENTAL_NOT_EVALUATED,,,0.0,,NONE,False,NONE,OFFPLAN_RENTAL_NOT_EVALUATED,,Offplan properties not evaluated for current rent,,,,,,,,,,,,,,,,,,,,,,,,,
4152,offplan,Jumeirah Garden City,rabdan gardens,1.0,745.0,1755000.0,DLD_MATCH,OFFPLAN_RENTAL_NOT_EVALUATED,,,0.0,,NONE,False,NONE,OFFPLAN_RENTAL_NOT_EVALUATED,,Offplan properties not evaluated for current rent,,,,,,,,,,,,,,,,,,,,,,,,,
7652,offplan,Jumeirah village circle,norah residence,1.0,673.0,1090000.0,DLD_MATCH,OFFPLAN_RENTAL_NOT_EVALUATED,,,0.0,,NONE,False,NONE,OFFPLAN_RENTAL_NOT_EVALUATED,,Offplan properties not evaluated for current rent,,,,,,,,,,,,,,,,,,,,,,,,,
5560,offplan,Jumeirah village circle,elitz 2,1.0,751.0,1150000.0,DLD_MISSING,OFFPLAN_RENTAL_NOT_EVALUATED,,,0.0,,NONE,False,NONE,OFFPLAN_RENTAL_NOT_EVALUATED,,Offplan properties not evaluated for current rent,,,,,,,,,,,,,,,,,,,,,,,,,
148,offplan,Dubai Science Park,vincitore aqua flora,0.0,403.0,905000.0,DLD_MATCH,OFFPLAN_RENTAL_NOT_EVALUATED,,,0.0,,NONE,False,NONE,OFFPLAN_RENTAL_NOT_EVALUATED,,Offplan properties not evaluated for current rent,,,,,,,,,,,,,,,,,,,,,,,,,
3432,offplan,Dubai South,windsor house,3.0,1489.0,2400000.0,DLD_MATCH,OFFPLAN_RENTAL_NOT_EVALUATED,,,0.0,,NONE,False,NONE,OFFPLAN_RENTAL_NOT_EVALUATED,,Offplan properties not evaluated for current rent,,,,,,,,,,,,,,,,,,,,,,,,,
1405,offplan,Dubai Land Residence Complex,samana parkville,1.0,764.0,1232220.0,DLD_MATCH,OFFPLAN_RENTAL_NOT_EVALUATED,,,0.0,,NONE,False,NONE,OFFPLAN_RENTAL_NOT_EVALUATED,,Offplan properties not evaluated for current rent,,,,,,,,,,,,,,,,,,,,,,,,,
7117,offplan,International City Phase 2,linden residences,0.0,323.0,542812.0,DLD_MATCH,OFFPLAN_RENTAL_NOT_EVALUATED,,,0.0,,NONE,False,NONE,OFFPLAN_RENTAL_NOT_EVALUATED,,Offplan properties not evaluated for current rent,,,,,,,,,,,,,,,,,,,,,,,,,
2350,offplan,Dubai Islands,hado by beyond,1.0,903.0,2823000.0,DLD_MATCH,OFFPLAN_RENTAL_NOT_EVALUATED,,,0.0,,NONE,False,NONE,OFFPLAN_RENTAL_NOT_EVALUATED,,Offplan properties not evaluated for current rent,,,,,,,,,,,,,,,,,,,,,,,,,
4594,offplan,Arjan,samana imperial garden,1.0,674.0,1359000.0,DLD_MATCH,OFFPLAN_RENTAL_NOT_EVALUATED,,,0.0,,NONE,False,NONE,OFFPLAN_RENTAL_NOT_EVALUATED,,Offplan properties not evaluated for current rent,,,,,,,,,,,,,,,,,,,,,,,,,
6889,offplan,Jumeirah Village Triangle,guzel towers,0.0,323.0,698099.0,DLD_MATCH,OFFPLAN_RENTAL_NOT_EVALUATED,,,0.0,,NONE,False,NONE,OFFPLAN_RENTAL_NOT_EVALUATED,,Offplan properties not evaluated for current rent,,,,,,,,,,,,,,,,,,,,,,,,,
800,ready,Al Furjan,azizi amber,1.0,599.0,1420000.0,DLD_NO_EVIDENCE,R4,51106.151902086975,3.599024781837111,2797.0,median_psf_times_size,AREA_LEVEL,False,NONE,SHADOW_RESEARCH,Jabal Ali First,,55.6,0.0,,,insufficient_data,0.0,True,8.0,68500.0,60734.56444677955,median_psf_times_size,0.4,False,0.0,,,insufficient_data,0.0,True,2797.0,44000.0,51106.151902086975,median_psf_times_size,0.4,False
3441,offplan,Al Jadaf Waterfront,creek views 2,1.0,757.0,1978290.0,DLD_MISSING,OFFPLAN_RENTAL_NOT_EVALUATED,,,0.0,,NONE,False,NONE,OFFPLAN_RENTAL_NOT_EVALUATED,,Offplan properties not evaluated for current rent,,,,,,,,,,,,,,,,,,,,,,,,,
8185,offplan,Dubai Land Residence Complex,reef 1000,1.0,858.0,1369350.0,DLD_MATCH,OFFPLAN_RENTAL_NOT_EVALUATED,,,0.0,,NONE,False,NONE,OFFPLAN_RENTAL_NOT_EVALUATED,,Offplan properties not evaluated for current rent,,,,,,,,,,,,,,,,,,,,,,,,,
1700,offplan,Jumeirah village circle,berkeley square,1.0,665.0,1403000.0,DLD_MISSING,OFFPLAN_RENTAL_NOT_EVALUATED,,,0.0,,NONE,False,NONE,OFFPLAN_RENTAL_NOT_EVALUATED,,Offplan properties not evaluated for current rent,,,,,,,,,,,,,,,,,,,,,,,,,
4862,offplan,Dubai Harbour,seapoint,1.0,741.0,3352890.0,DLD_MATCH,OFFPLAN_RENTAL_NOT_EVALUATED,,,0.0,,NONE,False,NONE,OFFPLAN_RENTAL_NOT_EVALUATED,,Offplan properties not evaluated for current rent,,,,,,,,,,,,,,,,,,,,,,,,,
2612,offplan,Majan,barari palace,0.0,410.0,804550.0,DLD_MATCH,OFFPLAN_RENTAL_NOT_EVALUATED,,,0.0,,NONE,False,NONE,OFFPLAN_RENTAL_NOT_EVALUATED,,Offplan properties not evaluated for current rent,,,,,,,,,,,,,,,,,,,,,,,,,
6927,offplan,Dubai Land Residence Complex,verdan1a 3,2.0,960.0,1558520.0,DLD_MISSING,OFFPLAN_RENTAL_NOT_EVALUATED,,,0.0,,NONE,False,NONE,OFFPLAN_RENTAL_NOT_EVALUATED,,Offplan properties not evaluated for current rent,,,,,,,,,,,,,,,,,,,,,,,,,
7669,ready,Jumeirah village circle,pantheon elysee iii,0.0,406.0,625000.0,DLD_MISSING,R3,42905.42317496292,6.864867707994067,100.0,median_psf_times_size,AREA_BEDROOM_LEVEL,False,NONE,SHADOW_RESEARCH,Al Barsha South Fourth,,37.7,0.0,,,insufficient_data,0.0,True,0.0,,,insufficient_data,0.0,True,100.0,45000.0,42905.42317496292,median_psf_times_size,0.6,False,1991.0,45000.0,43494.735055389836,median_psf_times_size,0.4,False
3521,offplan,Dubai Sports City,verde by vision,2.0,1242.0,1813000.0,DLD_MATCH,OFFPLAN_RENTAL_NOT_EVALUATED,,,0.0,,NONE,False,NONE,OFFPLAN_RENTAL_NOT_EVALUATED,,Offplan properties not evaluated for current rent,,,,,,,,,,,,,,,,,,,,,,,,,
3509,offplan,Dubai Hills Estate,park lane,2.0,1041.0,2675000.0,DLD_MATCH,OFFPLAN_RENTAL_NOT_EVALUATED,,,0.0,,NONE,False,NONE,OFFPLAN_RENTAL_NOT_EVALUATED,,Offplan properties not evaluated for current rent,,,,,,,,,,,,,,,,,,,,,,,,,
1329,offplan,Jumeirah village circle,one park square,1.0,789.0,1245670.0,DLD_MISSING,OFFPLAN_RENTAL_NOT_EVALUATED,,,0.0,,NONE,False,NONE,OFFPLAN_RENTAL_NOT_EVALUATED,,Offplan properties not evaluated for current rent,,,,,,,,,,,,,,,,,,,,,,,,,
3051,offplan,Al Furjan,reef 999,1.0,792.0,1158330.0,DLD_MISSING,OFFPLAN_RENTAL_NOT_EVALUATED,,,0.0,,NONE,False,NONE,OFFPLAN_RENTAL_NOT_EVALUATED,,Offplan properties not evaluated for current rent,,,,,,,,,,,,,,,,,,,,,,,,,
3078,offplan,EMAAR Beachfront,bayview by address resorts,1.0,744.0,4100000.0,DLD_MISSING,OFFPLAN_RENTAL_NOT_EVALUATED,,,0.0,,NONE,False,NONE,OFFPLAN_RENTAL_NOT_EVALUATED,,Offplan properties not evaluated for current rent,,,,,,,,,,,,,,,,,,,,,,,,,
1085,offplan,Dubai Islands,agua residences,2.0,1444.0,3000000.0,DLD_MISSING,OFFPLAN_RENTAL_NOT_EVALUATED,,,0.0,,NONE,False,NONE,OFFPLAN_RENTAL_NOT_EVALUATED,,Offplan properties not evaluated for current rent,,,,,,,,,,,,,,,,,,,,,,,,,
5582,ready,Business Bay,marquise square,2.0,1658.0,2900000.0,DLD_MISSING,R4,148924.00149946514,5.135310396533281,2139.0,median_psf_times_size,AREA_LEVEL,False,NONE,SHADOW_RESEARCH,Business Bay,,154.0,0.0,,,insufficient_data,0.0,True,0.0,,,insufficient_data,0.0,True,0.0,,,insufficient_data,0.0,True,2139.0,137000.0,148924.00149946514,median_psf_times_size,0.4,False
414,ready,Jumeirah village circle,binghatti tulip,1.0,612.0,1020000.0,DLD_MATCH,R2,71533.32554973922,7.013071132327376,36.0,median_psf_times_size,PROJECT_LEVEL,False,NONE,SHADOW_RESEARCH,Al Barsha South Fourth,,56.9,0.0,,,insufficient_data,0.0,True,36.0,69000.0,71533.32554973922,median_psf_times_size,0.8,False,0.0,,,insufficient_data,0.0,True,2338.0,60000.0,56402.52307327531,median_psf_times_size,0.4,False
5638,offplan,Dubai South,oasis residences,0.0,427.0,625000.0,DLD_MATCH,OFFPLAN_RENTAL_NOT_EVALUATED,,,0.0,,NONE,False,NONE,OFFPLAN_RENTAL_NOT_EVALUATED,,Offplan properties not evaluated for current rent,,,,,,,,,,,,,,,,,,,,,,,,,
2387,offplan,Dubai Islands,agua residences,3.0,1569.0,3500000.0,DLD_MISSING,OFFPLAN_RENTAL_NOT_EVALUATED,,,0.0,,NONE,False,NONE,OFFPLAN_RENTAL_NOT_EVALUATED,,Offplan properties not evaluated for current rent,,,,,,,,,,,,,,,,,,,,,,,,,
2184,ready,EMAAR Beachfront,grand bleu tower 1,2.0,1768.0,6500000.0,DLD_MISSING,R4,163516.7567893821,2.51564241214434,2208.0,median_psf_times_size,AREA_LEVEL,False,NONE,SHADOW_RESEARCH,Marsa Dubai,,164.3,0.0,,,insufficient_data,0.0,True,0.0,,,insufficient_data,0.0,True,0.0,,,insufficient_data,0.0,True,2208.0,155000.0,163516.7567893821,median_psf_times_size,0.4,False
5579,ready,Dubai Creek Harbour,creek rise tower 1,1.0,825.0,2000000.0,DLD_MISSING,R4,104515.9200000944,5.22579600000472,4567.0,median_psf_times_size,AREA_LEVEL,False,NONE,SHADOW_RESEARCH,Al Khairan First,,76.6,0.0,,,insufficient_data,0.0,True,0.0,,,insufficient_data,0.0,True,0.0,,,insufficient_data,0.0,True,4567.0,90000.0,104515.9200000944,median_psf_times_size,0.4,False
4921,offplan,Dubai Land Residence Complex,samana ibiza,1.0,805.0,1297800.0,DLD_MATCH,OFFPLAN_RENTAL_NOT_EVALUATED,,,0.0,,NONE,False,NONE,OFFPLAN_RENTAL_NOT_EVALUATED,,Offplan properties not evaluated for current rent,,,,,,,,,,,,,,,,,,,,,,,,,
5224,offplan,Jumeirah village circle,pantheon elysee heights,1.0,620.0,920000.0,DLD_MISSING,OFFPLAN_RENTAL_NOT_EVALUATED,,,0.0,,NONE,False,NONE,OFFPLAN_RENTAL_NOT_EVALUATED,,Offplan properties not evaluated for current rent,,,,,,,,,,,,,,,,,,,,,,,,,
5596,offplan,Jumeirah village circle,aria heights,1.0,663.0,1198890.0,DLD_MATCH,OFFPLAN_RENTAL_NOT_EVALUATED,,,0.0,,NONE,False,NONE,OFFPLAN_RENTAL_NOT_EVALUATED,,Offplan properties not evaluated for current rent,,,,,,,,,,,,,,,,,,,,,,,,,
7519,offplan,Sobha Hartland 2,320 riverside crescent,1.0,752.0,2109880.0,DLD_MATCH,OFFPLAN_RENTAL_NOT_EVALUATED,,,0.0,,NONE,False,NONE,OFFPLAN_RENTAL_NOT_EVALUATED,,Offplan properties not evaluated for current rent,,,,,,,,,,,,,,,,,,,,,,,,,
3534,offplan,DIFC,address residences zabeel,3.0,1826.0,5100000.0,DLD_MATCH,OFFPLAN_RENTAL_NOT_EVALUATED,,,0.0,,NONE,False,NONE,OFFPLAN_RENTAL_NOT_EVALUATED,,Offplan properties not evaluated for current rent,,,,,,,,,,,,,,,,,,,,,,,,,
6567,offplan,Majan,amethyst by siroya,2.0,1014.0,1318000.0,DLD_MATCH,OFFPLAN_RENTAL_NOT_EVALUATED,,,0.0,,NONE,False,NONE,OFFPLAN_RENTAL_NOT_EVALUATED,,Offplan properties not evaluated for current rent,,,,,,,,,,,,,,,,,,,,,,,,,
5863,offplan,Dubai Design District,the edit at d3,2.0,1443.0,5100000.0,DLD_MATCH,OFFPLAN_RENTAL_NOT_EVALUATED,,,0.0,,NONE,False,NONE,OFFPLAN_RENTAL_NOT_EVALUATED,,Offplan properties not evaluated for current rent,,,,,,,,,,,,,,,,,,,,,,,,,
3663,offplan,Meydan City,gate eleven by amwaj development,1.0,755.0,1338090.0,DLD_MISSING,OFFPLAN_RENTAL_NOT_EVALUATED,,,0.0,,NONE,False,NONE,OFFPLAN_RENTAL_NOT_EVALUATED,,Offplan properties not evaluated for current rent,,,,,,,,,,,,,,,,,,,,,,,,,
3049,offplan,Jumeirah village circle,elitz 3,1.0,762.0,1287000.0,DLD_MISSING,OFFPLAN_RENTAL_NOT_EVALUATED,,,0.0,,NONE,False,NONE,OFFPLAN_RENTAL_NOT_EVALUATED,,Offplan properties not evaluated for current rent,,,,,,,,,,,,,,,,,,,,,,,,,
5946,offplan,Dubai Marina,liv marina,1.0,817.0,2899550.0,DLD_MATCH,OFFPLAN_RENTAL_NOT_EVALUATED,,,0.0,,NONE,False,NONE,OFFPLAN_RENTAL_NOT_EVALUATED,,Offplan properties not evaluated for current rent,,,,,,,,,,,,,,,,,,,,,,,,,
582,offplan,Nad Al Sheba,belmont park,1.0,737.0,1425000.0,DLD_MISSING,OFFPLAN_RENTAL_NOT_EVALUATED,,,0.0,,NONE,False,NONE,OFFPLAN_RENTAL_NOT_EVALUATED,,Offplan properties not evaluated for current rent,,,,,,,,,,,,,,,,,,,,,,,,,
7871,offplan,Nad Al Sheba,celia gardens,1.0,789.0,1801550.0,DLD_MATCH,OFFPLAN_RENTAL_NOT_EVALUATED,,,0.0,,NONE,False,NONE,OFFPLAN_RENTAL_NOT_EVALUATED,,Offplan properties not evaluated for current rent,,,,,,,,,,,,,,,,,,,,,,,,,
7765,offplan,Arjan,gharbi 1 residences,2.0,2069.0,2049320.0,DLD_MISSING,OFFPLAN_RENTAL_NOT_EVALUATED,,,0.0,,NONE,False,NONE,OFFPLAN_RENTAL_NOT_EVALUATED,,Offplan properties not evaluated for current rent,,,,,,,,,,,,,,,,,,,,,,,,,
5515,offplan,Jumeirah village circle,provenza residences,1.0,797.0,1218000.0,DLD_MATCH,OFFPLAN_RENTAL_NOT_EVALUATED,,,0.0,,NONE,False,NONE,OFFPLAN_RENTAL_NOT_EVALUATED,,Offplan properties not evaluated for current rent,,,,,,,,,,,,,,,,,,,,,,,,,
4622,offplan,Saadiyat Island,henge residences,1.0,854.0,1400000.0,DLD_MISSING,OFFPLAN_RENTAL_NOT_EVALUATED,,,0.0,,NONE,False,NONE,OFFPLAN_RENTAL_NOT_EVALUATED,,Offplan properties not evaluated for current rent,,,,,,,,,,,,,,,,,,,,,,,,,
6084,offplan,Dubai Land Residence Complex,beverly park,0.0,362.0,675000.0,DLD_MATCH,OFFPLAN_RENTAL_NOT_EVALUATED,,,0.0,,NONE,False,NONE,OFFPLAN_RENTAL_NOT_EVALUATED,,Offplan properties not evaluated for current rent,,,,,,,,,,,,,,,,,,,,,,,,,
3012,offplan,Dubai Production City,samana resorts,1.0,900.0,1303520.0,DLD_MATCH,OFFPLAN_RENTAL_NOT_EVALUATED,,,0.0,,NONE,False,NONE,OFFPLAN_RENTAL_NOT_EVALUATED,,Offplan properties not evaluated for current rent,,,,,,,,,,,,,,,,,,,,,,,,,
6401,ready,Dubai South,divine elements,0.0,359.0,663000.0,DLD_MATCH,R3,36520.64953923299,5.508393595661084,42.0,median_psf_times_size,AREA_BEDROOM_LEVEL,False,NONE,SHADOW_RESEARCH,Madinat Al Mataar,,33.4,0.0,,,insufficient_data,0.0,True,0.0,,,insufficient_data,0.0,True,42.0,40000.0,36520.64953923299,median_psf_times_size,0.6,False,565.0,40000.0,36209.463476050674,median_psf_times_size,0.4,False
3264,offplan,Jumeirah village circle,q gardens aliya,1.0,807.0,964789.0,DLD_MATCH,OFFPLAN_RENTAL_NOT_EVALUATED,,,0.0,,NONE,False,NONE,OFFPLAN_RENTAL_NOT_EVALUATED,,Offplan properties not evaluated for current rent,,,,,,,,,,,,,,,,,,,,,,,,,
226,unknown,وسط مدينة دبي,إقامات dwtn,,,1860000.0,DLD_MISSING,STATUS_NOT_ELIGIBLE_FOR_CURRENT_RENT,,,0.0,,NONE,False,NONE,STATUS_NOT_ELIGIBLE_FOR_CURRENT_RENT,,Unknown status properties not evaluated for current rent,,,,,,,,,,,,,,,,,,,,,,,,,
3489,offplan,Al Furjan,evora residences,1.0,766.0,1100000.0,DLD_NO_EVIDENCE,OFFPLAN_RENTAL_NOT_EVALUATED,,,0.0,,NONE,False,NONE,OFFPLAN_RENTAL_NOT_EVALUATED,,Offplan properties not evaluated for current rent,,,,,,,,,,,,,,,,,,,,,,,,,
4685,offplan,Jumeirah village circle,one park square,2.0,2440.0,2000000.0,DLD_MISSING,OFFPLAN_RENTAL_NOT_EVALUATED,,,0.0,,NONE,False,NONE,OFFPLAN_RENTAL_NOT_EVALUATED,,Offplan properties not evaluated for current rent,,,,,,,,,,,,,,,,,,,,,,,,,
4059,offplan,Jumeirah Garden City,rabdan gardens,2.0,1179.0,2715000.0,DLD_MATCH,OFFPLAN_RENTAL_NOT_EVALUATED,,,0.0,,NONE,False,NONE,OFFPLAN_RENTAL_NOT_EVALUATED,,Offplan properties not evaluated for current rent,,,,,,,,,,,,,,,,,,,,,,,,,
184,offplan,Dubai Sports City,condor golf links 18,0.0,382.0,865110.0,DLD_MATCH,OFFPLAN_RENTAL_NOT_EVALUATED,,,0.0,,NONE,False,NONE,OFFPLAN_RENTAL_NOT_EVALUATED,,Offplan properties not evaluated for current rent,,,,,,,,,,,,,,,,,,,,,,,,,
971,offplan,Jumeirah village circle,vitality residence,1.0,1960.0,1327500.0,DLD_MATCH,OFFPLAN_RENTAL_NOT_EVALUATED,,,0.0,,NONE,False,NONE,OFFPLAN_RENTAL_NOT_EVALUATED,,Offplan properties not evaluated for current rent,,,,,,,,,,,,,,,,,,,,,,,,,
4461,ready,Jumeirah village circle,eleganz,2.0,1627.0,2767000.0,DLD_MISSING,R4,112517.42815763254,4.066405065328245,747.0,median_psf_times_size,AREA_LEVEL,False,NONE,SHADOW_RESEARCH,Al Barsha South Fourth,,151.2,0.0,,,insufficient_data,0.0,True,0.0,,,insufficient_data,0.0,True,0.0,,,insufficient_data,0.0,True,747.0,105000.0,112517.42815763254,median_psf_times_size,0.4,False
2836,offplan,Jebel Ali,azizi noura,1.0,665.0,1002000.0,DLD_MATCH,OFFPLAN_RENTAL_NOT_EVALUATED,,,0.0,,NONE,False,NONE,OFFPLAN_RENTAL_NOT_EVALUATED,,Offplan properties not evaluated for current rent,,,,,,,,,,,,,,,,,,,,,,,,,
3529,offplan,Dubailand,samana boulevard heights,1.0,766.0,1300000.0,DLD_MATCH,OFFPLAN_RENTAL_NOT_EVALUATED,,,0.0,,NONE,False,NONE,OFFPLAN_RENTAL_NOT_EVALUATED,,Offplan properties not evaluated for current rent,,,,,,,,,,,,,,,,,,,,,,,,,
2313,ready,Jumeirah village circle,binghatti gardenia,1.0,643.0,1100000.0,DLD_MATCH,R2,73627.75848815196,6.693432589831996,53.0,median_psf_times_size,PROJECT_LEVEL,False,NONE,SHADOW_RESEARCH,Al Barsha South Fourth,,59.7,0.0,,,insufficient_data,0.0,True,53.0,70000.0,73627.75848815196,median_psf_times_size,0.8,False,0.0,,,insufficient_data,0.0,True,2680.0,60000.0,58103.73928833019,median_psf_times_size,0.4,False
6751,offplan,Dubai Land Residence Complex,samana avenue,2.0,1227.0,1778610.0,DLD_MATCH,OFFPLAN_RENTAL_NOT_EVALUATED,,,0.0,,NONE,False,NONE,OFFPLAN_RENTAL_NOT_EVALUATED,,Offplan properties not evaluated for current rent,,,,,,,,,,,,,,,,,,,,,,,,,
4484,offplan,Majan,the haven 3,1.0,804.0,1241346.0,DLD_MISSING,OFFPLAN_RENTAL_NOT_EVALUATED,,,0.0,,NONE,False,NONE,OFFPLAN_RENTAL_NOT_EVALUATED,,Offplan properties not evaluated for current rent,,,,,,,,,,,,,,,,,,,,,,,,,
1201,offplan,Dubai Hills Estate,park lane,1.0,658.0,1640000.0,DLD_MATCH,OFFPLAN_RENTAL_NOT_EVALUATED,,,0.0,,NONE,False,NONE,OFFPLAN_RENTAL_NOT_EVALUATED,,Offplan properties not evaluated for current rent,,,,,,,,,,,,,,,,,,,,,,,,,
8174,offplan,Jumeirah Lake Towers,diamondz,0.0,472.0,1300000.0,DLD_MISSING,OFFPLAN_RENTAL_NOT_EVALUATED,,,0.0,,NONE,False,NONE,OFFPLAN_RENTAL_NOT_EVALUATED,,Offplan properties not evaluated for current rent,,,,,,,,,,,,,,,,,,,,,,,,,
6652,offplan,Jumeirah village circle,oxford 10,0.0,436.0,830000.0,DLD_MISSING,OFFPLAN_RENTAL_NOT_EVALUATED,,,0.0,,NONE,False,NONE,OFFPLAN_RENTAL_NOT_EVALUATED,,Offplan properties not evaluated for current rent,,,,,,,,,,,,,,,,,,,,,,,,,
3518,offplan,Al Furjan,azizi zain,2.0,1259.0,1707000.0,DLD_MATCH,OFFPLAN_RENTAL_NOT_EVALUATED,,,0.0,,NONE,False,NONE,OFFPLAN_RENTAL_NOT_EVALUATED,,Offplan properties not evaluated for current rent,,,,,,,,,,,,,,,,,,,,,,,,,
2100,offplan,Majan,samana barari heights,1.0,751.0,1387778.0,DLD_MATCH,OFFPLAN_RENTAL_NOT_EVALUATED,,,0.0,,NONE,False,NONE,OFFPLAN_RENTAL_NOT_EVALUATED,,Offplan properties not evaluated for current rent,,,,,,,,,,,,,,,,,,,,,,,,,
4786,offplan,Palm Jumeirah,passo by beyond,3.0,1810.0,15000000.0,DLD_MATCH,OFFPLAN_RENTAL_NOT_EVALUATED,,,0.0,,NONE,False,NONE,OFFPLAN_RENTAL_NOT_EVALUATED,,Offplan properties not evaluated for current rent,,,,,,,,,,,,,,,,,,,,,,,,,
6187,offplan,Dubai Industrial City,samana hills south 3,2.0,863.0,1470111.0,DLD_MATCH,OFFPLAN_RENTAL_NOT_EVALUATED,,,0.0,,NONE,False,NONE,OFFPLAN_RENTAL_NOT_EVALUATED,,Offplan properties not evaluated for current rent,,,,,,,,,,,,,,,,,,,,,,,,,
36,offplan,Dubai Islands,samana ocean bay,2.0,,3400000.0,DLD_MISSING,OFFPLAN_RENTAL_NOT_EVALUATED,,,0.0,,NONE,False,NONE,OFFPLAN_RENTAL_NOT_EVALUATED,,Offplan properties not evaluated for current rent,,,,,,,,,,,,,,,,,,,,,,,,,
5683,ready,Business Bay,urban oasis by missoni,1.0,635.0,1500000.0,DLD_MISSING,R4,79991.09206786886,5.332739471191257,1757.0,median_psf_times_size,AREA_LEVEL,False,NONE,SHADOW_RESEARCH,Business Bay,,59.0,0.0,,,insufficient_data,0.0,True,0.0,,,insufficient_data,0.0,True,0.0,,,insufficient_data,0.0,True,1757.0,80000.0,79991.09206786886,median_psf_times_size,0.4,False
690,offplan,Jumeirah village circle,floarea skies,0.0,395.0,849000.0,DLD_MATCH,OFFPLAN_RENTAL_NOT_EVALUATED,,,0.0,,NONE,False,NONE,OFFPLAN_RENTAL_NOT_EVALUATED,,Offplan properties not evaluated for current rent,,,,,,,,,,,,,,,,,,,,,,,,,
684,offplan,Business Bay,dg1 living,1.0,932.0,3059310.0,DLD_MATCH,OFFPLAN_RENTAL_NOT_EVALUATED,,,0.0,,NONE,False,NONE,OFFPLAN_RENTAL_NOT_EVALUATED,,Offplan properties not evaluated for current rent,,,,,,,,,,,,,,,,,,,,,,,,,
939,offplan,Dubai South,oasis residences,2.0,1037.0,1364969.0,DLD_MATCH,OFFPLAN_RENTAL_NOT_EVALUATED,,,0.0,,NONE,False,NONE,OFFPLAN_RENTAL_NOT_EVALUATED,,Offplan properties not evaluated for current rent,,,,,,,,,,,,,,,,,,,,,,,,,
5296,offplan,Dubai Islands,elle residences,2.0,1274.0,3364777.0,DLD_MATCH,OFFPLAN_RENTAL_NOT_EVALUATED,,,0.0,,NONE,False,NONE,OFFPLAN_RENTAL_NOT_EVALUATED,,Offplan properties not evaluated for current rent,,,,,,,,,,,,,,,,,,,,,,,,,
3210,offplan,Jumeirah village circle,tresora by wadan,1.0,835.0,1268177.0,DLD_MATCH,OFFPLAN_RENTAL_NOT_EVALUATED,,,0.0,,NONE,False,NONE,OFFPLAN_RENTAL_NOT_EVALUATED,,Offplan properties not evaluated for current rent,,,,,,,,,,,,,,,,,,,,,,,,,
3894,offplan,Palm Jumeirah,passo by beyond,2.0,1262.0,8500000.0,DLD_MATCH,OFFPLAN_RENTAL_NOT_EVALUATED,,,0.0,,NONE,False,NONE,OFFPLAN_RENTAL_NOT_EVALUATED,,Offplan properties not evaluated for current rent,,,,,,,,,,,,,,,,,,,,,,,,,
8189,offplan,Dubai Land Residence Complex,saray prime residence,0.0,517.0,710100.0,DLD_MATCH,OFFPLAN_RENTAL_NOT_EVALUATED,,,0.0,,NONE,False,NONE,OFFPLAN_RENTAL_NOT_EVALUATED,,Offplan properties not evaluated for current rent,,,,,,,,,,,,,,,,,,,,,,,,,
6739,offplan,Dubai Land Residence Complex,samana parkville,2.0,1464.0,1821110.0,DLD_MATCH,OFFPLAN_RENTAL_NOT_EVALUATED,,,0.0,,NONE,False,NONE,OFFPLAN_RENTAL_NOT_EVALUATED,,Offplan properties not evaluated for current rent,,,,,,,,,,,,,,,,,,,,,,,,,
6848,offplan,Majan,samana barari heights,0.0,383.0,893333.0,DLD_MATCH,OFFPLAN_RENTAL_NOT_EVALUATED,,,0.0,,NONE,False,NONE,OFFPLAN_RENTAL_NOT_EVALUATED,,Offplan properties not evaluated for current rent,,,,,,,,,,,,,,,,,,,,,,,,,
7208,offplan,Sobha Hartland 2,330 riverside crescent,1.0,830.0,1742120.0,DLD_MATCH,OFFPLAN_RENTAL_NOT_EVALUATED,,,0.0,,NONE,False,NONE,OFFPLAN_RENTAL_NOT_EVALUATED,,Offplan properties not evaluated for current rent,,,,,,,,,,,,,,,,,,,,,,,,,
2523,offplan,Business Bay,rove home marasi drive,0.0,403.0,1350000.0,DLD_MATCH,OFFPLAN_RENTAL_NOT_EVALUATED,,,0.0,,NONE,False,NONE,OFFPLAN_RENTAL_NOT_EVALUATED,,Offplan properties not evaluated for current rent,,,,,,,,,,,,,,,,,,,,,,,,,
274,offplan,Dubai Land Residence Complex,peace lagoons,1.0,593.0,1304730.0,DLD_MISSING,OFFPLAN_RENTAL_NOT_EVALUATED,,,0.0,,NONE,False,NONE,OFFPLAN_RENTAL_NOT_EVALUATED,,Offplan properties not evaluated for current rent,,,,,,,,,,,,,,,,,,,,,,,,,
3522,ready,Business Bay,the atria,1.0,795.0,1820770.0,DLD_MATCH,R2,82064.35200007413,4.5071234697448945,27.0,median_psf_times_size,PROJECT_LEVEL,False,NONE,SHADOW_RESEARCH,Business Bay,,73.9,0.0,,,insufficient_data,0.0,True,27.0,90000.0,82064.35200007413,median_psf_times_size,0.8,False,0.0,,,insufficient_data,0.0,True,2766.0,90000.0,88879.53489561056,median_psf_times_size,0.4,False
1255,offplan,Jumeirah village circle,mi casa,1.0,726.0,1250000.0,DLD_MISSING,OFFPLAN_RENTAL_NOT_EVALUATED,,,0.0,,NONE,False,NONE,OFFPLAN_RENTAL_NOT_EVALUATED,,Offplan properties not evaluated for current rent,,,,,,,,,,,,,,,,,,,,,,,,,
5953,offplan,Dubai Land Residence Complex,tarrad dubailand residences,1.0,590.0,823000.0,DLD_MISSING,OFFPLAN_RENTAL_NOT_EVALUATED,,,0.0,,NONE,False,NONE,OFFPLAN_RENTAL_NOT_EVALUATED,,Offplan properties not evaluated for current rent,,,,,,,,,,,,,,,,,,,,,,,,,
3451,ready,Jumeirah village circle,binghatti onyx,1.0,692.0,1100000.0,DLD_MATCH,R2,74325.29614267996,6.756845103879996,146.0,median_psf_times_size,PROJECT_LEVEL,False,NONE,SHADOW_RESEARCH,Al Barsha South Fourth,,64.3,0.0,,,insufficient_data,0.0,True,146.0,75000.0,74325.29614267996,median_psf_times_size,0.8,False,0.0,,,insufficient_data,0.0,True,3354.0,65000.0,61798.47889692482,median_psf_times_size,0.4,False
5153,offplan,Jumeirah Islands,eltiera view,2.0,1405.0,3600000.0,DLD_MISSING,OFFPLAN_RENTAL_NOT_EVALUATED,,,0.0,,NONE,False,NONE,OFFPLAN_RENTAL_NOT_EVALUATED,,Offplan properties not evaluated for current rent,,,,,,,,,,,,,,,,,,,,,,,,,
4817,ready,Jumeirah village circle,binghatti house,1.0,647.0,1000000.0,DLD_MATCH,R2,73804.58708360475,7.380458708360475,62.0,median_psf_times_size,PROJECT_LEVEL,False,NONE,SHADOW_RESEARCH,Al Barsha South Fourth,,60.1,0.0,,,insufficient_data,0.0,True,62.0,71900.275,73804.58708360475,median_psf_times_size,0.8,False,0.0,,,insufficient_data,0.0,True,2661.0,61000.0,58340.37667769974,median_psf_times_size,0.4,False
1088,offplan,Business Bay,the edge,2.0,837.0,2413000.0,DLD_MATCH,OFFPLAN_RENTAL_NOT_EVALUATED,,,0.0,,NONE,False,NONE,OFFPLAN_RENTAL_NOT_EVALUATED,,Offplan properties not evaluated for current rent,,,,,,,,,,,,,,,,,,,,,,,,,
4274,offplan,Jumeirah village circle,pantheon elysee,0.0,377.0,650000.0,DLD_MATCH,OFFPLAN_RENTAL_NOT_EVALUATED,,,0.0,,NONE,False,NONE,OFFPLAN_RENTAL_NOT_EVALUATED,,Offplan properties not evaluated for current rent,,,,,,,,,,,,,,,,,,,,,,,,,
2699,offplan,Al Furjan,azizi sakandar,0.0,341.0,626000.0,DLD_MISSING,OFFPLAN_RENTAL_NOT_EVALUATED,,,0.0,,NONE,False,NONE,OFFPLAN_RENTAL_NOT_EVALUATED,,Offplan properties not evaluated for current rent,,,,,,,,,,,,,,,,,,,,,,,,,
6722,offplan,Jumeirah village circle,one sky park,0.0,475.0,902000.0,DLD_MISSING,OFFPLAN_RENTAL_NOT_EVALUATED,,,0.0,,NONE,False,NONE,OFFPLAN_RENTAL_NOT_EVALUATED,,Offplan properties not evaluated for current rent,,,,,,,,,,,,,,,,,,,,,,,,,
909,offplan,Al Furjan,sparklz,3.0,1347.0,2355000.0,DLD_MISSING,OFFPLAN_RENTAL_NOT_EVALUATED,,,0.0,,NONE,False,NONE,OFFPLAN_RENTAL_NOT_EVALUATED,,Offplan properties not evaluated for current rent,,,,,,,,,,,,,,,,,,,,,,,,,
34,offplan,Dubai Media City,damac casa,2.0,1856.0,4774000.0,DLD_MATCH,OFFPLAN_RENTAL_NOT_EVALUATED,,,0.0,,NONE,False,NONE,OFFPLAN_RENTAL_NOT_EVALUATED,,Offplan properties not evaluated for current rent,,,,,,,,,,,,,,,,,,,,,,,,,
429,offplan,Liwan Square,reem by vision,2.0,2315.0,1876000.0,DLD_MATCH,OFFPLAN_RENTAL_NOT_EVALUATED,,,0.0,,NONE,False,NONE,OFFPLAN_RENTAL_NOT_EVALUATED,,Offplan properties not evaluated for current rent,,,,,,,,,,,,,,,,,,,,,,,,,
7847,offplan,Business Bay,dg1 living,0.0,452.0,1468920.0,DLD_MATCH,OFFPLAN_RENTAL_NOT_EVALUATED,,,0.0,,NONE,False,NONE,OFFPLAN_RENTAL_NOT_EVALUATED,,Offplan properties not evaluated for current rent,,,,,,,,,,,,,,,,,,,,,,,,,
3237,unknown,DIFC,the residences difc zabeel district,3.0,1898.0,2600000.0,DLD_MISSING,STATUS_NOT_ELIGIBLE_FOR_CURRENT_RENT,,,0.0,,NONE,False,NONE,STATUS_NOT_ELIGIBLE_FOR_CURRENT_RENT,,Unknown status properties not evaluated for current rent,,,,,,,,,,,,,,,,,,,,,,,,,
5801,ready,Jumeirah village circle,empire residences,0.0,375.0,690000.0,DLD_MISSING,R3,39649.448687623575,5.746296911249794,76.0,median_psf_times_size,AREA_BEDROOM_LEVEL,False,NONE,SHADOW_RESEARCH,Al Barsha South Fourth,,34.8,0.0,,,insufficient_data,0.0,True,0.0,,,insufficient_data,0.0,True,76.0,45000.0,39649.448687623575,median_psf_times_size,0.6,False,1576.0,45000.0,40946.99609832014,median_psf_times_size,0.4,False
194,offplan,Jumeirah village circle,gateway by premier choice,2.0,1086.0,1689000.0,DLD_MATCH,OFFPLAN_RENTAL_NOT_EVALUATED,,,0.0,,NONE,False,NONE,OFFPLAN_RENTAL_NOT_EVALUATED,,Offplan properties not evaluated for current rent,,,,,,,,,,,,,,,,,,,,,,,,,
5931,offplan,Dubai Land Residence Complex,the corner,3.0,1545.0,1560360.0,DLD_MATCH,OFFPLAN_RENTAL_NOT_EVALUATED,,,0.0,,NONE,False,NONE,OFFPLAN_RENTAL_NOT_EVALUATED,,Offplan properties not evaluated for current rent,,,,,,,,,,,,,,,,,,,,,,,,,
3265,ready,Business Bay,damac majestine,0.0,478.0,950000.0,DLD_MISSING,R3,62806.164978426124,6.61117526088696,65.0,median_psf_times_size,AREA_BEDROOM_LEVEL,False,NONE,SHADOW_RESEARCH,Business Bay,,44.4,0.0,,,insufficient_data,0.0,True,0.0,,,insufficient_data,0.0,True,65.0,62400.0,62806.164978426124,median_psf_times_size,0.6,False,2425.0,65000.0,65305.372235353105,median_psf_times_size,0.4,False
4035,offplan,Business Bay,the edge,1.0,573.0,1648000.0,DLD_MATCH,OFFPLAN_RENTAL_NOT_EVALUATED,,,0.0,,NONE,False,NONE,OFFPLAN_RENTAL_NOT_EVALUATED,,Offplan properties not evaluated for current rent,,,,,,,,,,,,,,,,,,,,,,,,,
60,offplan,Jumeirah village circle,maimoon gardens,2.0,962.0,1500000.0,DLD_MATCH,OFFPLAN_RENTAL_NOT_EVALUATED,,,0.0,,NONE,False,NONE,OFFPLAN_RENTAL_NOT_EVALUATED,,Offplan properties not evaluated for current rent,,,,,,,,,,,,,,,,,,,,,,,,,
8028,ready,Town Square Dubai,evelyn on the park,1.0,765.0,1329888.0,DLD_MATCH,R4,52930.42023562667,3.9800660082372854,871.0,median_psf_times_size,AREA_LEVEL,False,NONE,SHADOW_RESEARCH,Wadi Al Safa 3,,71.1,0.0,,,insufficient_data,0.0,True,0.0,,,insufficient_data,0.0,True,0.0,,,insufficient_data,0.0,True,871.0,55000.0,52930.42023562667,median_psf_times_size,0.4,False
1192,offplan,Jumeirah village circle,azizi ruby,0.0,495.0,728000.0,DLD_MATCH,OFFPLAN_RENTAL_NOT_EVALUATED,,,0.0,,NONE,False,NONE,OFFPLAN_RENTAL_NOT_EVALUATED,,Offplan properties not evaluated for current rent,,,,,,,,,,,,,,,,,,,,,,,,,
5303,ready,Jumeirah village circle,serenity lakes 5,0.0,481.0,650000.0,DLD_MATCH,R3,46780.88218257573,7.197058797319343,164.0,median_psf_times_size,AREA_BEDROOM_LEVEL,False,NONE,SHADOW_RESEARCH,Al Barsha South Fourth,,44.7,0.0,,,insufficient_data,0.0,True,14.0,46000.0,56151.942025313874,median_psf_times_size,0.7000000000000001,False,164.0,45000.0,46780.88218257573,median_psf_times_size,0.6,False,2367.0,45000.0,49441.99134868248,median_psf_times_size,0.4,False
8120,ready,Jumeirah village circle,laya mansion,1.0,940.0,925000.0,DLD_MATCH,R4,76486.17713011392,8.268775905958261,3776.0,median_psf_times_size,AREA_LEVEL,False,NONE,SHADOW_RESEARCH,Al Barsha South Fourth,,87.3,0.0,,,insufficient_data,0.0,True,11.0,75000.0,78311.81183711915,median_psf_times_size,0.55,False,0.0,,,insufficient_data,0.0,True,3776.0,70000.0,76486.17713011392,median_psf_times_size,0.4,False
5528,ready,Dubai Creek Harbour,creek rise tower 1,3.0,1664.0,3700000.0,DLD_MISSING,R4,193238.32320017455,5.222657383788501,1664.0,median_psf_times_size,AREA_LEVEL,False,NONE,SHADOW_RESEARCH,Al Khairan First,,154.6,0.0,,,insufficient_data,0.0,True,0.0,,,insufficient_data,0.0,True,0.0,,,insufficient_data,0.0,True,1664.0,180000.0,193238.32320017455,median_psf_times_size,0.4,False
4538,offplan,Jumeirah village circle,park boulevard,1.0,753.0,1260000.0,DLD_MISSING,OFFPLAN_RENTAL_NOT_EVALUATED,,,0.0,,NONE,False,NONE,OFFPLAN_RENTAL_NOT_EVALUATED,,Offplan properties not evaluated for current rent,,,,,,,,,,,,,,,,,,,,,,,,,
7448,offplan,Meydan City,belgrove residences,1.0,836.0,1934830.0,DLD_MISSING,OFFPLAN_RENTAL_NOT_EVALUATED,,,0.0,,NONE,False,NONE,OFFPLAN_RENTAL_NOT_EVALUATED,,Offplan properties not evaluated for current rent,,,,,,,,,,,,,,,,,,,,,,,,,
5661,offplan,Arjan,the central downtown,0.0,478.0,842888.0,DLD_MATCH,OFFPLAN_RENTAL_NOT_EVALUATED,,,0.0,,NONE,False,NONE,OFFPLAN_RENTAL_NOT_EVALUATED,,Offplan properties not evaluated for current rent,,,,,,,,,,,,,,,,,,,,,,,,,
3992,offplan,Business Bay,binghatti skyrise,1.0,762.0,2950000.0,DLD_MATCH,OFFPLAN_RENTAL_NOT_EVALUATED,,,0.0,,NONE,False,NONE,OFFPLAN_RENTAL_NOT_EVALUATED,,Offplan properties not evaluated for current rent,,,,,,,,,,,,,,,,,,,,,,,,,
4987,offplan,Majan,samana barari heights,2.0,1178.0,1807667.0,DLD_MATCH,OFFPLAN_RENTAL_NOT_EVALUATED,,,0.0,,NONE,False,NONE,OFFPLAN_RENTAL_NOT_EVALUATED,,Offplan properties not evaluated for current rent,,,,,,,,,,,,,,,,,,,,,,,,,
4703,offplan,Business Bay,one by binghatti,0.0,611.0,1700000.0,DLD_MATCH,OFFPLAN_RENTAL_NOT_EVALUATED,,,0.0,,NONE,False,NONE,OFFPLAN_RENTAL_NOT_EVALUATED,,Offplan properties not evaluated for current rent,,,,,,,,,,,,,,,,,,,,,,,,,
2779,offplan,Al Reem island,rotana residences north tower,1.0,1057.0,1608000.0,DLD_MISSING,OFFPLAN_RENTAL_NOT_EVALUATED,,,0.0,,NONE,False,NONE,OFFPLAN_RENTAL_NOT_EVALUATED,,Offplan properties not evaluated for current rent,,,,,,,,,,,,,,,,,,,,,,,,,
7230,offplan,Al Furjan,azizi sakandar,2.0,1103.0,1657000.0,DLD_MISSING,OFFPLAN_RENTAL_NOT_EVALUATED,,,0.0,,NONE,False,NONE,OFFPLAN_RENTAL_NOT_EVALUATED,,Offplan properties not evaluated for current rent,,,,,,,,,,,,,,,,,,,,,,,,,
3376,offplan,Dubai International City,zenith residences,1.0,904.0,995137.0,DLD_MATCH,OFFPLAN_RENTAL_NOT_EVALUATED,,,0.0,,NONE,False,NONE,OFFPLAN_RENTAL_NOT_EVALUATED,,Offplan properties not evaluated for current rent,,,,,,,,,,,,,,,,,,,,,,,,,
5702,offplan,Al Habtoor City,al habtoor tower,1.0,974.0,3068000.0,DLD_MATCH,OFFPLAN_RENTAL_NOT_EVALUATED,,,0.0,,NONE,False,NONE,OFFPLAN_RENTAL_NOT_EVALUATED,,Offplan properties not evaluated for current rent,,,,,,,,,,,,,,,,,,,,,,,,,
6463,offplan,Jumeirah village circle,aveline residences,2.0,1125.0,1552120.0,DLD_MISSING,OFFPLAN_RENTAL_NOT_EVALUATED,,,0.0,,NONE,False,NONE,OFFPLAN_RENTAL_NOT_EVALUATED,,Offplan properties not evaluated for current rent,,,,,,,,,,,,,,,,,,,,,,,,,
4470,offplan,Arjan,ashley hills,1.0,792.0,1428978.0,DLD_MATCH,OFFPLAN_RENTAL_NOT_EVALUATED,,,0.0,,NONE,False,NONE,OFFPLAN_RENTAL_NOT_EVALUATED,,Offplan properties not evaluated for current rent,,,,,,,,,,,,,,,,,,,,,,,,,
6687,offplan,Dubai South,miorah by zoya,2.0,978.0,1343398.0,DLD_MATCH,OFFPLAN_RENTAL_NOT_EVALUATED,,,0.0,,NONE,False,NONE,OFFPLAN_RENTAL_NOT_EVALUATED,,Offplan properties not evaluated for current rent,,,,,,,,,,,,,,,,,,,,,,,,,
4960,offplan,Jumeirah village circle,mass residences,2.0,1737.0,2328120.0,DLD_MISSING,OFFPLAN_RENTAL_NOT_EVALUATED,,,0.0,,NONE,False,NONE,OFFPLAN_RENTAL_NOT_EVALUATED,,Offplan properties not evaluated for current rent,,,,,,,,,,,,,,,,,,,,,,,,,
4265,offplan,Jumeirah village circle,sky suites,0.0,420.0,1020030.0,DLD_MISSING,OFFPLAN_RENTAL_NOT_EVALUATED,,,0.0,,NONE,False,NONE,OFFPLAN_RENTAL_NOT_EVALUATED,,Offplan properties not evaluated for current rent,,,,,,,,,,,,,,,,,,,,,,,,,
4747,offplan,Mina Al Arab,nura,1.0,614.0,1304000.0,DLD_MISSING,OFFPLAN_RENTAL_NOT_EVALUATED,,,0.0,,NONE,False,NONE,OFFPLAN_RENTAL_NOT_EVALUATED,,Offplan properties not evaluated for current rent,,,,,,,,,,,,,,,,,,,,,,,,,
7367,offplan,Jumeirah village circle,one park central,0.0,404.0,800000.0,DLD_MISSING,OFFPLAN_RENTAL_NOT_EVALUATED,,,0.0,,NONE,False,NONE,OFFPLAN_RENTAL_NOT_EVALUATED,,Offplan properties not evaluated for current rent,,,,,,,,,,,,,,,,,,,,,,,,,
7449,ready,Dubai Creek Harbour,creek rise tower 1,2.0,1108.0,2800000.0,DLD_MISSING,R4,134031.99000012106,4.7868567857186095,3765.0,median_psf_times_size,AREA_LEVEL,False,NONE,SHADOW_RESEARCH,Al Khairan First,,102.9,0.0,,,insufficient_data,0.0,True,0.0,,,insufficient_data,0.0,True,0.0,,,insufficient_data,0.0,True,3765.0,130000.0,134031.99000012106,median_psf_times_size,0.4,False
3217,offplan,Dubai Land Residence Complex,celesto 4,0.0,325.0,589768.0,DLD_MISSING,OFFPLAN_RENTAL_NOT_EVALUATED,,,0.0,,NONE,False,NONE,OFFPLAN_RENTAL_NOT_EVALUATED,,Offplan properties not evaluated for current rent,,,,,,,,,,,,,,,,,,,,,,,,,
1605,offplan,Jumeirah village circle,auresta tower,0.0,328.0,644521.0,DLD_MATCH,OFFPLAN_RENTAL_NOT_EVALUATED,,,0.0,,NONE,False,NONE,OFFPLAN_RENTAL_NOT_EVALUATED,,Offplan properties not evaluated for current rent,,,,,,,,,,,,,,,,,,,,,,,,,
6444,offplan,Siniya Island,amra residences,0.0,500.0,790000.0,DLD_MISSING,OFFPLAN_RENTAL_NOT_EVALUATED,,,0.0,,NONE,False,NONE,OFFPLAN_RENTAL_NOT_EVALUATED,,Offplan properties not evaluated for current rent,,,,,,,,,,,,,,,,,,,,,,,,,
8347,offplan,Business Bay,canal heights,0.0,467.0,1500000.0,DLD_MATCH,OFFPLAN_RENTAL_NOT_EVALUATED,,,0.0,,NONE,False,NONE,OFFPLAN_RENTAL_NOT_EVALUATED,,Offplan properties not evaluated for current rent,,,,,,,,,,,,,,,,,,,,,,,,,
2026,offplan,Business Bay,onda by kasco,2.0,1268.0,2657780.0,DLD_MATCH,OFFPLAN_RENTAL_NOT_EVALUATED,,,0.0,,NONE,False,NONE,OFFPLAN_RENTAL_NOT_EVALUATED,,Offplan properties not evaluated for current rent,,,,,,,,,,,,,,,,,,,,,,,,,
2854,offplan,Dubai Land Residence Complex,samana park meadows,2.0,1176.0,1709800.0,DLD_MATCH,OFFPLAN_RENTAL_NOT_EVALUATED,,,0.0,,NONE,False,NONE,OFFPLAN_RENTAL_NOT_EVALUATED,,Offplan properties not evaluated for current rent,,,,,,,,,,,,,,,,,,,,,,,,,
6056,ready,Downtown Dubai,imperial avenue,3.0,2049.0,6300000.0,DLD_MATCH,R2,291360.98351956456,4.624777516183565,27.0,median_psf_times_size,PROJECT_LEVEL,False,NONE,SHADOW_RESEARCH,Burj Khalifa,,190.4,0.0,,,insufficient_data,0.0,True,27.0,295000.0,291360.98351956456,median_psf_times_size,0.8,False,0.0,,,insufficient_data,0.0,True,1599.0,270000.0,299886.5535681288,median_psf_times_size,0.4,False
7734,offplan,Dubai South,oasis residences,1.0,728.0,1005590.0,DLD_MATCH,OFFPLAN_RENTAL_NOT_EVALUATED,,,0.0,,NONE,False,NONE,OFFPLAN_RENTAL_NOT_EVALUATED,,Offplan properties not evaluated for current rent,,,,,,,,,,,,,,,,,,,,,,,,,
1531,offplan,Jumeirah village circle,alef noon residence,0.0,452.0,580000.0,DLD_MATCH,OFFPLAN_RENTAL_NOT_EVALUATED,,,0.0,,NONE,False,NONE,OFFPLAN_RENTAL_NOT_EVALUATED,,Offplan properties not evaluated for current rent,,,,,,,,,,,,,,,,,,,,,,,,,
3215,offplan,Dubai Creek Harbour,address residences,3.0,1894.0,5400000.0,DLD_MISSING,OFFPLAN_RENTAL_NOT_EVALUATED,,,0.0,,NONE,False,NONE,OFFPLAN_RENTAL_NOT_EVALUATED,,Offplan properties not evaluated for current rent,,,,,,,,,,,,,,,,,,,,,,,,,
3110,offplan,Dubai Maritime City,liv maritime,3.0,2581.0,7599550.0,DLD_NO_EVIDENCE,OFFPLAN_RENTAL_NOT_EVALUATED,,,0.0,,NONE,False,NONE,OFFPLAN_RENTAL_NOT_EVALUATED,,Offplan properties not evaluated for current rent,,,,,,,,,,,,,,,,,,,,,,,,,
4029,offplan,Jumeirah village circle,q gardens loft 2,1.0,718.0,1096240.0,DLD_MISSING,OFFPLAN_RENTAL_NOT_EVALUATED,,,0.0,,NONE,False,NONE,OFFPLAN_RENTAL_NOT_EVALUATED,,Offplan properties not evaluated for current rent,,,,,,,,,,,,,,,,,,,,,,,,,
1656,ready,Business Bay,ag tower,0.0,443.0,987000.0,DLD_MATCH,R2,56783.845778780546,5.753175864111504,45.0,median_psf_times_size,PROJECT_LEVEL,False,NONE,SHADOW_RESEARCH,Business Bay,,41.2,4.0,,,insufficient_data,0.0,True,45.0,60000.0,56783.845778780546,median_psf_times_size,0.8,False,53.0,65000.0,59245.19952377316,median_psf_times_size,0.6,False,2235.0,64050.0,61734.07008005576,median_psf_times_size,0.4,False
5982,offplan,Jebel Ali,azizi abraham,2.0,1860.0,2558000.0,DLD_NO_EVIDENCE,OFFPLAN_RENTAL_NOT_EVALUATED,,,0.0,,NONE,False,NONE,OFFPLAN_RENTAL_NOT_EVALUATED,,Offplan properties not evaluated for current rent,,,,,,,,,,,,,,,,,,,,,,,,,
118,offplan,Dubai Production City,samana resorts,2.0,1329.0,1795630.0,DLD_MATCH,OFFPLAN_RENTAL_NOT_EVALUATED,,,0.0,,NONE,False,NONE,OFFPLAN_RENTAL_NOT_EVALUATED,,Offplan properties not evaluated for current rent,,,,,,,,,,,,,,,,,,,,,,,,,
6746,offplan,Al Furjan,sunvale,2.0,1173.0,1880000.0,DLD_MATCH,OFFPLAN_RENTAL_NOT_EVALUATED,,,0.0,,NONE,False,NONE,OFFPLAN_RENTAL_NOT_EVALUATED,,Offplan properties not evaluated for current rent,,,,,,,,,,,,,,,,,,,,,,,,,
6363,offplan,Business Bay,one by binghatti,2.0,1577.0,4500000.0,DLD_MATCH,OFFPLAN_RENTAL_NOT_EVALUATED,,,0.0,,NONE,False,NONE,OFFPLAN_RENTAL_NOT_EVALUATED,,Offplan properties not evaluated for current rent,,,,,,,,,,,,,,,,,,,,,,,,,
6218,offplan,Palm Jumeirah,the alba residences,2.0,1800.0,20000000.0,DLD_MISSING,OFFPLAN_RENTAL_NOT_EVALUATED,,,0.0,,NONE,False,NONE,OFFPLAN_RENTAL_NOT_EVALUATED,,Offplan properties not evaluated for current rent,,,,,,,,,,,,,,,,,,,,,,,,,
5367,offplan,Dubai International City,zenith residences,2.0,1335.0,1535618.0,DLD_MATCH,OFFPLAN_RENTAL_NOT_EVALUATED,,,0.0,,NONE,False,NONE,OFFPLAN_RENTAL_NOT_EVALUATED,,Offplan properties not evaluated for current rent,,,,,,,,,,,,,,,,,,,,,,,,,
8089,offplan,Jumeirah village circle,elitz,1.0,731.0,1200000.0,DLD_MISSING,OFFPLAN_RENTAL_NOT_EVALUATED,,,0.0,,NONE,False,NONE,OFFPLAN_RENTAL_NOT_EVALUATED,,Offplan properties not evaluated for current rent,,,,,,,,,,,,,,,,,,,,,,,,,
1770,offplan,Business Bay,binghatti aquarise,2.0,2355.0,3750000.0,DLD_MATCH,OFFPLAN_RENTAL_NOT_EVALUATED,,,0.0,,NONE,False,NONE,OFFPLAN_RENTAL_NOT_EVALUATED,,Offplan properties not evaluated for current rent,,,,,,,,,,,,,,,,,,,,,,,,,
8087,offplan,Jebel Ali,azizi noura,2.0,1144.0,1562000.0,DLD_NO_EVIDENCE,OFFPLAN_RENTAL_NOT_EVALUATED,,,0.0,,NONE,False,NONE,OFFPLAN_RENTAL_NOT_EVALUATED,,Offplan properties not evaluated for current rent,,,,,,,,,,,,,,,,,,,,,,,,,
6590,offplan,Jumeirah village circle,lucky oasis residence,2.0,1146.0,1539000.0,DLD_NO_EVIDENCE,OFFPLAN_RENTAL_NOT_EVALUATED,,,0.0,,NONE,False,NONE,OFFPLAN_RENTAL_NOT_EVALUATED,,Offplan properties not evaluated for current rent,,,,,,,,,,,,,,,,,,,,,,,,,
1590,offplan,Emaar South,golf hills,2.0,989.0,2071888.0,DLD_MATCH,OFFPLAN_RENTAL_NOT_EVALUATED,,,0.0,,NONE,False,NONE,OFFPLAN_RENTAL_NOT_EVALUATED,,Offplan properties not evaluated for current rent,,,,,,,,,,,,,,,,,,,,,,,,,
1744,offplan,Dubai Land Residence Complex,samana ibiza,0.0,457.0,891522.0,DLD_MATCH,OFFPLAN_RENTAL_NOT_EVALUATED,,,0.0,,NONE,False,NONE,OFFPLAN_RENTAL_NOT_EVALUATED,,Offplan properties not evaluated for current rent,,,,,,,,,,,,,,,,,,,,,,,,,
6592,offplan,Dubai Hills Estate,hyde residences,1.0,800.0,2143780.0,DLD_MISSING,OFFPLAN_RENTAL_NOT_EVALUATED,,,0.0,,NONE,False,NONE,OFFPLAN_RENTAL_NOT_EVALUATED,,Offplan properties not evaluated for current rent,,,,,,,,,,,,,,,,,,,,,,,,,
5488,offplan,Dubai Land Residence Complex,peace lagoons,0.0,353.0,869424.0,DLD_MISSING,OFFPLAN_RENTAL_NOT_EVALUATED,,,0.0,,NONE,False,NONE,OFFPLAN_RENTAL_NOT_EVALUATED,,Offplan properties not evaluated for current rent,,,,,,,,,,,,,,,,,,,,,,,,,
2676,offplan,Dubai Land Residence Complex,terra tower,1.0,747.0,1195580.0,DLD_MATCH,OFFPLAN_RENTAL_NOT_EVALUATED,,,0.0,,NONE,False,NONE,OFFPLAN_RENTAL_NOT_EVALUATED,,Offplan properties not evaluated for current rent,,,,,,,,,,,,,,,,,,,,,,,,,
380,offplan,Dubai Investments Park,verdana vi,2.0,1799.0,1699000.0,DLD_MISSING,OFFPLAN_RENTAL_NOT_EVALUATED,,,0.0,,NONE,False,NONE,OFFPLAN_RENTAL_NOT_EVALUATED,,Offplan properties not evaluated for current rent,,,,,,,,,,,,,,,,,,,,,,,,,
4205,offplan,Dubai Land Residence Complex,verdan1a,2.0,1351.0,1699400.0,DLD_MISSING,OFFPLAN_RENTAL_NOT_EVALUATED,,,0.0,,NONE,False,NONE,OFFPLAN_RENTAL_NOT_EVALUATED,,Offplan properties not evaluated for current rent,,,,,,,,,,,,,,,,,,,,,,,,,
4620,offplan,Meydan City,rome by samana developers,2.0,1180.0,2630530.0,DLD_MISSING,OFFPLAN_RENTAL_NOT_EVALUATED,,,0.0,,NONE,False,NONE,OFFPLAN_RENTAL_NOT_EVALUATED,,Offplan properties not evaluated for current rent,,,,,,,,,,,,,,,,,,,,,,,,,
3213,offplan,Sobha One,sobha one,2.0,1343.0,2819880.0,DLD_MATCH,OFFPLAN_RENTAL_NOT_EVALUATED,,,0.0,,NONE,False,NONE,OFFPLAN_RENTAL_NOT_EVALUATED,,Offplan properties not evaluated for current rent,,,,,,,,,,,,,,,,,,,,,,,,,
8065,offplan,Business Bay,rove home marasi drive,1.0,1058.0,2457930.0,DLD_MATCH,OFFPLAN_RENTAL_NOT_EVALUATED,,,0.0,,NONE,False,NONE,OFFPLAN_RENTAL_NOT_EVALUATED,,Offplan properties not evaluated for current rent,,,,,,,,,,,,,,,,,,,,,,,,,
1317,offplan,Dubai Land Residence Complex,samana park meadows,0.0,469.0,811411.0,DLD_MATCH,OFFPLAN_RENTAL_NOT_EVALUATED,,,0.0,,NONE,False,NONE,OFFPLAN_RENTAL_NOT_EVALUATED,,Offplan properties not evaluated for current rent,,,,,,,,,,,,,,,,,,,,,,,,,
6129,offplan,Jumeirah village circle,autograph s series residence,2.0,1910.0,3250850.0,DLD_MISSING,OFFPLAN_RENTAL_NOT_EVALUATED,,,0.0,,NONE,False,NONE,OFFPLAN_RENTAL_NOT_EVALUATED,,Offplan properties not evaluated for current rent,,,,,,,,,,,,,,,,,,,,,,,,,
3520,offplan,Dubai Maritime City,orise by beyond,1.0,758.0,1900000.0,DLD_MISSING,OFFPLAN_RENTAL_NOT_EVALUATED,,,0.0,,NONE,False,NONE,OFFPLAN_RENTAL_NOT_EVALUATED,,Offplan properties not evaluated for current rent,,,,,,,,,,,,,,,,,,,,,,,,,
5686,offplan,Dubai South,azizi venice,2.0,1014.0,2157000.0,DLD_NO_EVIDENCE,OFFPLAN_RENTAL_NOT_EVALUATED,,,0.0,,NONE,False,NONE,OFFPLAN_RENTAL_NOT_EVALUATED,,Offplan properties not evaluated for current rent,,,,,,,,,,,,,,,,,,,,,,,,,
8048,offplan,Majan,binghatti skyflame at majan,0.0,401.0,663639.0,DLD_MISSING,OFFPLAN_RENTAL_NOT_EVALUATED,,,0.0,,NONE,False,NONE,OFFPLAN_RENTAL_NOT_EVALUATED,,Offplan properties not evaluated for current rent,,,,,,,,,,,,,,,,,,,,,,,,,
460,offplan,Jumeirah Lake Towers,mbl signature,0.0,541.0,1469549.0,DLD_MATCH,OFFPLAN_RENTAL_NOT_EVALUATED,,,0.0,,NONE,False,NONE,OFFPLAN_RENTAL_NOT_EVALUATED,,Offplan properties not evaluated for current rent,,,,,,,,,,,,,,,,,,,,,,,,,
7378,ready,Business Bay,urban oasis by missoni,2.0,904.0,2900000.0,DLD_MISSING,R4,94025.7098167379,3.242265855749583,2741.0,median_psf_times_size,AREA_LEVEL,False,NONE,SHADOW_RESEARCH,Business Bay,,84.0,0.0,,,insufficient_data,0.0,True,0.0,,,insufficient_data,0.0,True,0.0,,,insufficient_data,0.0,True,2741.0,90000.0,94025.7098167379,median_psf_times_size,0.4,False
791,offplan,Jebel Ali,azizi lina,2.0,1360.0,1593000.0,DLD_MATCH,OFFPLAN_RENTAL_NOT_EVALUATED,,,0.0,,NONE,False,NONE,OFFPLAN_RENTAL_NOT_EVALUATED,,Offplan properties not evaluated for current rent,,,,,,,,,,,,,,,,,,,,,,,,,
2448,offplan,Jumeirah Garden City,rabdan gardens,0.0,405.0,1165000.0,DLD_MATCH,OFFPLAN_RENTAL_NOT_EVALUATED,,,0.0,,NONE,False,NONE,OFFPLAN_RENTAL_NOT_EVALUATED,,Offplan properties not evaluated for current rent,,,,,,,,,,,,,,,,,,,,,,,,,
6014,offplan,Jumeirah village circle,elitz 2,0.0,418.0,800000.0,DLD_MISSING,OFFPLAN_RENTAL_NOT_EVALUATED,,,0.0,,NONE,False,NONE,OFFPLAN_RENTAL_NOT_EVALUATED,,Offplan properties not evaluated for current rent,,,,,,,,,,,,,,,,,,,,,,,,,
4656,offplan,Dubai Land Residence Complex,haven views 1,0.0,331.0,614000.0,DLD_MISSING,OFFPLAN_RENTAL_NOT_EVALUATED,,,0.0,,NONE,False,NONE,OFFPLAN_RENTAL_NOT_EVALUATED,,Offplan properties not evaluated for current rent,,,,,,,,,,,,,,,,,,,,,,,,,
2502,offplan,Jumeirah Lake Towers,diamondz,1.0,751.0,2162000.0,DLD_MISSING,OFFPLAN_RENTAL_NOT_EVALUATED,,,0.0,,NONE,False,NONE,OFFPLAN_RENTAL_NOT_EVALUATED,,Offplan properties not evaluated for current rent,,,,,,,,,,,,,,,,,,,,,,,,,
713,offplan,Jumeirah village circle,binghatti azure,0.0,350.0,730000.0,DLD_MATCH,OFFPLAN_RENTAL_NOT_EVALUATED,,,0.0,,NONE,False,NONE,OFFPLAN_RENTAL_NOT_EVALUATED,,Offplan properties not evaluated for current rent,,,,,,,,,,,,,,,,,,,,,,,,,
1355,unknown,Al Marjan Island,karl lagerfeld beach residences,1.0,876.0,2800000.0,DLD_MISSING,STATUS_NOT_ELIGIBLE_FOR_CURRENT_RENT,,,0.0,,NONE,False,NONE,STATUS_NOT_ELIGIBLE_FOR_CURRENT_RENT,,Unknown status properties not evaluated for current rent,,,,,,,,,,,,,,,,,,,,,,,,,
2594,offplan,EMAAR Beachfront,address residences the bay,1.0,840.0,2800000.0,DLD_MISSING,OFFPLAN_RENTAL_NOT_EVALUATED,,,0.0,,NONE,False,NONE,OFFPLAN_RENTAL_NOT_EVALUATED,,Offplan properties not evaluated for current rent,,,,,,,,,,,,,,,,,,,,,,,,,
1701,offplan,Al Marjan Island,taj wellington mews,1.0,1005.0,2600000.0,DLD_MISSING,OFFPLAN_RENTAL_NOT_EVALUATED,,,0.0,,NONE,False,NONE,OFFPLAN_RENTAL_NOT_EVALUATED,,Offplan properties not evaluated for current rent,,,,,,,,,,,,,,,,,,,,,,,,,
7918,ready,Jumeirah village circle,the residence by prestige one,2.0,1322.0,1990000.0,DLD_MATCH,R4,98327.77119470159,4.941094029884502,1500.0,median_psf_times_size,AREA_LEVEL,False,NONE,SHADOW_RESEARCH,Al Barsha South Fourth,,122.8,0.0,,,insufficient_data,0.0,True,5.0,,,insufficient_data,0.0,True,0.0,,,insufficient_data,0.0,True,1500.0,90000.0,98327.77119470159,median_psf_times_size,0.4,False
7932,offplan,Dubai Land Residence Complex,celia homes,2.0,1874.0,1780300.0,DLD_MATCH,OFFPLAN_RENTAL_NOT_EVALUATED,,,0.0,,NONE,False,NONE,OFFPLAN_RENTAL_NOT_EVALUATED,,Offplan properties not evaluated for current rent,,,,,,,,,,,,,,,,,,,,,,,,,
4441,offplan,Jumeirah village circle,electra acube,0.0,452.0,913910.0,DLD_MISSING,OFFPLAN_RENTAL_NOT_EVALUATED,,,0.0,,NONE,False,NONE,OFFPLAN_RENTAL_NOT_EVALUATED,,Offplan properties not evaluated for current rent,,,,,,,,,,,,,,,,,,,,,,,,,
5050,offplan,Nad Al Sheba,belmont park,2.0,1110.0,2450000.0,DLD_MISSING,OFFPLAN_RENTAL_NOT_EVALUATED,,,0.0,,NONE,False,NONE,OFFPLAN_RENTAL_NOT_EVALUATED,,Offplan properties not evaluated for current rent,,,,,,,,,,,,,,,,,,,,,,,,,
7130,offplan,Meydan City,the highgrove,1.0,906.0,2450830.0,DLD_MATCH,OFFPLAN_RENTAL_NOT_EVALUATED,,,0.0,,NONE,False,NONE,OFFPLAN_RENTAL_NOT_EVALUATED,,Offplan properties not evaluated for current rent,,,,,,,,,,,,,,,,,,,,,,,,,
5938,offplan,Jumeirah village circle,binghatti phantom,1.0,792.0,1580000.0,DLD_MATCH,OFFPLAN_RENTAL_NOT_EVALUATED,,,0.0,,NONE,False,NONE,OFFPLAN_RENTAL_NOT_EVALUATED,,Offplan properties not evaluated for current rent,,,,,,,,,,,,,,,,,,,,,,,,,
2091,offplan,Umm Al Daman,greenwood royal,4.0,3146.0,4900000.0,DLD_MISSING,OFFPLAN_RENTAL_NOT_EVALUATED,,,0.0,,NONE,False,NONE,OFFPLAN_RENTAL_NOT_EVALUATED,,Offplan properties not evaluated for current rent,,,,,,,,,,,,,,,,,,,,,,,,,
4465,offplan,Dubai Land Residence Complex,celesto 2,1.0,673.0,987350.0,DLD_MISSING,OFFPLAN_RENTAL_NOT_EVALUATED,,,0.0,,NONE,False,NONE,OFFPLAN_RENTAL_NOT_EVALUATED,,Offplan properties not evaluated for current rent,,,,,,,,,,,,,,,,,,,,,,,,,
7036,offplan,Dubai Land Residence Complex,celesto tower,1.0,783.0,1026810.0,DLD_MATCH,OFFPLAN_RENTAL_NOT_EVALUATED,,,0.0,,NONE,False,NONE,OFFPLAN_RENTAL_NOT_EVALUATED,,Offplan properties not evaluated for current rent,,,,,,,,,,,,,,,,,,,,,,,,,
6202,offplan,Dubai Maritime City,orise by beyond,2.0,1284.0,3000000.0,DLD_MISSING,OFFPLAN_RENTAL_NOT_EVALUATED,,,0.0,,NONE,False,NONE,OFFPLAN_RENTAL_NOT_EVALUATED,,Offplan properties not evaluated for current rent,,,,,,,,,,,,,,,,,,,,,,,,,
5431,ready,Jumeirah village circle,pantheon elysee ii,0.0,393.0,700000.0,DLD_MISSING,R3,41531.604206306474,5.933086315186639,92.0,median_psf_times_size,AREA_BEDROOM_LEVEL,False,NONE,SHADOW_RESEARCH,Al Barsha South Fourth,,36.5,0.0,,,insufficient_data,0.0,True,0.0,,,insufficient_data,0.0,True,92.0,45000.0,41531.604206306474,median_psf_times_size,0.6,False,1802.0,45000.0,42454.52874422439,median_psf_times_size,0.4,False
1118,ready,Jumeirah village circle,binghatti house,2.0,1105.0,1800000.0,DLD_MATCH,R4,83688.47217398863,4.649359565221591,2275.0,median_psf_times_size,AREA_LEVEL,False,NONE,SHADOW_RESEARCH,Al Barsha South Fourth,,102.7,0.0,,,insufficient_data,0.0,True,19.0,127000.0,126578.13707195899,median_psf_times_size,0.8,False,0.0,,,insufficient_data,0.0,True,2275.0,78000.0,83688.47217398863,median_psf_times_size,0.4,False
1732,offplan,Jumeirah village circle,gateway by premier choice,1.0,748.0,1164000.0,DLD_MATCH,OFFPLAN_RENTAL_NOT_EVALUATED,,,0.0,,NONE,False,NONE,OFFPLAN_RENTAL_NOT_EVALUATED,,Offplan properties not evaluated for current rent,,,,,,,,,,,,,,,,,,,,,,,,,
2753,offplan,Al Marjan Island,address residences,3.0,1894.0,5670000.0,DLD_MISSING,OFFPLAN_RENTAL_NOT_EVALUATED,,,0.0,,NONE,False,NONE,OFFPLAN_RENTAL_NOT_EVALUATED,,Offplan properties not evaluated for current rent,,,,,,,,,,,,,,,,,,,,,,,,,
2620,ready,Business Bay,avanti tower,1.0,950.0,1516000.0,DLD_MATCH,R4,98649.36195621127,6.507213849354305,2815.0,median_psf_times_size,AREA_LEVEL,False,NONE,SHADOW_RESEARCH,Business Bay,,88.3,0.0,,,insufficient_data,0.0,True,16.0,87500.0,89786.1631169642,median_psf_times_size,0.8,False,0.0,,,insufficient_data,0.0,True,2815.0,92000.0,98649.36195621127,median_psf_times_size,0.4,False
2028,offplan,RAK Central,one central,1.0,676.0,1299900.0,DLD_MISSING,OFFPLAN_RENTAL_NOT_EVALUATED,,,0.0,,NONE,False,NONE,OFFPLAN_RENTAL_NOT_EVALUATED,,Offplan properties not evaluated for current rent,,,,,,,,,,,,,,,,,,,,,,,,,
3156,offplan,Dubai South,avenew 888  modo,2.0,1161.0,1601000.0,DLD_MISSING,OFFPLAN_RENTAL_NOT_EVALUATED,,,0.0,,NONE,False,NONE,OFFPLAN_RENTAL_NOT_EVALUATED,,Offplan properties not evaluated for current rent,,,,,,,,,,,,,,,,,,,,,,,,,
2311,offplan,Dubailand,samana boulevard heights,2.0,1511.0,2100000.0,DLD_MATCH,OFFPLAN_RENTAL_NOT_EVALUATED,,,0.0,,NONE,False,NONE,OFFPLAN_RENTAL_NOT_EVALUATED,,Offplan properties not evaluated for current rent,,,,,,,,,,,,,,,,,,,,,,,,,
4024,offplan,Arjan,empire estates,0.0,441.0,995000.0,DLD_MATCH,OFFPLAN_RENTAL_NOT_EVALUATED,,,0.0,,NONE,False,NONE,OFFPLAN_RENTAL_NOT_EVALUATED,,Offplan properties not evaluated for current rent,,,,,,,,,,,,,,,,,,,,,,,,,
4127,offplan,Dubai Land Residence Complex,peace lagoons 2,2.0,1159.0,2046470.0,DLD_MISSING,OFFPLAN_RENTAL_NOT_EVALUATED,,,0.0,,NONE,False,NONE,OFFPLAN_RENTAL_NOT_EVALUATED,,Offplan properties not evaluated for current rent,,,,,,,,,,,,,,,,,,,,,,,,,
1086,offplan,Jumeirah village circle,samana manhattan,0.0,398.0,950000.0,DLD_MISSING,OFFPLAN_RENTAL_NOT_EVALUATED,,,0.0,,NONE,False,NONE,OFFPLAN_RENTAL_NOT_EVALUATED,,Offplan properties not evaluated for current rent,,,,,,,,,,,,,,,,,,,,,,,,,
7587,offplan,Dubai South,azizi venice,0.0,317.0,747000.0,DLD_MATCH,OFFPLAN_RENTAL_NOT_EVALUATED,,,0.0,,NONE,False,NONE,OFFPLAN_RENTAL_NOT_EVALUATED,,Offplan properties not evaluated for current rent,,,,,,,,,,,,,,,,,,,,,,,,,
2588,offplan,Majan,the haven 3,2.0,1358.0,1747228.0,DLD_MISSING,OFFPLAN_RENTAL_NOT_EVALUATED,,,0.0,,NONE,False,NONE,OFFPLAN_RENTAL_NOT_EVALUATED,,Offplan properties not evaluated for current rent,,,,,,,,,,,,,,,,,,,,,,,,,
2965,ready,Jumeirah village circle,binghatti onyx,2.0,1550.0,2500000.0,DLD_MATCH,R2,131314.64055257253,5.252585622102901,51.0,median_psf_times_size,PROJECT_LEVEL,False,NONE,SHADOW_RESEARCH,Al Barsha South Fourth,,144.0,0.0,,,insufficient_data,0.0,True,51.0,135000.0,131314.64055257253,median_psf_times_size,0.8,False,0.0,,,insufficient_data,0.0,True,904.0,101000.0,108589.94675419646,median_psf_times_size,0.4,False
4016,offplan,Dubai Land Residence Complex,weybridge gardens 4,1.0,1014.0,1086620.0,DLD_MISSING,OFFPLAN_RENTAL_NOT_EVALUATED,,,0.0,,NONE,False,NONE,OFFPLAN_RENTAL_NOT_EVALUATED,,Offplan properties not evaluated for current rent,,,,,,,,,,,,,,,,,,,,,,,,,
3383,offplan,Majan,samana barari heights,3.0,2520.0,3268889.0,DLD_MATCH,OFFPLAN_RENTAL_NOT_EVALUATED,,,0.0,,NONE,False,NONE,OFFPLAN_RENTAL_NOT_EVALUATED,,Offplan properties not evaluated for current rent,,,,,,,,,,,,,,,,,,,,,,,,,
5182,offplan,Dubai Maritime City,liv maritime,2.0,1879.0,5145550.0,DLD_NO_EVIDENCE,OFFPLAN_RENTAL_NOT_EVALUATED,,,0.0,,NONE,False,NONE,OFFPLAN_RENTAL_NOT_EVALUATED,,Offplan properties not evaluated for current rent,,,,,,,,,,,,,,,,,,,,,,,,,
2674,offplan,RAK Central,one central,0.0,346.0,864900.0,DLD_MISSING,OFFPLAN_RENTAL_NOT_EVALUATED,,,0.0,,NONE,False,NONE,OFFPLAN_RENTAL_NOT_EVALUATED,,Offplan properties not evaluated for current rent,,,,,,,,,,,,,,,,,,,,,,,,,
7547,offplan,Jumeirah village circle,samana manhattan,2.0,2264.0,2914920.0,DLD_MISSING,OFFPLAN_RENTAL_NOT_EVALUATED,,,0.0,,NONE,False,NONE,OFFPLAN_RENTAL_NOT_EVALUATED,,Offplan properties not evaluated for current rent,,,,,,,,,,,,,,,,,,,,,,,,,
4451,offplan,Dubai Land Residence Complex,peace lagoons 2,0.0,369.0,920073.0,DLD_MISSING,OFFPLAN_RENTAL_NOT_EVALUATED,,,0.0,,NONE,False,NONE,OFFPLAN_RENTAL_NOT_EVALUATED,,Offplan properties not evaluated for current rent,,,,,,,,,,,,,,,,,,,,,,,,,
5591,offplan,Dubai Land Residence Complex,peace lagoons 2,1.0,757.0,1449940.0,DLD_MISSING,OFFPLAN_RENTAL_NOT_EVALUATED,,,0.0,,NONE,False,NONE,OFFPLAN_RENTAL_NOT_EVALUATED,,Offplan properties not evaluated for current rent,,,,,,,,,,,,,,,,,,,,,,,,,
434,offplan,Dubai Industrial City,al haseen residences 5,0.0,372.0,717705.0,DLD_MISSING,OFFPLAN_RENTAL_NOT_EVALUATED,,,0.0,,NONE,False,NONE,OFFPLAN_RENTAL_NOT_EVALUATED,,Offplan properties not evaluated for current rent,,,,,,,,,,,,,,,,,,,,,,,,,
1121,offplan,Dubai Creek Harbour,savanna,2.0,1024.0,1900000.0,DLD_MISSING,OFFPLAN_RENTAL_NOT_EVALUATED,,,0.0,,NONE,False,NONE,OFFPLAN_RENTAL_NOT_EVALUATED,,Offplan properties not evaluated for current rent,,,,,,,,,,,,,,,,,,,,,,,,,
3766,ready,Downtown Dubai,imperial avenue,1.0,859.0,2500000.0,DLD_MATCH,R2,123505.74377154013,4.940229750861605,23.0,median_psf_times_size,PROJECT_LEVEL,False,NONE,SHADOW_RESEARCH,Burj Khalifa,,79.8,0.0,,,insufficient_data,0.0,True,23.0,130000.0,123505.74377154013,median_psf_times_size,0.8,False,0.0,,,insufficient_data,0.0,True,2983.0,120000.0,125065.51780309805,median_psf_times_size,0.4,False
8063,offplan,Jumeirah village circle,vue by crystal bay,2.0,1662.0,2160130.0,DLD_MATCH,OFFPLAN_RENTAL_NOT_EVALUATED,,,0.0,,NONE,False,NONE,OFFPLAN_RENTAL_NOT_EVALUATED,,Offplan properties not evaluated for current rent,,,,,,,,,,,,,,,,,,,,,,,,,
8223,offplan,Meydan City,future residence,1.0,902.0,1800000.0,DLD_MATCH,OFFPLAN_RENTAL_NOT_EVALUATED,,,0.0,,NONE,False,NONE,OFFPLAN_RENTAL_NOT_EVALUATED,,Offplan properties not evaluated for current rent,,,,,,,,,,,,,,,,,,,,,,,,,
5888,offplan,Dubai Marina,liv marina,2.0,1547.0,5200000.0,DLD_MATCH,OFFPLAN_RENTAL_NOT_EVALUATED,,,0.0,,NONE,False,NONE,OFFPLAN_RENTAL_NOT_EVALUATED,,Offplan properties not evaluated for current rent,,,,,,,,,,,,,,,,,,,,,,,,,
6032,ready,Jumeirah village circle,luma22,1.0,1036.0,1350000.0,DLD_MATCH,R2,100943.25020110857,7.47727779267471,32.0,median_psf_times_size,PROJECT_LEVEL,False,NONE,SHADOW_RESEARCH,Al Barsha South Fourth,,96.2,0.0,,,insufficient_data,0.0,True,32.0,90000.0,100943.25020110857,median_psf_times_size,0.8,False,0.0,,,insufficient_data,0.0,True,3056.0,75000.0,81469.02302283535,median_psf_times_size,0.4,False
97,offplan,مجمع دبي للإستثمار,"verdana v  
فيردانا v",2.0,2037.0,1810000.0,DLD_MISSING,OFFPLAN_RENTAL_NOT_EVALUATED,,,0.0,,NONE,False,NONE,OFFPLAN_RENTAL_NOT_EVALUATED,,Offplan properties not evaluated for current rent,,,,,,,,,,,,,,,,,,,,,,,,,
3896,offplan,Dubai Investments Park,verdana v,2.0,2037.0,1810000.0,DLD_MISSING,OFFPLAN_RENTAL_NOT_EVALUATED,,,0.0,,NONE,False,NONE,OFFPLAN_RENTAL_NOT_EVALUATED,,Offplan properties not evaluated for current rent,,,,,,,,,,,,,,,,,,,,,,,,,
8229,offplan,Business Bay,binghatti skyrise,0.0,422.0,1475000.0,DLD_MATCH,OFFPLAN_RENTAL_NOT_EVALUATED,,,0.0,,NONE,False,NONE,OFFPLAN_RENTAL_NOT_EVALUATED,,Offplan properties not evaluated for current rent,,,,,,,,,,,,,,,,,,,,,,,,,
1227,ready,EMAAR Beachfront,sunrise bay,2.0,1394.0,4290000.0,DLD_MATCH,R2,200674.7408867835,4.677732887803811,42.0,median_psf_times_size,PROJECT_LEVEL,False,NONE,SHADOW_RESEARCH,Marsa Dubai,,129.5,0.0,,,insufficient_data,0.0,True,42.0,190000.0,200674.7408867835,median_psf_times_size,0.8,False,0.0,,,insufficient_data,0.0,True,3435.0,135000.0,137911.44078166634,median_psf_times_size,0.4,False
5142,offplan,Jumeirah village circle,binghatti ruby,0.0,362.0,868749.0,DLD_MATCH,OFFPLAN_RENTAL_NOT_EVALUATED,,,0.0,,NONE,False,NONE,OFFPLAN_RENTAL_NOT_EVALUATED,,Offplan properties not evaluated for current rent,,,,,,,,,,,,,,,,,,,,,,,,,
3770,offplan,Dubai Land Residence Complex,verdan1a 3,2.0,1279.0,1826810.0,DLD_MISSING,OFFPLAN_RENTAL_NOT_EVALUATED,,,0.0,,NONE,False,NONE,OFFPLAN_RENTAL_NOT_EVALUATED,,Offplan properties not evaluated for current rent,,,,,,,,,,,,,,,,,,,,,,,,,
3256,offplan,Jumeirah village circle,elitz 3,1.0,865.0,1490000.0,DLD_MISSING,OFFPLAN_RENTAL_NOT_EVALUATED,,,0.0,,NONE,False,NONE,OFFPLAN_RENTAL_NOT_EVALUATED,,Offplan properties not evaluated for current rent,,,,,,,,,,,,,,,,,,,,,,,,,
4382,offplan,Dubai Science Park,vincitore aqua flora,0.0,445.0,1072000.0,DLD_MATCH,OFFPLAN_RENTAL_NOT_EVALUATED,,,0.0,,NONE,False,NONE,OFFPLAN_RENTAL_NOT_EVALUATED,,Offplan properties not evaluated for current rent,,,,,,,,,,,,,,,,,,,,,,,,,
5914,offplan,Dubai Industrial City,al haseen residences 6,0.0,392.0,736256.0,DLD_MISSING,OFFPLAN_RENTAL_NOT_EVALUATED,,,0.0,,NONE,False,NONE,OFFPLAN_RENTAL_NOT_EVALUATED,,Offplan properties not evaluated for current rent,,,,,,,,,,,,,,,,,,,,,,,,,
6043,offplan,Jumeirah village circle,binghatti phoenix,0.0,426.0,946873.0,DLD_MATCH,OFFPLAN_RENTAL_NOT_EVALUATED,,,0.0,,NONE,False,NONE,OFFPLAN_RENTAL_NOT_EVALUATED,,Offplan properties not evaluated for current rent,,,,,,,,,,,,,,,,,,,,,,,,,
5652,offplan,Al Furjan,equiti home,3.0,2300.0,2200000.0,DLD_MATCH,OFFPLAN_RENTAL_NOT_EVALUATED,,,0.0,,NONE,False,NONE,OFFPLAN_RENTAL_NOT_EVALUATED,,Offplan properties not evaluated for current rent,,,,,,,,,,,,,,,,,,,,,,,,,
6113,ready,Dubai Creek Harbour,bayshore at creek beach,1.0,906.0,2000000.0,DLD_MISSING,R4,109596.555000099,5.47982775000495,3274.0,median_psf_times_size,AREA_LEVEL,False,NONE,SHADOW_RESEARCH,Al Khairan First,,84.2,0.0,,,insufficient_data,0.0,True,0.0,,,insufficient_data,0.0,True,0.0,,,insufficient_data,0.0,True,3274.0,117000.0,109596.555000099,median_psf_times_size,0.4,False
219,offplan,Jumeirah village circle,park lane 2,1.0,1063.0,1703888.0,DLD_MISSING,OFFPLAN_RENTAL_NOT_EVALUATED,,,0.0,,NONE,False,NONE,OFFPLAN_RENTAL_NOT_EVALUATED,,Offplan properties not evaluated for current rent,,,,,,,,,,,,,,,,,,,,,,,,,
6618,offplan,Al Furjan,azizi raffi,2.0,1222.0,2153000.0,DLD_MISSING,OFFPLAN_RENTAL_NOT_EVALUATED,,,0.0,,NONE,False,NONE,OFFPLAN_RENTAL_NOT_EVALUATED,,Offplan properties not evaluated for current rent,,,,,,,,,,,,,,,,,,,,,,,,,
8061,offplan,Al Marjan Island,fortune bay residences,3.0,2460.0,8265908.0,DLD_MISSING,OFFPLAN_RENTAL_NOT_EVALUATED,,,0.0,,NONE,False,NONE,OFFPLAN_RENTAL_NOT_EVALUATED,,Offplan properties not evaluated for current rent,,,,,,,,,,,,,,,,,,,,,,,,,
1053,offplan,Meydan City,future residence,1.0,902.0,1853851.0,DLD_MATCH,OFFPLAN_RENTAL_NOT_EVALUATED,,,0.0,,NONE,False,NONE,OFFPLAN_RENTAL_NOT_EVALUATED,,Offplan properties not evaluated for current rent,,,,,,,,,,,,,,,,,,,,,,,,,
763,offplan,Jumeirah village circle,levanto by oro24,2.0,1998.0,1600000.0,DLD_MATCH,OFFPLAN_RENTAL_NOT_EVALUATED,,,0.0,,NONE,False,NONE,OFFPLAN_RENTAL_NOT_EVALUATED,,Offplan properties not evaluated for current rent,,,,,,,,,,,,,,,,,,,,,,,,,
7984,offplan,Al Hamra,soto grande,0.0,421.0,1000000.0,DLD_MISSING,OFFPLAN_RENTAL_NOT_EVALUATED,,,0.0,,NONE,False,NONE,OFFPLAN_RENTAL_NOT_EVALUATED,,Offplan properties not evaluated for current rent,,,,,,,,,,,,,,,,,,,,,,,,,
1196,offplan,Dubai Marina,liv marina,3.0,2575.0,8500000.0,DLD_MATCH,OFFPLAN_RENTAL_NOT_EVALUATED,,,0.0,,NONE,False,NONE,OFFPLAN_RENTAL_NOT_EVALUATED,,Offplan properties not evaluated for current rent,,,,,,,,,,,,,,,,,,,,,,,,,
375,offplan,Jumeirah village circle,pantheon elysee heights,0.0,377.0,750000.0,DLD_MISSING,OFFPLAN_RENTAL_NOT_EVALUATED,,,0.0,,NONE,False,NONE,OFFPLAN_RENTAL_NOT_EVALUATED,,Offplan properties not evaluated for current rent,,,,,,,,,,,,,,,,,,,,,,,,,
1389,offplan,Downtown Dubai,volta,1.0,1073.0,2500000.0,DLD_MISSING,OFFPLAN_RENTAL_NOT_EVALUATED,,,0.0,,NONE,False,NONE,OFFPLAN_RENTAL_NOT_EVALUATED,,Offplan properties not evaluated for current rent,,,,,,,,,,,,,,,,,,,,,,,,,
1828,offplan,Jumeirah village circle,311 boulevard,0.0,711.0,1096950.0,DLD_MISSING,OFFPLAN_RENTAL_NOT_EVALUATED,,,0.0,,NONE,False,NONE,OFFPLAN_RENTAL_NOT_EVALUATED,,Offplan properties not evaluated for current rent,,,,,,,,,,,,,,,,,,,,,,,,,
780,offplan,Jebel Ali,azizi abraham,3.0,4021.0,4884000.0,DLD_MATCH,OFFPLAN_RENTAL_NOT_EVALUATED,,,0.0,,NONE,False,NONE,OFFPLAN_RENTAL_NOT_EVALUATED,,Offplan properties not evaluated for current rent,,,,,,,,,,,,,,,,,,,,,,,,,
5860,ready,Dubai Marina,liv residence,2.0,1767.0,4900000.0,DLD_MATCH,R4,163303.73486293564,3.332729282917054,2209.0,median_psf_times_size,AREA_LEVEL,False,NONE,SHADOW_RESEARCH,Marsa Dubai,,164.2,0.0,,,insufficient_data,0.0,True,5.0,,,insufficient_data,0.0,True,0.0,,,insufficient_data,0.0,True,2209.0,155000.0,163303.73486293564,median_psf_times_size,0.4,False
2951,ready,Jumeirah village circle,binghatti orchid,1.0,777.0,1060000.0,DLD_MATCH,R2,75279.333312068,7.101823897364906,63.0,median_psf_times_size,PROJECT_LEVEL,False,NONE,SHADOW_RESEARCH,Al Barsha South Fourth,,72.2,0.0,,,insufficient_data,0.0,True,63.0,74000.0,75279.333312068,median_psf_times_size,0.8,False,0.0,,,insufficient_data,0.0,True,4470.0,67000.0,67526.5010725636,median_psf_times_size,0.4,False
5358,offplan,Jumeirah village circle,the fifth,1.0,649.0,1058800.0,DLD_MISSING,OFFPLAN_RENTAL_NOT_EVALUATED,,,0.0,,NONE,False,NONE,OFFPLAN_RENTAL_NOT_EVALUATED,,Offplan properties not evaluated for current rent,,,,,,,,,,,,,,,,,,,,,,,,,
5170,offplan,Jumeirah village circle,one park central,1.0,911.0,1400000.0,DLD_MISSING,OFFPLAN_RENTAL_NOT_EVALUATED,,,0.0,,NONE,False,NONE,OFFPLAN_RENTAL_NOT_EVALUATED,,Offplan properties not evaluated for current rent,,,,,,,,,,,,,,,,,,,,,,,,,
3895,offplan,Sheikh Zayed Road,one billion tower,2.0,1611.0,5256000.0,DLD_MISSING,OFFPLAN_RENTAL_NOT_EVALUATED,,,0.0,,NONE,False,NONE,OFFPLAN_RENTAL_NOT_EVALUATED,,Offplan properties not evaluated for current rent,,,,,,,,,,,,,,,,,,,,,,,,,
267,offplan,Dubai Land Residence Complex,ivy gardens 2 by samana,0.0,420.0,907680.0,DLD_MISSING,OFFPLAN_RENTAL_NOT_EVALUATED,,,0.0,,NONE,False,NONE,OFFPLAN_RENTAL_NOT_EVALUATED,,Offplan properties not evaluated for current rent,,,,,,,,,,,,,,,,,,,,,,,,,
7082,offplan,Rashid Yachts & Marina,porto view,2.0,1283.0,3040000.0,DLD_NO_EVIDENCE,OFFPLAN_RENTAL_NOT_EVALUATED,,,0.0,,NONE,False,NONE,OFFPLAN_RENTAL_NOT_EVALUATED,,Offplan properties not evaluated for current rent,,,,,,,,,,,,,,,,,,,,,,,,,
2265,ready,Jumeirah village circle,binghatti amber,1.0,989.0,1300000.0,DLD_MATCH,R2,86437.5960471158,6.649045849778139,21.0,median_psf_times_size,PROJECT_LEVEL,False,NONE,SHADOW_RESEARCH,Al Barsha South Fourth,,91.9,0.0,,,insufficient_data,0.0,True,21.0,85000.0,86437.5960471158,median_psf_times_size,0.8,False,0.0,,,insufficient_data,0.0,True,3498.0,73000.0,79396.12674609864,median_psf_times_size,0.4,False
937,offplan,Al Jadaf Waterfront,binghatti ghost,0.0,348.0,1125000.0,DLD_MATCH,OFFPLAN_RENTAL_NOT_EVALUATED,,,0.0,,NONE,False,NONE,OFFPLAN_RENTAL_NOT_EVALUATED,,Offplan properties not evaluated for current rent,,,,,,,,,,,,,,,,,,,,,,,,,
7934,offplan,Jumeirah Village Triangle,cloud tower,1.0,679.0,1222200.0,DLD_MATCH,OFFPLAN_RENTAL_NOT_EVALUATED,,,0.0,,NONE,False,NONE,OFFPLAN_RENTAL_NOT_EVALUATED,,Offplan properties not evaluated for current rent,,,,,,,,,,,,,,,,,,,,,,,,,
7137,ready,Jumeirah village circle,binghatti galaxy,1.0,871.0,1687500.0,DLD_MATCH,R4,72619.20960006559,4.303360568892776,4273.0,median_psf_times_size,AREA_LEVEL,False,NONE,SHADOW_RESEARCH,Al Barsha South Fourth,,80.9,0.0,,,insufficient_data,0.0,True,18.0,80000.0,79687.92420052075,median_psf_times_size,0.8,False,0.0,,,insufficient_data,0.0,True,4273.0,70000.0,72619.20960006559,median_psf_times_size,0.4,False
7411,offplan,Dubai International City,zenith residences,0.0,671.0,704707.0,DLD_MATCH,OFFPLAN_RENTAL_NOT_EVALUATED,,,0.0,,NONE,False,NONE,OFFPLAN_RENTAL_NOT_EVALUATED,,Offplan properties not evaluated for current rent,,,,,,,,,,,,,,,,,,,,,,,,,
3579,offplan,Jumeirah Lake Towers,mbl signature,1.0,927.0,2380534.0,DLD_MATCH,OFFPLAN_RENTAL_NOT_EVALUATED,,,0.0,,NONE,False,NONE,OFFPLAN_RENTAL_NOT_EVALUATED,,Offplan properties not evaluated for current rent,,,,,,,,,,,,,,,,,,,,,,,,,
2582,offplan,Dubai Industrial City,samana hills south 3,1.0,728.0,1274844.0,DLD_MATCH,OFFPLAN_RENTAL_NOT_EVALUATED,,,0.0,,NONE,False,NONE,OFFPLAN_RENTAL_NOT_EVALUATED,,Offplan properties not evaluated for current rent,,,,,,,,,,,,,,,,,,,,,,,,,
2341,offplan,Dubai Investments Park,olivia residences,1.0,1410.0,1410290.0,DLD_MATCH,OFFPLAN_RENTAL_NOT_EVALUATED,,,0.0,,NONE,False,NONE,OFFPLAN_RENTAL_NOT_EVALUATED,,Offplan properties not evaluated for current rent,,,,,,,,,,,,,,,,,,,,,,,,,
6386,offplan,Saadiyat Island,henge residences,0.0,451.0,1100000.0,DLD_MISSING,OFFPLAN_RENTAL_NOT_EVALUATED,,,0.0,,NONE,False,NONE,OFFPLAN_RENTAL_NOT_EVALUATED,,Offplan properties not evaluated for current rent,,,,,,,,,,,,,,,,,,,,,,,,,
5156,ready,Business Bay,binghatti canal,2.0,1283.0,3150000.0,DLD_MATCH,R4,119617.86352951982,3.7973924930006295,2442.0,median_psf_times_size,AREA_LEVEL,False,NONE,SHADOW_RESEARCH,Business Bay,,119.2,0.0,,,insufficient_data,0.0,True,14.0,165000.0,163245.77425126082,median_psf_times_size,0.7000000000000001,False,0.0,,,insufficient_data,0.0,True,2442.0,125000.0,119617.86352951982,median_psf_times_size,0.4,False
1333,offplan,Jumeirah village circle,311 boulevard,2.0,1908.0,2490800.0,DLD_MISSING,OFFPLAN_RENTAL_NOT_EVALUATED,,,0.0,,NONE,False,NONE,OFFPLAN_RENTAL_NOT_EVALUATED,,Offplan properties not evaluated for current rent,,,,,,,,,,,,,,,,,,,,,,,,,
8423,offplan,Al Hamra,soto grande,1.0,760.0,1791828.0,DLD_MISSING,OFFPLAN_RENTAL_NOT_EVALUATED,,,0.0,,NONE,False,NONE,OFFPLAN_RENTAL_NOT_EVALUATED,,Offplan properties not evaluated for current rent,,,,,,,,,,,,,,,,,,,,,,,,,
3167,ready,Jumeirah village circle,binghatti dusk,1.0,899.0,1300000.0,DLD_MISSING,R4,74324.79414194357,5.717291857072581,4120.0,median_psf_times_size,AREA_LEVEL,False,NONE,SHADOW_RESEARCH,Al Barsha South Fourth,,83.5,0.0,,,insufficient_data,0.0,True,0.0,,,insufficient_data,0.0,True,0.0,,,insufficient_data,0.0,True,4120.0,70000.0,74324.79414194357,median_psf_times_size,0.4,False
3740,offplan,Jumeirah village circle,sereno residences,2.0,1276.0,1669080.0,DLD_NO_EVIDENCE,OFFPLAN_RENTAL_NOT_EVALUATED,,,0.0,,NONE,False,NONE,OFFPLAN_RENTAL_NOT_EVALUATED,,Offplan properties not evaluated for current rent,,,,,,,,,,,,,,,,,,,,,,,,,
1617,offplan,Arjan,samana skyros,2.0,1540.0,2200000.0,DLD_NO_EVIDENCE,OFFPLAN_RENTAL_NOT_EVALUATED,,,0.0,,NONE,False,NONE,OFFPLAN_RENTAL_NOT_EVALUATED,,Offplan properties not evaluated for current rent,,,,,,,,,,,,,,,,,,,,,,,,,
4985,unknown,Downtown Jebel Ali,peace avenue,0.0,401.0,695000.0,DLD_MISSING,STATUS_NOT_ELIGIBLE_FOR_CURRENT_RENT,,,0.0,,NONE,False,NONE,STATUS_NOT_ELIGIBLE_FOR_CURRENT_RENT,,Unknown status properties not evaluated for current rent,,,,,,,,,,,,,,,,,,,,,,,,,
3599,ready,Jumeirah village circle,pantheon elysee ii,1.0,753.0,1150000.0,DLD_MISSING,R4,66174.58430276248,5.754311678501085,4337.0,median_psf_times_size,AREA_LEVEL,False,NONE,SHADOW_RESEARCH,Al Barsha South Fourth,,70.0,0.0,,,insufficient_data,0.0,True,0.0,,,insufficient_data,0.0,True,0.0,,,insufficient_data,0.0,True,4337.0,65050.0,66174.58430276248,median_psf_times_size,0.4,False
7574,offplan,Dubai Production City,coventry place,0.0,422.0,681530.0,DLD_MISSING,OFFPLAN_RENTAL_NOT_EVALUATED,,,0.0,,NONE,False,NONE,OFFPLAN_RENTAL_NOT_EVALUATED,,Offplan properties not evaluated for current rent,,,,,,,,,,,,,,,,,,,,,,,,,
1685,offplan,Dubai Land Residence Complex,athlon by aldar,3.0,2960.0,3900000.0,DLD_MISSING,OFFPLAN_RENTAL_NOT_EVALUATED,,,0.0,,NONE,False,NONE,OFFPLAN_RENTAL_NOT_EVALUATED,,Offplan properties not evaluated for current rent,,,,,,,,,,,,,,,,,,,,,,,,,
5222,offplan,Aljada,safa parkview,1.0,1069.0,1582000.0,DLD_MISSING,OFFPLAN_RENTAL_NOT_EVALUATED,,,0.0,,NONE,False,NONE,OFFPLAN_RENTAL_NOT_EVALUATED,,Offplan properties not evaluated for current rent,,,,,,,,,,,,,,,,,,,,,,,,,
4078,offplan,Al Marjan Island,masa residence,1.0,840.0,1500000.0,DLD_MISSING,OFFPLAN_RENTAL_NOT_EVALUATED,,,0.0,,NONE,False,NONE,OFFPLAN_RENTAL_NOT_EVALUATED,,Offplan properties not evaluated for current rent,,,,,,,,,,,,,,,,,,,,,,,,,
4828,offplan,Al Furjan,kingdom gate,1.0,832.0,1476949.0,DLD_MATCH,OFFPLAN_RENTAL_NOT_EVALUATED,,,0.0,,NONE,False,NONE,OFFPLAN_RENTAL_NOT_EVALUATED,,Offplan properties not evaluated for current rent,,,,,,,,,,,,,,,,,,,,,,,,,
407,offplan,Dubai Marina,kempinski marina residences,1.0,1173.0,2700000.0,DLD_MISSING,OFFPLAN_RENTAL_NOT_EVALUATED,,,0.0,,NONE,False,NONE,OFFPLAN_RENTAL_NOT_EVALUATED,,Offplan properties not evaluated for current rent,,,,,,,,,,,,,,,,,,,,,,,,,
4373,offplan,Al Furjan,reef 999,2.0,1338.0,1996400.0,DLD_MISSING,OFFPLAN_RENTAL_NOT_EVALUATED,,,0.0,,NONE,False,NONE,OFFPLAN_RENTAL_NOT_EVALUATED,,Offplan properties not evaluated for current rent,,,,,,,,,,,,,,,,,,,,,,,,,
6041,offplan,Sobha Hartland 2,360 riverside crescent,2.0,1425.0,3242440.0,DLD_MATCH,OFFPLAN_RENTAL_NOT_EVALUATED,,,0.0,,NONE,False,NONE,OFFPLAN_RENTAL_NOT_EVALUATED,,Offplan properties not evaluated for current rent,,,,,,,,,,,,,,,,,,,,,,,,,
4716,offplan,Dubai Sports City,condor golf links 18,1.0,650.0,1488320.0,DLD_MATCH,OFFPLAN_RENTAL_NOT_EVALUATED,,,0.0,,NONE,False,NONE,OFFPLAN_RENTAL_NOT_EVALUATED,,Offplan properties not evaluated for current rent,,,,,,,,,,,,,,,,,,,,,,,,,
4242,offplan,Dubai Sports City,the community sports arena,1.0,1499.0,1826890.0,DLD_MATCH,OFFPLAN_RENTAL_NOT_EVALUATED,,,0.0,,NONE,False,NONE,OFFPLAN_RENTAL_NOT_EVALUATED,,Offplan properties not evaluated for current rent,,,,,,,,,,,,,,,,,,,,,,,,,
4244,offplan,Siniya Island,beach residences,1.0,658.0,1446596.0,DLD_MISSING,OFFPLAN_RENTAL_NOT_EVALUATED,,,0.0,,NONE,False,NONE,OFFPLAN_RENTAL_NOT_EVALUATED,,Offplan properties not evaluated for current rent,,,,,,,,,,,,,,,,,,,,,,,,,
5020,offplan,Dubai Islands,luxury canal residences,1.0,830.0,2034000.0,DLD_NO_EVIDENCE,OFFPLAN_RENTAL_NOT_EVALUATED,,,0.0,,NONE,False,NONE,OFFPLAN_RENTAL_NOT_EVALUATED,,Offplan properties not evaluated for current rent,,,,,,,,,,,,,,,,,,,,,,,,,
6553,offplan,Dubai Land Residence Complex,the wow tower,1.0,677.0,1101000.0,DLD_MISSING,OFFPLAN_RENTAL_NOT_EVALUATED,,,0.0,,NONE,False,NONE,OFFPLAN_RENTAL_NOT_EVALUATED,,Offplan properties not evaluated for current rent,,,,,,,,,,,,,,,,,,,,,,,,,
4512,offplan,Jumeirah village circle,carmel residence,0.0,441.0,878744.0,DLD_MISSING,OFFPLAN_RENTAL_NOT_EVALUATED,,,0.0,,NONE,False,NONE,OFFPLAN_RENTAL_NOT_EVALUATED,,Offplan properties not evaluated for current rent,,,,,,,,,,,,,,,,,,,,,,,,,
655,ready,Jumeirah village circle,pantheon elysee iii,1.0,666.0,1200000.0,DLD_MISSING,R4,60116.182385704524,5.009681865475376,3022.0,median_psf_times_size,AREA_LEVEL,False,NONE,SHADOW_RESEARCH,Al Barsha South Fourth,,61.9,0.0,,,insufficient_data,0.0,True,0.0,,,insufficient_data,0.0,True,0.0,,,insufficient_data,0.0,True,3022.0,63000.0,60116.182385704524,median_psf_times_size,0.4,False
6292,offplan,Dubai Sports City,azizi grand,0.0,539.0,802400.0,DLD_MATCH,OFFPLAN_RENTAL_NOT_EVALUATED,,,0.0,,NONE,False,NONE,OFFPLAN_RENTAL_NOT_EVALUATED,,Offplan properties not evaluated for current rent,,,,,,,,,,,,,,,,,,,,,,,,,
2176,offplan,Maryam Island,citrine residence,2.0,1205.0,1500000.0,DLD_MISSING,OFFPLAN_RENTAL_NOT_EVALUATED,,,0.0,,NONE,False,NONE,OFFPLAN_RENTAL_NOT_EVALUATED,,Offplan properties not evaluated for current rent,,,,,,,,,,,,,,,,,,,,,,,,,
6804,offplan,Jumeirah Lake Towers,upper house,2.0,1332.0,2600000.0,DLD_MISSING,OFFPLAN_RENTAL_NOT_EVALUATED,,,0.0,,NONE,False,NONE,OFFPLAN_RENTAL_NOT_EVALUATED,,Offplan properties not evaluated for current rent,,,,,,,,,,,,,,,,,,,,,,,,,
5136,offplan,Jumeirah village circle,aria heights,2.0,1236.0,2076890.0,DLD_NO_EVIDENCE,OFFPLAN_RENTAL_NOT_EVALUATED,,,0.0,,NONE,False,NONE,OFFPLAN_RENTAL_NOT_EVALUATED,,Offplan properties not evaluated for current rent,,,,,,,,,,,,,,,,,,,,,,,,,
2017,offplan,Dubailand,verdes by haven,2.0,2239.0,3036160.0,DLD_MISSING,OFFPLAN_RENTAL_NOT_EVALUATED,,,0.0,,NONE,False,NONE,OFFPLAN_RENTAL_NOT_EVALUATED,,Offplan properties not evaluated for current rent,,,,,,,,,,,,,,,,,,,,,,,,,
776,offplan,Meydan City,the symphony by imtiaz,2.0,830.0,2100000.0,DLD_MISSING,OFFPLAN_RENTAL_NOT_EVALUATED,,,0.0,,NONE,False,NONE,OFFPLAN_RENTAL_NOT_EVALUATED,,Offplan properties not evaluated for current rent,,,,,,,,,,,,,,,,,,,,,,,,,
7694,offplan,Al Marjan Island,masa residence,2.0,1881.0,3000000.0,DLD_MISSING,OFFPLAN_RENTAL_NOT_EVALUATED,,,0.0,,NONE,False,NONE,OFFPLAN_RENTAL_NOT_EVALUATED,,Offplan properties not evaluated for current rent,,,,,,,,,,,,,,,,,,,,,,,,,
1604,offplan,Dubai Islands,do hotels and residences,0.0,409.0,1050000.0,DLD_MISSING,OFFPLAN_RENTAL_NOT_EVALUATED,,,0.0,,NONE,False,NONE,OFFPLAN_RENTAL_NOT_EVALUATED,,Offplan properties not evaluated for current rent,,,,,,,,,,,,,,,,,,,,,,,,,
6176,ready,Jumeirah village circle,catch residence by igo,1.0,905.0,1500000.0,DLD_MISSING,R4,74571.82876071068,4.971455250714045,4049.0,median_psf_times_size,AREA_LEVEL,False,NONE,SHADOW_RESEARCH,Al Barsha South Fourth,,84.1,0.0,,,insufficient_data,0.0,True,0.0,,,insufficient_data,0.0,True,0.0,,,insufficient_data,0.0,True,4049.0,70000.0,74571.82876071068,median_psf_times_size,0.4,False
5151,offplan,Al Habtoor City,al habtoor tower,3.0,2356.0,8631640.0,DLD_MATCH,OFFPLAN_RENTAL_NOT_EVALUATED,,,0.0,,NONE,False,NONE,OFFPLAN_RENTAL_NOT_EVALUATED,,Offplan properties not evaluated for current rent,,,,,,,,,,,,,,,,,,,,,,,,,
1294,offplan,Solaya By Meraas at La Mer,solaya,3.0,5722.0,38700000.0,DLD_MISSING,OFFPLAN_RENTAL_NOT_EVALUATED,,,0.0,,NONE,False,NONE,OFFPLAN_RENTAL_NOT_EVALUATED,,Offplan properties not evaluated for current rent,,,,,,,,,,,,,,,,,,,,,,,,,
1235,offplan,Al Marjan Island,island heights,0.0,390.0,984999.0,DLD_MISSING,OFFPLAN_RENTAL_NOT_EVALUATED,,,0.0,,NONE,False,NONE,OFFPLAN_RENTAL_NOT_EVALUATED,,Offplan properties not evaluated for current rent,,,,,,,,,,,,,,,,,,,,,,,,,
5248,offplan,Dubai Land Residence Complex,taormina village,4.0,1992.0,3595520.0,DLD_MISSING,OFFPLAN_RENTAL_NOT_EVALUATED,,,0.0,,NONE,False,NONE,OFFPLAN_RENTAL_NOT_EVALUATED,,Offplan properties not evaluated for current rent,,,,,,,,,,,,,,,,,,,,,,,,,
1065,offplan,Dubai Islands,allegro residences,1.0,773.0,1715920.0,DLD_NO_EVIDENCE,OFFPLAN_RENTAL_NOT_EVALUATED,,,0.0,,NONE,False,NONE,OFFPLAN_RENTAL_NOT_EVALUATED,,Offplan properties not evaluated for current rent,,,,,,,,,,,,,,,,,,,,,,,,,
5679,offplan,Jumeirah village circle,q gardens aliya,0.0,617.0,814281.0,DLD_MATCH,OFFPLAN_RENTAL_NOT_EVALUATED,,,0.0,,NONE,False,NONE,OFFPLAN_RENTAL_NOT_EVALUATED,,Offplan properties not evaluated for current rent,,,,,,,,,,,,,,,,,,,,,,,,,
3637,offplan,Dubai Land Residence Complex,taormina village,3.0,1937.0,3155960.0,DLD_MISSING,OFFPLAN_RENTAL_NOT_EVALUATED,,,0.0,,NONE,False,NONE,OFFPLAN_RENTAL_NOT_EVALUATED,,Offplan properties not evaluated for current rent,,,,,,,,,,,,,,,,,,,,,,,,,
6806,offplan,Dubai Land Residence Complex,reportage village,2.0,1577.0,1950000.0,DLD_MISSING,OFFPLAN_RENTAL_NOT_EVALUATED,,,0.0,,NONE,False,NONE,OFFPLAN_RENTAL_NOT_EVALUATED,,Offplan properties not evaluated for current rent,,,,,,,,,,,,,,,,,,,,,,,,,
3901,ready,Business Bay,trillionaire residences,0.0,549.0,1900000.0,DLD_MISSING,R3,69313.0876521638,3.648057244850726,48.0,median_psf_times_size,AREA_BEDROOM_LEVEL,False,NONE,SHADOW_RESEARCH,Business Bay,,51.0,0.0,,,insufficient_data,0.0,True,0.0,,,insufficient_data,0.0,True,48.0,66250.0,69313.0876521638,median_psf_times_size,0.6,False,2472.0,70000.0,72862.5270857801,median_psf_times_size,0.4,False
5525,offplan,Al Reem island,rotana residences south tower,2.0,1389.0,2390000.0,DLD_MISSING,OFFPLAN_RENTAL_NOT_EVALUATED,,,0.0,,NONE,False,NONE,OFFPLAN_RENTAL_NOT_EVALUATED,,Offplan properties not evaluated for current rent,,,,,,,,,,,,,,,,,,,,,,,,,
3714,offplan,Dubai Land Residence Complex,reef 1000,2.0,1823.0,2837050.0,DLD_MATCH,OFFPLAN_RENTAL_NOT_EVALUATED,,,0.0,,NONE,False,NONE,OFFPLAN_RENTAL_NOT_EVALUATED,,Offplan properties not evaluated for current rent,,,,,,,,,,,,,,,,,,,,,,,,,
4758,offplan,Dubai South,the eighty three,2.0,1582.0,2001080.0,DLD_MATCH,OFFPLAN_RENTAL_NOT_EVALUATED,,,0.0,,NONE,False,NONE,OFFPLAN_RENTAL_NOT_EVALUATED,,Offplan properties not evaluated for current rent,,,,,,,,,,,,,,,,,,,,,,,,,
3286,offplan,Meydan City,the symphony by imtiaz,1.0,640.0,1680346.0,DLD_MISSING,OFFPLAN_RENTAL_NOT_EVALUATED,,,0.0,,NONE,False,NONE,OFFPLAN_RENTAL_NOT_EVALUATED,,Offplan properties not evaluated for current rent,,,,,,,,,,,,,,,,,,,,,,,,,
2675,offplan,Al Marjan Island,moonstone residences interiors,2.0,1287.0,3000000.0,DLD_MISSING,OFFPLAN_RENTAL_NOT_EVALUATED,,,0.0,,NONE,False,NONE,OFFPLAN_RENTAL_NOT_EVALUATED,,Offplan properties not evaluated for current rent,,,,,,,,,,,,,,,,,,,,,,,,,
3022,offplan,Jumeirah village circle,helvetia residences,0.0,641.0,890858.0,DLD_NO_EVIDENCE,OFFPLAN_RENTAL_NOT_EVALUATED,,,0.0,,NONE,False,NONE,OFFPLAN_RENTAL_NOT_EVALUATED,,Offplan properties not evaluated for current rent,,,,,,,,,,,,,,,,,,,,,,,,,
8433,offplan,Dubai Studio City,beach oasis 1 and 2,0.0,551.0,881000.0,DLD_MISSING,OFFPLAN_RENTAL_NOT_EVALUATED,,,0.0,,NONE,False,NONE,OFFPLAN_RENTAL_NOT_EVALUATED,,Offplan properties not evaluated for current rent,,,,,,,,,,,,,,,,,,,,,,,,,
4049,offplan,Dubai Creek Harbour,address residences,3.0,3537.0,7300000.0,DLD_MISSING,OFFPLAN_RENTAL_NOT_EVALUATED,,,0.0,,NONE,False,NONE,OFFPLAN_RENTAL_NOT_EVALUATED,,Offplan properties not evaluated for current rent,,,,,,,,,,,,,,,,,,,,,,,,,
3696,offplan,Al Jadaf Waterfront,ramada residences by wyndham,1.0,879.0,2070840.0,DLD_MISSING,OFFPLAN_RENTAL_NOT_EVALUATED,,,0.0,,NONE,False,NONE,OFFPLAN_RENTAL_NOT_EVALUATED,,Offplan properties not evaluated for current rent,,,,,,,,,,,,,,,,,,,,,,,,,
4083,unknown,Al Raha,bab al qasr sea view residence 51,3.0,1510.0,5500000.0,DLD_MISSING,STATUS_NOT_ELIGIBLE_FOR_CURRENT_RENT,,,0.0,,NONE,False,NONE,STATUS_NOT_ELIGIBLE_FOR_CURRENT_RENT,,Unknown status properties not evaluated for current rent,,,,,,,,,,,,,,,,,,,,,,,,,
2252,ready,Downtown Dubai,imperial avenue,2.0,1458.0,5100000.0,DLD_MATCH,R2,194507.04274270698,3.813863583190333,27.0,median_psf_times_size,PROJECT_LEVEL,False,NONE,SHADOW_RESEARCH,Burj Khalifa,,135.5,0.0,,,insufficient_data,0.0,True,27.0,190000.0,194507.04274270698,median_psf_times_size,0.8,False,0.0,,,insufficient_data,0.0,True,3711.0,200000.0,214177.239138655,median_psf_times_size,0.4,False
2164,offplan,Dubai Creek Harbour,silva,3.0,3253.0,6310000.0,DLD_MATCH,OFFPLAN_RENTAL_NOT_EVALUATED,,,0.0,,NONE,False,NONE,OFFPLAN_RENTAL_NOT_EVALUATED,,Offplan properties not evaluated for current rent,,,,,,,,,,,,,,,,,,,,,,,,,
6138,offplan,Jumeirah village circle,levanto by oro24,2.0,889.0,1300000.0,DLD_MATCH,OFFPLAN_RENTAL_NOT_EVALUATED,,,0.0,,NONE,False,NONE,OFFPLAN_RENTAL_NOT_EVALUATED,,Offplan properties not evaluated for current rent,,,,,,,,,,,,,,,,,,,,,,,,,
5630,offplan,Nad Al Sheba,belmont park,2.0,1312.0,3250000.0,DLD_MISSING,OFFPLAN_RENTAL_NOT_EVALUATED,,,0.0,,NONE,False,NONE,OFFPLAN_RENTAL_NOT_EVALUATED,,Offplan properties not evaluated for current rent,,,,,,,,,,,,,,,,,,,,,,,,,
2799,offplan,Al Reem island,rotana residences south tower,1.0,849.0,1600000.0,DLD_MISSING,OFFPLAN_RENTAL_NOT_EVALUATED,,,0.0,,NONE,False,NONE,OFFPLAN_RENTAL_NOT_EVALUATED,,Offplan properties not evaluated for current rent,,,,,,,,,,,,,,,,,,,,,,,,,
3533,ready,Business Bay,aykon city tower,0.0,413.0,1041600.0,DLD_MISSING,R3,58067.7556500049,5.574861333525816,34.0,median_psf_times_size,AREA_BEDROOM_LEVEL,False,NONE,SHADOW_RESEARCH,Business Bay,,38.4,0.0,,,insufficient_data,0.0,True,0.0,,,insufficient_data,0.0,True,34.0,59000.0,58067.7556500049,median_psf_times_size,0.6,False,1989.0,62400.0,58692.23789594342,median_psf_times_size,0.4,False
7292,ready,Business Bay,aykon city tower,1.0,646.0,1624350.0,DLD_MISSING,R4,80377.71942864404,4.948300515815189,1739.0,median_psf_times_size,AREA_LEVEL,False,NONE,SHADOW_RESEARCH,Business Bay,,60.0,0.0,,,insufficient_data,0.0,True,0.0,,,insufficient_data,0.0,True,0.0,,,insufficient_data,0.0,True,1739.0,80000.0,80377.71942864404,median_psf_times_size,0.4,False
5368,offplan,Jumeirah Village Triangle,elar1s sky,0.0,701.0,1228550.0,DLD_MISSING,OFFPLAN_RENTAL_NOT_EVALUATED,,,0.0,,NONE,False,NONE,OFFPLAN_RENTAL_NOT_EVALUATED,,Offplan properties not evaluated for current rent,,,,,,,,,,,,,,,,,,,,,,,,,
3166,offplan,Dubai Islands,isla private residences,1.0,810.0,2200000.0,DLD_MISSING,OFFPLAN_RENTAL_NOT_EVALUATED,,,0.0,,NONE,False,NONE,OFFPLAN_RENTAL_NOT_EVALUATED,,Offplan properties not evaluated for current rent,,,,,,,,,,,,,,,,,,,,,,,,,
1954,offplan,Dubai Creek Harbour,mangrove,2.0,1025.0,2300000.0,DLD_MISSING,OFFPLAN_RENTAL_NOT_EVALUATED,,,0.0,,NONE,False,NONE,OFFPLAN_RENTAL_NOT_EVALUATED,,Offplan properties not evaluated for current rent,,,,,,,,,,,,,,,,,,,,,,,,,
1113,ready,Jumeirah village circle,binghatti gardenia,2.0,3008.0,2530000.0,DLD_MATCH,R4,120272.15163342045,4.75383998551069,40.0,median_psf_times_size,AREA_LEVEL,False,NONE,SHADOW_RESEARCH,Al Barsha South Fourth,,279.5,0.0,,,insufficient_data,0.0,True,0.0,,,insufficient_data,0.0,True,0.0,,,insufficient_data,0.0,True,40.0,115000.0,120272.15163342045,median_psf_times_size,0.4,False
2821,offplan,Downtown Dubai,fairmont residences solara tower,1.0,995.0,2946000.0,DLD_MISSING,OFFPLAN_RENTAL_NOT_EVALUATED,,,0.0,,NONE,False,NONE,OFFPLAN_RENTAL_NOT_EVALUATED,,Offplan properties not evaluated for current rent,,,,,,,,,,,,,,,,,,,,,,,,,
8161,offplan,Jumeirah village circle,gateway by premier choice,2.0,1553.0,2418000.0,DLD_MATCH,OFFPLAN_RENTAL_NOT_EVALUATED,,,0.0,,NONE,False,NONE,OFFPLAN_RENTAL_NOT_EVALUATED,,Offplan properties not evaluated for current rent,,,,,,,,,,,,,,,,,,,,,,,,,
3098,offplan,Al Jadaf Waterfront,binghatti ivory,0.0,456.0,1112500.0,DLD_MATCH,OFFPLAN_RENTAL_NOT_EVALUATED,,,0.0,,NONE,False,NONE,OFFPLAN_RENTAL_NOT_EVALUATED,,Offplan properties not evaluated for current rent,,,,,,,,,,,,,,,,,,,,,,,,,
7460,offplan,Dubai Creek Harbour,altan,3.0,4080.0,6950000.0,DLD_MATCH,OFFPLAN_RENTAL_NOT_EVALUATED,,,0.0,,NONE,False,NONE,OFFPLAN_RENTAL_NOT_EVALUATED,,Offplan properties not evaluated for current rent,,,,,,,,,,,,,,,,,,,,,,,,,
1559,offplan,Mina Al Arab,nura,2.0,1198.0,2523000.0,DLD_MISSING,OFFPLAN_RENTAL_NOT_EVALUATED,,,0.0,,NONE,False,NONE,OFFPLAN_RENTAL_NOT_EVALUATED,,Offplan properties not evaluated for current rent,,,,,,,,,,,,,,,,,,,,,,,,,
5097,offplan,Al Reem island,radiant marina towers,1.0,1867.0,1904000.0,DLD_MISSING,OFFPLAN_RENTAL_NOT_EVALUATED,,,0.0,,NONE,False,NONE,OFFPLAN_RENTAL_NOT_EVALUATED,,Offplan properties not evaluated for current rent,,,,,,,,,,,,,,,,,,,,,,,,,
3973,offplan,Palm Jumeirah,palm beach towers,3.0,1891.0,14000000.0,DLD_MISSING,OFFPLAN_RENTAL_NOT_EVALUATED,,,0.0,,NONE,False,NONE,OFFPLAN_RENTAL_NOT_EVALUATED,,Offplan properties not evaluated for current rent,,,,,,,,,,,,,,,,,,,,,,,,,
2033,offplan,Al Marjan Island,w hotel and residences,2.0,2819.0,11196100.0,DLD_MISSING,OFFPLAN_RENTAL_NOT_EVALUATED,,,0.0,,NONE,False,NONE,OFFPLAN_RENTAL_NOT_EVALUATED,,Offplan properties not evaluated for current rent,,,,,,,,,,,,,,,,,,,,,,,,,
7408,offplan,Jumeirah Lake Towers,marriott residences jlt,2.0,1404.0,3040000.0,DLD_MISSING,OFFPLAN_RENTAL_NOT_EVALUATED,,,0.0,,NONE,False,NONE,OFFPLAN_RENTAL_NOT_EVALUATED,,Offplan properties not evaluated for current rent,,,,,,,,,,,,,,,,,,,,,,,,,
2402,offplan,Dubai Harbour,damac bay 2,2.0,1690.0,6980000.0,DLD_MATCH,OFFPLAN_RENTAL_NOT_EVALUATED,,,0.0,,NONE,False,NONE,OFFPLAN_RENTAL_NOT_EVALUATED,,Offplan properties not evaluated for current rent,,,,,,,,,,,,,,,,,,,,,,,,,
7027,offplan,Jumeirah village circle,dusit princess,0.0,1007.0,1590780.0,DLD_MISSING,OFFPLAN_RENTAL_NOT_EVALUATED,,,0.0,,NONE,False,NONE,OFFPLAN_RENTAL_NOT_EVALUATED,,Offplan properties not evaluated for current rent,,,,,,,,,,,,,,,,,,,,,,,,,
2394,offplan,Al Marjan Island,moonstone residences interiors,1.0,800.0,2000000.0,DLD_MISSING,OFFPLAN_RENTAL_NOT_EVALUATED,,,0.0,,NONE,False,NONE,OFFPLAN_RENTAL_NOT_EVALUATED,,Offplan properties not evaluated for current rent,,,,,,,,,,,,,,,,,,,,,,,,,
3136,offplan,Al Furjan,kingdom gate,2.0,1507.0,2680925.0,DLD_MATCH,OFFPLAN_RENTAL_NOT_EVALUATED,,,0.0,,NONE,False,NONE,OFFPLAN_RENTAL_NOT_EVALUATED,,Offplan properties not evaluated for current rent,,,,,,,,,,,,,,,,,,,,,,,,,
8001,offplan,Al Furjan,reef 999,3.0,2636.0,3533090.0,DLD_MISSING,OFFPLAN_RENTAL_NOT_EVALUATED,,,0.0,,NONE,False,NONE,OFFPLAN_RENTAL_NOT_EVALUATED,,Offplan properties not evaluated for current rent,,,,,,,,,,,,,,,,,,,,,,,,,
7006,offplan,Dubai Islands,azizi wasel,0.0,325.0,1026000.0,DLD_MISSING,OFFPLAN_RENTAL_NOT_EVALUATED,,,0.0,,NONE,False,NONE,OFFPLAN_RENTAL_NOT_EVALUATED,,Offplan properties not evaluated for current rent,,,,,,,,,,,,,,,,,,,,,,,,,
4735,offplan,Downtown Dubai,fairmont residences solara tower,2.0,1734.0,5035500.0,DLD_MISSING,OFFPLAN_RENTAL_NOT_EVALUATED,,,0.0,,NONE,False,NONE,OFFPLAN_RENTAL_NOT_EVALUATED,,Offplan properties not evaluated for current rent,,,,,,,,,,,,,,,,,,,,,,,,,
3986,offplan,Dubai Islands,azizi wasel,1.0,601.0,1630000.0,DLD_MISSING,OFFPLAN_RENTAL_NOT_EVALUATED,,,0.0,,NONE,False,NONE,OFFPLAN_RENTAL_NOT_EVALUATED,,Offplan properties not evaluated for current rent,,,,,,,,,,,,,,,,,,,,,,,,,
5346,offplan,Al Marjan Island,island heights,1.0,786.0,1700000.0,DLD_MISSING,OFFPLAN_RENTAL_NOT_EVALUATED,,,0.0,,NONE,False,NONE,OFFPLAN_RENTAL_NOT_EVALUATED,,Offplan properties not evaluated for current rent,,,,,,,,,,,,,,,,,,,,,,,,,
5517,offplan,Dubai Islands,elle residences,3.0,2333.0,10490777.0,DLD_MATCH,OFFPLAN_RENTAL_NOT_EVALUATED,,,0.0,,NONE,False,NONE,OFFPLAN_RENTAL_NOT_EVALUATED,,Offplan properties not evaluated for current rent,,,,,,,,,,,,,,,,,,,,,,,,,
3316,offplan,Dubai Land Residence Complex,the corner,3.0,3064.0,2458670.0,DLD_MATCH,OFFPLAN_RENTAL_NOT_EVALUATED,,,0.0,,NONE,False,NONE,OFFPLAN_RENTAL_NOT_EVALUATED,,Offplan properties not evaluated for current rent,,,,,,,,,,,,,,,,,,,,,,,,,
6905,offplan,Damac Hills,golf greens,2.0,2172.0,3193000.0,DLD_MISSING,OFFPLAN_RENTAL_NOT_EVALUATED,,,0.0,,NONE,False,NONE,OFFPLAN_RENTAL_NOT_EVALUATED,,Offplan properties not evaluated for current rent,,,,,,,,,,,,,,,,,,,,,,,,,
5290,offplan,Yas Island,gardenia bay,2.0,1588.0,2836060.0,DLD_MISSING,OFFPLAN_RENTAL_NOT_EVALUATED,,,0.0,,NONE,False,NONE,OFFPLAN_RENTAL_NOT_EVALUATED,,Offplan properties not evaluated for current rent,,,,,,,,,,,,,,,,,,,,,,,,,
3028,offplan,Dubai Marina,kempinski marina residences,2.0,2042.0,4865640.0,DLD_MISSING,OFFPLAN_RENTAL_NOT_EVALUATED,,,0.0,,NONE,False,NONE,OFFPLAN_RENTAL_NOT_EVALUATED,,Offplan properties not evaluated for current rent,,,,,,,,,,,,,,,,,,,,,,,,,
6495,offplan,Ghaf Woods,cilia,2.0,2129.0,4200000.0,DLD_MATCH,OFFPLAN_RENTAL_NOT_EVALUATED,,,0.0,,NONE,False,NONE,OFFPLAN_RENTAL_NOT_EVALUATED,,Offplan properties not evaluated for current rent,,,,,,,,,,,,,,,,,,,,,,,,,
863,offplan,Dubai Islands,haven living,2.0,1888.0,3000000.0,DLD_NO_EVIDENCE,OFFPLAN_RENTAL_NOT_EVALUATED,,,0.0,,NONE,False,NONE,OFFPLAN_RENTAL_NOT_EVALUATED,,Offplan properties not evaluated for current rent,,,,,,,,,,,,,,,,,,,,,,,,,
1607,offplan,Dubai Sports City,the place,0.0,520.0,813000.0,DLD_MISSING,OFFPLAN_RENTAL_NOT_EVALUATED,,,0.0,,NONE,False,NONE,OFFPLAN_RENTAL_NOT_EVALUATED,,Offplan properties not evaluated for current rent,,,,,,,,,,,,,,,,,,,,,,,,,
4806,offplan,Meydan City,ayaan heights,2.0,1296.0,2600000.0,DLD_MISSING,OFFPLAN_RENTAL_NOT_EVALUATED,,,0.0,,NONE,False,NONE,OFFPLAN_RENTAL_NOT_EVALUATED,,Offplan properties not evaluated for current rent,,,,,,,,,,,,,,,,,,,,,,,,,
6919,offplan,Al Marjan Island,address residences,1.0,734.0,8519888.0,DLD_MISSING,OFFPLAN_RENTAL_NOT_EVALUATED,,,0.0,,NONE,False,NONE,OFFPLAN_RENTAL_NOT_EVALUATED,,Offplan properties not evaluated for current rent,,,,,,,,,,,,,,,,,,,,,,,,,
3046,offplan,Jumeirah village circle,sky living,3.0,2884.0,4000000.0,DLD_MISSING,OFFPLAN_RENTAL_NOT_EVALUATED,,,0.0,,NONE,False,NONE,OFFPLAN_RENTAL_NOT_EVALUATED,,Offplan properties not evaluated for current rent,,,,,,,,,,,,,,,,,,,,,,,,,
6822,offplan,Dubai Marina,kempinski marina residences,2.0,2042.0,5000000.0,DLD_MISSING,OFFPLAN_RENTAL_NOT_EVALUATED,,,0.0,,NONE,False,NONE,OFFPLAN_RENTAL_NOT_EVALUATED,,Offplan properties not evaluated for current rent,,,,,,,,,,,,,,,,,,,,,,,,,
8019,ready,Business Bay,damac majestine,1.0,1578.0,2477000.0,DLD_MISSING,R4,140362.65681714803,5.666639354749617,2273.0,median_psf_times_size,AREA_LEVEL,False,NONE,SHADOW_RESEARCH,Business Bay,,146.6,0.0,,,insufficient_data,0.0,True,0.0,,,insufficient_data,0.0,True,0.0,,,insufficient_data,0.0,True,2273.0,130000.0,140362.65681714803,median_psf_times_size,0.4,False
852,offplan,Jumeirah Village Triangle,elar1s axis,0.0,515.0,1008383.0,DLD_MISSING,OFFPLAN_RENTAL_NOT_EVALUATED,,,0.0,,NONE,False,NONE,OFFPLAN_RENTAL_NOT_EVALUATED,,Offplan properties not evaluated for current rent,,,,,,,,,,,,,,,,,,,,,,,,,
2414,offplan,Sobha One,the element,2.0,1184.0,3048050.0,DLD_MISSING,OFFPLAN_RENTAL_NOT_EVALUATED,,,0.0,,NONE,False,NONE,OFFPLAN_RENTAL_NOT_EVALUATED,,Offplan properties not evaluated for current rent,,,,,,,,,,,,,,,,,,,,,,,,,
7004,offplan,Jumeirah village circle,marriott residences jvc,1.0,664.0,1350000.0,DLD_MISSING,OFFPLAN_RENTAL_NOT_EVALUATED,,,0.0,,NONE,False,NONE,OFFPLAN_RENTAL_NOT_EVALUATED,,Offplan properties not evaluated for current rent,,,,,,,,,,,,,,,,,,,,,,,,,
5787,offplan,Jumeirah village circle,q gardens loft 2,0.0,543.0,922171.0,DLD_MISSING,OFFPLAN_RENTAL_NOT_EVALUATED,,,0.0,,NONE,False,NONE,OFFPLAN_RENTAL_NOT_EVALUATED,,Offplan properties not evaluated for current rent,,,,,,,,,,,,,,,,,,,,,,,,,
7841,ready,Jumeirah village circle,uniestate prime tower,1.0,1890.0,1908900.0,DLD_MATCH,R4,123503.53890686398,6.469879978357378,343.0,median_psf_times_size,AREA_LEVEL,False,NONE,SHADOW_RESEARCH,Al Barsha South Fourth,,175.6,0.0,,,insufficient_data,0.0,True,1.0,,,insufficient_data,0.0,True,0.0,,,insufficient_data,0.0,True,343.0,114000.0,123503.53890686398,median_psf_times_size,0.4,False
565,unknown,Al Raha,bab al qasr sea view residence 51,2.0,1750.0,4400000.0,DLD_MISSING,STATUS_NOT_ELIGIBLE_FOR_CURRENT_RENT,,,0.0,,NONE,False,NONE,STATUS_NOT_ELIGIBLE_FOR_CURRENT_RENT,,Unknown status properties not evaluated for current rent,,,,,,,,,,,,,,,,,,,,,,,,,
5108,offplan,Dubai Land Residence Complex,haven views 1,1.0,699.0,1250000.0,DLD_MISSING,OFFPLAN_RENTAL_NOT_EVALUATED,,,0.0,,NONE,False,NONE,OFFPLAN_RENTAL_NOT_EVALUATED,,Offplan properties not evaluated for current rent,,,,,,,,,,,,,,,,,,,,,,,,,
3828,offplan,Saadiyat Island,henge residences,2.0,1905.0,3600000.0,DLD_MISSING,OFFPLAN_RENTAL_NOT_EVALUATED,,,0.0,,NONE,False,NONE,OFFPLAN_RENTAL_NOT_EVALUATED,,Offplan properties not evaluated for current rent,,,,,,,,,,,,,,,,,,,,,,,,,
2889,offplan,Al Marjan Island,masa residence,0.0,427.0,950000.0,DLD_MISSING,OFFPLAN_RENTAL_NOT_EVALUATED,,,0.0,,NONE,False,NONE,OFFPLAN_RENTAL_NOT_EVALUATED,,Offplan properties not evaluated for current rent,,,,,,,,,,,,,,,,,,,,,,,,,
6274,offplan,Dubai Islands,reef 997,1.0,780.0,2184591.0,DLD_MISSING,OFFPLAN_RENTAL_NOT_EVALUATED,,,0.0,,NONE,False,NONE,OFFPLAN_RENTAL_NOT_EVALUATED,,Offplan properties not evaluated for current rent,,,,,,,,,,,,,,,,,,,,,,,,,
6904,ready,Dubai Creek Harbour,creek edge,1.0,689.0,931000.0,DLD_MATCH,R2,87538.63410431854,9.402645983278038,84.0,median_psf_times_size,PROJECT_LEVEL,False,NONE,SHADOW_RESEARCH,Al Khairan First,,64.0,0.0,,,insufficient_data,0.0,True,84.0,90000.0,87538.63410431854,median_psf_times_size,0.8,False,0.0,,,insufficient_data,0.0,True,4231.0,90000.0,88664.6989283921,median_psf_times_size,0.4,False
7074,offplan,Dubai Maritime City,orise by beyond,2.0,2023.0,5200000.0,DLD_MISSING,OFFPLAN_RENTAL_NOT_EVALUATED,,,0.0,,NONE,False,NONE,OFFPLAN_RENTAL_NOT_EVALUATED,,Offplan properties not evaluated for current rent,,,,,,,,,,,,,,,,,,,,,,,,,
1885,offplan,District One,naya,2.0,1204.0,2900000.0,DLD_MISSING,OFFPLAN_RENTAL_NOT_EVALUATED,,,0.0,,NONE,False,NONE,OFFPLAN_RENTAL_NOT_EVALUATED,,Offplan properties not evaluated for current rent,,,,,,,,,,,,,,,,,,,,,,,,,
6345,offplan,Arjan,the central downtown,1.0,1845.0,2380890.0,DLD_MATCH,OFFPLAN_RENTAL_NOT_EVALUATED,,,0.0,,NONE,False,NONE,OFFPLAN_RENTAL_NOT_EVALUATED,,Offplan properties not evaluated for current rent,,,,,,,,,,,,,,,,,,,,,,,,,
6447,offplan,Al Reem island,saas heights,1.0,1015.0,2030210.0,DLD_MISSING,OFFPLAN_RENTAL_NOT_EVALUATED,,,0.0,,NONE,False,NONE,OFFPLAN_RENTAL_NOT_EVALUATED,,Offplan properties not evaluated for current rent,,,,,,,,,,,,,,,,,,,,,,,,,
5241,offplan,Palm Jumeirah,serenia living,3.0,5985.0,26500000.0,DLD_MATCH,OFFPLAN_RENTAL_NOT_EVALUATED,,,0.0,,NONE,False,NONE,OFFPLAN_RENTAL_NOT_EVALUATED,,Offplan properties not evaluated for current rent,,,,,,,,,,,,,,,,,,,,,,,,,
5883,offplan,Damac Hills,golf greens,3.0,3890.0,4940000.0,DLD_MISSING,OFFPLAN_RENTAL_NOT_EVALUATED,,,0.0,,NONE,False,NONE,OFFPLAN_RENTAL_NOT_EVALUATED,,Offplan properties not evaluated for current rent,,,,,,,,,,,,,,,,,,,,,,,,,
7429,offplan,Al Marjan Island,address residences,1.0,734.0,8483888.0,DLD_MISSING,OFFPLAN_RENTAL_NOT_EVALUATED,,,0.0,,NONE,False,NONE,OFFPLAN_RENTAL_NOT_EVALUATED,,Offplan properties not evaluated for current rent,,,,,,,,,,,,,,,,,,,,,,,,,
6182,offplan,Business Bay,chic tower,2.0,1528.0,4277000.0,DLD_MATCH,OFFPLAN_RENTAL_NOT_EVALUATED,,,0.0,,NONE,False,NONE,OFFPLAN_RENTAL_NOT_EVALUATED,,Offplan properties not evaluated for current rent,,,,,,,,,,,,,,,,,,,,,,,,,
6779,offplan,Expo City,sidr residences,1.0,1492.0,2685000.0,DLD_MISSING,OFFPLAN_RENTAL_NOT_EVALUATED,,,0.0,,NONE,False,NONE,OFFPLAN_RENTAL_NOT_EVALUATED,,Offplan properties not evaluated for current rent,,,,,,,,,,,,,,,,,,,,,,,,,
3546,offplan,Dubai Islands,reef 997,2.0,1219.0,3206115.0,DLD_MISSING,OFFPLAN_RENTAL_NOT_EVALUATED,,,0.0,,NONE,False,NONE,OFFPLAN_RENTAL_NOT_EVALUATED,,Offplan properties not evaluated for current rent,,,,,,,,,,,,,,,,,,,,,,,,,
3974,offplan,Dubai Maritime City,soulever by beyond,2.0,2888.0,12607000.0,DLD_MATCH,OFFPLAN_RENTAL_NOT_EVALUATED,,,0.0,,NONE,False,NONE,OFFPLAN_RENTAL_NOT_EVALUATED,,Offplan properties not evaluated for current rent,,,,,,,,,,,,,,,,,,,,,,,,,
8436,offplan,Dubai Maritime City,orise by beyond,3.0,2475.0,7900000.0,DLD_MISSING,OFFPLAN_RENTAL_NOT_EVALUATED,,,0.0,,NONE,False,NONE,OFFPLAN_RENTAL_NOT_EVALUATED,,Offplan properties not evaluated for current rent,,,,,,,,,,,,,,,,,,,,,,,,,
1738,offplan,Al Marjan Island,w hotel and residences,3.0,6811.0,27048800.0,DLD_MISSING,OFFPLAN_RENTAL_NOT_EVALUATED,,,0.0,,NONE,False,NONE,OFFPLAN_RENTAL_NOT_EVALUATED,,Offplan properties not evaluated for current rent,,,,,,,,,,,,,,,,,,,,,,,,,
3668,ready,Business Bay,nobles tower,1.0,847.0,2702660.0,DLD_MISSING,R4,91077.64983138973,3.36992628859678,2761.0,median_psf_times_size,AREA_LEVEL,False,NONE,SHADOW_RESEARCH,Business Bay,,78.7,0.0,,,insufficient_data,0.0,True,0.0,,,insufficient_data,0.0,True,0.0,,,insufficient_data,0.0,True,2761.0,90000.0,91077.64983138973,median_psf_times_size,0.4,False
812,offplan,Jumeirah Lake Towers,hilton residences,1.0,803.0,3201000.0,DLD_MISSING,OFFPLAN_RENTAL_NOT_EVALUATED,,,0.0,,NONE,False,NONE,OFFPLAN_RENTAL_NOT_EVALUATED,,Offplan properties not evaluated for current rent,,,,,,,,,,,,,,,,,,,,,,,,,
3818,offplan,Meydan City,the symphony by imtiaz,2.0,1294.0,3439164.0,DLD_MISSING,OFFPLAN_RENTAL_NOT_EVALUATED,,,0.0,,NONE,False,NONE,OFFPLAN_RENTAL_NOT_EVALUATED,,Offplan properties not evaluated for current rent,,,,,,,,,,,,,,,,,,,,,,,,,
1979,offplan,Business Bay,the quayside,0.0,542.0,1300000.0,DLD_NO_EVIDENCE,OFFPLAN_RENTAL_NOT_EVALUATED,,,0.0,,NONE,False,NONE,OFFPLAN_RENTAL_NOT_EVALUATED,,Offplan properties not evaluated for current rent,,,,,,,,,,,,,,,,,,,,,,,,,
7774,offplan,Dubai Marina,liv lux,1.0,833.0,2899550.0,DLD_MATCH,OFFPLAN_RENTAL_NOT_EVALUATED,,,0.0,,NONE,False,NONE,OFFPLAN_RENTAL_NOT_EVALUATED,,Offplan properties not evaluated for current rent,,,,,,,,,,,,,,,,,,,,,,,,,
7958,offplan,Dubai Maritime City,the pier residences,2.0,1022.0,2683290.0,DLD_MISSING,OFFPLAN_RENTAL_NOT_EVALUATED,,,0.0,,NONE,False,NONE,OFFPLAN_RENTAL_NOT_EVALUATED,,Offplan properties not evaluated for current rent,,,,,,,,,,,,,,,,,,,,,,,,,
502,offplan,Yas Island,the icon tower,1.0,644.0,1990000.0,DLD_MISSING,OFFPLAN_RENTAL_NOT_EVALUATED,,,0.0,,NONE,False,NONE,OFFPLAN_RENTAL_NOT_EVALUATED,,Offplan properties not evaluated for current rent,,,,,,,,,,,,,,,,,,,,,,,,,
5388,offplan,Al Reem island,saas heights,2.0,2705.0,3468130.0,DLD_MISSING,OFFPLAN_RENTAL_NOT_EVALUATED,,,0.0,,NONE,False,NONE,OFFPLAN_RENTAL_NOT_EVALUATED,,Offplan properties not evaluated for current rent,,,,,,,,,,,,,,,,,,,,,,,,,
384,offplan,Khalifa City,reportage village khalifa city,3.0,4075.0,4374120.0,DLD_MISSING,OFFPLAN_RENTAL_NOT_EVALUATED,,,0.0,,NONE,False,NONE,OFFPLAN_RENTAL_NOT_EVALUATED,,Offplan properties not evaluated for current rent,,,,,,,,,,,,,,,,,,,,,,,,,
5217,offplan,Dubai Islands,azura residences,3.0,2469.0,4710190.0,DLD_NO_EVIDENCE,OFFPLAN_RENTAL_NOT_EVALUATED,,,0.0,,NONE,False,NONE,OFFPLAN_RENTAL_NOT_EVALUATED,,Offplan properties not evaluated for current rent,,,,,,,,,,,,,,,,,,,,,,,,,
484,offplan,Dubai Islands,haven living,2.0,2549.0,4341000.0,DLD_NO_EVIDENCE,OFFPLAN_RENTAL_NOT_EVALUATED,,,0.0,,NONE,False,NONE,OFFPLAN_RENTAL_NOT_EVALUATED,,Offplan properties not evaluated for current rent,,,,,,,,,,,,,,,,,,,,,,,,,
8410,offplan,Dubai Hills Estate,the berkeley residences,1.0,850.0,1924990.0,DLD_MISSING,OFFPLAN_RENTAL_NOT_EVALUATED,,,0.0,,NONE,False,NONE,OFFPLAN_RENTAL_NOT_EVALUATED,,Offplan properties not evaluated for current rent,,,,,,,,,,,,,,,,,,,,,,,,,
8186,offplan,Yas Island,the icon tower,0.0,407.0,1345000.0,DLD_MISSING,OFFPLAN_RENTAL_NOT_EVALUATED,,,0.0,,NONE,False,NONE,OFFPLAN_RENTAL_NOT_EVALUATED,,Offplan properties not evaluated for current rent,,,,,,,,,,,,,,,,,,,,,,,,,
6475,offplan,Business Bay,canal crown,2.0,4396.0,9882000.0,DLD_MATCH,OFFPLAN_RENTAL_NOT_EVALUATED,,,0.0,,NONE,False,NONE,OFFPLAN_RENTAL_NOT_EVALUATED,,Offplan properties not evaluated for current rent,,,,,,,,,,,,,,,,,,,,,,,,,
543,offplan,Al Satwa,alba tower,1.0,908.0,1988810.0,DLD_MATCH,OFFPLAN_RENTAL_NOT_EVALUATED,,,0.0,,NONE,False,NONE,OFFPLAN_RENTAL_NOT_EVALUATED,,Offplan properties not evaluated for current rent,,,,,,,,,,,,,,,,,,,,,,,,,
4916,offplan,Jumeirah Lake Towers,marriott residences jlt,1.0,887.0,1980000.0,DLD_MISSING,OFFPLAN_RENTAL_NOT_EVALUATED,,,0.0,,NONE,False,NONE,OFFPLAN_RENTAL_NOT_EVALUATED,,Offplan properties not evaluated for current rent,,,,,,,,,,,,,,,,,,,,,,,,,
1767,offplan,Dubai Creek Harbour,address residences,1.0,734.0,2000000.0,DLD_MISSING,OFFPLAN_RENTAL_NOT_EVALUATED,,,0.0,,NONE,False,NONE,OFFPLAN_RENTAL_NOT_EVALUATED,,Offplan properties not evaluated for current rent,,,,,,,,,,,,,,,,,,,,,,,,,
8169,offplan,Al Marjan Island,address residences,1.0,734.0,2000000.0,DLD_MISSING,OFFPLAN_RENTAL_NOT_EVALUATED,,,0.0,,NONE,False,NONE,OFFPLAN_RENTAL_NOT_EVALUATED,,Offplan properties not evaluated for current rent,,,,,,,,,,,,,,,,,,,,,,,,,
6173,offplan,Al Marjan Island,masa residence,2.0,2610.0,5700000.0,DLD_MISSING,OFFPLAN_RENTAL_NOT_EVALUATED,,,0.0,,NONE,False,NONE,OFFPLAN_RENTAL_NOT_EVALUATED,,Offplan properties not evaluated for current rent,,,,,,,,,,,,,,,,,,,,,,,,,
4496,offplan,Jumeirah village circle,samana waves phase ii,2.0,1491.0,2350000.0,DLD_MISSING,OFFPLAN_RENTAL_NOT_EVALUATED,,,0.0,,NONE,False,NONE,OFFPLAN_RENTAL_NOT_EVALUATED,,Offplan properties not evaluated for current rent,,,,,,,,,,,,,,,,,,,,,,,,,
2288,offplan,Al Maryah Island,reportage tower,2.0,1206.0,2828894.0,DLD_MISSING,OFFPLAN_RENTAL_NOT_EVALUATED,,,0.0,,NONE,False,NONE,OFFPLAN_RENTAL_NOT_EVALUATED,,Offplan properties not evaluated for current rent,,,,,,,,,,,,,,,,,,,,,,,,,
2283,offplan,Al Marjan Island,the residences at sheraton,0.0,729.0,2414560.0,DLD_MISSING,OFFPLAN_RENTAL_NOT_EVALUATED,,,0.0,,NONE,False,NONE,OFFPLAN_RENTAL_NOT_EVALUATED,,Offplan properties not evaluated for current rent,,,,,,,,,,,,,,,,,,,,,,,,,
7406,offplan,Jumeirah village circle,samana waves phase ii,2.0,1565.0,2673930.0,DLD_MISSING,OFFPLAN_RENTAL_NOT_EVALUATED,,,0.0,,NONE,False,NONE,OFFPLAN_RENTAL_NOT_EVALUATED,,Offplan properties not evaluated for current rent,,,,,,,,,,,,,,,,,,,,,,,,,
7061,ready,Palm Jumeirah,azizi mina,2.0,1522.0,4500000.0,DLD_MATCH,R4,179327.491385951,3.9850553641322444,917.0,median_psf_times_size,AREA_LEVEL,False,NONE,SHADOW_RESEARCH,Palm Jumeirah,,141.4,0.0,,,insufficient_data,0.0,True,0.0,,,insufficient_data,0.0,True,0.0,,,insufficient_data,0.0,True,917.0,183491.21,179327.491385951,median_psf_times_size,0.4,False
3033,offplan,Dubai Harbour,w the residences by arada,2.0,1534.0,5845000.0,DLD_MISSING,OFFPLAN_RENTAL_NOT_EVALUATED,,,0.0,,NONE,False,NONE,OFFPLAN_RENTAL_NOT_EVALUATED,,Offplan properties not evaluated for current rent,,,,,,,,,,,,,,,,,,,,,,,,,
468,offplan,Dubai Islands,reef 997,3.0,2535.0,7178682.0,DLD_MISSING,OFFPLAN_RENTAL_NOT_EVALUATED,,,0.0,,NONE,False,NONE,OFFPLAN_RENTAL_NOT_EVALUATED,,Offplan properties not evaluated for current rent,,,,,,,,,,,,,,,,,,,,,,,,,
392,ready,Business Bay,marriott residences,1.0,732.0,2576780.0,DLD_MISSING,R4,85006.28160007679,3.2989343909870765,2344.0,median_psf_times_size,AREA_LEVEL,False,NONE,SHADOW_RESEARCH,Business Bay,,68.0,0.0,,,insufficient_data,0.0,True,0.0,,,insufficient_data,0.0,True,0.0,,,insufficient_data,0.0,True,2344.0,85000.0,85006.28160007679,median_psf_times_size,0.4,False
3421,offplan,Al Marjan Island,w residences al marjan island rak,2.0,1615.0,6696000.0,DLD_MISSING,OFFPLAN_RENTAL_NOT_EVALUATED,,,0.0,,NONE,False,NONE,OFFPLAN_RENTAL_NOT_EVALUATED,,Offplan properties not evaluated for current rent,,,,,,,,,,,,,,,,,,,,,,,,,
6212,offplan,Saadiyat Island,mandarin oriental residences,3.0,2649.0,25038304.0,DLD_MISSING,OFFPLAN_RENTAL_NOT_EVALUATED,,,0.0,,NONE,False,NONE,OFFPLAN_RENTAL_NOT_EVALUATED,,Offplan properties not evaluated for current rent,,,,,,,,,,,,,,,,,,,,,,,,,
7542,offplan,Al Marjan Island,sora beach residences phases 1 and 2,1.0,877.0,2952878.0,DLD_MISSING,OFFPLAN_RENTAL_NOT_EVALUATED,,,0.0,,NONE,False,NONE,OFFPLAN_RENTAL_NOT_EVALUATED,,Offplan properties not evaluated for current rent,,,,,,,,,,,,,,,,,,,,,,,,,
6079,offplan,Dubai Marina,liv waterside,2.0,3607.0,11699500.0,DLD_MISSING,OFFPLAN_RENTAL_NOT_EVALUATED,,,0.0,,NONE,False,NONE,OFFPLAN_RENTAL_NOT_EVALUATED,,Offplan properties not evaluated for current rent,,,,,,,,,,,,,,,,,,,,,,,,,
3190,ready,Palm Jumeirah,azizi mina,1.0,1173.0,3667000.0,DLD_MATCH,R4,142807.66192282288,3.8944003796788347,549.0,median_psf_times_size,AREA_LEVEL,False,NONE,SHADOW_RESEARCH,Palm Jumeirah,,109.0,0.0,,,insufficient_data,0.0,True,0.0,,,insufficient_data,0.0,True,0.0,,,insufficient_data,0.0,True,549.0,150000.0,142807.66192282288,median_psf_times_size,0.4,False
5116,offplan,Dubai Marina,madain tower,2.0,1492.0,3590840.0,DLD_MISSING,OFFPLAN_RENTAL_NOT_EVALUATED,,,0.0,,NONE,False,NONE,OFFPLAN_RENTAL_NOT_EVALUATED,,Offplan properties not evaluated for current rent,,,,,,,,,,,,,,,,,,,,,,,,,
7820,offplan,Palm Jumeirah,sls residences,3.0,2272.0,9082060.0,DLD_MISSING,OFFPLAN_RENTAL_NOT_EVALUATED,,,0.0,,NONE,False,NONE,OFFPLAN_RENTAL_NOT_EVALUATED,,Offplan properties not evaluated for current rent,,,,,,,,,,,,,,,,,,,,,,,,,
2969,offplan,Saadiyat Island,mandarin oriental residences,2.0,2200.0,16202205.0,DLD_MISSING,OFFPLAN_RENTAL_NOT_EVALUATED,,,0.0,,NONE,False,NONE,OFFPLAN_RENTAL_NOT_EVALUATED,,Offplan properties not evaluated for current rent,,,,,,,,,,,,,,,,,,,,,,,,,
5609,offplan,Saadiyat Island,mamsha gardens,2.0,1975.0,6973300.0,DLD_MISSING,OFFPLAN_RENTAL_NOT_EVALUATED,,,0.0,,NONE,False,NONE,OFFPLAN_RENTAL_NOT_EVALUATED,,Offplan properties not evaluated for current rent,,,,,,,,,,,,,,,,,,,,,,,,,
5959,offplan,Downtown Dubai,rixos residences,1.0,1174.0,4019000.0,DLD_MISSING,OFFPLAN_RENTAL_NOT_EVALUATED,,,0.0,,NONE,False,NONE,OFFPLAN_RENTAL_NOT_EVALUATED,,Offplan properties not evaluated for current rent,,,,,,,,,,,,,,,,,,,,,,,,,
4254,offplan,Palm Jumeirah,olaia residences,4.0,2999.0,14392800.0,DLD_NO_EVIDENCE,OFFPLAN_RENTAL_NOT_EVALUATED,,,0.0,,NONE,False,NONE,OFFPLAN_RENTAL_NOT_EVALUATED,,Offplan properties not evaluated for current rent,,,,,,,,,,,,,,,,,,,,,,,,,
1476,offplan,Saadiyat Island,mandarin oriental residences,1.0,1084.0,6577229.0,DLD_MISSING,OFFPLAN_RENTAL_NOT_EVALUATED,,,0.0,,NONE,False,NONE,OFFPLAN_RENTAL_NOT_EVALUATED,,Offplan properties not evaluated for current rent,,,,,,,,,,,,,,,,,,,,,,,,,
3999,offplan,Sheikh Zayed Road,burj azizi,2.0,991.0,8825000.0,DLD_MISSING,OFFPLAN_RENTAL_NOT_EVALUATED,,,0.0,,NONE,False,NONE,OFFPLAN_RENTAL_NOT_EVALUATED,,Offplan properties not evaluated for current rent,,,,,,,,,,,,,,,,,,,,,,,,,
4918,offplan,Palm Jumeirah,sls residences,2.0,1665.0,8274000.0,DLD_MISSING,OFFPLAN_RENTAL_NOT_EVALUATED,,,0.0,,NONE,False,NONE,OFFPLAN_RENTAL_NOT_EVALUATED,,Offplan properties not evaluated for current rent,,,,,,,,,,,,,,,,,,,,,,,,,
7930,ready,Palm Jumeirah,muraba residences,2.0,1965.0,7826920.0,DLD_MISSING,R4,220875.1697432386,2.821993450083029,1049.0,median_psf_times_size,AREA_LEVEL,False,NONE,SHADOW_RESEARCH,Palm Jumeirah,,182.6,0.0,,,insufficient_data,0.0,True,0.0,,,insufficient_data,0.0,True,0.0,,,insufficient_data,0.0,True,1049.0,215000.0,220875.1697432386,median_psf_times_size,0.4,False
1871,offplan,Al Marjan Island,w residences al marjan island rak,2.0,2819.0,10588000.0,DLD_MISSING,OFFPLAN_RENTAL_NOT_EVALUATED,,,0.0,,NONE,False,NONE,OFFPLAN_RENTAL_NOT_EVALUATED,,Offplan properties not evaluated for current rent,,,,,,,,,,,,,,,,,,,,,,,,,
7058,offplan,Al Sufouh 2,cavalli tower,3.0,15300.0,86967000.0,DLD_MISSING,OFFPLAN_RENTAL_NOT_EVALUATED,,,0.0,,NONE,False,NONE,OFFPLAN_RENTAL_NOT_EVALUATED,,Offplan properties not evaluated for current rent,,,,,,,,,,,,,,,,,,,,,,,,,
7968,offplan,Sheikh Zayed Road,burj azizi,2.0,1310.0,14767000.0,DLD_MISSING,OFFPLAN_RENTAL_NOT_EVALUATED,,,0.0,,NONE,False,NONE,OFFPLAN_RENTAL_NOT_EVALUATED,,Offplan properties not evaluated for current rent,,,,,,,,,,,,,,,,,,,,,,,,,
2332,offplan,Sheikh Zayed Road,burj azizi,1.0,788.0,8568000.0,DLD_MISSING,OFFPLAN_RENTAL_NOT_EVALUATED,,,0.0,,NONE,False,NONE,OFFPLAN_RENTAL_NOT_EVALUATED,,Offplan properties not evaluated for current rent,,,,,,,,,,,,,,,,,,,,,,,,,
5642,offplan,Palm Jumeirah,sls residences,2.0,4268.0,23429000.0,DLD_MISSING,OFFPLAN_RENTAL_NOT_EVALUATED,,,0.0,,NONE,False,NONE,OFFPLAN_RENTAL_NOT_EVALUATED,,Offplan properties not evaluated for current rent,,,,,,,,,,,,,,,,,,,,,,,,,
3008,offplan,Palm Jumeirah,sls residences,3.0,5998.0,35285300.0,DLD_MISSING,OFFPLAN_RENTAL_NOT_EVALUATED,,,0.0,,NONE,False,NONE,OFFPLAN_RENTAL_NOT_EVALUATED,,Offplan properties not evaluated for current rent,,,,,,,,,,,,,,,,,,,,,,,,,
7266,ready,Business Bay,ahad residences,1.0,894.0,1800000.0,DLD_MATCH,R2,122453.35310780292,6.802964061544607,54.0,median_psf_times_size,PROJECT_LEVEL,False,NONE,SHADOW_RESEARCH,Business Bay,,83.1,0.0,,,insufficient_data,0.0,True,54.0,120000.0,122453.35310780292,median_psf_times_size,0.8,False,0.0,,,insufficient_data,0.0,True,2749.0,90000.0,93168.31484405724,median_psf_times_size,0.4,False
1074,ready,Business Bay,ahad residences,0.0,453.0,1250000.0,DLD_MATCH,R3,61454.68265229996,4.916374612183997,58.0,median_psf_times_size,AREA_BEDROOM_LEVEL,False,NONE,SHADOW_RESEARCH,Business Bay,,42.1,0.0,,,insufficient_data,0.0,True,22.0,85619.05,86484.35751949639,median_psf_times_size,0.8,False,58.0,65000.0,61454.68265229996,median_psf_times_size,0.6,False,2339.0,65000.0,63048.80467421426,median_psf_times_size,0.4,False
4299,unknown,Jumeirah Village Triangle,essenl1fe residence,1.0,900.0,1338520.0,DLD_MISSING,STATUS_NOT_ELIGIBLE_FOR_CURRENT_RENT,,,0.0,,NONE,False,NONE,STATUS_NOT_ELIGIBLE_FOR_CURRENT_RENT,,Unknown status properties not evaluated for current rent,,,,,,,,,,,,,,,,,,,,,,,,,
1361,offplan,Yas Island,manchester city yas residences by ohana,3.0,1884.0,4450000.0,DLD_MISSING,OFFPLAN_RENTAL_NOT_EVALUATED,,,0.0,,NONE,False,NONE,OFFPLAN_RENTAL_NOT_EVALUATED,,Offplan properties not evaluated for current rent,,,,,,,,,,,,,,,,,,,,,,,,,
1385,offplan,Dubai Hills Estate,hyde residences,3.0,1782.0,5800780.0,DLD_MISSING,OFFPLAN_RENTAL_NOT_EVALUATED,,,0.0,,NONE,False,NONE,OFFPLAN_RENTAL_NOT_EVALUATED,,Offplan properties not evaluated for current rent,,,,,,,,,,,,,,,,,,,,,,,,,
6954,ready,Business Bay,terraces marasi drive,1.0,,2000000.0,DLD_MATCH,R2,140000.0,7.000000000000001,31.0,median_annual,PROJECT_LEVEL,False,NONE,SHADOW_RESEARCH,Business Bay,,,0.0,,,insufficient_data,0.0,True,31.0,140000.0,140000.0,median_annual,0.8,False,1.0,,,insufficient_data,0.0,True,10000.0,94500.0,94500.0,median_annual,0.4,False
6473,ready,Jumeirah village circle,empire residences,1.0,701.0,950000.0,DLD_MISSING,R4,62543.20386108706,6.583495143272322,3540.0,median_psf_times_size,AREA_LEVEL,False,NONE,SHADOW_RESEARCH,Al Barsha South Fourth,,65.1,0.0,,,insufficient_data,0.0,True,0.0,,,insufficient_data,0.0,True,0.0,,,insufficient_data,0.0,True,3540.0,65000.0,62543.20386108706,median_psf_times_size,0.4,False
6437,offplan,Jumeirah village circle,elitz 3,3.0,1521.0,2414000.0,DLD_MISSING,OFFPLAN_RENTAL_NOT_EVALUATED,,,0.0,,NONE,False,NONE,OFFPLAN_RENTAL_NOT_EVALUATED,,Offplan properties not evaluated for current rent,,,,,,,,,,,,,,,,,,,,,,,,,
4138,offplan,Dubai Creek Harbour,creek waters 2,3.0,2916.0,4100000.0,DLD_MATCH,OFFPLAN_RENTAL_NOT_EVALUATED,,,0.0,,NONE,False,NONE,OFFPLAN_RENTAL_NOT_EVALUATED,,Offplan properties not evaluated for current rent,,,,,,,,,,,,,,,,,,,,,,,,,
6438,offplan,Dubai Creek Harbour,creek waters 2,3.0,2916.0,4100000.0,DLD_MATCH,OFFPLAN_RENTAL_NOT_EVALUATED,,,0.0,,NONE,False,NONE,OFFPLAN_RENTAL_NOT_EVALUATED,,Offplan properties not evaluated for current rent,,,,,,,,,,,,,,,,,,,,,,,,,
7725,offplan,Dubai Sports City,binghatti haven,1.0,771.0,2530000.0,DLD_MATCH,OFFPLAN_RENTAL_NOT_EVALUATED,,,0.0,,NONE,False,NONE,OFFPLAN_RENTAL_NOT_EVALUATED,,Offplan properties not evaluated for current rent,,,,,,,,,,,,,,,,,,,,,,,,,
4311,offplan,Jumeirah Islands,the west residence at serenia district,3.0,2631.0,6500000.0,DLD_MISSING,OFFPLAN_RENTAL_NOT_EVALUATED,,,0.0,,NONE,False,NONE,OFFPLAN_RENTAL_NOT_EVALUATED,,Offplan properties not evaluated for current rent,,,,,,,,,,,,,,,,,,,,,,,,,
6522,offplan,Dubai Harbour,dubai harbour residence,4.0,8073.0,21918000.0,DLD_MISSING,OFFPLAN_RENTAL_NOT_EVALUATED,,,0.0,,NONE,False,NONE,OFFPLAN_RENTAL_NOT_EVALUATED,,Offplan properties not evaluated for current rent,,,,,,,,,,,,,,,,,,,,,,,,,
2133,offplan,Dubai Land Residence Complex,coventry gardens 2,2.0,1077.0,1214000.0,DLD_MISSING,OFFPLAN_RENTAL_NOT_EVALUATED,,,0.0,,NONE,False,NONE,OFFPLAN_RENTAL_NOT_EVALUATED,,Offplan properties not evaluated for current rent,,,,,,,,,,,,,,,,,,,,,,,,,
693,offplan,Jumeirah Village Triangle,tranquil wellness residences,1.0,751.0,1693750.0,DLD_MISSING,OFFPLAN_RENTAL_NOT_EVALUATED,,,0.0,,NONE,False,NONE,OFFPLAN_RENTAL_NOT_EVALUATED,,Offplan properties not evaluated for current rent,,,,,,,,,,,,,,,,,,,,,,,,,
2378,ready,Jumeirah village circle,7 park central by meteora,1.0,768.0,985000.0,DLD_MATCH,R4,67106.97111041678,6.812890468062617,4407.0,median_psf_times_size,AREA_LEVEL,False,NONE,SHADOW_RESEARCH,Al Barsha South Fourth,,71.3,0.0,,,insufficient_data,0.0,True,0.0,,,insufficient_data,0.0,True,0.0,,,insufficient_data,0.0,True,4407.0,66150.0,67106.97111041678,median_psf_times_size,0.4,False
7142,offplan,Jumeirah Village Triangle,w1nner tower,1.0,858.0,1306400.0,DLD_MISSING,OFFPLAN_RENTAL_NOT_EVALUATED,,,0.0,,NONE,False,NONE,OFFPLAN_RENTAL_NOT_EVALUATED,,Offplan properties not evaluated for current rent,,,,,,,,,,,,,,,,,,,,,,,,,
2424,offplan,Dubai Land Residence Complex,samana avenue,1.0,1035.0,1378030.0,DLD_MATCH,OFFPLAN_RENTAL_NOT_EVALUATED,,,0.0,,NONE,False,NONE,OFFPLAN_RENTAL_NOT_EVALUATED,,Offplan properties not evaluated for current rent,,,,,,,,,,,,,,,,,,,,,,,,,
6690,ready,Arjan,samana hills,1.0,585.0,849501.0,DLD_MATCH,R2,67817.12381870935,7.983171746555843,29.0,median_psf_times_size,PROJECT_LEVEL,False,NONE,SHADOW_RESEARCH,Al Barshaa South Third,,54.3,0.0,,,insufficient_data,0.0,True,29.0,68000.0,67817.12381870935,median_psf_times_size,0.8,False,0.0,,,insufficient_data,0.0,True,1601.0,50000.0,53168.050450587114,median_psf_times_size,0.4,False
6715,offplan,Dubai Marina,habtoor grand residences,4.0,4592.0,23694800.0,DLD_MISSING,OFFPLAN_RENTAL_NOT_EVALUATED,,,0.0,,NONE,False,NONE,OFFPLAN_RENTAL_NOT_EVALUATED,,Offplan properties not evaluated for current rent,,,,,,,,,,,,,,,,,,,,,,,,,
6909,offplan,Dubai Harbour,dubai harbour residence,4.0,4532.0,22000000.0,DLD_MISSING,OFFPLAN_RENTAL_NOT_EVALUATED,,,0.0,,NONE,False,NONE,OFFPLAN_RENTAL_NOT_EVALUATED,,Offplan properties not evaluated for current rent,,,,,,,,,,,,,,,,,,,,,,,,,
711,offplan,Meydan City,woodland terraces,1.0,846.0,1346838.0,DLD_MATCH,OFFPLAN_RENTAL_NOT_EVALUATED,,,0.0,,NONE,False,NONE,OFFPLAN_RENTAL_NOT_EVALUATED,,Offplan properties not evaluated for current rent,,,,,,,,,,,,,,,,,,,,,,,,,
1122,offplan,International City Phase 2,linden residences,1.0,657.0,820321.0,DLD_MATCH,OFFPLAN_RENTAL_NOT_EVALUATED,,,0.0,,NONE,False,NONE,OFFPLAN_RENTAL_NOT_EVALUATED,,Offplan properties not evaluated for current rent,,,,,,,,,,,,,,,,,,,,,,,,,
1675,offplan,EMAAR Beachfront,address residences the bay,3.0,1969.0,8500000.0,DLD_MISSING,OFFPLAN_RENTAL_NOT_EVALUATED,,,0.0,,NONE,False,NONE,OFFPLAN_RENTAL_NOT_EVALUATED,,Offplan properties not evaluated for current rent,,,,,,,,,,,,,,,,,,,,,,,,,
4627,offplan,EMAAR Beachfront,address residences the bay,3.0,1969.0,8500000.0,DLD_MISSING,OFFPLAN_RENTAL_NOT_EVALUATED,,,0.0,,NONE,False,NONE,OFFPLAN_RENTAL_NOT_EVALUATED,,Offplan properties not evaluated for current rent,,,,,,,,,,,,,,,,,,,,,,,,,
3320,offplan,Dubai Maritime City,damac harbour lights,2.0,2051.0,6666000.0,DLD_MISSING,OFFPLAN_RENTAL_NOT_EVALUATED,,,0.0,,NONE,False,NONE,OFFPLAN_RENTAL_NOT_EVALUATED,,Offplan properties not evaluated for current rent,,,,,,,,,,,,,,,,,,,,,,,,,
7354,offplan,Dubai Land Residence Complex,09 life residences,0.0,391.0,695465.0,DLD_MATCH,OFFPLAN_RENTAL_NOT_EVALUATED,,,0.0,,NONE,False,NONE,OFFPLAN_RENTAL_NOT_EVALUATED,,Offplan properties not evaluated for current rent,,,,,,,,,,,,,,,,,,,,,,,,,
5871,offplan,Town Square Dubai,hillcrest,1.0,1150.0,1225890.0,DLD_MATCH,OFFPLAN_RENTAL_NOT_EVALUATED,,,0.0,,NONE,False,NONE,OFFPLAN_RENTAL_NOT_EVALUATED,,Offplan properties not evaluated for current rent,,,,,,,,,,,,,,,,,,,,,,,,,
4864,offplan,Al Jadaf Waterfront,amazonia residence,1.0,618.0,1250000.0,DLD_MISSING,OFFPLAN_RENTAL_NOT_EVALUATED,,,0.0,,NONE,False,NONE,OFFPLAN_RENTAL_NOT_EVALUATED,,Offplan properties not evaluated for current rent,,,,,,,,,,,,,,,,,,,,,,,,,
5768,offplan,Dubai Sports City,aurel1a residence,2.0,1262.0,1608860.0,DLD_MISSING,OFFPLAN_RENTAL_NOT_EVALUATED,,,0.0,,NONE,False,NONE,OFFPLAN_RENTAL_NOT_EVALUATED,,Offplan properties not evaluated for current rent,,,,,,,,,,,,,,,,,,,,,,,,,
6015,offplan,Dubai Islands,octa isle interiors by missoni,3.0,1355.0,3277890.0,DLD_MATCH,OFFPLAN_RENTAL_NOT_EVALUATED,,,0.0,,NONE,False,NONE,OFFPLAN_RENTAL_NOT_EVALUATED,,Offplan properties not evaluated for current rent,,,,,,,,,,,,,,,,,,,,,,,,,
2769,offplan,Al Furjan,orvessa residences,3.0,1580.0,2810000.0,DLD_MISSING,OFFPLAN_RENTAL_NOT_EVALUATED,,,0.0,,NONE,False,NONE,OFFPLAN_RENTAL_NOT_EVALUATED,,Offplan properties not evaluated for current rent,,,,,,,,,,,,,,,,,,,,,,,,,
1755,offplan,Dubai Islands,agua residences,4.0,1916.0,4500000.0,DLD_MISSING,OFFPLAN_RENTAL_NOT_EVALUATED,,,0.0,,NONE,False,NONE,OFFPLAN_RENTAL_NOT_EVALUATED,,Offplan properties not evaluated for current rent,,,,,,,,,,,,,,,,,,,,,,,,,
3194,ready,EMAAR Beachfront,sunrise bay,3.0,1925.0,6800000.0,DLD_MATCH,R4,179739.95418911264,2.643234620428127,1625.0,median_psf_times_size,AREA_LEVEL,False,NONE,SHADOW_RESEARCH,Marsa Dubai,,178.8,0.0,,,insufficient_data,0.0,True,10.0,349999.92,349742.46461970377,median_psf_times_size,0.5,False,0.0,,,insufficient_data,0.0,True,1625.0,170000.0,179739.95418911264,median_psf_times_size,0.4,False
3426,offplan,Sobha Central,the pinnacle at sobha central,3.0,1600.0,5400000.0,DLD_MISSING,OFFPLAN_RENTAL_NOT_EVALUATED,,,0.0,,NONE,False,NONE,OFFPLAN_RENTAL_NOT_EVALUATED,,Offplan properties not evaluated for current rent,,,,,,,,,,,,,,,,,,,,,,,,,
2733,offplan,Al Jadaf Waterfront,binghatti ghost,3.0,1603.0,3750000.0,DLD_MATCH,OFFPLAN_RENTAL_NOT_EVALUATED,,,0.0,,NONE,False,NONE,OFFPLAN_RENTAL_NOT_EVALUATED,,Offplan properties not evaluated for current rent,,,,,,,,,,,,,,,,,,,,,,,,,
922,offplan,Al Barari,mayfair vista,3.0,1708.0,2785000.0,DLD_MISSING,OFFPLAN_RENTAL_NOT_EVALUATED,,,0.0,,NONE,False,NONE,OFFPLAN_RENTAL_NOT_EVALUATED,,Offplan properties not evaluated for current rent,,,,,,,,,,,,,,,,,,,,,,,,,
3276,ready,Jumeirah village circle,la residenza,2.0,1126.0,1428000.0,DLD_MATCH,R4,84938.78793853827,5.948094393455062,2197.0,median_psf_times_size,AREA_LEVEL,False,NONE,SHADOW_RESEARCH,Al Barsha South Fourth,,104.6,0.0,,,insufficient_data,0.0,True,11.0,104419.89,99941.5525366337,median_psf_times_size,0.55,False,0.0,,,insufficient_data,0.0,True,2197.0,80000.0,84938.78793853827,median_psf_times_size,0.4,False
1208,ready,Business Bay,marquise square,1.0,1064.0,2100000.0,DLD_MISSING,R4,106708.05690889196,5.08133604328057,2288.0,median_psf_times_size,AREA_LEVEL,False,NONE,SHADOW_RESEARCH,Business Bay,,98.8,0.0,,,insufficient_data,0.0,True,0.0,,,insufficient_data,0.0,True,0.0,,,insufficient_data,0.0,True,2288.0,100000.0,106708.05690889196,median_psf_times_size,0.4,False
5997,offplan,Damac Hills,golf gate 2,2.0,1048.0,1919000.0,DLD_MISSING,OFFPLAN_RENTAL_NOT_EVALUATED,,,0.0,,NONE,False,NONE,OFFPLAN_RENTAL_NOT_EVALUATED,,Offplan properties not evaluated for current rent,,,,,,,,,,,,,,,,,,,,,,,,,
6175,offplan,Town Square Dubai,fiori residences,2.0,848.0,1399888.0,DLD_MISSING,OFFPLAN_RENTAL_NOT_EVALUATED,,,0.0,,NONE,False,NONE,OFFPLAN_RENTAL_NOT_EVALUATED,,Offplan properties not evaluated for current rent,,,,,,,,,,,,,,,,,,,,,,,,,
7157,ready,Business Bay,the atria,3.0,2004.0,4180000.0,DLD_MATCH,R4,168232.85436159774,4.024709434487985,1076.0,median_psf_times_size,AREA_LEVEL,False,NONE,SHADOW_RESEARCH,Business Bay,,186.2,0.0,,,insufficient_data,0.0,True,10.0,205000.0,186484.4453613659,median_psf_times_size,0.5,False,0.0,,,insufficient_data,0.0,True,1076.0,160000.0,168232.85436159774,median_psf_times_size,0.4,False
27,offplan,Dubai Islands,avida residences,2.0,1311.0,2798667.0,DLD_MATCH,OFFPLAN_RENTAL_NOT_EVALUATED,,,0.0,,NONE,False,NONE,OFFPLAN_RENTAL_NOT_EVALUATED,,Offplan properties not evaluated for current rent,,,,,,,,,,,,,,,,,,,,,,,,,
2062,offplan,Al Satwa,chelsea gardens,0.0,481.0,1150890.0,DLD_MATCH,OFFPLAN_RENTAL_NOT_EVALUATED,,,0.0,,NONE,False,NONE,OFFPLAN_RENTAL_NOT_EVALUATED,,Offplan properties not evaluated for current rent,,,,,,,,,,,,,,,,,,,,,,,,,
3662,offplan,Dubai Islands,capital horizon terraces,1.0,697.0,2075920.0,DLD_MATCH,OFFPLAN_RENTAL_NOT_EVALUATED,,,0.0,,NONE,False,NONE,OFFPLAN_RENTAL_NOT_EVALUATED,,Offplan properties not evaluated for current rent,,,,,,,,,,,,,,,,,,,,,,,,,
1830,offplan,Jumeirah Village Triangle,v1v1d tower,1.0,911.0,1289590.0,DLD_MISSING,OFFPLAN_RENTAL_NOT_EVALUATED,,,0.0,,NONE,False,NONE,OFFPLAN_RENTAL_NOT_EVALUATED,,Offplan properties not evaluated for current rent,,,,,,,,,,,,,,,,,,,,,,,,,
1162,offplan,Rashid Yachts & Marina,baystar by vida,2.0,1265.0,4836888.0,DLD_MATCH,OFFPLAN_RENTAL_NOT_EVALUATED,,,0.0,,NONE,False,NONE,OFFPLAN_RENTAL_NOT_EVALUATED,,Offplan properties not evaluated for current rent,,,,,,,,,,,,,,,,,,,,,,,,,
1182,offplan,Dubai Harbour,w the residences by arada,4.0,3602.0,16128000.0,DLD_MISSING,OFFPLAN_RENTAL_NOT_EVALUATED,,,0.0,,NONE,False,NONE,OFFPLAN_RENTAL_NOT_EVALUATED,,Offplan properties not evaluated for current rent,,,,,,,,,,,,,,,,,,,,,,,,,
2003,offplan,Arjan,trinity,1.0,764.0,1164820.0,DLD_MISSING,OFFPLAN_RENTAL_NOT_EVALUATED,,,0.0,,NONE,False,NONE,OFFPLAN_RENTAL_NOT_EVALUATED,,Offplan properties not evaluated for current rent,,,,,,,,,,,,,,,,,,,,,,,,,
7917,offplan,Dubai Islands,house of well 1 and 2,1.0,805.0,1866824.0,DLD_MISSING,OFFPLAN_RENTAL_NOT_EVALUATED,,,0.0,,NONE,False,NONE,OFFPLAN_RENTAL_NOT_EVALUATED,,Offplan properties not evaluated for current rent,,,,,,,,,,,,,,,,,,,,,,,,,
5646,offplan,Dubai Sports City,condor golf links 18,2.0,1097.0,1701520.0,DLD_MATCH,OFFPLAN_RENTAL_NOT_EVALUATED,,,0.0,,NONE,False,NONE,OFFPLAN_RENTAL_NOT_EVALUATED,,Offplan properties not evaluated for current rent,,,,,,,,,,,,,,,,,,,,,,,,,
4773,offplan,Jumeirah village circle,provenza residences,2.0,1191.0,1625000.0,DLD_MATCH,OFFPLAN_RENTAL_NOT_EVALUATED,,,0.0,,NONE,False,NONE,OFFPLAN_RENTAL_NOT_EVALUATED,,Offplan properties not evaluated for current rent,,,,,,,,,,,,,,,,,,,,,,,,,
553,offplan,Jumeirah village circle,binghatti ruby,3.0,1960.0,3125000.0,DLD_NO_EVIDENCE,OFFPLAN_RENTAL_NOT_EVALUATED,,,0.0,,NONE,False,NONE,OFFPLAN_RENTAL_NOT_EVALUATED,,Offplan properties not evaluated for current rent,,,,,,,,,,,,,,,,,,,,,,,,,
6316,ready,Jumeirah Lake Towers,me do re,3.0,2233.0,5500000.0,DLD_MATCH,R4,179019.91377884187,3.25490752325167,354.0,median_psf_times_size,AREA_LEVEL,False,NONE,SHADOW_RESEARCH,Al Thanyah Fifth,,207.5,0.0,,,insufficient_data,0.0,True,2.0,,,insufficient_data,0.0,True,0.0,,,insufficient_data,0.0,True,354.0,163000.0,179019.91377884187,median_psf_times_size,0.4,False
2415,offplan,Majan,samana barari heights,4.0,2024.0,3146667.0,DLD_MATCH,OFFPLAN_RENTAL_NOT_EVALUATED,,,0.0,,NONE,False,NONE,OFFPLAN_RENTAL_NOT_EVALUATED,,Offplan properties not evaluated for current rent,,,,,,,,,,,,,,,,,,,,,,,,,
1775,offplan,Rashid Yachts & Marina,pier point,3.0,1671.0,4100000.0,DLD_MISSING,OFFPLAN_RENTAL_NOT_EVALUATED,,,0.0,,NONE,False,NONE,OFFPLAN_RENTAL_NOT_EVALUATED,,Offplan properties not evaluated for current rent,,,,,,,,,,,,,,,,,,,,,,,,,
7220,offplan,Town Square Dubai,savannah,3.0,1385.0,2020890.0,DLD_MATCH,OFFPLAN_RENTAL_NOT_EVALUATED,,,0.0,,NONE,False,NONE,OFFPLAN_RENTAL_NOT_EVALUATED,,Offplan properties not evaluated for current rent,,,,,,,,,,,,,,,,,,,,,,,,,
5554,offplan,Arjan,kyoto by oro24,1.0,524.0,866000.0,DLD_MATCH,OFFPLAN_RENTAL_NOT_EVALUATED,,,0.0,,NONE,False,NONE,OFFPLAN_RENTAL_NOT_EVALUATED,,Offplan properties not evaluated for current rent,,,,,,,,,,,,,,,,,,,,,,,,,
1312,offplan,Majan,rabdan gates,0.0,388.0,745800.0,DLD_MATCH,OFFPLAN_RENTAL_NOT_EVALUATED,,,0.0,,NONE,False,NONE,OFFPLAN_RENTAL_NOT_EVALUATED,,Offplan properties not evaluated for current rent,,,,,,,,,,,,,,,,,,,,,,,,,
2532,offplan,Al Furjan,manam pearl,1.0,822.0,1211622.0,DLD_MATCH,OFFPLAN_RENTAL_NOT_EVALUATED,,,0.0,,NONE,False,NONE,OFFPLAN_RENTAL_NOT_EVALUATED,,Offplan properties not evaluated for current rent,,,,,,,,,,,,,,,,,,,,,,,,,
1588,offplan,Al Reem island,radiant garden towers,2.0,1295.0,1811000.0,DLD_MISSING,OFFPLAN_RENTAL_NOT_EVALUATED,,,0.0,,NONE,False,NONE,OFFPLAN_RENTAL_NOT_EVALUATED,,Offplan properties not evaluated for current rent,,,,,,,,,,,,,,,,,,,,,,,,,
2231,offplan,Arjan,bond enclave,3.0,2630.0,3474780.0,DLD_MATCH,OFFPLAN_RENTAL_NOT_EVALUATED,,,0.0,,NONE,False,NONE,OFFPLAN_RENTAL_NOT_EVALUATED,,Offplan properties not evaluated for current rent,,,,,,,,,,,,,,,,,,,,,,,,,
6512,offplan,Dubai Creek Harbour,oria,2.0,1289.0,2828780.0,DLD_MATCH,OFFPLAN_RENTAL_NOT_EVALUATED,,,0.0,,NONE,False,NONE,OFFPLAN_RENTAL_NOT_EVALUATED,,Offplan properties not evaluated for current rent,,,,,,,,,,,,,,,,,,,,,,,,,
1520,offplan,Jumeirah village circle,riviera lodge,1.0,932.0,1235000.0,DLD_MISSING,OFFPLAN_RENTAL_NOT_EVALUATED,,,0.0,,NONE,False,NONE,OFFPLAN_RENTAL_NOT_EVALUATED,,Offplan properties not evaluated for current rent,,,,,,,,,,,,,,,,,,,,,,,,,
5216,ready,Jumeirah village circle,oxford terraces 2,2.0,1150.0,1850000.0,DLD_MATCH,R4,86065.43068480861,4.652185442422088,2040.0,median_psf_times_size,AREA_LEVEL,False,NONE,SHADOW_RESEARCH,Al Barsha South Fourth,,106.8,0.0,,,insufficient_data,0.0,True,9.0,130000.0,127188.6857144006,median_psf_times_size,0.45,False,0.0,,,insufficient_data,0.0,True,2040.0,80000.0,86065.43068480861,median_psf_times_size,0.4,False
1746,ready,Jumeirah village circle,binghatti nova,1.0,635.0,950000.0,DLD_MATCH,R2,65311.350508128,6.874879000855579,54.0,median_psf_times_size,PROJECT_LEVEL,False,NONE,SHADOW_RESEARCH,Al Barsha South Fourth,,59.0,0.0,,,insufficient_data,0.0,True,54.0,69000.0,65311.350508128,median_psf_times_size,0.8,False,0.0,,,insufficient_data,0.0,True,2580.0,60000.0,57789.48284086852,median_psf_times_size,0.4,False
7858,offplan,Jumeirah Village Triangle,santorini residences by loutraki,0.0,373.0,790000.0,DLD_NO_EVIDENCE,OFFPLAN_RENTAL_NOT_EVALUATED,,,0.0,,NONE,False,NONE,OFFPLAN_RENTAL_NOT_EVALUATED,,Offplan properties not evaluated for current rent,,,,,,,,,,,,,,,,,,,,,,,,,
6755,offplan,Jumeirah village circle,miami,1.0,864.0,1030000.0,DLD_MISSING,OFFPLAN_RENTAL_NOT_EVALUATED,,,0.0,,NONE,False,NONE,OFFPLAN_RENTAL_NOT_EVALUATED,,Offplan properties not evaluated for current rent,,,,,,,,,,,,,,,,,,,,,,,,,
1237,offplan,Town Square Dubai,hillcrest,3.0,3221.0,2800890.0,DLD_MATCH,OFFPLAN_RENTAL_NOT_EVALUATED,,,0.0,,NONE,False,NONE,OFFPLAN_RENTAL_NOT_EVALUATED,,Offplan properties not evaluated for current rent,,,,,,,,,,,,,,,,,,,,,,,,,
6293,offplan,Arjan,ashley hills,3.0,1454.0,2561024.0,DLD_MATCH,OFFPLAN_RENTAL_NOT_EVALUATED,,,0.0,,NONE,False,NONE,OFFPLAN_RENTAL_NOT_EVALUATED,,Offplan properties not evaluated for current rent,,,,,,,,,,,,,,,,,,,,,,,,,
3512,offplan,Al warsan,chapter 01 by newbury,2.0,1440.0,1476000.0,DLD_MISSING,OFFPLAN_RENTAL_NOT_EVALUATED,,,0.0,,NONE,False,NONE,OFFPLAN_RENTAL_NOT_EVALUATED,,Offplan properties not evaluated for current rent,,,,,,,,,,,,,,,,,,,,,,,,,
7041,offplan,Jumeirah Islands,the west residence at serenia district,2.0,1303.0,3500000.0,DLD_MISSING,OFFPLAN_RENTAL_NOT_EVALUATED,,,0.0,,NONE,False,NONE,OFFPLAN_RENTAL_NOT_EVALUATED,,Offplan properties not evaluated for current rent,,,,,,,,,,,,,,,,,,,,,,,,,
2595,offplan,Liwan Square,parkgreen residences,2.0,1179.0,1532102.0,DLD_MISSING,OFFPLAN_RENTAL_NOT_EVALUATED,,,0.0,,NONE,False,NONE,OFFPLAN_RENTAL_NOT_EVALUATED,,Offplan properties not evaluated for current rent,,,,,,,,,,,,,,,,,,,,,,,,,
5955,offplan,Meydan City,ayaan heights,1.0,777.0,1600000.0,DLD_MISSING,OFFPLAN_RENTAL_NOT_EVALUATED,,,0.0,,NONE,False,NONE,OFFPLAN_RENTAL_NOT_EVALUATED,,Offplan properties not evaluated for current rent,,,,,,,,,,,,,,,,,,,,,,,,,
1370,offplan,Damac Lagoons,damac lagoon views 2,1.0,732.0,1377000.0,DLD_MISSING,OFFPLAN_RENTAL_NOT_EVALUATED,,,0.0,,NONE,False,NONE,OFFPLAN_RENTAL_NOT_EVALUATED,,Offplan properties not evaluated for current rent,,,,,,,,,,,,,,,,,,,,,,,,,
6926,offplan,Dubai South,voi residence,1.0,793.0,933087.0,DLD_MISSING,OFFPLAN_RENTAL_NOT_EVALUATED,,,0.0,,NONE,False,NONE,OFFPLAN_RENTAL_NOT_EVALUATED,,Offplan properties not evaluated for current rent,,,,,,,,,,,,,,,,,,,,,,,,,
1466,offplan,Dubai Maritime City,the pier residences,3.0,1958.0,7128120.0,DLD_MISSING,OFFPLAN_RENTAL_NOT_EVALUATED,,,0.0,,NONE,False,NONE,OFFPLAN_RENTAL_NOT_EVALUATED,,Offplan properties not evaluated for current rent,,,,,,,,,,,,,,,,,,,,,,,,,
6742,offplan,Dubai Industrial City,coventry curve,1.0,749.0,929621.0,DLD_NO_EVIDENCE,OFFPLAN_RENTAL_NOT_EVALUATED,,,0.0,,NONE,False,NONE,OFFPLAN_RENTAL_NOT_EVALUATED,,Offplan properties not evaluated for current rent,,,,,,,,,,,,,,,,,,,,,,,,,
6753,offplan,Liwan Square,parkgreen residences,2.0,1229.0,1536250.0,DLD_MISSING,OFFPLAN_RENTAL_NOT_EVALUATED,,,0.0,,NONE,False,NONE,OFFPLAN_RENTAL_NOT_EVALUATED,,Offplan properties not evaluated for current rent,,,,,,,,,,,,,,,,,,,,,,,,,
3389,offplan,Dubai Islands,sea view residence,1.0,991.0,2322000.0,DLD_MISSING,OFFPLAN_RENTAL_NOT_EVALUATED,,,0.0,,NONE,False,NONE,OFFPLAN_RENTAL_NOT_EVALUATED,,Offplan properties not evaluated for current rent,,,,,,,,,,,,,,,,,,,,,,,,,
3093,offplan,Al Furjan,minati homes 1,2.0,1345.0,1895000.0,DLD_MATCH,OFFPLAN_RENTAL_NOT_EVALUATED,,,0.0,,NONE,False,NONE,OFFPLAN_RENTAL_NOT_EVALUATED,,Offplan properties not evaluated for current rent,,,,,,,,,,,,,,,,,,,,,,,,,
4360,offplan,Dubai Harbour,w the residences by arada,3.0,1931.0,7144000.0,DLD_MISSING,OFFPLAN_RENTAL_NOT_EVALUATED,,,0.0,,NONE,False,NONE,OFFPLAN_RENTAL_NOT_EVALUATED,,Offplan properties not evaluated for current rent,,,,,,,,,,,,,,,,,,,,,,,,,
5867,offplan,Jumeirah village circle,electra acube,2.0,1098.0,1802230.0,DLD_MISSING,OFFPLAN_RENTAL_NOT_EVALUATED,,,0.0,,NONE,False,NONE,OFFPLAN_RENTAL_NOT_EVALUATED,,Offplan properties not evaluated for current rent,,,,,,,,,,,,,,,,,,,,,,,,,
2839,offplan,Dubai Land Residence Complex,verdan1a 3,1.0,723.0,1191854.0,DLD_MISSING,OFFPLAN_RENTAL_NOT_EVALUATED,,,0.0,,NONE,False,NONE,OFFPLAN_RENTAL_NOT_EVALUATED,,Offplan properties not evaluated for current rent,,,,,,,,,,,,,,,,,,,,,,,,,
7105,offplan,Meydan City,woodland crest,2.0,1022.0,2577188.0,DLD_MATCH,OFFPLAN_RENTAL_NOT_EVALUATED,,,0.0,,NONE,False,NONE,OFFPLAN_RENTAL_NOT_EVALUATED,,Offplan properties not evaluated for current rent,,,,,,,,,,,,,,,,,,,,,,,,,
2526,offplan,Dubai South,maak residence,2.0,1360.0,1541250.0,DLD_MISSING,OFFPLAN_RENTAL_NOT_EVALUATED,,,0.0,,NONE,False,NONE,OFFPLAN_RENTAL_NOT_EVALUATED,,Offplan properties not evaluated for current rent,,,,,,,,,,,,,,,,,,,,,,,,,
1307,offplan,Arjan,elano,1.0,516.0,785000.0,DLD_MISSING,OFFPLAN_RENTAL_NOT_EVALUATED,,,0.0,,NONE,False,NONE,OFFPLAN_RENTAL_NOT_EVALUATED,,Offplan properties not evaluated for current rent,,,,,,,,,,,,,,,,,,,,,,,,,
2185,ready,Al Furjan,azizi amber,2.0,992.0,1450000.0,DLD_MATCH,R4,69119.86176006243,4.766887017935339,4185.0,median_psf_times_size,AREA_LEVEL,False,NONE,SHADOW_RESEARCH,Jabal Ali First,,92.2,0.0,,,insufficient_data,0.0,True,13.0,90000.0,90156.3414261684,median_psf_times_size,0.65,False,0.0,,,insufficient_data,0.0,True,4185.0,65542.245,69119.86176006243,median_psf_times_size,0.4,False
2859,ready,Jumeirah village circle,oxford terraces 2,0.0,482.0,880000.0,DLD_MATCH,R3,46878.13973389086,5.3270613333966885,164.0,median_psf_times_size,AREA_BEDROOM_LEVEL,False,NONE,SHADOW_RESEARCH,Al Barsha South Fourth,,44.8,0.0,,,insufficient_data,0.0,True,10.0,65500.0,68787.42046502039,median_psf_times_size,0.5,False,164.0,45000.0,46878.13973389086,median_psf_times_size,0.6,False,2368.0,45000.0,49516.10735735887,median_psf_times_size,0.4,False
5535,offplan,Siniya Island,starline beach residences,3.0,2021.0,5255801.0,DLD_MISSING,OFFPLAN_RENTAL_NOT_EVALUATED,,,0.0,,NONE,False,NONE,OFFPLAN_RENTAL_NOT_EVALUATED,,Offplan properties not evaluated for current rent,,,,,,,,,,,,,,,,,,,,,,,,,
7103,offplan,Dubai Creek Harbour,palace residences north,3.0,1911.0,5000000.0,DLD_MATCH,OFFPLAN_RENTAL_NOT_EVALUATED,,,0.0,,NONE,False,NONE,OFFPLAN_RENTAL_NOT_EVALUATED,,Offplan properties not evaluated for current rent,,,,,,,,,,,,,,,,,,,,,,,,,
2664,offplan,Jumeirah village circle,one sky park,2.0,1388.0,1928250.0,DLD_MISSING,OFFPLAN_RENTAL_NOT_EVALUATED,,,0.0,,NONE,False,NONE,OFFPLAN_RENTAL_NOT_EVALUATED,,Offplan properties not evaluated for current rent,,,,,,,,,,,,,,,,,,,,,,,,,
3453,ready,Arjan,samana hills,0.0,360.0,600000.0,DLD_MATCH,R2,48199.83437751124,8.033305729585207,46.0,median_psf_times_size,PROJECT_LEVEL,False,NONE,SHADOW_RESEARCH,Al Barshaa South Third,,33.4,1.0,,,insufficient_data,0.0,True,46.0,48000.0,48199.83437751124,median_psf_times_size,0.8,False,45.0,52000.0,47755.35536995501,median_psf_times_size,0.6,False,1534.0,48000.0,43517.19534199273,median_psf_times_size,0.4,False
8233,offplan,Nad Al Sheba,celia gardens,2.0,1368.0,3100800.0,DLD_MATCH,OFFPLAN_RENTAL_NOT_EVALUATED,,,0.0,,NONE,False,NONE,OFFPLAN_RENTAL_NOT_EVALUATED,,Offplan properties not evaluated for current rent,,,,,,,,,,,,,,,,,,,,,,,,,
4345,offplan,Jumeirah Village Triangle,guzel towers,1.0,674.0,1015010.0,DLD_MATCH,OFFPLAN_RENTAL_NOT_EVALUATED,,,0.0,,NONE,False,NONE,OFFPLAN_RENTAL_NOT_EVALUATED,,Offplan properties not evaluated for current rent,,,,,,,,,,,,,,,,,,,,,,,,,
8334,offplan,Dubai Islands,esme beach residences,2.0,1496.0,3880000.0,DLD_MATCH,OFFPLAN_RENTAL_NOT_EVALUATED,,,0.0,,NONE,False,NONE,OFFPLAN_RENTAL_NOT_EVALUATED,,Offplan properties not evaluated for current rent,,,,,,,,,,,,,,,,,,,,,,,,,
4963,offplan,Jumeirah village circle,one park square,3.0,3351.0,3000000.0,DLD_MISSING,OFFPLAN_RENTAL_NOT_EVALUATED,,,0.0,,NONE,False,NONE,OFFPLAN_RENTAL_NOT_EVALUATED,,Offplan properties not evaluated for current rent,,,,,,,,,,,,,,,,,,,,,,,,,
1504,offplan,Dubai Islands,mackerel tower,1.0,850.0,1919900.0,DLD_MATCH,OFFPLAN_RENTAL_NOT_EVALUATED,,,0.0,,NONE,False,NONE,OFFPLAN_RENTAL_NOT_EVALUATED,,Offplan properties not evaluated for current rent,,,,,,,,,,,,,,,,,,,,,,,,,
8452,offplan,Dubai Water Canal,casa canal,5.0,8259.0,50000000.0,DLD_MATCH,OFFPLAN_RENTAL_NOT_EVALUATED,,,0.0,,NONE,False,NONE,OFFPLAN_RENTAL_NOT_EVALUATED,,Offplan properties not evaluated for current rent,,,,,,,,,,,,,,,,,,,,,,,,,
1134,offplan,Arabian Ranches 3,anya,3.0,1907.0,2000000.0,DLD_MISSING,OFFPLAN_RENTAL_NOT_EVALUATED,,,0.0,,NONE,False,NONE,OFFPLAN_RENTAL_NOT_EVALUATED,,Offplan properties not evaluated for current rent,,,,,,,,,,,,,,,,,,,,,,,,,
2006,offplan,Al Satwa,chelsea gardens,1.0,871.0,1850890.0,DLD_MATCH,OFFPLAN_RENTAL_NOT_EVALUATED,,,0.0,,NONE,False,NONE,OFFPLAN_RENTAL_NOT_EVALUATED,,Offplan properties not evaluated for current rent,,,,,,,,,,,,,,,,,,,,,,,,,
7100,offplan,Jumeirah Village Triangle,fh residency,2.0,1018.0,1791130.0,DLD_MATCH,OFFPLAN_RENTAL_NOT_EVALUATED,,,0.0,,NONE,False,NONE,OFFPLAN_RENTAL_NOT_EVALUATED,,Offplan properties not evaluated for current rent,,,,,,,,,,,,,,,,,,,,,,,,,
675,offplan,Dubai Land Residence Complex,coventry gardens 2,1.0,758.0,946000.0,DLD_MISSING,OFFPLAN_RENTAL_NOT_EVALUATED,,,0.0,,NONE,False,NONE,OFFPLAN_RENTAL_NOT_EVALUATED,,Offplan properties not evaluated for current rent,,,,,,,,,,,,,,,,,,,,,,,,,
1848,ready,Al Jadaf Waterfront,binghatti twilight,1.0,807.0,1340000.0,DLD_MATCH,R4,69707.37904625626,5.202043212407183,1769.0,median_psf_times_size,AREA_LEVEL,False,NONE,SHADOW_RESEARCH,Al Jadaf,,75.0,0.0,,,insufficient_data,0.0,True,0.0,,,insufficient_data,0.0,True,0.0,,,insufficient_data,0.0,True,1769.0,69719.0,69707.37904625626,median_psf_times_size,0.4,False
7299,ready,Jumeirah village circle,the residence by prestige one,1.0,790.0,1099000.0,DLD_MATCH,R4,68425.52128741813,6.226162082567619,4563.0,median_psf_times_size,AREA_LEVEL,False,NONE,SHADOW_RESEARCH,Al Barsha South Fourth,,73.4,0.0,,,insufficient_data,0.0,True,5.0,,,insufficient_data,0.0,True,0.0,,,insufficient_data,0.0,True,4563.0,67000.0,68425.52128741813,median_psf_times_size,0.4,False
641,offplan,Dubai South,cresswell residences,2.0,1851.0,1803830.0,DLD_MATCH,OFFPLAN_RENTAL_NOT_EVALUATED,,,0.0,,NONE,False,NONE,OFFPLAN_RENTAL_NOT_EVALUATED,,Offplan properties not evaluated for current rent,,,,,,,,,,,,,,,,,,,,,,,,,
279,offplan,Al Sufouh 2,palm beach tower 3,1.0,1168.0,4148800.0,DLD_MISSING,OFFPLAN_RENTAL_NOT_EVALUATED,,,0.0,,NONE,False,NONE,OFFPLAN_RENTAL_NOT_EVALUATED,,Offplan properties not evaluated for current rent,,,,,,,,,,,,,,,,,,,,,,,,,
4091,offplan,Dubai Islands,natuzzi harmony residences,2.0,1234.0,3661630.0,DLD_MISSING,OFFPLAN_RENTAL_NOT_EVALUATED,,,0.0,,NONE,False,NONE,OFFPLAN_RENTAL_NOT_EVALUATED,,Offplan properties not evaluated for current rent,,,,,,,,,,,,,,,,,,,,,,,,,
5244,offplan,Dubai Water Canal,one casa,4.0,7278.0,35000000.0,DLD_MISSING,OFFPLAN_RENTAL_NOT_EVALUATED,,,0.0,,NONE,False,NONE,OFFPLAN_RENTAL_NOT_EVALUATED,,Offplan properties not evaluated for current rent,,,,,,,,,,,,,,,,,,,,,,,,,
7743,offplan,Emaar South,golf meadow,2.0,1149.0,2130000.0,DLD_MATCH,OFFPLAN_RENTAL_NOT_EVALUATED,,,0.0,,NONE,False,NONE,OFFPLAN_RENTAL_NOT_EVALUATED,,Offplan properties not evaluated for current rent,,,,,,,,,,,,,,,,,,,,,,,,,
8440,offplan,Dubai International City,crystal tower by vhs,2.0,1034.0,1240999.0,DLD_MISSING,OFFPLAN_RENTAL_NOT_EVALUATED,,,0.0,,NONE,False,NONE,OFFPLAN_RENTAL_NOT_EVALUATED,,Offplan properties not evaluated for current rent,,,,,,,,,,,,,,,,,,,,,,,,,
125,offplan,Dubai Islands,edgewater residences,2.0,1191.0,2570800.0,DLD_MATCH,OFFPLAN_RENTAL_NOT_EVALUATED,,,0.0,,NONE,False,NONE,OFFPLAN_RENTAL_NOT_EVALUATED,,Offplan properties not evaluated for current rent,,,,,,,,,,,,,,,,,,,,,,,,,
2192,offplan,Dubai Maritime City,coral reef,2.0,1381.0,3528000.0,DLD_MATCH,OFFPLAN_RENTAL_NOT_EVALUATED,,,0.0,,NONE,False,NONE,OFFPLAN_RENTAL_NOT_EVALUATED,,Offplan properties not evaluated for current rent,,,,,,,,,,,,,,,,,,,,,,,,,
238,offplan,Dubai Land Residence Complex,bliss tower,2.0,1130.0,1760462.0,DLD_MATCH,OFFPLAN_RENTAL_NOT_EVALUATED,,,0.0,,NONE,False,NONE,OFFPLAN_RENTAL_NOT_EVALUATED,,Offplan properties not evaluated for current rent,,,,,,,,,,,,,,,,,,,,,,,,,
5406,offplan,Dubai Sports City,samana golf views,2.0,1116.0,1803600.0,DLD_MATCH,OFFPLAN_RENTAL_NOT_EVALUATED,,,0.0,,NONE,False,NONE,OFFPLAN_RENTAL_NOT_EVALUATED,,Offplan properties not evaluated for current rent,,,,,,,,,,,,,,,,,,,,,,,,,
160,offplan,Dubai Islands,next coral,1.0,856.0,2063541.0,DLD_MISSING,OFFPLAN_RENTAL_NOT_EVALUATED,,,0.0,,NONE,False,NONE,OFFPLAN_RENTAL_NOT_EVALUATED,,Offplan properties not evaluated for current rent,,,,,,,,,,,,,,,,,,,,,,,,,
2435,ready,Dubai Islands,royal yacht club residence,1.0,720.0,2300000.0,DLD_MATCH,NO_TIER_MET_MINIMUM,,,,,NONE,False,NONE,SHADOW_RESEARCH,,No tier met minimum comparables requirement,66.9,,,,,,,,,,,,,,,,,,,,,,,,
4695,ready,Jumeirah village circle,oxford terraces 2,1.0,796.0,1250000.0,DLD_MATCH,R4,68778.31377659416,5.5022651021275335,4536.0,median_psf_times_size,AREA_LEVEL,False,NONE,SHADOW_RESEARCH,Al Barsha South Fourth,,74.0,0.0,,,insufficient_data,0.0,True,13.0,90000.0,91047.5210069222,median_psf_times_size,0.65,False,0.0,,,insufficient_data,0.0,True,4536.0,67000.0,68778.31377659416,median_psf_times_size,0.4,False
578,offplan,Downtown Dubai,society house,2.0,1165.0,4343680.0,DLD_MATCH,OFFPLAN_RENTAL_NOT_EVALUATED,,,0.0,,NONE,False,NONE,OFFPLAN_RENTAL_NOT_EVALUATED,,Offplan properties not evaluated for current rent,,,,,,,,,,,,,,,,,,,,,,,,,
8139,offplan,Dubai Land Residence Complex,coventry gardens,1.0,825.0,957000.0,DLD_MATCH,OFFPLAN_RENTAL_NOT_EVALUATED,,,0.0,,NONE,False,NONE,OFFPLAN_RENTAL_NOT_EVALUATED,,Offplan properties not evaluated for current rent,,,,,,,,,,,,,,,,,,,,,,,,,
2754,offplan,Jumeirah village circle,terrazzo residences,1.0,792.0,1244400.0,DLD_MATCH,OFFPLAN_RENTAL_NOT_EVALUATED,,,0.0,,NONE,False,NONE,OFFPLAN_RENTAL_NOT_EVALUATED,,Offplan properties not evaluated for current rent,,,,,,,,,,,,,,,,,,,,,,,,,
8240,offplan,Dubai Islands,wellington ocean,2.0,1437.0,2801530.0,DLD_MISSING,OFFPLAN_RENTAL_NOT_EVALUATED,,,0.0,,NONE,False,NONE,OFFPLAN_RENTAL_NOT_EVALUATED,,Offplan properties not evaluated for current rent,,,,,,,,,,,,,,,,,,,,,,,,,
1977,offplan,Jumeirah village circle,sky hills residence 2,2.0,1278.0,1921480.0,DLD_MISSING,OFFPLAN_RENTAL_NOT_EVALUATED,,,0.0,,NONE,False,NONE,OFFPLAN_RENTAL_NOT_EVALUATED,,Offplan properties not evaluated for current rent,,,,,,,,,,,,,,,,,,,,,,,,,
4751,offplan,Jumeirah village circle,waref residences,2.0,1741.0,2263300.0,DLD_MISSING,OFFPLAN_RENTAL_NOT_EVALUATED,,,0.0,,NONE,False,NONE,OFFPLAN_RENTAL_NOT_EVALUATED,,Offplan properties not evaluated for current rent,,,,,,,,,,,,,,,,,,,,,,,,,
526,offplan,Dubai Islands,whitecliffs residences,3.0,1504.0,3156840.0,DLD_MATCH,OFFPLAN_RENTAL_NOT_EVALUATED,,,0.0,,NONE,False,NONE,OFFPLAN_RENTAL_NOT_EVALUATED,,Offplan properties not evaluated for current rent,,,,,,,,,,,,,,,,,,,,,,,,,
2785,ready,Arjan,vincitore volare,2.0,1430.0,1700000.0,DLD_MATCH,R4,100532.44951079678,5.913673500635105,1395.0,median_psf_times_size,AREA_LEVEL,False,NONE,SHADOW_RESEARCH,Al Barshaa South Third,,132.9,0.0,,,insufficient_data,0.0,True,0.0,,,insufficient_data,0.0,True,0.0,,,insufficient_data,0.0,True,1395.0,93000.0,100532.44951079678,median_psf_times_size,0.4,False
802,ready,Al Furjan,azizi amber,3.0,1261.0,2057000.0,DLD_MATCH,R4,87605.06920963147,4.258875508489619,2564.0,median_psf_times_size,AREA_LEVEL,False,NONE,SHADOW_RESEARCH,Jabal Ali First,,117.2,0.0,,,insufficient_data,0.0,True,3.0,,,insufficient_data,0.0,True,0.0,,,insufficient_data,0.0,True,2564.0,79747.5,87605.06920963147,median_psf_times_size,0.4,False
5268,offplan,Dubai Production City,samana lake views 2,2.0,1262.0,1701970.0,DLD_MATCH,OFFPLAN_RENTAL_NOT_EVALUATED,,,0.0,,NONE,False,NONE,OFFPLAN_RENTAL_NOT_EVALUATED,,Offplan properties not evaluated for current rent,,,,,,,,,,,,,,,,,,,,,,,,,
6436,ready,La Mer,jumeirah asora bay,4.0,6328.0,65000000.0,DLD_MATCH,NO_TIER_MET_MINIMUM,,,,,NONE,False,NONE,SHADOW_RESEARCH,,No tier met minimum comparables requirement,587.9,,,,,,,,,,,,,,,,,,,,,,,,
6044,offplan,Sobha Central,the mirage at sobha central,3.0,1861.0,5770991.0,DLD_MISSING,OFFPLAN_RENTAL_NOT_EVALUATED,,,0.0,,NONE,False,NONE,OFFPLAN_RENTAL_NOT_EVALUATED,,Offplan properties not evaluated for current rent,,,,,,,,,,,,,,,,,,,,,,,,,
1671,offplan,Dubai Islands,mackerel tower,2.0,1201.0,2626270.0,DLD_MATCH,OFFPLAN_RENTAL_NOT_EVALUATED,,,0.0,,NONE,False,NONE,OFFPLAN_RENTAL_NOT_EVALUATED,,Offplan properties not evaluated for current rent,,,,,,,,,,,,,,,,,,,,,,,,,
1856,offplan,Dubai Islands,natuzzi harmony residences,1.0,892.0,2630750.0,DLD_MISSING,OFFPLAN_RENTAL_NOT_EVALUATED,,,0.0,,NONE,False,NONE,OFFPLAN_RENTAL_NOT_EVALUATED,,Offplan properties not evaluated for current rent,,,,,,,,,,,,,,,,,,,,,,,,,
2761,offplan,Jumeirah village circle,99 parkplace,2.0,1504.0,1839920.0,DLD_MISSING,OFFPLAN_RENTAL_NOT_EVALUATED,,,0.0,,NONE,False,NONE,OFFPLAN_RENTAL_NOT_EVALUATED,,Offplan properties not evaluated for current rent,,,,,,,,,,,,,,,,,,,,,,,,,
949,offplan,Dubai Land Residence Complex,samana ibiza,2.0,1391.0,1704080.0,DLD_MATCH,OFFPLAN_RENTAL_NOT_EVALUATED,,,0.0,,NONE,False,NONE,OFFPLAN_RENTAL_NOT_EVALUATED,,Offplan properties not evaluated for current rent,,,,,,,,,,,,,,,,,,,,,,,,,
5748,offplan,Jumeirah village circle,riviera chalet,1.0,928.0,1299000.0,DLD_MATCH,OFFPLAN_RENTAL_NOT_EVALUATED,,,0.0,,NONE,False,NONE,OFFPLAN_RENTAL_NOT_EVALUATED,,Offplan properties not evaluated for current rent,,,,,,,,,,,,,,,,,,,,,,,,,
5952,offplan,Downtown Dubai,dwtn residences,3.0,3343.0,9060000.0,DLD_MISSING,OFFPLAN_RENTAL_NOT_EVALUATED,,,0.0,,NONE,False,NONE,OFFPLAN_RENTAL_NOT_EVALUATED,,Offplan properties not evaluated for current rent,,,,,,,,,,,,,,,,,,,,,,,,,
7246,ready,Jebel Ali,azizi lina,3.0,1758.0,2208000.0,DLD_NO_EVIDENCE,R4,99261.7123092001,4.495548564728265,810.0,median_psf_times_size,AREA_LEVEL,False,NONE,SHADOW_RESEARCH,Jabal Ali First,,163.3,0.0,,,insufficient_data,0.0,True,0.0,,,insufficient_data,0.0,True,0.0,,,insufficient_data,0.0,True,810.0,84000.0,99261.7123092001,median_psf_times_size,0.4,False
662,offplan,Al Jadaf Waterfront,amazonia residence,2.0,1063.0,2069000.0,DLD_MISSING,OFFPLAN_RENTAL_NOT_EVALUATED,,,0.0,,NONE,False,NONE,OFFPLAN_RENTAL_NOT_EVALUATED,,Offplan properties not evaluated for current rent,,,,,,,,,,,,,,,,,,,,,,,,,
4408,offplan,Jumeirah village circle,roma residences,1.0,1101.0,1145000.0,DLD_MISSING,OFFPLAN_RENTAL_NOT_EVALUATED,,,0.0,,NONE,False,NONE,OFFPLAN_RENTAL_NOT_EVALUATED,,Offplan properties not evaluated for current rent,,,,,,,,,,,,,,,,,,,,,,,,,
2166,ready,Dubai Creek Harbour,the cove,1.0,745.0,2300000.0,DLD_MATCH,R4,95309.38103615167,4.143886132006594,4418.0,median_psf_times_size,AREA_LEVEL,False,NONE,SHADOW_RESEARCH,Al Khairan First,,69.2,0.0,,,insufficient_data,0.0,True,18.0,110000.0,105323.77252183425,median_psf_times_size,0.8,False,0.0,,,insufficient_data,0.0,True,4418.0,90000.0,95309.38103615167,median_psf_times_size,0.4,False
8439,offplan,Jumeirah village circle,sky hills residence 2,1.0,802.0,1197070.0,DLD_MISSING,OFFPLAN_RENTAL_NOT_EVALUATED,,,0.0,,NONE,False,NONE,OFFPLAN_RENTAL_NOT_EVALUATED,,Offplan properties not evaluated for current rent,,,,,,,,,,,,,,,,,,,,,,,,,
3218,offplan,Dubai Islands,firoza,2.0,1355.0,2710000.0,DLD_MATCH,OFFPLAN_RENTAL_NOT_EVALUATED,,,0.0,,NONE,False,NONE,OFFPLAN_RENTAL_NOT_EVALUATED,,Offplan properties not evaluated for current rent,,,,,,,,,,,,,,,,,,,,,,,,,
5427,offplan,Jumeirah Village Triangle,v1v1d tower,0.0,476.0,813167.0,DLD_MISSING,OFFPLAN_RENTAL_NOT_EVALUATED,,,0.0,,NONE,False,NONE,OFFPLAN_RENTAL_NOT_EVALUATED,,Offplan properties not evaluated for current rent,,,,,,,,,,,,,,,,,,,,,,,,,
6915,offplan,Dubai Industrial City,al haseen residences 5,1.0,744.0,1324884.0,DLD_MISSING,OFFPLAN_RENTAL_NOT_EVALUATED,,,0.0,,NONE,False,NONE,OFFPLAN_RENTAL_NOT_EVALUATED,,Offplan properties not evaluated for current rent,,,,,,,,,,,,,,,,,,,,,,,,,
6799,offplan,Dubai Islands,capital horizon terraces,3.0,1607.0,3509340.0,DLD_MATCH,OFFPLAN_RENTAL_NOT_EVALUATED,,,0.0,,NONE,False,NONE,OFFPLAN_RENTAL_NOT_EVALUATED,,Offplan properties not evaluated for current rent,,,,,,,,,,,,,,,,,,,,,,,,,
4286,ready,Jumeirah village circle,binghatti galaxy,0.0,670.0,924374.0,DLD_MATCH,R3,48553.07082687693,5.252535318699675,68.0,median_psf_times_size,AREA_BEDROOM_LEVEL,False,NONE,SHADOW_RESEARCH,Al Barsha South Fourth,,62.2,0.0,,,insufficient_data,0.0,True,7.0,,,insufficient_data,0.0,True,68.0,44750.0,48553.07082687693,median_psf_times_size,0.6,False,3048.0,64000.0,60329.80489851603,median_psf_times_size,0.4,False
5585,offplan,Jumeirah village circle,samana waves phase ii,0.0,482.0,750000.0,DLD_MISSING,OFFPLAN_RENTAL_NOT_EVALUATED,,,0.0,,NONE,False,NONE,OFFPLAN_RENTAL_NOT_EVALUATED,,Offplan properties not evaluated for current rent,,,,,,,,,,,,,,,,,,,,,,,,,
3723,offplan,Emaar South,golf hills,3.0,1738.0,3430888.0,DLD_MATCH,OFFPLAN_RENTAL_NOT_EVALUATED,,,0.0,,NONE,False,NONE,OFFPLAN_RENTAL_NOT_EVALUATED,,Offplan properties not evaluated for current rent,,,,,,,,,,,,,,,,,,,,,,,,,
7412,ready,Jumeirah village circle,serenity lakes 5,2.0,993.0,1300000.0,DLD_MATCH,R4,79610.81028188702,6.123908483222079,3481.0,median_psf_times_size,AREA_LEVEL,False,NONE,SHADOW_RESEARCH,Al Barsha South Fourth,,92.3,0.0,,,insufficient_data,0.0,True,4.0,,,insufficient_data,0.0,True,0.0,,,insufficient_data,0.0,True,3481.0,73000.0,79610.81028188702,median_psf_times_size,0.4,False
883,offplan,Dubai Land Residence Complex,celesto 2,2.0,1100.0,1380000.0,DLD_MISSING,OFFPLAN_RENTAL_NOT_EVALUATED,,,0.0,,NONE,False,NONE,OFFPLAN_RENTAL_NOT_EVALUATED,,Offplan properties not evaluated for current rent,,,,,,,,,,,,,,,,,,,,,,,,,
3040,offplan,Jumeirah village circle,provenza residences,2.0,1641.0,1750000.0,DLD_MATCH,OFFPLAN_RENTAL_NOT_EVALUATED,,,0.0,,NONE,False,NONE,OFFPLAN_RENTAL_NOT_EVALUATED,,Offplan properties not evaluated for current rent,,,,,,,,,,,,,,,,,,,,,,,,,
5813,offplan,Meydan City,rome by samana developers,1.0,942.0,2000000.0,DLD_MISSING,OFFPLAN_RENTAL_NOT_EVALUATED,,,0.0,,NONE,False,NONE,OFFPLAN_RENTAL_NOT_EVALUATED,,Offplan properties not evaluated for current rent,,,,,,,,,,,,,,,,,,,,,,,,,
2524,offplan,Business Bay,the crestmark,0.0,1410.0,1500000.0,DLD_MATCH,OFFPLAN_RENTAL_NOT_EVALUATED,,,0.0,,NONE,False,NONE,OFFPLAN_RENTAL_NOT_EVALUATED,,Offplan properties not evaluated for current rent,,,,,,,,,,,,,,,,,,,,,,,,,
5104,ready,Jumeirah village circle,binghatti tulip,2.0,1221.0,1670000.0,DLD_MATCH,R4,91285.79521228066,5.466215282172494,1702.0,median_psf_times_size,AREA_LEVEL,False,NONE,SHADOW_RESEARCH,Al Barsha South Fourth,,113.4,0.0,,,insufficient_data,0.0,True,8.0,112377.89,119119.56632277105,median_psf_times_size,0.4,False,0.0,,,insufficient_data,0.0,True,1702.0,85000.0,91285.79521228066,median_psf_times_size,0.4,False
3504,offplan,Dubai Hills Estate,club drive,2.0,1203.0,2700000.0,DLD_MATCH,OFFPLAN_RENTAL_NOT_EVALUATED,,,0.0,,NONE,False,NONE,OFFPLAN_RENTAL_NOT_EVALUATED,,Offplan properties not evaluated for current rent,,,,,,,,,,,,,,,,,,,,,,,,,
5793,ready,Business Bay,ag tower,2.0,1465.0,2238000.0,DLD_MATCH,R2,107012.71543796381,4.781622673724924,27.0,median_psf_times_size,PROJECT_LEVEL,False,NONE,SHADOW_RESEARCH,Business Bay,,136.1,0.0,,,insufficient_data,0.0,True,27.0,102250.0,107012.71543796381,median_psf_times_size,0.8,False,0.0,,,insufficient_data,0.0,True,2350.0,130000.0,132399.47186950734,median_psf_times_size,0.4,False
7764,offplan,Dubai Land Residence Complex,rivo,0.0,458.0,795000.0,DLD_MATCH,OFFPLAN_RENTAL_NOT_EVALUATED,,,0.0,,NONE,False,NONE,OFFPLAN_RENTAL_NOT_EVALUATED,,Offplan properties not evaluated for current rent,,,,,,,,,,,,,,,,,,,,,,,,,
7361,offplan,Jumeirah village circle,binghatti azure,2.0,1366.0,1749000.0,DLD_MATCH,OFFPLAN_RENTAL_NOT_EVALUATED,,,0.0,,NONE,False,NONE,OFFPLAN_RENTAL_NOT_EVALUATED,,Offplan properties not evaluated for current rent,,,,,,,,,,,,,,,,,,,,,,,,,
4097,offplan,Palm Jumeirah,passo by beyond,6.0,11688.0,105000000.0,DLD_MATCH,OFFPLAN_RENTAL_NOT_EVALUATED,,,0.0,,NONE,False,NONE,OFFPLAN_RENTAL_NOT_EVALUATED,,Offplan properties not evaluated for current rent,,,,,,,,,,,,,,,,,,,,,,,,,
1298,ready,Dubai Creek Harbour,creek rise tower 1,4.0,2987.0,9800000.0,DLD_MISSING,R4,282174.90229958756,2.8793357377508935,77.0,median_psf_times_size,AREA_LEVEL,False,NONE,SHADOW_RESEARCH,Al Khairan First,,277.5,0.0,,,insufficient_data,0.0,True,0.0,,,insufficient_data,0.0,True,0.0,,,insufficient_data,0.0,True,77.0,263656.71,282174.90229958756,median_psf_times_size,0.4,False
2917,offplan,Dubai South,azizi venice,3.0,1428.0,3156000.0,DLD_NO_EVIDENCE,OFFPLAN_RENTAL_NOT_EVALUATED,,,0.0,,NONE,False,NONE,OFFPLAN_RENTAL_NOT_EVALUATED,,Offplan properties not evaluated for current rent,,,,,,,,,,,,,,,,,,,,,,,,,
1650,offplan,Business Bay,canal crown,1.0,999.0,2953000.0,DLD_MATCH,OFFPLAN_RENTAL_NOT_EVALUATED,,,0.0,,NONE,False,NONE,OFFPLAN_RENTAL_NOT_EVALUATED,,Offplan properties not evaluated for current rent,,,,,,,,,,,,,,,,,,,,,,,,,
6050,offplan,Jumeirah village circle,parkwood residences,0.0,648.0,824531.0,DLD_MATCH,OFFPLAN_RENTAL_NOT_EVALUATED,,,0.0,,NONE,False,NONE,OFFPLAN_RENTAL_NOT_EVALUATED,,Offplan properties not evaluated for current rent,,,,,,,,,,,,,,,,,,,,,,,,,
5983,ready,Palm Jumeirah,raffles the palm dubai,3.0,3337.0,25750000.0,DLD_MISSING,R4,361203.6980387236,1.4027328079173733,78.0,median_psf_times_size,AREA_LEVEL,False,NONE,SHADOW_RESEARCH,Palm Jumeirah,,310.0,0.0,,,insufficient_data,0.0,True,0.0,,,insufficient_data,0.0,True,0.0,,,insufficient_data,0.0,True,78.0,340000.0,361203.6980387236,median_psf_times_size,0.4,False
6273,offplan,Siniya Island,bayside marina residences,3.0,2154.0,5386529.0,DLD_MISSING,OFFPLAN_RENTAL_NOT_EVALUATED,,,0.0,,NONE,False,NONE,OFFPLAN_RENTAL_NOT_EVALUATED,,Offplan properties not evaluated for current rent,,,,,,,,,,,,,,,,,,,,,,,,,
3890,offplan,Dubai Islands,azura residences,1.0,882.0,1614000.0,DLD_MATCH,OFFPLAN_RENTAL_NOT_EVALUATED,,,0.0,,NONE,False,NONE,OFFPLAN_RENTAL_NOT_EVALUATED,,Offplan properties not evaluated for current rent,,,,,,,,,,,,,,,,,,,,,,,,,
2828,offplan,International City Phase 2,elevia residences,1.0,904.0,1084744.0,DLD_MATCH,OFFPLAN_RENTAL_NOT_EVALUATED,,,0.0,,NONE,False,NONE,OFFPLAN_RENTAL_NOT_EVALUATED,,Offplan properties not evaluated for current rent,,,,,,,,,,,,,,,,,,,,,,,,,
5506,offplan,Al Furjan,avenue residence 8,1.0,866.0,1374390.0,DLD_NO_EVIDENCE,OFFPLAN_RENTAL_NOT_EVALUATED,,,0.0,,NONE,False,NONE,OFFPLAN_RENTAL_NOT_EVALUATED,,Offplan properties not evaluated for current rent,,,,,,,,,,,,,,,,,,,,,,,,,
4432,ready,Jumeirah village circle,binghatti rose,2.0,939.0,1175000.0,DLD_MATCH,R4,76413.51023646732,6.5032774669333895,3773.0,median_psf_times_size,AREA_LEVEL,False,NONE,SHADOW_RESEARCH,Al Barsha South Fourth,,87.2,0.0,,,insufficient_data,0.0,True,19.0,85000.0,84621.39458760312,median_psf_times_size,0.8,False,0.0,,,insufficient_data,0.0,True,3773.0,70000.0,76413.51023646732,median_psf_times_size,0.4,False
545,offplan,Madinat Jumeirah Living,nourelle,2.0,1678.0,6360000.0,DLD_MATCH,OFFPLAN_RENTAL_NOT_EVALUATED,,,0.0,,NONE,False,NONE,OFFPLAN_RENTAL_NOT_EVALUATED,,Offplan properties not evaluated for current rent,,,,,,,,,,,,,,,,,,,,,,,,,
5779,offplan,Al Jadaf Waterfront,art bay,3.0,2459.0,4172830.0,DLD_MISSING,OFFPLAN_RENTAL_NOT_EVALUATED,,,0.0,,NONE,False,NONE,OFFPLAN_RENTAL_NOT_EVALUATED,,Offplan properties not evaluated for current rent,,,,,,,,,,,,,,,,,,,,,,,,,
6417,offplan,Dubai Islands,coastal haven,2.0,1201.0,2832000.0,DLD_MISSING,OFFPLAN_RENTAL_NOT_EVALUATED,,,0.0,,NONE,False,NONE,OFFPLAN_RENTAL_NOT_EVALUATED,,Offplan properties not evaluated for current rent,,,,,,,,,,,,,,,,,,,,,,,,,
1443,offplan,Dubai Land Residence Complex,ivy gardens 2 by samana,2.0,1172.0,1991200.0,DLD_MISSING,OFFPLAN_RENTAL_NOT_EVALUATED,,,0.0,,NONE,False,NONE,OFFPLAN_RENTAL_NOT_EVALUATED,,Offplan properties not evaluated for current rent,,,,,,,,,,,,,,,,,,,,,,,,,
4762,ready,Jumeirah village circle,ashton park residences,1.0,933.0,1300000.0,DLD_MATCH,R4,76107.98311031263,5.854460239254818,3810.0,median_psf_times_size,AREA_LEVEL,False,NONE,SHADOW_RESEARCH,Al Barsha South Fourth,,86.7,0.0,,,insufficient_data,0.0,True,4.0,,,insufficient_data,0.0,True,0.0,,,insufficient_data,0.0,True,3810.0,70000.0,76107.98311031263,median_psf_times_size,0.4,False
2266,ready,Jumeirah Lake Towers,me do re,0.0,620.0,1300000.0,DLD_MATCH,R4,67257.27348524475,5.173636421941904,722.0,median_psf_times_size,AREA_LEVEL,False,NONE,SHADOW_RESEARCH,Al Thanyah Fifth,,57.6,0.0,,,insufficient_data,0.0,True,8.0,77601.08,81238.60540193699,median_psf_times_size,0.4,False,6.0,,,insufficient_data,0.0,True,722.0,69300.0,67257.27348524475,median_psf_times_size,0.4,False
6259,offplan,Al Furjan,celeste heights,2.0,1846.0,1995000.0,DLD_MISSING,OFFPLAN_RENTAL_NOT_EVALUATED,,,0.0,,NONE,False,NONE,OFFPLAN_RENTAL_NOT_EVALUATED,,Offplan properties not evaluated for current rent,,,,,,,,,,,,,,,,,,,,,,,,,
1773,offplan,Dubai South,inara residence by imtiaz,2.0,1111.0,1590000.0,DLD_MISSING,OFFPLAN_RENTAL_NOT_EVALUATED,,,0.0,,NONE,False,NONE,OFFPLAN_RENTAL_NOT_EVALUATED,,Offplan properties not evaluated for current rent,,,,,,,,,,,,,,,,,,,,,,,,,
1145,offplan,Jumeirah village circle,azizi ruby,3.0,1641.0,2505000.0,DLD_MATCH,OFFPLAN_RENTAL_NOT_EVALUATED,,,0.0,,NONE,False,NONE,OFFPLAN_RENTAL_NOT_EVALUATED,,Offplan properties not evaluated for current rent,,,,,,,,,,,,,,,,,,,,,,,,,
3425,offplan,Jumeirah Village Triangle,santorini residences by loutraki,1.0,600.0,1063000.0,DLD_MATCH,OFFPLAN_RENTAL_NOT_EVALUATED,,,0.0,,NONE,False,NONE,OFFPLAN_RENTAL_NOT_EVALUATED,,Offplan properties not evaluated for current rent,,,,,,,,,,,,,,,,,,,,,,,,,
3223,offplan,Rashid Yachts & Marina,pier point,1.0,773.0,1900000.0,DLD_MISSING,OFFPLAN_RENTAL_NOT_EVALUATED,,,0.0,,NONE,False,NONE,OFFPLAN_RENTAL_NOT_EVALUATED,,Offplan properties not evaluated for current rent,,,,,,,,,,,,,,,,,,,,,,,,,
7908,offplan,Jumeirah village circle,roma residences,2.0,1837.0,1841000.0,DLD_MISSING,OFFPLAN_RENTAL_NOT_EVALUATED,,,0.0,,NONE,False,NONE,OFFPLAN_RENTAL_NOT_EVALUATED,,Offplan properties not evaluated for current rent,,,,,,,,,,,,,,,,,,,,,,,,,
5256,offplan,Dubai Sports City,sports tower,2.0,1223.0,1200000.0,DLD_MISSING,OFFPLAN_RENTAL_NOT_EVALUATED,,,0.0,,NONE,False,NONE,OFFPLAN_RENTAL_NOT_EVALUATED,,Offplan properties not evaluated for current rent,,,,,,,,,,,,,,,,,,,,,,,,,
213,offplan,Dubai Industrial City,coventry casa,0.0,385.0,517010.0,DLD_MISSING,OFFPLAN_RENTAL_NOT_EVALUATED,,,0.0,,NONE,False,NONE,OFFPLAN_RENTAL_NOT_EVALUATED,,Offplan properties not evaluated for current rent,,,,,,,,,,,,,,,,,,,,,,,,,
5797,offplan,Jumeirah village circle,cubix residences,0.0,392.0,648000.0,DLD_MATCH,OFFPLAN_RENTAL_NOT_EVALUATED,,,0.0,,NONE,False,NONE,OFFPLAN_RENTAL_NOT_EVALUATED,,Offplan properties not evaluated for current rent,,,,,,,,,,,,,,,,,,,,,,,,,
5381,offplan,Jumeirah Garden City,whitestone residence,1.0,830.0,1677480.0,DLD_MATCH,OFFPLAN_RENTAL_NOT_EVALUATED,,,0.0,,NONE,False,NONE,OFFPLAN_RENTAL_NOT_EVALUATED,,Offplan properties not evaluated for current rent,,,,,,,,,,,,,,,,,,,,,,,,,
2563,offplan,Jumeirah village circle,stax,2.0,1425.0,1996542.0,DLD_MATCH,OFFPLAN_RENTAL_NOT_EVALUATED,,,0.0,,NONE,False,NONE,OFFPLAN_RENTAL_NOT_EVALUATED,,Offplan properties not evaluated for current rent,,,,,,,,,,,,,,,,,,,,,,,,,
1582,offplan,Jumeirah village circle,electra acube,3.0,1698.0,2785080.0,DLD_MISSING,OFFPLAN_RENTAL_NOT_EVALUATED,,,0.0,,NONE,False,NONE,OFFPLAN_RENTAL_NOT_EVALUATED,,Offplan properties not evaluated for current rent,,,,,,,,,,,,,,,,,,,,,,,,,
3600,ready,Dubai Creek Harbour,bayshore at creek beach,2.0,985.0,2500000.0,DLD_MISSING,R4,118387.31860118739,4.735492744047495,3604.0,median_psf_times_size,AREA_LEVEL,False,NONE,SHADOW_RESEARCH,Al Khairan First,,91.5,0.0,,,insufficient_data,0.0,True,0.0,,,insufficient_data,0.0,True,0.0,,,insufficient_data,0.0,True,3604.0,125000.0,118387.31860118739,median_psf_times_size,0.4,False
3686,offplan,Jumeirah village circle,electra acube,1.0,893.0,1451200.0,DLD_MISSING,OFFPLAN_RENTAL_NOT_EVALUATED,,,0.0,,NONE,False,NONE,OFFPLAN_RENTAL_NOT_EVALUATED,,Offplan properties not evaluated for current rent,,,,,,,,,,,,,,,,,,,,,,,,,
5687,offplan,Dubai South,cresswell views,3.0,2151.0,2522000.0,DLD_NO_EVIDENCE,OFFPLAN_RENTAL_NOT_EVALUATED,,,0.0,,NONE,False,NONE,OFFPLAN_RENTAL_NOT_EVALUATED,,Offplan properties not evaluated for current rent,,,,,,,,,,,,,,,,,,,,,,,,,
3484,offplan,Jumeirah village circle,maas azur residence,0.0,340.0,775885.0,DLD_MISSING,OFFPLAN_RENTAL_NOT_EVALUATED,,,0.0,,NONE,False,NONE,OFFPLAN_RENTAL_NOT_EVALUATED,,Offplan properties not evaluated for current rent,,,,,,,,,,,,,,,,,,,,,,,,,
4140,ready,Jumeirah village circle,binghatti gardenia,0.0,324.0,670000.0,DLD_MATCH,R4,38112.727158166104,5.688466740024792,370.0,median_psf_times_size,AREA_LEVEL,False,NONE,SHADOW_RESEARCH,Al Barsha South Fourth,,30.1,0.0,,,insufficient_data,0.0,True,14.0,47000.0,46767.85101227364,median_psf_times_size,0.7000000000000001,False,16.0,40000.0,38029.7978016768,median_psf_times_size,0.48,False,370.0,43000.0,38112.727158166104,median_psf_times_size,0.4,False
1372,offplan,Dubai Media City,damac casa,1.0,1060.0,2998000.0,DLD_MATCH,OFFPLAN_RENTAL_NOT_EVALUATED,,,0.0,,NONE,False,NONE,OFFPLAN_RENTAL_NOT_EVALUATED,,Offplan properties not evaluated for current rent,,,,,,,,,,,,,,,,,,,,,,,,,
332,offplan,Jumeirah village circle,cubix residences,3.0,2253.0,2994660.0,DLD_MATCH,OFFPLAN_RENTAL_NOT_EVALUATED,,,0.0,,NONE,False,NONE,OFFPLAN_RENTAL_NOT_EVALUATED,,Offplan properties not evaluated for current rent,,,,,,,,,,,,,,,,,,,,,,,,,
1975,offplan,The Valley,lillia,3.0,2158.0,2000000.0,DLD_MISSING,OFFPLAN_RENTAL_NOT_EVALUATED,,,0.0,,NONE,False,NONE,OFFPLAN_RENTAL_NOT_EVALUATED,,Offplan properties not evaluated for current rent,,,,,,,,,,,,,,,,,,,,,,,,,
3031,offplan,Downtown Dubai,rove home,1.0,700.0,2193000.0,DLD_MISSING,OFFPLAN_RENTAL_NOT_EVALUATED,,,0.0,,NONE,False,NONE,OFFPLAN_RENTAL_NOT_EVALUATED,,Offplan properties not evaluated for current rent,,,,,,,,,,,,,,,,,,,,,,,,,
7555,offplan,Business Bay,the crestmark,3.0,1593.0,5300000.0,DLD_MATCH,OFFPLAN_RENTAL_NOT_EVALUATED,,,0.0,,NONE,False,NONE,OFFPLAN_RENTAL_NOT_EVALUATED,,Offplan properties not evaluated for current rent,,,,,,,,,,,,,,,,,,,,,,,,,
1175,ready,Jumeirah Lake Towers,me do re,1.0,1095.0,2200000.0,DLD_MATCH,R2,147077.82477121716,6.685355671418962,20.0,median_psf_times_size,PROJECT_LEVEL,False,NONE,SHADOW_RESEARCH,Al Thanyah Fifth,,101.7,0.0,,,insufficient_data,0.0,True,20.0,130000.0,147077.82477121716,median_psf_times_size,0.8,False,0.0,,,insufficient_data,0.0,True,1470.0,95000.0,100876.18626244683,median_psf_times_size,0.4,False
5936,unknown,Al Marjan Island,karl lagerfeld beach residences,3.0,2042.0,7900000.0,DLD_MISSING,STATUS_NOT_ELIGIBLE_FOR_CURRENT_RENT,,,0.0,,NONE,False,NONE,STATUS_NOT_ELIGIBLE_FOR_CURRENT_RENT,,Unknown status properties not evaluated for current rent,,,,,,,,,,,,,,,,,,,,,,,,,
556,ready,The Greens,mosela waterside residences,2.0,1439.0,2620000.0,DLD_MISSING,R4,101108.17403706611,3.85909061210176,1373.0,median_psf_times_size,AREA_LEVEL,False,NONE,SHADOW_RESEARCH,Al Barshaa South Third,,133.7,0.0,,,insufficient_data,0.0,True,0.0,,,insufficient_data,0.0,True,0.0,,,insufficient_data,0.0,True,1373.0,93500.0,101108.17403706611,median_psf_times_size,0.4,False
2606,offplan,Dubai Industrial City,samana hills south 2,1.0,791.0,1331111.0,DLD_MATCH,OFFPLAN_RENTAL_NOT_EVALUATED,,,0.0,,NONE,False,NONE,OFFPLAN_RENTAL_NOT_EVALUATED,,Offplan properties not evaluated for current rent,,,,,,,,,,,,,,,,,,,,,,,,,
7265,offplan,Ghaf Woods,cilia,1.0,761.0,1550000.0,DLD_MATCH,OFFPLAN_RENTAL_NOT_EVALUATED,,,0.0,,NONE,False,NONE,OFFPLAN_RENTAL_NOT_EVALUATED,,Offplan properties not evaluated for current rent,,,,,,,,,,,,,,,,,,,,,,,,,
3809,offplan,Dubai Islands,sunset bay one,3.0,2286.0,5512200.0,DLD_MISSING,OFFPLAN_RENTAL_NOT_EVALUATED,,,0.0,,NONE,False,NONE,OFFPLAN_RENTAL_NOT_EVALUATED,,Offplan properties not evaluated for current rent,,,,,,,,,,,,,,,,,,,,,,,,,
5846,offplan,Arjan,samana skyros,0.0,431.0,950000.0,DLD_MATCH,OFFPLAN_RENTAL_NOT_EVALUATED,,,0.0,,NONE,False,NONE,OFFPLAN_RENTAL_NOT_EVALUATED,,Offplan properties not evaluated for current rent,,,,,,,,,,,,,,,,,,,,,,,,,
483,offplan,Jumeirah village circle,auresta tower,2.0,1139.0,1964100.0,DLD_MATCH,OFFPLAN_RENTAL_NOT_EVALUATED,,,0.0,,NONE,False,NONE,OFFPLAN_RENTAL_NOT_EVALUATED,,Offplan properties not evaluated for current rent,,,,,,,,,,,,,,,,,,,,,,,,,
1179,offplan,Dubai Islands,avida residences,3.0,1596.0,4229000.0,DLD_MATCH,OFFPLAN_RENTAL_NOT_EVALUATED,,,0.0,,NONE,False,NONE,OFFPLAN_RENTAL_NOT_EVALUATED,,Offplan properties not evaluated for current rent,,,,,,,,,,,,,,,,,,,,,,,,,
4739,offplan,Al Barari,mayfair vista,2.0,1064.0,1821000.0,DLD_MISSING,OFFPLAN_RENTAL_NOT_EVALUATED,,,0.0,,NONE,False,NONE,OFFPLAN_RENTAL_NOT_EVALUATED,,Offplan properties not evaluated for current rent,,,,,,,,,,,,,,,,,,,,,,,,,
3526,offplan,Al Jadaf Waterfront,amazonia residence,0.0,464.0,1070000.0,DLD_MISSING,OFFPLAN_RENTAL_NOT_EVALUATED,,,0.0,,NONE,False,NONE,OFFPLAN_RENTAL_NOT_EVALUATED,,Offplan properties not evaluated for current rent,,,,,,,,,,,,,,,,,,,,,,,,,
5593,ready,Jumeirah Lake Towers,me do re,2.0,1387.0,3500000.0,DLD_MATCH,R4,123085.53612973684,3.516729603706767,1095.0,median_psf_times_size,AREA_LEVEL,False,NONE,SHADOW_RESEARCH,Al Thanyah Fifth,,128.9,0.0,,,insufficient_data,0.0,True,19.0,185000.0,171536.70251724494,median_psf_times_size,0.8,False,0.0,,,insufficient_data,0.0,True,1095.0,120000.0,123085.53612973684,median_psf_times_size,0.4,False
6006,offplan,Dubai Industrial City,al haseen residences 6,1.0,708.0,1399030.0,DLD_MISSING,OFFPLAN_RENTAL_NOT_EVALUATED,,,0.0,,NONE,False,NONE,OFFPLAN_RENTAL_NOT_EVALUATED,,Offplan properties not evaluated for current rent,,,,,,,,,,,,,,,,,,,,,,,,,
5513,ready,Dubai Sports City,canal residence west,2.0,1380.0,1400000.0,DLD_MISSING,R4,84223.04794168191,6.015931995834423,773.0,median_psf_times_size,AREA_LEVEL,False,NONE,SHADOW_RESEARCH,Al Hebiah Fourth,,128.2,0.0,,,insufficient_data,0.0,True,0.0,,,insufficient_data,0.0,True,0.0,,,insufficient_data,0.0,True,773.0,80000.0,84223.04794168191,median_psf_times_size,0.4,False
2893,offplan,Jumeirah village circle,sky living,2.0,1732.0,2800000.0,DLD_MISSING,OFFPLAN_RENTAL_NOT_EVALUATED,,,0.0,,NONE,False,NONE,OFFPLAN_RENTAL_NOT_EVALUATED,,Offplan properties not evaluated for current rent,,,,,,,,,,,,,,,,,,,,,,,,,
4844,offplan,Dubai Water Canal,eden house the park,4.0,6848.0,35254200.0,DLD_MATCH,OFFPLAN_RENTAL_NOT_EVALUATED,,,0.0,,NONE,False,NONE,OFFPLAN_RENTAL_NOT_EVALUATED,,Offplan properties not evaluated for current rent,,,,,,,,,,,,,,,,,,,,,,,,,
124,offplan,Dubai International City,crystal tower by vhs,0.0,498.0,671999.0,DLD_MISSING,OFFPLAN_RENTAL_NOT_EVALUATED,,,0.0,,NONE,False,NONE,OFFPLAN_RENTAL_NOT_EVALUATED,,Offplan properties not evaluated for current rent,,,,,,,,,,,,,,,,,,,,,,,,,
5547,offplan,Dubai Hills Estate,park lane,3.0,2203.0,4200000.0,DLD_MATCH,OFFPLAN_RENTAL_NOT_EVALUATED,,,0.0,,NONE,False,NONE,OFFPLAN_RENTAL_NOT_EVALUATED,,Offplan properties not evaluated for current rent,,,,,,,,,,,,,,,,,,,,,,,,,
6337,offplan,Dubai South,maak residence,1.0,766.0,1077500.0,DLD_MISSING,OFFPLAN_RENTAL_NOT_EVALUATED,,,0.0,,NONE,False,NONE,OFFPLAN_RENTAL_NOT_EVALUATED,,Offplan properties not evaluated for current rent,,,,,,,,,,,,,,,,,,,,,,,,,
450,offplan,Dubai Production City,nirvana residence 1,1.0,733.0,1208620.0,DLD_MISSING,OFFPLAN_RENTAL_NOT_EVALUATED,,,0.0,,NONE,False,NONE,OFFPLAN_RENTAL_NOT_EVALUATED,,Offplan properties not evaluated for current rent,,,,,,,,,,,,,,,,,,,,,,,,,
2816,ready,Jumeirah village circle,gardenia residency,0.0,328.0,750000.0,DLD_MISSING,R4,38513.16847156939,5.135089129542585,427.0,median_psf_times_size,AREA_LEVEL,False,NONE,SHADOW_RESEARCH,Al Barsha South Fourth,,30.5,0.0,,,insufficient_data,0.0,True,0.0,,,insufficient_data,0.0,True,22.0,40000.0,35673.453922781766,median_psf_times_size,0.6,False,427.0,43000.0,38513.16847156939,median_psf_times_size,0.4,False
5741,offplan,Jumeirah village circle,mass residences,0.0,697.0,850681.0,DLD_MISSING,OFFPLAN_RENTAL_NOT_EVALUATED,,,0.0,,NONE,False,NONE,OFFPLAN_RENTAL_NOT_EVALUATED,,Offplan properties not evaluated for current rent,,,,,,,,,,,,,,,,,,,,,,,,,
6947,offplan,Majan,lazord by lapis phases 1 and 2,1.0,667.0,1322205.0,DLD_MISSING,OFFPLAN_RENTAL_NOT_EVALUATED,,,0.0,,NONE,False,NONE,OFFPLAN_RENTAL_NOT_EVALUATED,,Offplan properties not evaluated for current rent,,,,,,,,,,,,,,,,,,,,,,,,,
5862,offplan,Jumeirah village circle,golden wood views v,2.0,918.0,1654060.0,DLD_MISSING,OFFPLAN_RENTAL_NOT_EVALUATED,,,0.0,,NONE,False,NONE,OFFPLAN_RENTAL_NOT_EVALUATED,,Offplan properties not evaluated for current rent,,,,,,,,,,,,,,,,,,,,,,,,,
957,offplan,Dubai South,azizi venice,1.0,609.0,1230000.0,DLD_MATCH,OFFPLAN_RENTAL_NOT_EVALUATED,,,0.0,,NONE,False,NONE,OFFPLAN_RENTAL_NOT_EVALUATED,,Offplan properties not evaluated for current rent,,,,,,,,,,,,,,,,,,,,,,,,,
3449,offplan,Dubai Land Residence Complex,aark residences,1.0,875.0,1095000.0,DLD_MATCH,OFFPLAN_RENTAL_NOT_EVALUATED,,,0.0,,NONE,False,NONE,OFFPLAN_RENTAL_NOT_EVALUATED,,Offplan properties not evaluated for current rent,,,,,,,,,,,,,,,,,,,,,,,,,
632,offplan,Dubai Islands,flora isle beachfront residences,1.0,829.0,2880000.0,DLD_MISSING,OFFPLAN_RENTAL_NOT_EVALUATED,,,0.0,,NONE,False,NONE,OFFPLAN_RENTAL_NOT_EVALUATED,,Offplan properties not evaluated for current rent,,,,,,,,,,,,,,,,,,,,,,,,,
2721,offplan,Dubai South,coventry 49,2.0,848.0,1170240.0,DLD_MATCH,OFFPLAN_RENTAL_NOT_EVALUATED,,,0.0,,NONE,False,NONE,OFFPLAN_RENTAL_NOT_EVALUATED,,Offplan properties not evaluated for current rent,,,,,,,,,,,,,,,,,,,,,,,,,
6243,offplan,Mina Al Arab,nura,0.0,393.0,830000.0,DLD_MISSING,OFFPLAN_RENTAL_NOT_EVALUATED,,,0.0,,NONE,False,NONE,OFFPLAN_RENTAL_NOT_EVALUATED,,Offplan properties not evaluated for current rent,,,,,,,,,,,,,,,,,,,,,,,,,
3801,offplan,Nad Al Sheba,saddlewood park by mak developers,2.0,1312.0,3250000.0,DLD_MISSING,OFFPLAN_RENTAL_NOT_EVALUATED,,,0.0,,NONE,False,NONE,OFFPLAN_RENTAL_NOT_EVALUATED,,Offplan properties not evaluated for current rent,,,,,,,,,,,,,,,,,,,,,,,,,
4196,offplan,Dubai Land Residence Complex,solanki one,0.0,561.0,671000.0,DLD_MATCH,OFFPLAN_RENTAL_NOT_EVALUATED,,,0.0,,NONE,False,NONE,OFFPLAN_RENTAL_NOT_EVALUATED,,Offplan properties not evaluated for current rent,,,,,,,,,,,,,,,,,,,,,,,,,
1050,unknown,Jumeirah Village Triangle,s1lva park,0.0,444.0,780000.0,DLD_MISSING,STATUS_NOT_ELIGIBLE_FOR_CURRENT_RENT,,,0.0,,NONE,False,NONE,STATUS_NOT_ELIGIBLE_FOR_CURRENT_RENT,,Unknown status properties not evaluated for current rent,,,,,,,,,,,,,,,,,,,,,,,,,
3655,offplan,Sharjah Garden City,garden city,3.0,3173.0,2985000.0,DLD_MISSING,OFFPLAN_RENTAL_NOT_EVALUATED,,,0.0,,NONE,False,NONE,OFFPLAN_RENTAL_NOT_EVALUATED,,Offplan properties not evaluated for current rent,,,,,,,,,,,,,,,,,,,,,,,,,
5772,offplan,Al Mamzar,faradis tower,2.0,1460.0,2108943.0,DLD_MISSING,OFFPLAN_RENTAL_NOT_EVALUATED,,,0.0,,NONE,False,NONE,OFFPLAN_RENTAL_NOT_EVALUATED,,Offplan properties not evaluated for current rent,,,,,,,,,,,,,,,,,,,,,,,,,
4967,offplan,Majan,lazord by lapis phases 1 and 2,2.0,953.0,1691140.0,DLD_MISSING,OFFPLAN_RENTAL_NOT_EVALUATED,,,0.0,,NONE,False,NONE,OFFPLAN_RENTAL_NOT_EVALUATED,,Offplan properties not evaluated for current rent,,,,,,,,,,,,,,,,,,,,,,,,,
152,ready,Dubai Marina,marina star,0.0,505.0,1943600.0,DLD_MATCH,R4,68994.16941182702,3.549813202913512,492.0,median_psf_times_size,AREA_LEVEL,False,NONE,SHADOW_RESEARCH,Marsa Dubai,,46.9,1.0,,,insufficient_data,0.0,True,11.0,85000.0,89066.29101572112,median_psf_times_size,0.55,False,4.0,,,insufficient_data,0.0,True,492.0,65000.0,68994.16941182702,median_psf_times_size,0.4,False
5408,offplan,Dubai Islands,hatimi residences at dubai islands by fakhruddin,3.0,2486.0,8800000.0,DLD_MISSING,OFFPLAN_RENTAL_NOT_EVALUATED,,,0.0,,NONE,False,NONE,OFFPLAN_RENTAL_NOT_EVALUATED,,Offplan properties not evaluated for current rent,,,,,,,,,,,,,,,,,,,,,,,,,
4240,offplan,Al Furjan,azizi raffi,3.0,1428.0,2440000.0,DLD_MISSING,OFFPLAN_RENTAL_NOT_EVALUATED,,,0.0,,NONE,False,NONE,OFFPLAN_RENTAL_NOT_EVALUATED,,Offplan properties not evaluated for current rent,,,,,,,,,,,,,,,,,,,,,,,,,
1641,ready,Jumeirah village circle,ashton park residences,0.0,402.0,800000.0,DLD_MATCH,R3,42482.70964614555,5.310338705768194,97.0,median_psf_times_size,AREA_BEDROOM_LEVEL,False,NONE,SHADOW_RESEARCH,Al Barsha South Fourth,,37.3,0.0,,,insufficient_data,0.0,True,13.0,47000.0,47301.32264569429,median_psf_times_size,0.65,False,97.0,45000.0,42482.70964614555,median_psf_times_size,0.6,False,1919.0,45000.0,43203.49597947347,median_psf_times_size,0.4,False
408,ready,Jumeirah village circle,binghatti crescent,1.0,728.0,1200000.0,DLD_MATCH,R2,75192.79549369377,6.266066291141148,31.0,median_psf_times_size,PROJECT_LEVEL,False,NONE,SHADOW_RESEARCH,Al Barsha South Fourth,,67.6,0.0,,,insufficient_data,0.0,True,31.0,75000.0,75192.79549369377,median_psf_times_size,0.8,False,0.0,,,insufficient_data,0.0,True,4039.0,65000.0,64412.77440005819,median_psf_times_size,0.4,False
7817,offplan,Dubai Land Residence Complex,the wow tower,0.0,377.0,720000.0,DLD_MISSING,OFFPLAN_RENTAL_NOT_EVALUATED,,,0.0,,NONE,False,NONE,OFFPLAN_RENTAL_NOT_EVALUATED,,Offplan properties not evaluated for current rent,,,,,,,,,,,,,,,,,,,,,,,,,
3344,offplan,Jumeirah Village Triangle,fh residency,3.0,1597.0,3098340.0,DLD_MATCH,OFFPLAN_RENTAL_NOT_EVALUATED,,,0.0,,NONE,False,NONE,OFFPLAN_RENTAL_NOT_EVALUATED,,Offplan properties not evaluated for current rent,,,,,,,,,,,,,,,,,,,,,,,,,
2609,offplan,Al Furjan,azizi ameer,3.0,1636.0,2312000.0,DLD_MISSING,OFFPLAN_RENTAL_NOT_EVALUATED,,,0.0,,NONE,False,NONE,OFFPLAN_RENTAL_NOT_EVALUATED,,Offplan properties not evaluated for current rent,,,,,,,,,,,,,,,,,,,,,,,,,
5569,offplan,Emaar South,golf dale,2.0,1389.0,2290000.0,DLD_MATCH,OFFPLAN_RENTAL_NOT_EVALUATED,,,0.0,,NONE,False,NONE,OFFPLAN_RENTAL_NOT_EVALUATED,,Offplan properties not evaluated for current rent,,,,,,,,,,,,,,,,,,,,,,,,,
6627,ready,Palm Jumeirah,royal bay,2.0,1494.0,3550000.0,DLD_MATCH,R4,178173.48107846646,5.0189712979849705,867.0,median_psf_times_size,AREA_LEVEL,False,NONE,SHADOW_RESEARCH,Palm Jumeirah,,138.8,0.0,,,insufficient_data,0.0,True,7.0,,,insufficient_data,0.0,True,0.0,,,insufficient_data,0.0,True,867.0,183750.0,178173.48107846646,median_psf_times_size,0.4,False
7409,offplan,Al Furjan,orvessa residences,2.0,1335.0,2290000.0,DLD_MISSING,OFFPLAN_RENTAL_NOT_EVALUATED,,,0.0,,NONE,False,NONE,OFFPLAN_RENTAL_NOT_EVALUATED,,Offplan properties not evaluated for current rent,,,,,,,,,,,,,,,,,,,,,,,,,
5986,offplan,Mina Al Arab,enta residences,0.0,348.0,896000.0,DLD_MISSING,OFFPLAN_RENTAL_NOT_EVALUATED,,,0.0,,NONE,False,NONE,OFFPLAN_RENTAL_NOT_EVALUATED,,Offplan properties not evaluated for current rent,,,,,,,,,,,,,,,,,,,,,,,,,
7483,unknown,Meydan City,stamn mia tower,1.0,610.0,1380000.0,DLD_MISSING,STATUS_NOT_ELIGIBLE_FOR_CURRENT_RENT,,,0.0,,NONE,False,NONE,STATUS_NOT_ELIGIBLE_FOR_CURRENT_RENT,,Unknown status properties not evaluated for current rent,,,,,,,,,,,,,,,,,,,,,,,,,
2199,ready,Dubai Marina,liv residence,0.0,521.0,1650000.0,DLD_MATCH,R4,70832.90318055177,4.292903223063744,535.0,median_psf_times_size,AREA_LEVEL,False,NONE,SHADOW_RESEARCH,Marsa Dubai,,48.4,0.0,,,insufficient_data,0.0,True,6.0,,,insufficient_data,0.0,True,3.0,,,insufficient_data,0.0,True,535.0,70000.0,70832.90318055177,median_psf_times_size,0.4,False
2340,offplan,Dubai Land Residence Complex,weybridge gardens 4,2.0,1208.0,1512400.0,DLD_MISSING,OFFPLAN_RENTAL_NOT_EVALUATED,,,0.0,,NONE,False,NONE,OFFPLAN_RENTAL_NOT_EVALUATED,,Offplan properties not evaluated for current rent,,,,,,,,,,,,,,,,,,,,,,,,,
4057,offplan,Tilal City,hawa residence,0.0,380.0,554000.0,DLD_MISSING,OFFPLAN_RENTAL_NOT_EVALUATED,,,0.0,,NONE,False,NONE,OFFPLAN_RENTAL_NOT_EVALUATED,,Offplan properties not evaluated for current rent,,,,,,,,,,,,,,,,,,,,,,,,,
5319,ready,Dubai Marina,liv residence,1.0,919.0,2500000.0,DLD_MATCH,R2,134016.08375612576,5.360643350245031,22.0,median_psf_times_size,PROJECT_LEVEL,False,NONE,SHADOW_RESEARCH,Marsa Dubai,,85.4,0.0,,,insufficient_data,0.0,True,22.0,130000.0,134016.08375612576,median_psf_times_size,0.8,False,0.0,,,insufficient_data,0.0,True,2986.0,93000.0,97443.13737444341,median_psf_times_size,0.4,False
8352,offplan,Dubai Harbour,damac bay,3.0,2120.0,10750000.0,DLD_NO_EVIDENCE,OFFPLAN_RENTAL_NOT_EVALUATED,,,0.0,,NONE,False,NONE,OFFPLAN_RENTAL_NOT_EVALUATED,,Offplan properties not evaluated for current rent,,,,,,,,,,,,,,,,,,,,,,,,,
2406,offplan,Palm Jumeirah,olaia residences,3.0,2260.0,11071800.0,DLD_MATCH,OFFPLAN_RENTAL_NOT_EVALUATED,,,0.0,,NONE,False,NONE,OFFPLAN_RENTAL_NOT_EVALUATED,,Offplan properties not evaluated for current rent,,,,,,,,,,,,,,,,,,,,,,,,,
5047,offplan,Jumeirah village circle,elitz,2.0,1056.0,1700000.0,DLD_MISSING,OFFPLAN_RENTAL_NOT_EVALUATED,,,0.0,,NONE,False,NONE,OFFPLAN_RENTAL_NOT_EVALUATED,,Offplan properties not evaluated for current rent,,,,,,,,,,,,,,,,,,,,,,,,,
8327,ready,Business Bay,aykon city tower,2.0,819.0,2314000.0,DLD_MISSING,R4,90204.61145236365,3.8982113851496822,2915.0,median_psf_times_size,AREA_LEVEL,False,NONE,SHADOW_RESEARCH,Business Bay,,76.1,0.0,,,insufficient_data,0.0,True,0.0,,,insufficient_data,0.0,True,0.0,,,insufficient_data,0.0,True,2915.0,90000.0,90204.61145236365,median_psf_times_size,0.4,False
3119,ready,Dubai Marina,marina arcade tower,3.0,2466.0,4173190.0,DLD_MISSING,R4,215743.35558046392,5.16974677837491,736.0,median_psf_times_size,AREA_LEVEL,False,NONE,SHADOW_RESEARCH,Marsa Dubai,,229.1,0.0,,,insufficient_data,0.0,True,0.0,,,insufficient_data,0.0,True,0.0,,,insufficient_data,0.0,True,736.0,210000.0,215743.35558046392,median_psf_times_size,0.4,False
4099,offplan,Palm Jumeirah,passo by beyond,4.0,7338.0,52000000.0,DLD_MATCH,OFFPLAN_RENTAL_NOT_EVALUATED,,,0.0,,NONE,False,NONE,OFFPLAN_RENTAL_NOT_EVALUATED,,Offplan properties not evaluated for current rent,,,,,,,,,,,,,,,,,,,,,,,,,
2279,offplan,Dubai Production City,samana lake views,2.0,1236.0,1701970.0,DLD_MATCH,OFFPLAN_RENTAL_NOT_EVALUATED,,,0.0,,NONE,False,NONE,OFFPLAN_RENTAL_NOT_EVALUATED,,Offplan properties not evaluated for current rent,,,,,,,,,,,,,,,,,,,,,,,,,
0,offplan,Dubai Islands,marea residences,1.0,1322.0,2749440.0,DLD_MISSING,OFFPLAN_RENTAL_NOT_EVALUATED,,,0.0,,NONE,False,NONE,OFFPLAN_RENTAL_NOT_EVALUATED,,Offplan properties not evaluated for current rent,,,,,,,,,,,,,,,,,,,,,,,,,
1917,offplan,Dubai Islands,natuzzi harmony residences,3.0,1704.0,4940380.0,DLD_MISSING,OFFPLAN_RENTAL_NOT_EVALUATED,,,0.0,,NONE,False,NONE,OFFPLAN_RENTAL_NOT_EVALUATED,,Offplan properties not evaluated for current rent,,,,,,,,,,,,,,,,,,,,,,,,,
7426,ready,Al Barari,barari views,2.0,1271.0,1461650.0,DLD_MATCH,R4,78290.75865757541,5.356327346326098,547.0,median_psf_times_size,AREA_LEVEL,False,NONE,SHADOW_RESEARCH,Wadi Al Safa 3,,118.1,0.0,,,insufficient_data,0.0,True,7.0,,,insufficient_data,0.0,True,0.0,,,insufficient_data,0.0,True,547.0,78000.0,78290.75865757541,median_psf_times_size,0.4,False
5,ready,Business Bay,avanti tower,2.0,1270.0,2314000.0,DLD_MATCH,R4,118976.51998603782,5.141595505014599,2422.0,median_psf_times_size,AREA_LEVEL,False,NONE,SHADOW_RESEARCH,Business Bay,,118.0,0.0,,,insufficient_data,0.0,True,9.0,120000.0,119446.0478962633,median_psf_times_size,0.45,False,0.0,,,insufficient_data,0.0,True,2422.0,123000.0,118976.51998603782,median_psf_times_size,0.4,False
1687,offplan,Siniya Island,sobha tranquil beach residences,3.0,2190.0,6242798.0,DLD_MISSING,OFFPLAN_RENTAL_NOT_EVALUATED,,,0.0,,NONE,False,NONE,OFFPLAN_RENTAL_NOT_EVALUATED,,Offplan properties not evaluated for current rent,,,,,,,,,,,,,,,,,,,,,,,,,
3473,offplan,Dubai Islands,bay grove residences phase 4,1.0,908.0,2000000.0,DLD_MISSING,OFFPLAN_RENTAL_NOT_EVALUATED,,,0.0,,NONE,False,NONE,OFFPLAN_RENTAL_NOT_EVALUATED,,Offplan properties not evaluated for current rent,,,,,,,,,,,,,,,,,,,,,,,,,
23,offplan,Dubai Creek Harbour,savanna,1.0,689.0,1200000.0,DLD_MISSING,OFFPLAN_RENTAL_NOT_EVALUATED,,,0.0,,NONE,False,NONE,OFFPLAN_RENTAL_NOT_EVALUATED,,Offplan properties not evaluated for current rent,,,,,,,,,,,,,,,,,,,,,,,,,
7815,offplan,Dubai Islands,silena residences,3.0,3642.0,13869000.0,DLD_MATCH,OFFPLAN_RENTAL_NOT_EVALUATED,,,0.0,,NONE,False,NONE,OFFPLAN_RENTAL_NOT_EVALUATED,,Offplan properties not evaluated for current rent,,,,,,,,,,,,,,,,,,,,,,,,,
8062,unknown,Al Marjan Island,mondrian branded residences,,,8530000.0,DLD_MISSING,STATUS_NOT_ELIGIBLE_FOR_CURRENT_RENT,,,0.0,,NONE,False,NONE,STATUS_NOT_ELIGIBLE_FOR_CURRENT_RENT,,Unknown status properties not evaluated for current rent,,,,,,,,,,,,,,,,,,,,,,,,,
1447,unknown,Al Marjan Island,mondrian branded residences,,,8540000.0,DLD_MISSING,STATUS_NOT_ELIGIBLE_FOR_CURRENT_RENT,,,0.0,,NONE,False,NONE,STATUS_NOT_ELIGIBLE_FOR_CURRENT_RENT,,Unknown status properties not evaluated for current rent,,,,,,,,,,,,,,,,,,,,,,,,,
2977,offplan,Jumeirah village circle,aurora by binghatti,0.0,382.0,874999.0,DLD_MISSING,OFFPLAN_RENTAL_NOT_EVALUATED,,,0.0,,NONE,False,NONE,OFFPLAN_RENTAL_NOT_EVALUATED,,Offplan properties not evaluated for current rent,,,,,,,,,,,,,,,,,,,,,,,,,
1621,offplan,Sobha Hartland 2,310 riverside crescent,2.0,1425.0,3206090.0,DLD_MATCH,OFFPLAN_RENTAL_NOT_EVALUATED,,,0.0,,NONE,False,NONE,OFFPLAN_RENTAL_NOT_EVALUATED,,Offplan properties not evaluated for current rent,,,,,,,,,,,,,,,,,,,,,,,,,
1276,offplan,Jumeirah Lake Towers,upper house,0.0,407.0,995000.0,DLD_MISSING,OFFPLAN_RENTAL_NOT_EVALUATED,,,0.0,,NONE,False,NONE,OFFPLAN_RENTAL_NOT_EVALUATED,,Offplan properties not evaluated for current rent,,,,,,,,,,,,,,,,,,,,,,,,,
7799,ready,Business Bay,avanti tower,0.0,350.0,950000.0,DLD_MATCH,R4,52982.902736889955,5.5771476565147315,532.0,median_psf_times_size,AREA_LEVEL,False,NONE,SHADOW_RESEARCH,Business Bay,,32.5,1.0,,,insufficient_data,0.0,True,1.0,,,insufficient_data,0.0,True,9.0,,,insufficient_data,0.0,True,532.0,60000.0,52982.902736889955,median_psf_times_size,0.4,False
4988,offplan,Jumeirah Garden City,whitestone residence,0.0,509.0,1171005.0,DLD_NO_EVIDENCE,OFFPLAN_RENTAL_NOT_EVALUATED,,,0.0,,NONE,False,NONE,OFFPLAN_RENTAL_NOT_EVALUATED,,Offplan properties not evaluated for current rent,,,,,,,,,,,,,,,,,,,,,,,,,
7139,offplan,Downtown Dubai,elegance tower,2.0,1183.0,3250000.0,DLD_MATCH,OFFPLAN_RENTAL_NOT_EVALUATED,,,0.0,,NONE,False,NONE,OFFPLAN_RENTAL_NOT_EVALUATED,,Offplan properties not evaluated for current rent,,,,,,,,,,,,,,,,,,,,,,,,,
7529,offplan,Dubai Production City,samana lake views,1.0,854.0,1280340.0,DLD_NO_EVIDENCE,OFFPLAN_RENTAL_NOT_EVALUATED,,,0.0,,NONE,False,NONE,OFFPLAN_RENTAL_NOT_EVALUATED,,Offplan properties not evaluated for current rent,,,,,,,,,,,,,,,,,,,,,,,,,
8250,offplan,Siniya Island,bayfront marina residences,3.0,2174.0,6088684.0,DLD_MISSING,OFFPLAN_RENTAL_NOT_EVALUATED,,,0.0,,NONE,False,NONE,OFFPLAN_RENTAL_NOT_EVALUATED,,Offplan properties not evaluated for current rent,,,,,,,,,,,,,,,,,,,,,,,,,
3782,offplan,Downtown Dubai,rove home,2.0,1300.0,3811000.0,DLD_MISSING,OFFPLAN_RENTAL_NOT_EVALUATED,,,0.0,,NONE,False,NONE,OFFPLAN_RENTAL_NOT_EVALUATED,,Offplan properties not evaluated for current rent,,,,,,,,,,,,,,,,,,,,,,,,,
1883,offplan,Jumeirah village circle,pearl house iii,0.0,463.0,733921.0,DLD_MISSING,OFFPLAN_RENTAL_NOT_EVALUATED,,,0.0,,NONE,False,NONE,OFFPLAN_RENTAL_NOT_EVALUATED,,Offplan properties not evaluated for current rent,,,,,,,,,,,,,,,,,,,,,,,,,
5820,offplan,Dubai South,inara residence by imtiaz,1.0,726.0,1100000.0,DLD_MISSING,OFFPLAN_RENTAL_NOT_EVALUATED,,,0.0,,NONE,False,NONE,OFFPLAN_RENTAL_NOT_EVALUATED,,Offplan properties not evaluated for current rent,,,,,,,,,,,,,,,,,,,,,,,,,
2236,ready,Jumeirah village circle,ashton park residences,2.0,1145.0,2100000.0,DLD_MATCH,R4,85750.45391028153,4.083354948108645,2044.0,median_psf_times_size,AREA_LEVEL,False,NONE,SHADOW_RESEARCH,Al Barsha South Fourth,,106.4,0.0,,,insufficient_data,0.0,True,3.0,,,insufficient_data,0.0,True,0.0,,,insufficient_data,0.0,True,2044.0,80000.0,85750.45391028153,median_psf_times_size,0.4,False
3035,offplan,Jumeirah village circle,palatium residence,2.0,837.0,1274820.0,DLD_MISSING,OFFPLAN_RENTAL_NOT_EVALUATED,,,0.0,,NONE,False,NONE,OFFPLAN_RENTAL_NOT_EVALUATED,,Offplan properties not evaluated for current rent,,,,,,,,,,,,,,,,,,,,,,,,,
7746,offplan,Jumeirah village circle,carmel residence,1.0,669.0,1451914.0,DLD_MISSING,OFFPLAN_RENTAL_NOT_EVALUATED,,,0.0,,NONE,False,NONE,OFFPLAN_RENTAL_NOT_EVALUATED,,Offplan properties not evaluated for current rent,,,,,,,,,,,,,,,,,,,,,,,,,
4856,offplan,Al Furjan,celeste heights,3.0,3851.0,2950000.0,DLD_MISSING,OFFPLAN_RENTAL_NOT_EVALUATED,,,0.0,,NONE,False,NONE,OFFPLAN_RENTAL_NOT_EVALUATED,,Offplan properties not evaluated for current rent,,,,,,,,,,,,,,,,,,,,,,,,,
4795,offplan,Al Marjan Island,nikki beach residences,4.0,2652.0,9407700.0,DLD_MISSING,OFFPLAN_RENTAL_NOT_EVALUATED,,,0.0,,NONE,False,NONE,OFFPLAN_RENTAL_NOT_EVALUATED,,Offplan properties not evaluated for current rent,,,,,,,,,,,,,,,,,,,,,,,,,
4513,ready,Dubai Creek Harbour,the cove,3.0,1898.0,5500000.0,DLD_MATCH,R4,224850.29721362592,4.088187222065926,1244.0,median_psf_times_size,AREA_LEVEL,False,NONE,SHADOW_RESEARCH,Al Khairan First,,176.3,0.0,,,insufficient_data,0.0,True,13.0,237500.0,254068.68635344584,median_psf_times_size,0.65,False,0.0,,,insufficient_data,0.0,True,1244.0,194169.1,224850.29721362592,median_psf_times_size,0.4,False
2123,offplan,Majan,lazord by lapis phases 1 and 2,0.0,371.0,763295.0,DLD_MISSING,OFFPLAN_RENTAL_NOT_EVALUATED,,,0.0,,NONE,False,NONE,OFFPLAN_RENTAL_NOT_EVALUATED,,Offplan properties not evaluated for current rent,,,,,,,,,,,,,,,,,,,,,,,,,
3150,ready,Dubai Creek Harbour,creek gate tower 2,3.0,2162.0,5200000.0,DLD_MISSING,R4,278700.2297571895,5.359619803022875,293.0,median_psf_times_size,AREA_LEVEL,False,NONE,SHADOW_RESEARCH,Al Khairan First,,200.9,0.0,,,insufficient_data,0.0,True,0.0,,,insufficient_data,0.0,True,0.0,,,insufficient_data,0.0,True,293.0,257500.0,278700.2297571895,median_psf_times_size,0.4,False
2601,offplan,Jumeirah Village Triangle,lilium tower,1.0,726.0,1193820.0,DLD_MATCH,OFFPLAN_RENTAL_NOT_EVALUATED,,,0.0,,NONE,False,NONE,OFFPLAN_RENTAL_NOT_EVALUATED,,Offplan properties not evaluated for current rent,,,,,,,,,,,,,,,,,,,,,,,,,
6185,offplan,Dubai Land Residence Complex,verdan1a 3,0.0,506.0,913999.0,DLD_MISSING,OFFPLAN_RENTAL_NOT_EVALUATED,,,0.0,,NONE,False,NONE,OFFPLAN_RENTAL_NOT_EVALUATED,,Offplan properties not evaluated for current rent,,,,,,,,,,,,,,,,,,,,,,,,,
7310,offplan,Dubai Islands,ocean pearl 1 and 2,4.0,1972.0,4776670.0,DLD_MISSING,OFFPLAN_RENTAL_NOT_EVALUATED,,,0.0,,NONE,False,NONE,OFFPLAN_RENTAL_NOT_EVALUATED,,Offplan properties not evaluated for current rent,,,,,,,,,,,,,,,,,,,,,,,,,
7109,offplan,Al Marjan Island,arthouse residences by cledor,0.0,,925000.0,DLD_MISSING,OFFPLAN_RENTAL_NOT_EVALUATED,,,0.0,,NONE,False,NONE,OFFPLAN_RENTAL_NOT_EVALUATED,,Offplan properties not evaluated for current rent,,,,,,,,,,,,,,,,,,,,,,,,,
7392,offplan,Siniya Island,canalside marina residences,3.0,2173.0,6194635.0,DLD_MISSING,OFFPLAN_RENTAL_NOT_EVALUATED,,,0.0,,NONE,False,NONE,OFFPLAN_RENTAL_NOT_EVALUATED,,Offplan properties not evaluated for current rent,,,,,,,,,,,,,,,,,,,,,,,,,
1640,offplan,Sheikh Zayed Road,one billion tower,3.0,2342.0,6795000.0,DLD_MISSING,OFFPLAN_RENTAL_NOT_EVALUATED,,,0.0,,NONE,False,NONE,OFFPLAN_RENTAL_NOT_EVALUATED,,Offplan properties not evaluated for current rent,,,,,,,,,,,,,,,,,,,,,,,,,
4489,offplan,Al Jadaf Waterfront,val by kasco,1.0,894.0,1792780.0,DLD_MATCH,OFFPLAN_RENTAL_NOT_EVALUATED,,,0.0,,NONE,False,NONE,OFFPLAN_RENTAL_NOT_EVALUATED,,Offplan properties not evaluated for current rent,,,,,,,,,,,,,,,,,,,,,,,,,
517,offplan,Dubai Islands,blue marina residence,3.0,3091.0,6200000.0,DLD_MISSING,OFFPLAN_RENTAL_NOT_EVALUATED,,,0.0,,NONE,False,NONE,OFFPLAN_RENTAL_NOT_EVALUATED,,Offplan properties not evaluated for current rent,,,,,,,,,,,,,,,,,,,,,,,,,
156,offplan,Jumeirah Village Triangle,volga tower,2.0,1340.0,2563720.0,DLD_MATCH,OFFPLAN_RENTAL_NOT_EVALUATED,,,0.0,,NONE,False,NONE,OFFPLAN_RENTAL_NOT_EVALUATED,,Offplan properties not evaluated for current rent,,,,,,,,,,,,,,,,,,,,,,,,,
5245,offplan,Al Jadaf Waterfront,art bay,2.0,2426.0,3954830.0,DLD_MISSING,OFFPLAN_RENTAL_NOT_EVALUATED,,,0.0,,NONE,False,NONE,OFFPLAN_RENTAL_NOT_EVALUATED,,Offplan properties not evaluated for current rent,,,,,,,,,,,,,,,,,,,,,,,,,
5715,offplan,Jumeirah Village Triangle,cloud tower,2.0,938.0,1863180.0,DLD_MATCH,OFFPLAN_RENTAL_NOT_EVALUATED,,,0.0,,NONE,False,NONE,OFFPLAN_RENTAL_NOT_EVALUATED,,Offplan properties not evaluated for current rent,,,,,,,,,,,,,,,,,,,,,,,,,
5919,offplan,Jumeirah village circle,the fifth,2.0,1114.0,1650410.0,DLD_MISSING,OFFPLAN_RENTAL_NOT_EVALUATED,,,0.0,,NONE,False,NONE,OFFPLAN_RENTAL_NOT_EVALUATED,,Offplan properties not evaluated for current rent,,,,,,,,,,,,,,,,,,,,,,,,,
1082,offplan,Dubai Production City,coventry place,1.0,717.0,1159389.0,DLD_MISSING,OFFPLAN_RENTAL_NOT_EVALUATED,,,0.0,,NONE,False,NONE,OFFPLAN_RENTAL_NOT_EVALUATED,,Offplan properties not evaluated for current rent,,,,,,,,,,,,,,,,,,,,,,,,,
7461,ready,Business Bay,the atria,0.0,559.0,1369710.0,DLD_MATCH,R3,70575.62112488081,5.1525958870768855,48.0,median_psf_times_size,AREA_BEDROOM_LEVEL,False,NONE,SHADOW_RESEARCH,Business Bay,,51.9,0.0,,,insufficient_data,0.0,True,0.0,,,insufficient_data,0.0,True,48.0,66250.0,70575.62112488081,median_psf_times_size,0.6,False,2529.0,70000.0,72510.77404575182,median_psf_times_size,0.4,False
5710,offplan,Downtown Dubai,rove home,0.0,410.0,1511000.0,DLD_MISSING,OFFPLAN_RENTAL_NOT_EVALUATED,,,0.0,,NONE,False,NONE,OFFPLAN_RENTAL_NOT_EVALUATED,,Offplan properties not evaluated for current rent,,,,,,,,,,,,,,,,,,,,,,,,,
4174,offplan,Dubai Islands,sea view residence,2.0,1507.0,3471000.0,DLD_MISSING,OFFPLAN_RENTAL_NOT_EVALUATED,,,0.0,,NONE,False,NONE,OFFPLAN_RENTAL_NOT_EVALUATED,,Offplan properties not evaluated for current rent,,,,,,,,,,,,,,,,,,,,,,,,,
1615,offplan,EMAAR Beachfront,bayview by address resorts,4.0,5420.0,28300000.0,DLD_MISSING,OFFPLAN_RENTAL_NOT_EVALUATED,,,0.0,,NONE,False,NONE,OFFPLAN_RENTAL_NOT_EVALUATED,,Offplan properties not evaluated for current rent,,,,,,,,,,,,,,,,,,,,,,,,,
1236,offplan,Dubai Land Residence Complex,haven views 1,2.0,914.0,1490000.0,DLD_MISSING,OFFPLAN_RENTAL_NOT_EVALUATED,,,0.0,,NONE,False,NONE,OFFPLAN_RENTAL_NOT_EVALUATED,,Offplan properties not evaluated for current rent,,,,,,,,,,,,,,,,,,,,,,,,,
3524,offplan,Dubai South,cresswell residences,1.0,1430.0,1453200.0,DLD_MATCH,OFFPLAN_RENTAL_NOT_EVALUATED,,,0.0,,NONE,False,NONE,OFFPLAN_RENTAL_NOT_EVALUATED,,Offplan properties not evaluated for current rent,,,,,,,,,,,,,,,,,,,,,,,,,
6217,ready,Emaar South,golf links,3.0,4309.0,4100000.0,DLD_MISSING_DISTRIBUTION,NO_TIER_MET_MINIMUM,,,,,NONE,False,NONE,SHADOW_RESEARCH,,No tier met minimum comparables requirement,400.3,,,,,,,,,,,,,,,,,,,,,,,,
5075,ready,Palm Jumeirah,ellington beach house,1.0,1028.0,4300000.0,DLD_MATCH,R4,134715.5234908119,3.1329191509491143,303.0,median_psf_times_size,AREA_LEVEL,False,NONE,SHADOW_RESEARCH,Palm Jumeirah,,95.5,0.0,,,insufficient_data,0.0,True,2.0,,,insufficient_data,0.0,True,0.0,,,insufficient_data,0.0,True,303.0,145000.0,134715.5234908119,median_psf_times_size,0.4,False
2178,ready,Jumeirah village circle,binghatti house,0.0,310.0,729999.0,DLD_MATCH,R4,37161.216000033564,5.090584507654608,187.0,median_psf_times_size,AREA_LEVEL,False,NONE,SHADOW_RESEARCH,Al Barsha South Fourth,,28.8,0.0,,,insufficient_data,0.0,True,15.0,47000.0,46707.98111805461,median_psf_times_size,0.75,False,13.0,40000.0,36386.534933703115,median_psf_times_size,0.39,False,187.0,41000.0,37161.216000033564,median_psf_times_size,0.4,False
7633,offplan,Town Square Dubai,lexington,1.0,659.0,941888.0,DLD_MATCH,OFFPLAN_RENTAL_NOT_EVALUATED,,,0.0,,NONE,False,NONE,OFFPLAN_RENTAL_NOT_EVALUATED,,Offplan properties not evaluated for current rent,,,,,,,,,,,,,,,,,,,,,,,,,
6012,offplan,Jumeirah Village Triangle,altai tower,1.0,926.0,1327530.0,DLD_MATCH,OFFPLAN_RENTAL_NOT_EVALUATED,,,0.0,,NONE,False,NONE,OFFPLAN_RENTAL_NOT_EVALUATED,,Offplan properties not evaluated for current rent,,,,,,,,,,,,,,,,,,,,,,,,,
5843,offplan,Arjan,empire estates,2.0,2079.0,3000000.0,DLD_MATCH,OFFPLAN_RENTAL_NOT_EVALUATED,,,0.0,,NONE,False,NONE,OFFPLAN_RENTAL_NOT_EVALUATED,,Offplan properties not evaluated for current rent,,,,,,,,,,,,,,,,,,,,,,,,,
31,offplan,Al Reem island,radiant garden towers,0.0,603.0,940000.0,DLD_MISSING,OFFPLAN_RENTAL_NOT_EVALUATED,,,0.0,,NONE,False,NONE,OFFPLAN_RENTAL_NOT_EVALUATED,,Offplan properties not evaluated for current rent,,,,,,,,,,,,,,,,,,,,,,,,,
7145,unknown,Damac Lagoons,damac lagoons views,,,1303000.0,DLD_MISSING,STATUS_NOT_ELIGIBLE_FOR_CURRENT_RENT,,,0.0,,NONE,False,NONE,STATUS_NOT_ELIGIBLE_FOR_CURRENT_RENT,,Unknown status properties not evaluated for current rent,,,,,,,,,,,,,,,,,,,,,,,,,
6042,offplan,The Wilds,the wilds,3.0,2970.0,5100000.0,DLD_MISSING,OFFPLAN_RENTAL_NOT_EVALUATED,,,0.0,,NONE,False,NONE,OFFPLAN_RENTAL_NOT_EVALUATED,,Offplan properties not evaluated for current rent,,,,,,,,,,,,,,,,,,,,,,,,,
7427,offplan,Jumeirah Village Triangle,cloud tower,3.0,2074.0,3319000.0,DLD_MATCH,OFFPLAN_RENTAL_NOT_EVALUATED,,,0.0,,NONE,False,NONE,OFFPLAN_RENTAL_NOT_EVALUATED,,Offplan properties not evaluated for current rent,,,,,,,,,,,,,,,,,,,,,,,,,
7953,ready,Downtown Dubai,imperial avenue,4.0,3124.0,12800000.0,DLD_MATCH,R4,413789.2515737334,3.2327285279197917,270.0,median_psf_times_size,AREA_LEVEL,False,NONE,SHADOW_RESEARCH,Burj Khalifa,,290.2,0.0,,,insufficient_data,0.0,True,0.0,,,insufficient_data,0.0,True,0.0,,,insufficient_data,0.0,True,270.0,360000.0,413789.2515737334,median_psf_times_size,0.4,False
6727,offplan,Arjan,gardens 2,2.0,1412.0,2400000.0,DLD_MATCH,OFFPLAN_RENTAL_NOT_EVALUATED,,,0.0,,NONE,False,NONE,OFFPLAN_RENTAL_NOT_EVALUATED,,Offplan properties not evaluated for current rent,,,,,,,,,,,,,,,,,,,,,,,,,
3917,offplan,Dubai Production City,samana lake views 2,1.0,682.0,1379680.0,DLD_MATCH,OFFPLAN_RENTAL_NOT_EVALUATED,,,0.0,,NONE,False,NONE,OFFPLAN_RENTAL_NOT_EVALUATED,,Offplan properties not evaluated for current rent,,,,,,,,,,,,,,,,,,,,,,,,,
1373,offplan,Dubai Studio City,ghaff land residence,2.0,2124.0,1617870.0,DLD_MATCH,OFFPLAN_RENTAL_NOT_EVALUATED,,,0.0,,NONE,False,NONE,OFFPLAN_RENTAL_NOT_EVALUATED,,Offplan properties not evaluated for current rent,,,,,,,,,,,,,,,,,,,,,,,,,
3547,offplan,Business Bay,dg1 living,3.0,1597.0,5666090.0,DLD_MATCH,OFFPLAN_RENTAL_NOT_EVALUATED,,,0.0,,NONE,False,NONE,OFFPLAN_RENTAL_NOT_EVALUATED,,Offplan properties not evaluated for current rent,,,,,,,,,,,,,,,,,,,,,,,,,
1599,offplan,Al Marjan Island,the beach vista,2.0,1589.0,4522098.0,DLD_MISSING,OFFPLAN_RENTAL_NOT_EVALUATED,,,0.0,,NONE,False,NONE,OFFPLAN_RENTAL_NOT_EVALUATED,,Offplan properties not evaluated for current rent,,,,,,,,,,,,,,,,,,,,,,,,,
583,offplan,Dubai Studio City,verano by prescott,1.0,677.0,1025000.0,DLD_NO_EVIDENCE,OFFPLAN_RENTAL_NOT_EVALUATED,,,0.0,,NONE,False,NONE,OFFPLAN_RENTAL_NOT_EVALUATED,,Offplan properties not evaluated for current rent,,,,,,,,,,,,,,,,,,,,,,,,,
6973,offplan,Expo City,terra gardens,3.0,2702.0,5087888.0,DLD_MATCH,OFFPLAN_RENTAL_NOT_EVALUATED,,,0.0,,NONE,False,NONE,OFFPLAN_RENTAL_NOT_EVALUATED,,Offplan properties not evaluated for current rent,,,,,,,,,,,,,,,,,,,,,,,,,
6166,offplan,Jumeirah village circle,midora residences,2.0,1753.0,2928000.0,DLD_MATCH,OFFPLAN_RENTAL_NOT_EVALUATED,,,0.0,,NONE,False,NONE,OFFPLAN_RENTAL_NOT_EVALUATED,,Offplan properties not evaluated for current rent,,,,,,,,,,,,,,,,,,,,,,,,,
7399,offplan,Jumeirah Lake Towers,upper house,1.0,840.0,1734000.0,DLD_MISSING,OFFPLAN_RENTAL_NOT_EVALUATED,,,0.0,,NONE,False,NONE,OFFPLAN_RENTAL_NOT_EVALUATED,,Offplan properties not evaluated for current rent,,,,,,,,,,,,,,,,,,,,,,,,,
7687,offplan,Jumeirah village circle,maison elysee iii,2.0,709.0,1269900.0,DLD_MISSING,OFFPLAN_RENTAL_NOT_EVALUATED,,,0.0,,NONE,False,NONE,OFFPLAN_RENTAL_NOT_EVALUATED,,Offplan properties not evaluated for current rent,,,,,,,,,,,,,,,,,,,,,,,,,
6223,offplan,Dubai Islands,ellington cove,2.0,1299.0,3594830.0,DLD_MISSING,OFFPLAN_RENTAL_NOT_EVALUATED,,,0.0,,NONE,False,NONE,OFFPLAN_RENTAL_NOT_EVALUATED,,Offplan properties not evaluated for current rent,,,,,,,,,,,,,,,,,,,,,,,,,
5903,offplan,Business Bay,peninsula jumeirah living,4.0,4280.0,18350000.0,DLD_MISSING,OFFPLAN_RENTAL_NOT_EVALUATED,,,0.0,,NONE,False,NONE,OFFPLAN_RENTAL_NOT_EVALUATED,,Offplan properties not evaluated for current rent,,,,,,,,,,,,,,,,,,,,,,,,,
1821,ready,Jumeirah village circle,binghatti crescent,3.0,1682.0,2400000.0,DLD_MATCH,R4,117307.16042300244,4.887798350958435,632.0,median_psf_times_size,AREA_LEVEL,False,NONE,SHADOW_RESEARCH,Al Barsha South Fourth,,156.3,0.0,,,insufficient_data,0.0,True,2.0,,,insufficient_data,0.0,True,0.0,,,insufficient_data,0.0,True,632.0,107510.0,117307.16042300244,median_psf_times_size,0.4,False
1471,offplan,Dubai South,coventry 49,0.0,365.0,633275.0,DLD_NO_EVIDENCE,OFFPLAN_RENTAL_NOT_EVALUATED,,,0.0,,NONE,False,NONE,OFFPLAN_RENTAL_NOT_EVALUATED,,Offplan properties not evaluated for current rent,,,,,,,,,,,,,,,,,,,,,,,,,
1456,offplan,Business Bay,peninsula jumeirah living,4.0,4280.0,18396000.0,DLD_MISSING,OFFPLAN_RENTAL_NOT_EVALUATED,,,0.0,,NONE,False,NONE,OFFPLAN_RENTAL_NOT_EVALUATED,,Offplan properties not evaluated for current rent,,,,,,,,,,,,,,,,,,,,,,,,,
6099,ready,Dubai Creek Harbour,the cove,3.0,1839.0,6000000.0,DLD_MATCH,R4,216300.23185634616,3.605003864272436,1551.0,median_psf_times_size,AREA_LEVEL,False,NONE,SHADOW_RESEARCH,Al Khairan First,,170.8,0.0,,,insufficient_data,0.0,True,13.0,237500.0,246170.87155109952,median_psf_times_size,0.65,False,0.0,,,insufficient_data,0.0,True,1551.0,180000.0,216300.23185634616,median_psf_times_size,0.4,False
7654,offplan,Dubai Hills Estate,vida residences hillside,3.0,2622.0,6670000.0,DLD_MATCH,OFFPLAN_RENTAL_NOT_EVALUATED,,,0.0,,NONE,False,NONE,OFFPLAN_RENTAL_NOT_EVALUATED,,Offplan properties not evaluated for current rent,,,,,,,,,,,,,,,,,,,,,,,,,
6842,offplan,Majan,lazord by lapis phases 1 and 2,0.0,372.0,836075.0,DLD_MISSING,OFFPLAN_RENTAL_NOT_EVALUATED,,,0.0,,NONE,False,NONE,OFFPLAN_RENTAL_NOT_EVALUATED,,Offplan properties not evaluated for current rent,,,,,,,,,,,,,,,,,,,,,,,,,
8105,offplan,Palm Jumeirah,the alba residences,3.0,4700.0,45000000.0,DLD_MISSING,OFFPLAN_RENTAL_NOT_EVALUATED,,,0.0,,NONE,False,NONE,OFFPLAN_RENTAL_NOT_EVALUATED,,Offplan properties not evaluated for current rent,,,,,,,,,,,,,,,,,,,,,,,,,
4007,offplan,Dubai Islands,hatimi residences at dubai islands by fakhruddin,4.0,4591.0,16500000.0,DLD_MISSING,OFFPLAN_RENTAL_NOT_EVALUATED,,,0.0,,NONE,False,NONE,OFFPLAN_RENTAL_NOT_EVALUATED,,Offplan properties not evaluated for current rent,,,,,,,,,,,,,,,,,,,,,,,,,
2952,offplan,Al Reem island,rotana residences south tower,0.0,408.0,800000.0,DLD_MISSING,OFFPLAN_RENTAL_NOT_EVALUATED,,,0.0,,NONE,False,NONE,OFFPLAN_RENTAL_NOT_EVALUATED,,Offplan properties not evaluated for current rent,,,,,,,,,,,,,,,,,,,,,,,,,
1825,offplan,Jumeirah village circle,carmel residence,2.0,1215.0,2234159.0,DLD_MISSING,OFFPLAN_RENTAL_NOT_EVALUATED,,,0.0,,NONE,False,NONE,OFFPLAN_RENTAL_NOT_EVALUATED,,Offplan properties not evaluated for current rent,,,,,,,,,,,,,,,,,,,,,,,,,
7874,offplan,Waada by Bahria Town at Dubai South,waada phase 1,3.0,2691.0,2691000.0,DLD_MISSING,OFFPLAN_RENTAL_NOT_EVALUATED,,,0.0,,NONE,False,NONE,OFFPLAN_RENTAL_NOT_EVALUATED,,Offplan properties not evaluated for current rent,,,,,,,,,,,,,,,,,,,,,,,,,
3378,offplan,Al Barari,mayfair vista,1.0,761.0,1313000.0,DLD_MISSING,OFFPLAN_RENTAL_NOT_EVALUATED,,,0.0,,NONE,False,NONE,OFFPLAN_RENTAL_NOT_EVALUATED,,Offplan properties not evaluated for current rent,,,,,,,,,,,,,,,,,,,,,,,,,
1178,offplan,Al Marjan Island,costa mare,2.0,1095.0,3590828.0,DLD_MISSING,OFFPLAN_RENTAL_NOT_EVALUATED,,,0.0,,NONE,False,NONE,OFFPLAN_RENTAL_NOT_EVALUATED,,Offplan properties not evaluated for current rent,,,,,,,,,,,,,,,,,,,,,,,,,
623,offplan,Dubai Land Residence Complex,bliss tower,2.0,1655.0,2335722.0,DLD_MATCH,OFFPLAN_RENTAL_NOT_EVALUATED,,,0.0,,NONE,False,NONE,OFFPLAN_RENTAL_NOT_EVALUATED,,Offplan properties not evaluated for current rent,,,,,,,,,,,,,,,,,,,,,,,,,
3960,offplan,Jumeirah Lake Towers,marriott residences jlt,3.0,2193.0,4830000.0,DLD_MISSING,OFFPLAN_RENTAL_NOT_EVALUATED,,,0.0,,NONE,False,NONE,OFFPLAN_RENTAL_NOT_EVALUATED,,Offplan properties not evaluated for current rent,,,,,,,,,,,,,,,,,,,,,,,,,
5327,offplan,Mina Al Arab,enta residences,2.0,1188.0,2552000.0,DLD_MISSING,OFFPLAN_RENTAL_NOT_EVALUATED,,,0.0,,NONE,False,NONE,OFFPLAN_RENTAL_NOT_EVALUATED,,Offplan properties not evaluated for current rent,,,,,,,,,,,,,,,,,,,,,,,,,
7952,offplan,Arjan,empire estates,2.0,2641.0,3219000.0,DLD_MATCH,OFFPLAN_RENTAL_NOT_EVALUATED,,,0.0,,NONE,False,NONE,OFFPLAN_RENTAL_NOT_EVALUATED,,Offplan properties not evaluated for current rent,,,,,,,,,,,,,,,,,,,,,,,,,
547,offplan,Al Furjan,azizi ameer,2.0,1270.0,1978000.0,DLD_MISSING,OFFPLAN_RENTAL_NOT_EVALUATED,,,0.0,,NONE,False,NONE,OFFPLAN_RENTAL_NOT_EVALUATED,,Offplan properties not evaluated for current rent,,,,,,,,,,,,,,,,,,,,,,,,,
8350,offplan,Siniya Island,florine beach residences,3.0,2022.0,4982441.0,DLD_MISSING,OFFPLAN_RENTAL_NOT_EVALUATED,,,0.0,,NONE,False,NONE,OFFPLAN_RENTAL_NOT_EVALUATED,,Offplan properties not evaluated for current rent,,,,,,,,,,,,,,,,,,,,,,,,,
8203,offplan,Al Marjan Island,la mazzoni,2.0,1165.0,3100693.0,DLD_MISSING,OFFPLAN_RENTAL_NOT_EVALUATED,,,0.0,,NONE,False,NONE,OFFPLAN_RENTAL_NOT_EVALUATED,,Offplan properties not evaluated for current rent,,,,,,,,,,,,,,,,,,,,,,,,,
2710,offplan,Jumeirah village circle,samana manhattan,1.0,792.0,1100000.0,DLD_MISSING,OFFPLAN_RENTAL_NOT_EVALUATED,,,0.0,,NONE,False,NONE,OFFPLAN_RENTAL_NOT_EVALUATED,,Offplan properties not evaluated for current rent,,,,,,,,,,,,,,,,,,,,,,,,,
4324,offplan,Dubai Hills Estate,palace residences dubai hills estate,3.0,2297.0,7390000.0,DLD_NO_EVIDENCE,OFFPLAN_RENTAL_NOT_EVALUATED,,,0.0,,NONE,False,NONE,OFFPLAN_RENTAL_NOT_EVALUATED,,Offplan properties not evaluated for current rent,,,,,,,,,,,,,,,,,,,,,,,,,
1682,offplan,Al Marjan Island,manta bay phase 2,1.0,947.0,1700000.0,DLD_MISSING,OFFPLAN_RENTAL_NOT_EVALUATED,,,0.0,,NONE,False,NONE,OFFPLAN_RENTAL_NOT_EVALUATED,,Offplan properties not evaluated for current rent,,,,,,,,,,,,,,,,,,,,,,,,,
2170,ready,Business Bay,damac majestine,3.0,1420.0,2800000.0,DLD_MISSING,R4,128442.68870816326,4.587238882434402,2386.0,median_psf_times_size,AREA_LEVEL,False,NONE,SHADOW_RESEARCH,Business Bay,,131.9,0.0,,,insufficient_data,0.0,True,0.0,,,insufficient_data,0.0,True,0.0,,,insufficient_data,0.0,True,2386.0,129900.0,128442.68870816326,median_psf_times_size,0.4,False
4802,offplan,Dubai Marina,madain tower,1.0,862.0,2086280.0,DLD_MISSING,OFFPLAN_RENTAL_NOT_EVALUATED,,,0.0,,NONE,False,NONE,OFFPLAN_RENTAL_NOT_EVALUATED,,Offplan properties not evaluated for current rent,,,,,,,,,,,,,,,,,,,,,,,,,
6683,offplan,Jumeirah village circle,samana waves phase ii,1.0,967.0,1620820.0,DLD_MISSING,OFFPLAN_RENTAL_NOT_EVALUATED,,,0.0,,NONE,False,NONE,OFFPLAN_RENTAL_NOT_EVALUATED,,Offplan properties not evaluated for current rent,,,,,,,,,,,,,,,,,,,,,,,,,
8265,offplan,Dubai Islands,ocean crest,2.0,1536.0,3600000.0,DLD_MISSING,OFFPLAN_RENTAL_NOT_EVALUATED,,,0.0,,NONE,False,NONE,OFFPLAN_RENTAL_NOT_EVALUATED,,Offplan properties not evaluated for current rent,,,,,,,,,,,,,,,,,,,,,,,,,
3043,ready,Dubai South,casa aura residence,0.0,407.0,1000000.0,DLD_MATCH,R3,40988.11629271995,4.098811629271995,52.0,median_psf_times_size,AREA_BEDROOM_LEVEL,False,NONE,SHADOW_RESEARCH,Madinat Al Mataar,,37.8,0.0,,,insufficient_data,0.0,True,0.0,,,insufficient_data,0.0,True,52.0,40000.0,40988.11629271995,median_psf_times_size,0.6,False,1313.0,41000.0,38833.470720035075,median_psf_times_size,0.4,False
5423,offplan,Jumeirah Village Triangle,elar1s axis,1.0,637.0,1192689.0,DLD_MISSING,OFFPLAN_RENTAL_NOT_EVALUATED,,,0.0,,NONE,False,NONE,OFFPLAN_RENTAL_NOT_EVALUATED,,Offplan properties not evaluated for current rent,,,,,,,,,,,,,,,,,,,,,,,,,
7848,ready,Arjan,samana hills,2.0,1561.0,2095000.0,DLD_MATCH,R4,109798.71632738128,5.240988846175718,1080.0,median_psf_times_size,AREA_LEVEL,False,NONE,SHADOW_RESEARCH,Al Barshaa South Third,,145.0,0.0,,,insufficient_data,0.0,True,1.0,,,insufficient_data,0.0,True,0.0,,,insufficient_data,0.0,True,1080.0,95000.0,109798.71632738128,median_psf_times_size,0.4,False
4435,offplan,Arjan,gardens 2,1.0,1242.0,1700000.0,DLD_MATCH,OFFPLAN_RENTAL_NOT_EVALUATED,,,0.0,,NONE,False,NONE,OFFPLAN_RENTAL_NOT_EVALUATED,,Offplan properties not evaluated for current rent,,,,,,,,,,,,,,,,,,,,,,,,,
7182,offplan,Dubai Creek Harbour,savanna,3.0,1612.0,2900000.0,DLD_MISSING,OFFPLAN_RENTAL_NOT_EVALUATED,,,0.0,,NONE,False,NONE,OFFPLAN_RENTAL_NOT_EVALUATED,,Offplan properties not evaluated for current rent,,,,,,,,,,,,,,,,,,,,,,,,,
8057,ready,Jumeirah village circle,binghatti royale,3.0,2102.0,4500000.0,DLD_MATCH,R4,130188.1267201176,2.8930694826692798,246.0,median_psf_times_size,AREA_LEVEL,False,NONE,SHADOW_RESEARCH,Al Barsha South Fourth,,195.3,0.0,,,insufficient_data,0.0,True,3.0,,,insufficient_data,0.0,True,0.0,,,insufficient_data,0.0,True,246.0,126310.0,130188.1267201176,median_psf_times_size,0.4,False
2644,offplan,Mina Al Arab,beach house at bay residences,2.0,2323.0,5445000.0,DLD_MISSING,OFFPLAN_RENTAL_NOT_EVALUATED,,,0.0,,NONE,False,NONE,OFFPLAN_RENTAL_NOT_EVALUATED,,Offplan properties not evaluated for current rent,,,,,,,,,,,,,,,,,,,,,,,,,
5370,ready,Business Bay,trillionaire residences,1.0,796.0,2500000.0,DLD_MISSING,R4,88835.7419328085,3.55342967731234,2781.0,median_psf_times_size,AREA_LEVEL,False,NONE,SHADOW_RESEARCH,Business Bay,,74.0,0.0,,,insufficient_data,0.0,True,0.0,,,insufficient_data,0.0,True,0.0,,,insufficient_data,0.0,True,2781.0,90000.0,88835.7419328085,median_psf_times_size,0.4,False
717,ready,Dubai Creek Harbour,bayshore at creek beach,3.0,1493.0,4500000.0,DLD_MISSING,R4,173380.2984001566,3.8528955200034805,1894.0,median_psf_times_size,AREA_LEVEL,False,NONE,SHADOW_RESEARCH,Al Khairan First,,138.7,0.0,,,insufficient_data,0.0,True,0.0,,,insufficient_data,0.0,True,0.0,,,insufficient_data,0.0,True,1894.0,175000.0,173380.2984001566,median_psf_times_size,0.4,False
7094,offplan,Jumeirah village circle,al serh residences 11,0.0,523.0,1061000.0,DLD_MISSING,OFFPLAN_RENTAL_NOT_EVALUATED,,,0.0,,NONE,False,NONE,OFFPLAN_RENTAL_NOT_EVALUATED,,Offplan properties not evaluated for current rent,,,,,,,,,,,,,,,,,,,,,,,,,
5520,offplan,Meydan City,vedaire residences,2.0,1662.0,3540000.0,DLD_MATCH,OFFPLAN_RENTAL_NOT_EVALUATED,,,0.0,,NONE,False,NONE,OFFPLAN_RENTAL_NOT_EVALUATED,,Offplan properties not evaluated for current rent,,,,,,,,,,,,,,,,,,,,,,,,,
1391,offplan,Jumeirah village circle,oxford 10,1.0,780.0,1289570.0,DLD_MISSING,OFFPLAN_RENTAL_NOT_EVALUATED,,,0.0,,NONE,False,NONE,OFFPLAN_RENTAL_NOT_EVALUATED,,Offplan properties not evaluated for current rent,,,,,,,,,,,,,,,,,,,,,,,,,
4530,offplan,Dubai Design District,artistry one residences,4.0,4638.0,17000000.0,DLD_MATCH,OFFPLAN_RENTAL_NOT_EVALUATED,,,0.0,,NONE,False,NONE,OFFPLAN_RENTAL_NOT_EVALUATED,,Offplan properties not evaluated for current rent,,,,,,,,,,,,,,,,,,,,,,,,,
6585,offplan,Jumeirah village circle,marriott residences jvc,0.0,451.0,1082660.0,DLD_MISSING,OFFPLAN_RENTAL_NOT_EVALUATED,,,0.0,,NONE,False,NONE,OFFPLAN_RENTAL_NOT_EVALUATED,,Offplan properties not evaluated for current rent,,,,,,,,,,,,,,,,,,,,,,,,,
585,offplan,Dubai Harbour,damac bay,2.0,1893.0,9108000.0,DLD_MATCH,OFFPLAN_RENTAL_NOT_EVALUATED,,,0.0,,NONE,False,NONE,OFFPLAN_RENTAL_NOT_EVALUATED,,Offplan properties not evaluated for current rent,,,,,,,,,,,,,,,,,,,,,,,,,
5024,offplan,Dubai Creek Harbour,the cove ii,3.0,2725.0,6500000.0,DLD_MISSING,OFFPLAN_RENTAL_NOT_EVALUATED,,,0.0,,NONE,False,NONE,OFFPLAN_RENTAL_NOT_EVALUATED,,Offplan properties not evaluated for current rent,,,,,,,,,,,,,,,,,,,,,,,,,
2197,unknown,DIFC,difc heights tower,1.0,792.0,2400000.0,DLD_MISSING,STATUS_NOT_ELIGIBLE_FOR_CURRENT_RENT,,,0.0,,NONE,False,NONE,STATUS_NOT_ELIGIBLE_FOR_CURRENT_RENT,,Unknown status properties not evaluated for current rent,,,,,,,,,,,,,,,,,,,,,,,,,
1692,offplan,Rashid Yachts & Marina,ocean views,2.0,1205.0,2900000.0,DLD_MISSING,OFFPLAN_RENTAL_NOT_EVALUATED,,,0.0,,NONE,False,NONE,OFFPLAN_RENTAL_NOT_EVALUATED,,Offplan properties not evaluated for current rent,,,,,,,,,,,,,,,,,,,,,,,,,
7944,offplan,Sobha Hartland 2,340 riverside crescent,2.0,867.0,1821220.0,DLD_MATCH,OFFPLAN_RENTAL_NOT_EVALUATED,,,0.0,,NONE,False,NONE,OFFPLAN_RENTAL_NOT_EVALUATED,,Offplan properties not evaluated for current rent,,,,,,,,,,,,,,,,,,,,,,,,,
5792,offplan,Dubai Creek Harbour,mangrove,1.0,673.0,1500000.0,DLD_MISSING,OFFPLAN_RENTAL_NOT_EVALUATED,,,0.0,,NONE,False,NONE,OFFPLAN_RENTAL_NOT_EVALUATED,,Offplan properties not evaluated for current rent,,,,,,,,,,,,,,,,,,,,,,,,,
2198,offplan,Al Jazeera,colibri views,2.0,911.0,1813000.0,DLD_MISSING,OFFPLAN_RENTAL_NOT_EVALUATED,,,0.0,,NONE,False,NONE,OFFPLAN_RENTAL_NOT_EVALUATED,,Offplan properties not evaluated for current rent,,,,,,,,,,,,,,,,,,,,,,,,,
8212,offplan,Al Marjan Island,the luxury collection residences,2.0,1383.0,4872000.0,DLD_MISSING,OFFPLAN_RENTAL_NOT_EVALUATED,,,0.0,,NONE,False,NONE,OFFPLAN_RENTAL_NOT_EVALUATED,,Offplan properties not evaluated for current rent,,,,,,,,,,,,,,,,,,,,,,,,,
5546,offplan,Dubai Hills Estate,parkwood emaar,3.0,3858.0,7620000.0,DLD_MISSING,OFFPLAN_RENTAL_NOT_EVALUATED,,,0.0,,NONE,False,NONE,OFFPLAN_RENTAL_NOT_EVALUATED,,Offplan properties not evaluated for current rent,,,,,,,,,,,,,,,,,,,,,,,,,
4936,offplan,Dubai Industrial City,coventry casa,2.0,1401.0,1541100.0,DLD_MISSING,OFFPLAN_RENTAL_NOT_EVALUATED,,,0.0,,NONE,False,NONE,OFFPLAN_RENTAL_NOT_EVALUATED,,Offplan properties not evaluated for current rent,,,,,,,,,,,,,,,,,,,,,,,,,
7170,ready,Business Bay,ag tower,1.0,820.0,1750000.0,DLD_MATCH,R2,76180.49280006881,4.353171017146789,35.0,median_psf_times_size,PROJECT_LEVEL,False,NONE,SHADOW_RESEARCH,Business Bay,,76.2,0.0,,,insufficient_data,0.0,True,35.0,85000.0,76180.49280006881,median_psf_times_size,0.8,False,0.0,,,insufficient_data,0.0,True,2925.0,90000.0,90213.7414737657,median_psf_times_size,0.4,False
2124,unknown,Al Marjan Island,mondrian branded residences,,,2550000.0,DLD_MISSING,STATUS_NOT_ELIGIBLE_FOR_CURRENT_RENT,,,0.0,,NONE,False,NONE,STATUS_NOT_ELIGIBLE_FOR_CURRENT_RENT,,Unknown status properties not evaluated for current rent,,,,,,,,,,,,,,,,,,,,,,,,,
768,offplan,Jumeirah village circle,alta by meteora,0.0,547.0,757000.0,DLD_MISSING,OFFPLAN_RENTAL_NOT_EVALUATED,,,0.0,,NONE,False,NONE,OFFPLAN_RENTAL_NOT_EVALUATED,,Offplan properties not evaluated for current rent,,,,,,,,,,,,,,,,,,,,,,,,,
871,offplan,Sobha One,the element,3.0,1853.0,4732100.0,DLD_MISSING,OFFPLAN_RENTAL_NOT_EVALUATED,,,0.0,,NONE,False,NONE,OFFPLAN_RENTAL_NOT_EVALUATED,,Offplan properties not evaluated for current rent,,,,,,,,,,,,,,,,,,,,,,,,,
866,offplan,Al Marjan Island,la mazzoni,1.0,848.0,2140779.0,DLD_MISSING,OFFPLAN_RENTAL_NOT_EVALUATED,,,0.0,,NONE,False,NONE,OFFPLAN_RENTAL_NOT_EVALUATED,,Offplan properties not evaluated for current rent,,,,,,,,,,,,,,,,,,,,,,,,,
8006,offplan,Jumeirah village circle,electra,2.0,1715.0,2744020.0,DLD_MATCH,OFFPLAN_RENTAL_NOT_EVALUATED,,,0.0,,NONE,False,NONE,OFFPLAN_RENTAL_NOT_EVALUATED,,Offplan properties not evaluated for current rent,,,,,,,,,,,,,,,,,,,,,,,,,
5195,offplan,Jumeirah village circle,electra acube,2.0,1715.0,2749170.0,DLD_MISSING,OFFPLAN_RENTAL_NOT_EVALUATED,,,0.0,,NONE,False,NONE,OFFPLAN_RENTAL_NOT_EVALUATED,,Offplan properties not evaluated for current rent,,,,,,,,,,,,,,,,,,,,,,,,,
7017,offplan,Tilal City,hawa residence,2.0,878.0,1300000.0,DLD_MISSING,OFFPLAN_RENTAL_NOT_EVALUATED,,,0.0,,NONE,False,NONE,OFFPLAN_RENTAL_NOT_EVALUATED,,Offplan properties not evaluated for current rent,,,,,,,,,,,,,,,,,,,,,,,,,
1439,offplan,Dubai Islands,azizi wasel,3.0,1342.0,3767000.0,DLD_MISSING,OFFPLAN_RENTAL_NOT_EVALUATED,,,0.0,,NONE,False,NONE,OFFPLAN_RENTAL_NOT_EVALUATED,,Offplan properties not evaluated for current rent,,,,,,,,,,,,,,,,,,,,,,,,,
3457,offplan,Meydan City,coralis residences,3.0,2150.0,4500000.0,DLD_MISSING,OFFPLAN_RENTAL_NOT_EVALUATED,,,0.0,,NONE,False,NONE,OFFPLAN_RENTAL_NOT_EVALUATED,,Offplan properties not evaluated for current rent,,,,,,,,,,,,,,,,,,,,,,,,,
5407,ready,Jumeirah village circle,uniestate prime tower,2.0,2972.0,2572000.0,DLD_MATCH,R4,174641.26178383894,6.790095714768232,76.0,median_psf_times_size,AREA_LEVEL,False,NONE,SHADOW_RESEARCH,Al Barsha South Fourth,,276.1,0.0,,,insufficient_data,0.0,True,1.0,,,insufficient_data,0.0,True,0.0,,,insufficient_data,0.0,True,76.0,140000.0,174641.26178383894,median_psf_times_size,0.4,False
7366,offplan,Dubai Media City,damac casa,4.0,3886.0,13587000.0,DLD_NO_EVIDENCE,OFFPLAN_RENTAL_NOT_EVALUATED,,,0.0,,NONE,False,NONE,OFFPLAN_RENTAL_NOT_EVALUATED,,Offplan properties not evaluated for current rent,,,,,,,,,,,,,,,,,,,,,,,,,
3806,offplan,Emaar South,golf hills,3.0,3081.0,5100000.0,DLD_MATCH,OFFPLAN_RENTAL_NOT_EVALUATED,,,0.0,,NONE,False,NONE,OFFPLAN_RENTAL_NOT_EVALUATED,,Offplan properties not evaluated for current rent,,,,,,,,,,,,,,,,,,,,,,,,,
3580,offplan,Business Bay,burj binghatti jacob and co residences,6.0,6900.0,31100000.0,DLD_MISSING,OFFPLAN_RENTAL_NOT_EVALUATED,,,0.0,,NONE,False,NONE,OFFPLAN_RENTAL_NOT_EVALUATED,,Offplan properties not evaluated for current rent,,,,,,,,,,,,,,,,,,,,,,,,,
7349,ready,Dubai Marina,cayan tower,3.0,2912.0,6000000.0,DLD_MATCH,R4,243255.82844506382,4.054263807417731,440.0,median_psf_times_size,AREA_LEVEL,False,NONE,SHADOW_RESEARCH,Marsa Dubai,,270.5,0.0,,,insufficient_data,0.0,True,6.0,,,insufficient_data,0.0,True,0.0,,,insufficient_data,0.0,True,440.0,221485.0,243255.82844506382,median_psf_times_size,0.4,False
7160,offplan,Dubai Sports City,the place,2.0,1295.0,1500000.0,DLD_MISSING,OFFPLAN_RENTAL_NOT_EVALUATED,,,0.0,,NONE,False,NONE,OFFPLAN_RENTAL_NOT_EVALUATED,,Offplan properties not evaluated for current rent,,,,,,,,,,,,,,,,,,,,,,,,,
1205,offplan,Dubai Marina,kempinski marina residences,3.0,3049.0,8035000.0,DLD_MISSING,OFFPLAN_RENTAL_NOT_EVALUATED,,,0.0,,NONE,False,NONE,OFFPLAN_RENTAL_NOT_EVALUATED,,Offplan properties not evaluated for current rent,,,,,,,,,,,,,,,,,,,,,,,,,
2646,offplan,Dubai Islands,whitecliffs residences,1.0,456.0,2474260.0,DLD_NO_EVIDENCE,OFFPLAN_RENTAL_NOT_EVALUATED,,,0.0,,NONE,False,NONE,OFFPLAN_RENTAL_NOT_EVALUATED,,Offplan properties not evaluated for current rent,,,,,,,,,,,,,,,,,,,,,,,,,
7575,offplan,Jumeirah village circle,lucky royale residence,2.0,1190.0,1496000.0,DLD_NO_EVIDENCE,OFFPLAN_RENTAL_NOT_EVALUATED,,,0.0,,NONE,False,NONE,OFFPLAN_RENTAL_NOT_EVALUATED,,Offplan properties not evaluated for current rent,,,,,,,,,,,,,,,,,,,,,,,,,
6601,offplan,Jumeirah village circle,sky hills residence 2,3.0,3097.0,4076070.0,DLD_MISSING,OFFPLAN_RENTAL_NOT_EVALUATED,,,0.0,,NONE,False,NONE,OFFPLAN_RENTAL_NOT_EVALUATED,,Offplan properties not evaluated for current rent,,,,,,,,,,,,,,,,,,,,,,,,,
7035,offplan,Downtown Dubai,w residences,3.0,2884.0,11535800.0,DLD_MISSING,OFFPLAN_RENTAL_NOT_EVALUATED,,,0.0,,NONE,False,NONE,OFFPLAN_RENTAL_NOT_EVALUATED,,Offplan properties not evaluated for current rent,,,,,,,,,,,,,,,,,,,,,,,,,
6880,offplan,Dubai Islands,azizi wasel,2.0,1002.0,2761000.0,DLD_MISSING,OFFPLAN_RENTAL_NOT_EVALUATED,,,0.0,,NONE,False,NONE,OFFPLAN_RENTAL_NOT_EVALUATED,,Offplan properties not evaluated for current rent,,,,,,,,,,,,,,,,,,,,,,,,,
3436,offplan,Al Marjan Island,costa mare,1.0,744.0,2775828.0,DLD_MISSING,OFFPLAN_RENTAL_NOT_EVALUATED,,,0.0,,NONE,False,NONE,OFFPLAN_RENTAL_NOT_EVALUATED,,Offplan properties not evaluated for current rent,,,,,,,,,,,,,,,,,,,,,,,,,
7672,offplan,Jumeirah Village Triangle,skygate tower,3.0,2218.0,3765851.0,DLD_MISSING,OFFPLAN_RENTAL_NOT_EVALUATED,,,0.0,,NONE,False,NONE,OFFPLAN_RENTAL_NOT_EVALUATED,,Offplan properties not evaluated for current rent,,,,,,,,,,,,,,,,,,,,,,,,,
4343,offplan,Jumeirah village circle,legado by prescott,3.0,1555.0,1850000.0,DLD_MATCH,OFFPLAN_RENTAL_NOT_EVALUATED,,,0.0,,NONE,False,NONE,OFFPLAN_RENTAL_NOT_EVALUATED,,Offplan properties not evaluated for current rent,,,,,,,,,,,,,,,,,,,,,,,,,
3076,offplan,Downtown Dubai,volta,3.0,1785.0,5400000.0,DLD_MISSING,OFFPLAN_RENTAL_NOT_EVALUATED,,,0.0,,NONE,False,NONE,OFFPLAN_RENTAL_NOT_EVALUATED,,Offplan properties not evaluated for current rent,,,,,,,,,,,,,,,,,,,,,,,,,
5666,offplan,Dubai Creek Harbour,mangrove,3.0,1612.0,3500000.0,DLD_MISSING,OFFPLAN_RENTAL_NOT_EVALUATED,,,0.0,,NONE,False,NONE,OFFPLAN_RENTAL_NOT_EVALUATED,,Offplan properties not evaluated for current rent,,,,,,,,,,,,,,,,,,,,,,,,,
6191,offplan,Meydan City,al vista,3.0,1901.0,4944595.0,DLD_NO_EVIDENCE,OFFPLAN_RENTAL_NOT_EVALUATED,,,0.0,,NONE,False,NONE,OFFPLAN_RENTAL_NOT_EVALUATED,,Offplan properties not evaluated for current rent,,,,,,,,,,,,,,,,,,,,,,,,,
4975,ready,Business Bay,trillionaire residences,2.0,1346.0,4500000.0,DLD_MISSING,R4,124160.63019585682,2.759125115463485,2364.0,median_psf_times_size,AREA_LEVEL,False,NONE,SHADOW_RESEARCH,Business Bay,,125.0,0.0,,,insufficient_data,0.0,True,0.0,,,insufficient_data,0.0,True,0.0,,,insufficient_data,0.0,True,2364.0,128000.0,124160.63019585682,median_psf_times_size,0.4,False
5236,offplan,Jumeirah Garden City,rabdan gardens,3.0,2890.0,6500000.0,DLD_NO_EVIDENCE,OFFPLAN_RENTAL_NOT_EVALUATED,,,0.0,,NONE,False,NONE,OFFPLAN_RENTAL_NOT_EVALUATED,,Offplan properties not evaluated for current rent,,,,,,,,,,,,,,,,,,,,,,,,,
2677,offplan,Sobha One,the element,1.0,737.0,1843600.0,DLD_MISSING,OFFPLAN_RENTAL_NOT_EVALUATED,,,0.0,,NONE,False,NONE,OFFPLAN_RENTAL_NOT_EVALUATED,,Offplan properties not evaluated for current rent,,,,,,,,,,,,,,,,,,,,,,,,,
1308,offplan,Al Marjan Island,ola residences,0.0,378.0,1200000.0,DLD_MISSING,OFFPLAN_RENTAL_NOT_EVALUATED,,,0.0,,NONE,False,NONE,OFFPLAN_RENTAL_NOT_EVALUATED,,Offplan properties not evaluated for current rent,,,,,,,,,,,,,,,,,,,,,,,,,
4504,offplan,Al Marjan Island,taj wellington mews,2.0,1532.0,4600000.0,DLD_MISSING,OFFPLAN_RENTAL_NOT_EVALUATED,,,0.0,,NONE,False,NONE,OFFPLAN_RENTAL_NOT_EVALUATED,,Offplan properties not evaluated for current rent,,,,,,,,,,,,,,,,,,,,,,,,,
7005,ready,Jumeirah village circle,binghatti dusk,0.0,424.0,981499.0,DLD_MISSING,R3,43854.6226262491,4.468127081764638,124.0,median_psf_times_size,AREA_BEDROOM_LEVEL,False,NONE,SHADOW_RESEARCH,Al Barsha South Fourth,,39.4,0.0,,,insufficient_data,0.0,True,0.0,,,insufficient_data,0.0,True,124.0,45000.0,43854.6226262491,median_psf_times_size,0.6,False,2134.0,45000.0,44948.83522509579,median_psf_times_size,0.4,False
1756,offplan,Expo City,sidr residences,2.0,1492.0,3030000.0,DLD_MISSING,OFFPLAN_RENTAL_NOT_EVALUATED,,,0.0,,NONE,False,NONE,OFFPLAN_RENTAL_NOT_EVALUATED,,Offplan properties not evaluated for current rent,,,,,,,,,,,,,,,,,,,,,,,,,
564,ready,Dubai Marina,marina star,3.0,2497.0,11000000.0,DLD_MATCH,R4,216723.93397227238,1.9702175815661125,712.0,median_psf_times_size,AREA_LEVEL,False,NONE,SHADOW_RESEARCH,Marsa Dubai,,232.0,0.0,,,insufficient_data,0.0,True,0.0,,,insufficient_data,0.0,True,0.0,,,insufficient_data,0.0,True,712.0,210000.0,216723.93397227238,median_psf_times_size,0.4,False
5110,offplan,Dubai Islands,octa isle interiors by missoni,4.0,2925.0,8581890.0,DLD_MATCH,OFFPLAN_RENTAL_NOT_EVALUATED,,,0.0,,NONE,False,NONE,OFFPLAN_RENTAL_NOT_EVALUATED,,Offplan properties not evaluated for current rent,,,,,,,,,,,,,,,,,,,,,,,,,
2235,offplan,Dubai Production City,samana lake views 2,0.0,940.0,1299300.0,DLD_MATCH,OFFPLAN_RENTAL_NOT_EVALUATED,,,0.0,,NONE,False,NONE,OFFPLAN_RENTAL_NOT_EVALUATED,,Offplan properties not evaluated for current rent,,,,,,,,,,,,,,,,,,,,,,,,,
5610,offplan,Al Furjan,equiti home,1.0,688.0,880000.0,DLD_MATCH,OFFPLAN_RENTAL_NOT_EVALUATED,,,0.0,,NONE,False,NONE,OFFPLAN_RENTAL_NOT_EVALUATED,,Offplan properties not evaluated for current rent,,,,,,,,,,,,,,,,,,,,,,,,,
5866,offplan,District One,naya,1.0,877.0,1700000.0,DLD_MISSING,OFFPLAN_RENTAL_NOT_EVALUATED,,,0.0,,NONE,False,NONE,OFFPLAN_RENTAL_NOT_EVALUATED,,Offplan properties not evaluated for current rent,,,,,,,,,,,,,,,,,,,,,,,,,
533,ready,Jumeirah village circle,binghatti galaxy,2.0,1353.0,2600000.0,DLD_NO_EVIDENCE,R4,100266.5659406272,3.8564063823318153,1455.0,median_psf_times_size,AREA_LEVEL,False,NONE,SHADOW_RESEARCH,Al Barsha South Fourth,,125.7,0.0,,,insufficient_data,0.0,True,2.0,,,insufficient_data,0.0,True,0.0,,,insufficient_data,0.0,True,1455.0,93259.05,100266.5659406272,median_psf_times_size,0.4,False
1045,offplan,Al Furjan,primero residences,2.0,1281.0,1500000.0,DLD_MISSING,OFFPLAN_RENTAL_NOT_EVALUATED,,,0.0,,NONE,False,NONE,OFFPLAN_RENTAL_NOT_EVALUATED,,Offplan properties not evaluated for current rent,,,,,,,,,,,,,,,,,,,,,,,,,
1774,offplan,Dubai Sports City,the place,1.0,914.0,1200000.0,DLD_MISSING,OFFPLAN_RENTAL_NOT_EVALUATED,,,0.0,,NONE,False,NONE,OFFPLAN_RENTAL_NOT_EVALUATED,,Offplan properties not evaluated for current rent,,,,,,,,,,,,,,,,,,,,,,,,,
3498,offplan,Al Marjan Island,rosso bay residences,3.0,1590.0,2513828.0,DLD_MISSING,OFFPLAN_RENTAL_NOT_EVALUATED,,,0.0,,NONE,False,NONE,OFFPLAN_RENTAL_NOT_EVALUATED,,Offplan properties not evaluated for current rent,,,,,,,,,,,,,,,,,,,,,,,,,
1642,offplan,Al Marjan Island,the beach residences,0.0,512.0,1100000.0,DLD_MISSING,OFFPLAN_RENTAL_NOT_EVALUATED,,,0.0,,NONE,False,NONE,OFFPLAN_RENTAL_NOT_EVALUATED,,Offplan properties not evaluated for current rent,,,,,,,,,,,,,,,,,,,,,,,,,
2505,ready,Jumeirah village circle,serenity lakes 2,2.0,2270.0,2300000.0,DLD_NO_EVIDENCE,R4,138154.13217686643,6.006701398994193,189.0,median_psf_times_size,AREA_LEVEL,False,NONE,SHADOW_RESEARCH,Al Barsha South Fourth,,210.9,0.0,,,insufficient_data,0.0,True,0.0,,,insufficient_data,0.0,True,0.0,,,insufficient_data,0.0,True,189.0,130000.0,138154.13217686643,median_psf_times_size,0.4,False
6820,unknown,Dubai Marina,residences du port autograph collection,3.0,3797.0,11900000.0,DLD_MISSING,STATUS_NOT_ELIGIBLE_FOR_CURRENT_RENT,,,0.0,,NONE,False,NONE,STATUS_NOT_ELIGIBLE_FOR_CURRENT_RENT,,Unknown status properties not evaluated for current rent,,,,,,,,,,,,,,,,,,,,,,,,,
8297,offplan,Dubai Land Residence Complex,the wow tower,2.0,1220.0,1913000.0,DLD_MISSING,OFFPLAN_RENTAL_NOT_EVALUATED,,,0.0,,NONE,False,NONE,OFFPLAN_RENTAL_NOT_EVALUATED,,Offplan properties not evaluated for current rent,,,,,,,,,,,,,,,,,,,,,,,,,
3683,offplan,Al Reem island,rivage,2.0,1592.0,2210900.0,DLD_MISSING,OFFPLAN_RENTAL_NOT_EVALUATED,,,0.0,,NONE,False,NONE,OFFPLAN_RENTAL_NOT_EVALUATED,,Offplan properties not evaluated for current rent,,,,,,,,,,,,,,,,,,,,,,,,,
542,offplan,Ghaf Woods,cilia,3.0,1882.0,3500000.0,DLD_MATCH,OFFPLAN_RENTAL_NOT_EVALUATED,,,0.0,,NONE,False,NONE,OFFPLAN_RENTAL_NOT_EVALUATED,,Offplan properties not evaluated for current rent,,,,,,,,,,,,,,,,,,,,,,,,,
1435,offplan,Palm Jumeirah,sls residences,4.0,6581.0,45000000.0,DLD_MISSING,OFFPLAN_RENTAL_NOT_EVALUATED,,,0.0,,NONE,False,NONE,OFFPLAN_RENTAL_NOT_EVALUATED,,Offplan properties not evaluated for current rent,,,,,,,,,,,,,,,,,,,,,,,,,
789,offplan,Sheikh Zayed Road,one billion tower,3.0,2802.0,10800000.0,DLD_MISSING,OFFPLAN_RENTAL_NOT_EVALUATED,,,0.0,,NONE,False,NONE,OFFPLAN_RENTAL_NOT_EVALUATED,,Offplan properties not evaluated for current rent,,,,,,,,,,,,,,,,,,,,,,,,,
339,offplan,Business Bay,canal heights,3.0,3097.0,12460000.0,DLD_NO_EVIDENCE,OFFPLAN_RENTAL_NOT_EVALUATED,,,0.0,,NONE,False,NONE,OFFPLAN_RENTAL_NOT_EVALUATED,,Offplan properties not evaluated for current rent,,,,,,,,,,,,,,,,,,,,,,,,,
5322,offplan,Dubai Islands,luxury canal residences,3.0,1677.0,3837000.0,DLD_NO_EVIDENCE,OFFPLAN_RENTAL_NOT_EVALUATED,,,0.0,,NONE,False,NONE,OFFPLAN_RENTAL_NOT_EVALUATED,,Offplan properties not evaluated for current rent,,,,,,,,,,,,,,,,,,,,,,,,,
5059,offplan,Dubai Islands,natuzzi harmony residences,3.0,2655.0,8230750.0,DLD_MISSING,OFFPLAN_RENTAL_NOT_EVALUATED,,,0.0,,NONE,False,NONE,OFFPLAN_RENTAL_NOT_EVALUATED,,Offplan properties not evaluated for current rent,,,,,,,,,,,,,,,,,,,,,,,,,
1548,offplan,Al Reem island,saas heights,3.0,3240.0,4962580.0,DLD_MISSING,OFFPLAN_RENTAL_NOT_EVALUATED,,,0.0,,NONE,False,NONE,OFFPLAN_RENTAL_NOT_EVALUATED,,Offplan properties not evaluated for current rent,,,,,,,,,,,,,,,,,,,,,,,,,
668,offplan,Dubai Islands,marea residences,2.0,3382.0,8246117.0,DLD_MISSING,OFFPLAN_RENTAL_NOT_EVALUATED,,,0.0,,NONE,False,NONE,OFFPLAN_RENTAL_NOT_EVALUATED,,Offplan properties not evaluated for current rent,,,,,,,,,,,,,,,,,,,,,,,,,
2470,offplan,Rashid Yachts & Marina,ocean views,1.0,811.0,2100000.0,DLD_MISSING,OFFPLAN_RENTAL_NOT_EVALUATED,,,0.0,,NONE,False,NONE,OFFPLAN_RENTAL_NOT_EVALUATED,,Offplan properties not evaluated for current rent,,,,,,,,,,,,,,,,,,,,,,,,,
7395,offplan,Downtown Dubai,dwtn residences,3.0,4740.0,17400000.0,DLD_MISSING,OFFPLAN_RENTAL_NOT_EVALUATED,,,0.0,,NONE,False,NONE,OFFPLAN_RENTAL_NOT_EVALUATED,,Offplan properties not evaluated for current rent,,,,,,,,,,,,,,,,,,,,,,,,,
4938,ready,Business Bay,nobles tower,2.0,1186.0,3451120.0,DLD_MISSING,R4,113430.70564379555,3.286779527915446,2279.0,median_psf_times_size,AREA_LEVEL,False,NONE,SHADOW_RESEARCH,Business Bay,,110.2,0.0,,,insufficient_data,0.0,True,0.0,,,insufficient_data,0.0,True,0.0,,,insufficient_data,0.0,True,2279.0,114725.0,113430.70564379555,median_psf_times_size,0.4,False
1706,offplan,Business Bay,bugatti residences,5.0,22935.0,299500000.0,DLD_MISSING,OFFPLAN_RENTAL_NOT_EVALUATED,,,0.0,,NONE,False,NONE,OFFPLAN_RENTAL_NOT_EVALUATED,,Offplan properties not evaluated for current rent,,,,,,,,,,,,,,,,,,,,,,,,,
1522,offplan,Al Jurf,sha residence emirates,3.0,4463.0,14969777.0,DLD_MISSING,OFFPLAN_RENTAL_NOT_EVALUATED,,,0.0,,NONE,False,NONE,OFFPLAN_RENTAL_NOT_EVALUATED,,Offplan properties not evaluated for current rent,,,,,,,,,,,,,,,,,,,,,,,,,
6587,offplan,Dubai Hills Estate,the berkeley residences,2.0,1471.0,3668380.0,DLD_MISSING,OFFPLAN_RENTAL_NOT_EVALUATED,,,0.0,,NONE,False,NONE,OFFPLAN_RENTAL_NOT_EVALUATED,,Offplan properties not evaluated for current rent,,,,,,,,,,,,,,,,,,,,,,,,,
546,offplan,Dubai Harbour,seapoint,3.0,1514.0,7970000.0,DLD_MATCH,OFFPLAN_RENTAL_NOT_EVALUATED,,,0.0,,NONE,False,NONE,OFFPLAN_RENTAL_NOT_EVALUATED,,Offplan properties not evaluated for current rent,,,,,,,,,,,,,,,,,,,,,,,,,
1258,offplan,Rashid Yachts & Marina,pier point,3.0,2649.0,8700000.0,DLD_MISSING,OFFPLAN_RENTAL_NOT_EVALUATED,,,0.0,,NONE,False,NONE,OFFPLAN_RENTAL_NOT_EVALUATED,,Offplan properties not evaluated for current rent,,,,,,,,,,,,,,,,,,,,,,,,,
1238,offplan,Jumeirah village circle,binghatti grove,2.0,1596.0,2300000.0,DLD_NO_EVIDENCE,OFFPLAN_RENTAL_NOT_EVALUATED,,,0.0,,NONE,False,NONE,OFFPLAN_RENTAL_NOT_EVALUATED,,Offplan properties not evaluated for current rent,,,,,,,,,,,,,,,,,,,,,,,,,
2114,offplan,Mina Al Arab,enta residences,1.0,751.0,2655000.0,DLD_MISSING,OFFPLAN_RENTAL_NOT_EVALUATED,,,0.0,,NONE,False,NONE,OFFPLAN_RENTAL_NOT_EVALUATED,,Offplan properties not evaluated for current rent,,,,,,,,,,,,,,,,,,,,,,,,,
4953,offplan,Dubai Islands,bonds avenue,1.0,811.0,1629100.0,DLD_MISSING,OFFPLAN_RENTAL_NOT_EVALUATED,,,0.0,,NONE,False,NONE,OFFPLAN_RENTAL_NOT_EVALUATED,,Offplan properties not evaluated for current rent,,,,,,,,,,,,,,,,,,,,,,,,,
8068,offplan,Business Bay,peninsula jumeirah living,3.0,3040.0,14251000.0,DLD_MISSING,OFFPLAN_RENTAL_NOT_EVALUATED,,,0.0,,NONE,False,NONE,OFFPLAN_RENTAL_NOT_EVALUATED,,Offplan properties not evaluated for current rent,,,,,,,,,,,,,,,,,,,,,,,,,
8342,offplan,Dubai Hills Estate,the berkeley residences,0.0,377.0,1170480.0,DLD_MISSING,OFFPLAN_RENTAL_NOT_EVALUATED,,,0.0,,NONE,False,NONE,OFFPLAN_RENTAL_NOT_EVALUATED,,Offplan properties not evaluated for current rent,,,,,,,,,,,,,,,,,,,,,,,,,
7769,offplan,Rashid Yachts & Marina,marina place,3.0,1722.0,4300000.0,DLD_MISSING,OFFPLAN_RENTAL_NOT_EVALUATED,,,0.0,,NONE,False,NONE,OFFPLAN_RENTAL_NOT_EVALUATED,,Offplan properties not evaluated for current rent,,,,,,,,,,,,,,,,,,,,,,,,,
316,offplan,Palm Jumeirah,serenia living,4.0,10542.0,46000000.0,DLD_MATCH,OFFPLAN_RENTAL_NOT_EVALUATED,,,0.0,,NONE,False,NONE,OFFPLAN_RENTAL_NOT_EVALUATED,,Offplan properties not evaluated for current rent,,,,,,,,,,,,,,,,,,,,,,,,,
1390,offplan,Yas Island,the icon tower,2.0,1270.0,2868000.0,DLD_MISSING,OFFPLAN_RENTAL_NOT_EVALUATED,,,0.0,,NONE,False,NONE,OFFPLAN_RENTAL_NOT_EVALUATED,,Offplan properties not evaluated for current rent,,,,,,,,,,,,,,,,,,,,,,,,,
975,offplan,Dubai Islands,coastal haven,3.0,4417.0,9200000.0,DLD_MISSING,OFFPLAN_RENTAL_NOT_EVALUATED,,,0.0,,NONE,False,NONE,OFFPLAN_RENTAL_NOT_EVALUATED,,Offplan properties not evaluated for current rent,,,,,,,,,,,,,,,,,,,,,,,,,
4665,ready,Palm Jumeirah,raffles the palm dubai,0.0,972.0,4500000.0,DLD_MISSING,R4,127376.93466251864,2.8305985480559697,293.0,median_psf_times_size,AREA_LEVEL,False,NONE,SHADOW_RESEARCH,Palm Jumeirah,,90.3,0.0,,,insufficient_data,0.0,True,0.0,,,insufficient_data,0.0,True,0.0,,,insufficient_data,0.0,True,293.0,145000.0,127376.93466251864,median_psf_times_size,0.4,False
6281,offplan,Dubai Islands,avida residences,3.0,2577.0,8415000.0,DLD_MATCH,OFFPLAN_RENTAL_NOT_EVALUATED,,,0.0,,NONE,False,NONE,OFFPLAN_RENTAL_NOT_EVALUATED,,Offplan properties not evaluated for current rent,,,,,,,,,,,,,,,,,,,,,,,,,
5526,offplan,Business Bay,binghatti aquarise,3.0,1952.0,4500000.0,DLD_NO_EVIDENCE,OFFPLAN_RENTAL_NOT_EVALUATED,,,0.0,,NONE,False,NONE,OFFPLAN_RENTAL_NOT_EVALUATED,,Offplan properties not evaluated for current rent,,,,,,,,,,,,,,,,,,,,,,,,,
6219,offplan,Dubai Marina,liv lux,2.0,1545.0,4800000.0,DLD_MATCH,OFFPLAN_RENTAL_NOT_EVALUATED,,,0.0,,NONE,False,NONE,OFFPLAN_RENTAL_NOT_EVALUATED,,Offplan properties not evaluated for current rent,,,,,,,,,,,,,,,,,,,,,,,,,
7622,ready,Business Bay,the pad by omniyat,2.0,1215.0,2700000.0,DLD_MISSING,R4,115068.98376709422,4.261814213596082,2125.0,median_psf_times_size,AREA_LEVEL,False,NONE,SHADOW_RESEARCH,Business Bay,,112.9,0.0,,,insufficient_data,0.0,True,0.0,,,insufficient_data,0.0,True,0.0,,,insufficient_data,0.0,True,2125.0,119387.76,115068.98376709422,median_psf_times_size,0.4,False
6391,offplan,Al Marjan Island,fortune bay residences,1.0,982.0,2836122.0,DLD_MISSING,OFFPLAN_RENTAL_NOT_EVALUATED,,,0.0,,NONE,False,NONE,OFFPLAN_RENTAL_NOT_EVALUATED,,Offplan properties not evaluated for current rent,,,,,,,,,,,,,,,,,,,,,,,,,
8351,offplan,Dubai Marina,habtoor grand residences,4.0,6330.0,60000000.0,DLD_MISSING,OFFPLAN_RENTAL_NOT_EVALUATED,,,0.0,,NONE,False,NONE,OFFPLAN_RENTAL_NOT_EVALUATED,,Offplan properties not evaluated for current rent,,,,,,,,,,,,,,,,,,,,,,,,,
6611,offplan,Al Jadaf Waterfront,ramada residences by wyndham,2.0,1330.0,3270208.0,DLD_MISSING,OFFPLAN_RENTAL_NOT_EVALUATED,,,0.0,,NONE,False,NONE,OFFPLAN_RENTAL_NOT_EVALUATED,,Offplan properties not evaluated for current rent,,,,,,,,,,,,,,,,,,,,,,,,,
4165,ready,Business Bay,ahad residences,2.0,1625.0,3270000.0,DLD_MATCH,R4,143378.85198067155,4.384674372497601,2254.0,median_psf_times_size,AREA_LEVEL,False,NONE,SHADOW_RESEARCH,Business Bay,,151.0,0.0,,,insufficient_data,0.0,True,9.0,195000.0,194796.6967743695,median_psf_times_size,0.45,False,0.0,,,insufficient_data,0.0,True,2254.0,133402.5,143378.85198067155,median_psf_times_size,0.4,False
7791,offplan,Jumeirah Lake Towers,hilton residences,2.0,1208.0,5198000.0,DLD_MISSING,OFFPLAN_RENTAL_NOT_EVALUATED,,,0.0,,NONE,False,NONE,OFFPLAN_RENTAL_NOT_EVALUATED,,Offplan properties not evaluated for current rent,,,,,,,,,,,,,,,,,,,,,,,,,
3690,offplan,Dubai Sports City,vega,0.0,486.0,941943.0,DLD_MATCH,OFFPLAN_RENTAL_NOT_EVALUATED,,,0.0,,NONE,False,NONE,OFFPLAN_RENTAL_NOT_EVALUATED,,Offplan properties not evaluated for current rent,,,,,,,,,,,,,,,,,,,,,,,,,
5658,offplan,Dubai Islands,haven living,1.0,1132.0,1799000.0,DLD_NO_EVIDENCE,OFFPLAN_RENTAL_NOT_EVALUATED,,,0.0,,NONE,False,NONE,OFFPLAN_RENTAL_NOT_EVALUATED,,Offplan properties not evaluated for current rent,,,,,,,,,,,,,,,,,,,,,,,,,
2001,offplan,Al Marjan Island,taj wellington mews,3.0,2048.0,10000000.0,DLD_MISSING,OFFPLAN_RENTAL_NOT_EVALUATED,,,0.0,,NONE,False,NONE,OFFPLAN_RENTAL_NOT_EVALUATED,,Offplan properties not evaluated for current rent,,,,,,,,,,,,,,,,,,,,,,,,,
5712,ready,Downtown Dubai,imperial avenue,4.0,5198.0,25000000.0,DLD_MATCH,R4,1957743.2510287953,7.830973004115181,139.0,median_psf_times_size,AREA_LEVEL,False,NONE,SHADOW_RESEARCH,Burj Khalifa,,482.9,0.0,,,insufficient_data,0.0,True,1.0,,,insufficient_data,0.0,True,0.0,,,insufficient_data,0.0,True,139.0,1950000.0,1957743.2510287953,median_psf_times_size,0.4,False
5744,offplan,Al Reem island,rivage,2.0,2932.0,3061330.0,DLD_MISSING,OFFPLAN_RENTAL_NOT_EVALUATED,,,0.0,,NONE,False,NONE,OFFPLAN_RENTAL_NOT_EVALUATED,,Offplan properties not evaluated for current rent,,,,,,,,,,,,,,,,,,,,,,,,,
5608,offplan,Palm Jumeirah,vitalia residences,2.0,1940.0,8594020.0,DLD_MISSING,OFFPLAN_RENTAL_NOT_EVALUATED,,,0.0,,NONE,False,NONE,OFFPLAN_RENTAL_NOT_EVALUATED,,Offplan properties not evaluated for current rent,,,,,,,,,,,,,,,,,,,,,,,,,
2908,offplan,Downtown Dubai,fairmont residences solara tower,3.0,2562.0,8544600.0,DLD_MISSING,OFFPLAN_RENTAL_NOT_EVALUATED,,,0.0,,NONE,False,NONE,OFFPLAN_RENTAL_NOT_EVALUATED,,Offplan properties not evaluated for current rent,,,,,,,,,,,,,,,,,,,,,,,,,
1949,offplan,District One,naya,3.0,1980.0,5500000.0,DLD_MISSING,OFFPLAN_RENTAL_NOT_EVALUATED,,,0.0,,NONE,False,NONE,OFFPLAN_RENTAL_NOT_EVALUATED,,Offplan properties not evaluated for current rent,,,,,,,,,,,,,,,,,,,,,,,,,
6997,offplan,Al Marjan Island,fortune bay residences,2.0,1402.0,4049827.0,DLD_MISSING,OFFPLAN_RENTAL_NOT_EVALUATED,,,0.0,,NONE,False,NONE,OFFPLAN_RENTAL_NOT_EVALUATED,,Offplan properties not evaluated for current rent,,,,,,,,,,,,,,,,,,,,,,,,,
7959,offplan,DIFC,akala residences,1.0,1035.0,3799000.0,DLD_MISSING,OFFPLAN_RENTAL_NOT_EVALUATED,,,0.0,,NONE,False,NONE,OFFPLAN_RENTAL_NOT_EVALUATED,,Offplan properties not evaluated for current rent,,,,,,,,,,,,,,,,,,,,,,,,,
2829,offplan,Palm Jumeirah,ellington ocean house,3.0,3642.0,20648800.0,DLD_MISSING,OFFPLAN_RENTAL_NOT_EVALUATED,,,0.0,,NONE,False,NONE,OFFPLAN_RENTAL_NOT_EVALUATED,,Offplan properties not evaluated for current rent,,,,,,,,,,,,,,,,,,,,,,,,,
7123,offplan,Business Bay,peninsula jumeirah living,2.0,2048.0,11000000.0,DLD_MISSING,OFFPLAN_RENTAL_NOT_EVALUATED,,,0.0,,NONE,False,NONE,OFFPLAN_RENTAL_NOT_EVALUATED,,Offplan properties not evaluated for current rent,,,,,,,,,,,,,,,,,,,,,,,,,
115,offplan,Al Marjan Island,w residences al marjan island rak,1.0,1052.0,4054000.0,DLD_MISSING,OFFPLAN_RENTAL_NOT_EVALUATED,,,0.0,,NONE,False,NONE,OFFPLAN_RENTAL_NOT_EVALUATED,,Offplan properties not evaluated for current rent,,,,,,,,,,,,,,,,,,,,,,,,,
5366,ready,Dubai Marina,marina arcade tower,3.0,5324.0,10649000.0,DLD_MISSING,R4,423066.3256163106,3.9728267970355016,47.0,median_psf_times_size,AREA_LEVEL,False,NONE,SHADOW_RESEARCH,Marsa Dubai,,494.6,0.0,,,insufficient_data,0.0,True,0.0,,,insufficient_data,0.0,True,0.0,,,insufficient_data,0.0,True,47.0,437103.775,423066.3256163106,median_psf_times_size,0.4,False
6351,offplan,Dubai Marina,six senses residence,4.0,9465.0,66203000.0,DLD_MISSING,OFFPLAN_RENTAL_NOT_EVALUATED,,,0.0,,NONE,False,NONE,OFFPLAN_RENTAL_NOT_EVALUATED,,Offplan properties not evaluated for current rent,,,,,,,,,,,,,,,,,,,,,,,,,
6161,offplan,DIFC,akala residences,2.0,1555.0,6060000.0,DLD_MISSING,OFFPLAN_RENTAL_NOT_EVALUATED,,,0.0,,NONE,False,NONE,OFFPLAN_RENTAL_NOT_EVALUATED,,Offplan properties not evaluated for current rent,,,,,,,,,,,,,,,,,,,,,,,,,
590,offplan,Dubai Islands,coral isle residences,2.0,1150.0,2300000.0,DLD_NO_EVIDENCE,OFFPLAN_RENTAL_NOT_EVALUATED,,,0.0,,NONE,False,NONE,OFFPLAN_RENTAL_NOT_EVALUATED,,Offplan properties not evaluated for current rent,,,,,,,,,,,,,,,,,,,,,,,,,
206,offplan,Al Marjan Island,sora beach residences phases 1 and 2,2.0,1317.0,4490670.0,DLD_MISSING,OFFPLAN_RENTAL_NOT_EVALUATED,,,0.0,,NONE,False,NONE,OFFPLAN_RENTAL_NOT_EVALUATED,,Offplan properties not evaluated for current rent,,,,,,,,,,,,,,,,,,,,,,,,,
4839,offplan,Rashid Yachts & Marina,marina views,3.0,1679.0,6500000.0,DLD_MATCH,OFFPLAN_RENTAL_NOT_EVALUATED,,,0.0,,NONE,False,NONE,OFFPLAN_RENTAL_NOT_EVALUATED,,Offplan properties not evaluated for current rent,,,,,,,,,,,,,,,,,,,,,,,,,
3235,offplan,Meydan City,coralis residences,2.0,1200.0,2475000.0,DLD_MISSING,OFFPLAN_RENTAL_NOT_EVALUATED,,,0.0,,NONE,False,NONE,OFFPLAN_RENTAL_NOT_EVALUATED,,Offplan properties not evaluated for current rent,,,,,,,,,,,,,,,,,,,,,,,,,
3186,offplan,Dubai Hills Estate,hyde residences,2.0,1327.0,3733780.0,DLD_MISSING,OFFPLAN_RENTAL_NOT_EVALUATED,,,0.0,,NONE,False,NONE,OFFPLAN_RENTAL_NOT_EVALUATED,,Offplan properties not evaluated for current rent,,,,,,,,,,,,,,,,,,,,,,,,,
6503,offplan,Dubai Marina,liv marina,4.0,6845.0,27700000.0,DLD_NO_EVIDENCE,OFFPLAN_RENTAL_NOT_EVALUATED,,,0.0,,NONE,False,NONE,OFFPLAN_RENTAL_NOT_EVALUATED,,Offplan properties not evaluated for current rent,,,,,,,,,,,,,,,,,,,,,,,,,
1080,offplan,Palm Jumeirah,ellington ocean house,2.0,1783.0,12835800.0,DLD_MISSING,OFFPLAN_RENTAL_NOT_EVALUATED,,,0.0,,NONE,False,NONE,OFFPLAN_RENTAL_NOT_EVALUATED,,Offplan properties not evaluated for current rent,,,,,,,,,,,,,,,,,,,,,,,,,
3345,offplan,Yas Island,sama yas,2.0,1748.0,4201200.0,DLD_MISSING,OFFPLAN_RENTAL_NOT_EVALUATED,,,0.0,,NONE,False,NONE,OFFPLAN_RENTAL_NOT_EVALUATED,,Offplan properties not evaluated for current rent,,,,,,,,,,,,,,,,,,,,,,,,,
2575,offplan,Dubai Marina,six senses residence,3.0,3406.0,8789000.0,DLD_MISSING,OFFPLAN_RENTAL_NOT_EVALUATED,,,0.0,,NONE,False,NONE,OFFPLAN_RENTAL_NOT_EVALUATED,,Offplan properties not evaluated for current rent,,,,,,,,,,,,,,,,,,,,,,,,,
3746,offplan,Al Marjan Island,sora beach residences phases 1 and 2,3.0,2135.0,7476043.0,DLD_MISSING,OFFPLAN_RENTAL_NOT_EVALUATED,,,0.0,,NONE,False,NONE,OFFPLAN_RENTAL_NOT_EVALUATED,,Offplan properties not evaluated for current rent,,,,,,,,,,,,,,,,,,,,,,,,,
1784,offplan,Al Jadaf Waterfront,azizi david,3.0,2819.0,9185000.0,DLD_NO_EVIDENCE,OFFPLAN_RENTAL_NOT_EVALUATED,,,0.0,,NONE,False,NONE,OFFPLAN_RENTAL_NOT_EVALUATED,,Offplan properties not evaluated for current rent,,,,,,,,,,,,,,,,,,,,,,,,,
2381,ready,Business Bay,mama residences,0.0,447.0,1600000.0,DLD_MISSING,R3,59780.14489193364,3.7362590557458524,53.0,median_psf_times_size,AREA_BEDROOM_LEVEL,False,NONE,SHADOW_RESEARCH,Business Bay,,41.5,0.0,,,insufficient_data,0.0,True,0.0,,,insufficient_data,0.0,True,53.0,65000.0,59780.14489193364,median_psf_times_size,0.6,False,2227.0,65000.0,62647.43968188515,median_psf_times_size,0.4,False
6400,offplan,Downtown Dubai,rixos residences,2.0,1609.0,6235000.0,DLD_MISSING,OFFPLAN_RENTAL_NOT_EVALUATED,,,0.0,,NONE,False,NONE,OFFPLAN_RENTAL_NOT_EVALUATED,,Offplan properties not evaluated for current rent,,,,,,,,,,,,,,,,,,,,,,,,,
6411,offplan,Dubai Islands,haven living,1.0,1663.0,2911000.0,DLD_NO_EVIDENCE,OFFPLAN_RENTAL_NOT_EVALUATED,,,0.0,,NONE,False,NONE,OFFPLAN_RENTAL_NOT_EVALUATED,,Offplan properties not evaluated for current rent,,,,,,,,,,,,,,,,,,,,,,,,,
2071,offplan,Dubai Harbour,w the residences by arada,1.0,1047.0,4412000.0,DLD_MISSING,OFFPLAN_RENTAL_NOT_EVALUATED,,,0.0,,NONE,False,NONE,OFFPLAN_RENTAL_NOT_EVALUATED,,Offplan properties not evaluated for current rent,,,,,,,,,,,,,,,,,,,,,,,,,
2466,offplan,Saadiyat Island,mandarin oriental residences,5.0,21805.0,163409718.0,DLD_MISSING,OFFPLAN_RENTAL_NOT_EVALUATED,,,0.0,,NONE,False,NONE,OFFPLAN_RENTAL_NOT_EVALUATED,,Offplan properties not evaluated for current rent,,,,,,,,,,,,,,,,,,,,,,,,,
5306,offplan,Palm Jumeirah,palm beach towers,4.0,3311.0,60000000.0,DLD_MISSING,OFFPLAN_RENTAL_NOT_EVALUATED,,,0.0,,NONE,False,NONE,OFFPLAN_RENTAL_NOT_EVALUATED,,Offplan properties not evaluated for current rent,,,,,,,,,,,,,,,,,,,,,,,,,
179,offplan,Dubai Islands,elle residences,4.0,3555.0,17861777.0,DLD_NO_EVIDENCE,OFFPLAN_RENTAL_NOT_EVALUATED,,,0.0,,NONE,False,NONE,OFFPLAN_RENTAL_NOT_EVALUATED,,Offplan properties not evaluated for current rent,,,,,,,,,,,,,,,,,,,,,,,,,
3614,offplan,Al Sufouh 2,palm beach tower 3,4.0,15202.0,60808800.0,DLD_MISSING,OFFPLAN_RENTAL_NOT_EVALUATED,,,0.0,,NONE,False,NONE,OFFPLAN_RENTAL_NOT_EVALUATED,,Offplan properties not evaluated for current rent,,,,,,,,,,,,,,,,,,,,,,,,,
4582,offplan,Expo City,al waha,2.0,1388.0,3491000.0,DLD_NO_EVIDENCE,OFFPLAN_RENTAL_NOT_EVALUATED,,,0.0,,NONE,False,NONE,OFFPLAN_RENTAL_NOT_EVALUATED,,Offplan properties not evaluated for current rent,,,,,,,,,,,,,,,,,,,,,,,,,
718,offplan,Dubai Marina,six senses residence,2.0,1977.0,7358000.0,DLD_MISSING,OFFPLAN_RENTAL_NOT_EVALUATED,,,0.0,,NONE,False,NONE,OFFPLAN_RENTAL_NOT_EVALUATED,,Offplan properties not evaluated for current rent,,,,,,,,,,,,,,,,,,,,,,,,,
6003,ready,Palm Jumeirah,raffles the palm dubai,1.0,2333.0,11300000.0,DLD_MISSING,R4,258146.3377029457,2.284480864627838,675.0,median_psf_times_size,AREA_LEVEL,False,NONE,SHADOW_RESEARCH,Palm Jumeirah,,216.7,0.0,,,insufficient_data,0.0,True,0.0,,,insufficient_data,0.0,True,0.0,,,insufficient_data,0.0,True,675.0,240000.0,258146.3377029457,median_psf_times_size,0.4,False
6152,offplan,Rashid Yachts & Marina,marina place,3.0,2660.0,9000000.0,DLD_MISSING,OFFPLAN_RENTAL_NOT_EVALUATED,,,0.0,,NONE,False,NONE,OFFPLAN_RENTAL_NOT_EVALUATED,,Offplan properties not evaluated for current rent,,,,,,,,,,,,,,,,,,,,,,,,,
1199,offplan,Dubai Marina,liv waterside,3.0,4523.0,15649500.0,DLD_MISSING,OFFPLAN_RENTAL_NOT_EVALUATED,,,0.0,,NONE,False,NONE,OFFPLAN_RENTAL_NOT_EVALUATED,,Offplan properties not evaluated for current rent,,,,,,,,,,,,,,,,,,,,,,,,,
1098,offplan,Meydan City,the symphony by imtiaz,3.0,2566.0,9561765.0,DLD_MISSING,OFFPLAN_RENTAL_NOT_EVALUATED,,,0.0,,NONE,False,NONE,OFFPLAN_RENTAL_NOT_EVALUATED,,Offplan properties not evaluated for current rent,,,,,,,,,,,,,,,,,,,,,,,,,
1141,offplan,District One,naya,3.0,3533.0,9300000.0,DLD_MISSING,OFFPLAN_RENTAL_NOT_EVALUATED,,,0.0,,NONE,False,NONE,OFFPLAN_RENTAL_NOT_EVALUATED,,Offplan properties not evaluated for current rent,,,,,,,,,,,,,,,,,,,,,,,,,
5450,offplan,Palm Jumeirah,ellington ocean house,3.0,5466.0,33142800.0,DLD_MISSING,OFFPLAN_RENTAL_NOT_EVALUATED,,,0.0,,NONE,False,NONE,OFFPLAN_RENTAL_NOT_EVALUATED,,Offplan properties not evaluated for current rent,,,,,,,,,,,,,,,,,,,,,,,,,
4074,offplan,Yas Island,sama yas,2.0,2489.0,5756800.0,DLD_MISSING,OFFPLAN_RENTAL_NOT_EVALUATED,,,0.0,,NONE,False,NONE,OFFPLAN_RENTAL_NOT_EVALUATED,,Offplan properties not evaluated for current rent,,,,,,,,,,,,,,,,,,,,,,,,,
2121,offplan,Al Jadaf Waterfront,azizi leily,3.0,3166.0,11920000.0,DLD_NO_EVIDENCE,OFFPLAN_RENTAL_NOT_EVALUATED,,,0.0,,NONE,False,NONE,OFFPLAN_RENTAL_NOT_EVALUATED,,Offplan properties not evaluated for current rent,,,,,,,,,,,,,,,,,,,,,,,,,
8054,offplan,Dubai Islands,luxury canal residences,3.0,4427.0,9476000.0,DLD_NO_EVIDENCE,OFFPLAN_RENTAL_NOT_EVALUATED,,,0.0,,NONE,False,NONE,OFFPLAN_RENTAL_NOT_EVALUATED,,Offplan properties not evaluated for current rent,,,,,,,,,,,,,,,,,,,,,,,,,
4926,offplan,Downtown Dubai,baccarat residences,3.0,4251.0,21466000.0,DLD_MISSING,OFFPLAN_RENTAL_NOT_EVALUATED,,,0.0,,NONE,False,NONE,OFFPLAN_RENTAL_NOT_EVALUATED,,Offplan properties not evaluated for current rent,,,,,,,,,,,,,,,,,,,,,,,,,
1592,offplan,Business Bay,regent residences,3.0,7100.0,39500000.0,DLD_MISSING,OFFPLAN_RENTAL_NOT_EVALUATED,,,0.0,,NONE,False,NONE,OFFPLAN_RENTAL_NOT_EVALUATED,,Offplan properties not evaluated for current rent,,,,,,,,,,,,,,,,,,,,,,,,,
6857,offplan,Al Hamra,waldorf astoria residences,2.0,1900.0,8400000.0,DLD_MISSING,OFFPLAN_RENTAL_NOT_EVALUATED,,,0.0,,NONE,False,NONE,OFFPLAN_RENTAL_NOT_EVALUATED,,Offplan properties not evaluated for current rent,,,,,,,,,,,,,,,,,,,,,,,,,
1455,offplan,Palm Jumeirah,vitalia residences,3.0,2649.0,13000000.0,DLD_MISSING,OFFPLAN_RENTAL_NOT_EVALUATED,,,0.0,,NONE,False,NONE,OFFPLAN_RENTAL_NOT_EVALUATED,,Offplan properties not evaluated for current rent,,,,,,,,,,,,,,,,,,,,,,,,,
227,offplan,Palm Jumeirah,ellington ocean house,2.0,4213.0,22580800.0,DLD_MISSING,OFFPLAN_RENTAL_NOT_EVALUATED,,,0.0,,NONE,False,NONE,OFFPLAN_RENTAL_NOT_EVALUATED,,Offplan properties not evaluated for current rent,,,,,,,,,,,,,,,,,,,,,,,,,
7578,offplan,Al Jurf,sha residence emirates,2.0,3211.0,9033777.0,DLD_MISSING,OFFPLAN_RENTAL_NOT_EVALUATED,,,0.0,,NONE,False,NONE,OFFPLAN_RENTAL_NOT_EVALUATED,,Offplan properties not evaluated for current rent,,,,,,,,,,,,,,,,,,,,,,,,,
794,offplan,Jumeirah village circle,sky suites,2.0,4406.0,7883200.0,DLD_MISSING,OFFPLAN_RENTAL_NOT_EVALUATED,,,0.0,,NONE,False,NONE,OFFPLAN_RENTAL_NOT_EVALUATED,,Offplan properties not evaluated for current rent,,,,,,,,,,,,,,,,,,,,,,,,,
1826,offplan,Al Marjan Island,the luxury collection residences,2.0,5504.0,22194000.0,DLD_MISSING,OFFPLAN_RENTAL_NOT_EVALUATED,,,0.0,,NONE,False,NONE,OFFPLAN_RENTAL_NOT_EVALUATED,,Offplan properties not evaluated for current rent,,,,,,,,,,,,,,,,,,,,,,,,,
2270,offplan,Al Jurf,sha residence emirates,4.0,8786.0,29933776.0,DLD_MISSING,OFFPLAN_RENTAL_NOT_EVALUATED,,,0.0,,NONE,False,NONE,OFFPLAN_RENTAL_NOT_EVALUATED,,Offplan properties not evaluated for current rent,,,,,,,,,,,,,,,,,,,,,,,,,
1554,offplan,Business Bay,vela viento residences,2.0,2791.0,18000000.0,DLD_MISSING,OFFPLAN_RENTAL_NOT_EVALUATED,,,0.0,,NONE,False,NONE,OFFPLAN_RENTAL_NOT_EVALUATED,,Offplan properties not evaluated for current rent,,,,,,,,,,,,,,,,,,,,,,,,,
728,offplan,Al Marjan Island,w residences al marjan island rak,3.0,6811.0,27049000.0,DLD_MISSING,OFFPLAN_RENTAL_NOT_EVALUATED,,,0.0,,NONE,False,NONE,OFFPLAN_RENTAL_NOT_EVALUATED,,Offplan properties not evaluated for current rent,,,,,,,,,,,,,,,,,,,,,,,,,
3248,offplan,Palm Jumeirah,como residence,2.0,4961.0,28000000.0,DLD_MISSING,OFFPLAN_RENTAL_NOT_EVALUATED,,,0.0,,NONE,False,NONE,OFFPLAN_RENTAL_NOT_EVALUATED,,Offplan properties not evaluated for current rent,,,,,,,,,,,,,,,,,,,,,,,,,
1413,offplan,Dubai Harbour,damac bay,4.0,8895.0,66843000.0,DLD_NO_EVIDENCE,OFFPLAN_RENTAL_NOT_EVALUATED,,,0.0,,NONE,False,NONE,OFFPLAN_RENTAL_NOT_EVALUATED,,Offplan properties not evaluated for current rent,,,,,,,,,,,,,,,,,,,,,,,,,
953,offplan,Al Hamra,waldorf astoria residences,3.0,3300.0,16000000.0,DLD_MISSING,OFFPLAN_RENTAL_NOT_EVALUATED,,,0.0,,NONE,False,NONE,OFFPLAN_RENTAL_NOT_EVALUATED,,Offplan properties not evaluated for current rent,,,,,,,,,,,,,,,,,,,,,,,,,
6246,ready,Palm Jumeirah,the palm tower,2.0,1055.0,10000000.0,DLD_NO_EVIDENCE,R2,250433.44681370954,2.5043344681370954,38.0,median_psf_times_size,PROJECT_LEVEL,False,NONE,SHADOW_RESEARCH,Palm Jumeirah,,98.0,0.0,,,insufficient_data,0.0,True,38.0,250000.0,250433.44681370954,median_psf_times_size,0.8,False,0.0,,,insufficient_data,0.0,True,297.0,145000.0,138253.77167588187,median_psf_times_size,0.4,False
7128,offplan,Sheikh Zayed Road,jumeirah residences emirates towers,4.0,3473.0,25070000.0,DLD_NO_EVIDENCE,OFFPLAN_RENTAL_NOT_EVALUATED,,,0.0,,NONE,False,NONE,OFFPLAN_RENTAL_NOT_EVALUATED,,Offplan properties not evaluated for current rent,,,,,,,,,,,,,,,,,,,,,,,,,
7907,offplan,Dubai Creek Harbour,oria,3.0,1659.0,4024900.0,DLD_NO_EVIDENCE,OFFPLAN_RENTAL_NOT_EVALUATED,,,0.0,,NONE,False,NONE,OFFPLAN_RENTAL_NOT_EVALUATED,,Offplan properties not evaluated for current rent,,,,,,,,,,,,,,,,,,,,,,,,,
224,offplan,Saadiyat Island,four seasons private residences,4.0,7969.0,21200000.0,DLD_MISSING,OFFPLAN_RENTAL_NOT_EVALUATED,,,0.0,,NONE,False,NONE,OFFPLAN_RENTAL_NOT_EVALUATED,,Offplan properties not evaluated for current rent,,,,,,,,,,,,,,,,,,,,,,,,,
555,offplan,DIFC,four seasons private residences,2.0,3285.0,22887800.0,DLD_MISSING,OFFPLAN_RENTAL_NOT_EVALUATED,,,0.0,,NONE,False,NONE,OFFPLAN_RENTAL_NOT_EVALUATED,,Offplan properties not evaluated for current rent,,,,,,,,,,,,,,,,,,,,,,,,,
